# This file uses centimeters as units for non-parametric coordinates.

mtllib just journals smoothed.mtl
g default
v -2.960083 0.867497 1.800697
v 0.583444 0.334244 2.204244
v -1.930425 5.268813 -1.355927
v 1.611128 4.726241 -0.945680
v -3.130607 0.715366 1.533309
v -2.100817 5.119661 -1.619152
v -2.947197 0.539835 1.347364
v -1.917517 4.946770 -1.801760
v 0.583454 -0.007766 1.726485
v 1.622884 4.387917 -1.414680
v -2.896813 0.785547 1.707266
v 0.583025 0.247764 2.083247
v 1.607105 4.629779 -1.049298
v -1.874204 5.162846 -1.418813
v -1.962463 5.069929 -1.573021
v -2.990699 0.699446 1.556531
v -1.868349 4.978006 -1.675270
v -2.890904 0.607877 1.461112
v 1.624099 4.454058 -1.289325
v 0.583035 0.079114 1.847646
v 1.647020 4.686497 -0.997823
v -1.903743 5.258225 -1.411216
v -2.022210 5.116427 -1.612462
v -1.894002 4.999414 -1.771780
v 1.648732 4.425838 -1.361402
v 0.613703 0.004490 1.804004
v -2.934727 0.531573 1.435792
v -3.057728 0.662756 1.576359
v -2.943832 0.783802 1.772829
v 0.613641 0.264731 2.167697
v 1.603946 4.673602 -0.886438
v -1.951245 5.212294 -1.295289
v -2.130331 5.058495 -1.576331
v -1.937300 4.870463 -1.768076
v 1.618490 4.314280 -1.383610
v 1.665033 4.355098 -1.310610
v 1.620751 4.397484 -1.233910
v -1.874648 4.912695 -1.619963
v -1.963948 5.002890 -1.525407
v -1.879584 5.089768 -1.374311
v 1.599996 4.559693 -1.014143
v 1.662802 4.615783 -0.947426
v 0.606335 0.408213 2.173131
v -2.950365 0.947386 1.763526
v -3.132100 0.787681 1.480825
v -2.936158 0.600253 1.283291
v 0.606338 0.045514 1.666502
v 0.668701 0.083952 1.747310
v 0.606041 0.151035 1.811939
v -2.863295 0.679796 1.415055
v -2.958638 0.767713 1.506778
v -2.868166 0.852479 1.654677
v 0.606037 0.304621 2.026461
v 0.668652 0.344073 2.110684
v -2.092720 5.154993 -1.426498
v -3.093707 0.886890 1.632035
v -3.095126 0.809642 1.676327
v -3.036807 0.737543 1.685834
v -2.978087 0.754115 1.636901
v -2.947104 0.821028 1.584994
v -1.954517 5.057405 -1.445253
v -1.951832 5.127342 -1.490602
v -2.001029 5.199288 -1.502330
v -2.065452 5.212315 -1.478462
v -2.066328 4.947665 -1.706658
v -3.066878 0.676678 1.347200
v -3.070138 0.611338 1.407454
v -3.018421 0.585317 1.480916
v -2.965771 0.646487 1.490613
v -2.936166 0.717475 1.443912
v -1.944153 4.951283 -1.589817
v -1.940157 5.016679 -1.641995
v -1.982238 5.044962 -1.716934
v -2.040509 5.017361 -1.742878
v 0.276863 4.519718 -1.534173
v -0.720997 0.249377 1.516822
v -0.737074 0.191856 1.581740
v -0.745938 0.194232 1.665148
v -0.737096 0.277579 1.701669
v -0.720735 0.353010 1.659210
v 0.271604 4.594202 -1.382616
v 0.287210 4.654576 -1.439291
v 0.295648 4.647705 -1.525114
v 0.292390 4.597550 -1.565742
v 0.377060 4.922018 -1.084856
v 0.380344 4.900658 -1.144359
v 0.371819 4.822227 -1.176888
v 0.356210 4.749265 -1.137769
v -0.636060 0.503189 1.896610
v -0.652425 0.438501 1.954117
v -0.661299 0.445094 2.041915
v -0.652403 0.522559 2.071334
v -0.636325 0.602415 2.037606
v 0.361534 4.866926 -1.021529
v -0.025456 2.969683 0.342679
v -2.392296 3.334260 0.054277
v -2.535269 3.275796 -0.078414
v -2.573440 3.177783 -0.230162
v -2.508493 3.065526 -0.362633
v -2.378083 2.987504 -0.425276
v -0.112652 2.617102 -0.178059
v 1.203333 2.399766 -0.008357
v 1.212070 2.468249 0.070070
v 1.183318 2.504113 0.131713
v -0.171665 2.700274 -0.023060
v -2.314038 3.025652 -0.266498
v -2.384782 3.063619 -0.237022
v -2.405543 3.114290 -0.173449
v -2.395249 3.168317 -0.094306
v -2.318817 3.200351 -0.024049
v -0.086996 2.852168 0.216780
v 1.155471 2.654510 0.345278
v 1.219037 2.695090 0.427579
v 1.155828 2.757818 0.491152
v 1.494872 4.648713 -1.064556
v 1.479084 4.574933 -1.028495
v 1.034540 2.671712 0.329605
v 0.485259 0.321973 2.010322
v 0.469486 0.261096 2.071301
v 0.466402 0.277650 2.159069
v 0.469543 0.349796 2.194959
v 0.485049 0.429990 2.163100
v 1.037975 2.780438 0.480346
v 1.482915 4.694441 -0.896179
v 1.498697 4.747863 -0.960222
v 1.504133 4.715577 -1.017902
v 1.505107 4.454445 -1.382435
v 1.501513 4.409899 -1.431414
v 1.485935 4.332007 -1.401452
v 1.046436 2.415359 -0.035585
v 0.485776 0.061920 1.649207
v 0.470269 0.005912 1.714854
v 0.467129 0.016655 1.794796
v 0.470213 0.094746 1.839183
v 0.485986 0.171916 1.800959
v 1.038547 2.519804 0.118529
v 1.483014 4.418690 -1.245279
v 1.498554 4.476765 -1.303391
v -0.395917 1.631296 1.302625
v -2.710292 1.977041 1.027603
v -2.853863 1.917842 0.894665
v -2.892275 1.819125 0.742419
v -2.826945 1.706646 0.609059
v -2.695990 1.628650 0.545801
v -0.480598 1.276692 0.779734
v 0.726068 1.088675 0.912302
v 0.846848 1.072108 0.929635
v 0.911393 1.111900 1.011420
v 0.848993 1.189326 1.069214
v 0.728927 1.211002 1.057344
v -0.477118 1.394771 0.913234
v -2.617654 1.725241 0.665838
v -2.689452 1.762783 0.695034
v -2.711063 1.812876 0.758271
v -2.700097 1.866690 0.836762
v -2.622408 1.898641 0.906537
v -0.392403 1.545288 1.150743
v 0.728208 1.360795 1.266268
v 0.849004 1.342376 1.282859
v 0.911335 1.371955 1.374787
v 0.846844 1.436618 1.438809
v 0.725340 1.458485 1.428637
v 0.217457 4.252714 -0.577697
v -2.096181 4.598081 -0.852068
v -2.238599 4.540300 -0.984529
v -2.276546 4.442942 -1.135814
v -2.211956 4.330894 -1.267457
v -2.082052 4.252846 -1.329528
v 0.132784 3.901590 -1.095797
v 1.341834 3.713663 -0.963184
v 1.474679 3.695698 -0.945088
v 1.524109 3.737421 -0.868894
v 1.478102 3.787225 -0.794325
v 1.340188 3.809104 -0.806298
v 0.129186 3.986101 -0.945241
v -2.014996 4.306468 -1.184784
v -2.084702 4.344850 -1.155029
v -2.104627 4.396090 -1.091126
v -2.094995 4.450330 -1.011343
v -2.019801 4.482445 -0.940611
v 0.213812 4.139354 -0.703110
v 1.336256 3.962877 -0.592944
v 1.457336 3.946865 -0.578184
v 1.522113 3.998271 -0.505370
v 1.460150 4.059103 -0.442230
v 1.338815 4.080271 -0.452080
v 0.930183 2.073538 0.438639
v -0.275892 2.254809 0.296423
v -2.417638 2.581925 0.051634
v -2.488742 2.619748 0.081014
v -2.509793 2.670221 0.144473
v -2.499269 2.724175 0.223393
v -2.422408 2.756182 0.293486
v -0.191206 2.406234 0.535466
v 0.930014 2.224401 0.649214
v 1.050896 2.206785 0.665200
v 1.114041 2.243611 0.750788
v 1.050375 2.306908 0.814578
v 0.931893 2.327080 0.805555
v -0.137032 2.492300 0.685083
v -2.506055 2.848730 0.402474
v -2.649243 2.790003 0.269694
v -2.687499 2.691738 0.117768
v -2.622416 2.579402 -0.015021
v -2.491811 2.501388 -0.077883
v -0.224550 2.138248 0.164097
v 0.934180 1.956030 0.292605
v 1.062424 1.941301 0.319223
v 1.097340 1.980272 0.418524
v 1.050401 2.050383 0.457448
v 1.281578 2.450394 0.106506
v 1.244523 2.503313 0.135824
v 1.130455 2.017305 0.473032
v 1.173047 2.004962 0.424388
v 1.087242 2.076789 0.487286
v 1.201353 2.517051 0.172396
v 1.323386 2.562646 0.277191
v 1.279824 2.589016 0.267189
v 1.166967 2.101928 0.602949
v 1.220050 2.116157 0.594817
v 1.116840 2.143387 0.589987
v 1.221846 2.585550 0.274636
v 1.302250 2.703662 0.470112
v 1.269190 2.713891 0.441249
v 1.153235 2.227260 0.776118
v 1.200027 2.254270 0.783824
v 1.116936 2.246860 0.737258
v 1.221028 2.688943 0.421800
v 1.163803 2.802503 0.576026
v 1.148291 2.792442 0.525280
v 1.029988 2.308836 0.863885
v 1.057138 2.357871 0.895590
v 1.022678 2.312341 0.812044
v 1.128236 2.752944 0.495415
v 0.936817 2.854841 0.557826
v 0.937868 2.840810 0.507041
v 0.822802 2.361295 0.851912
v 0.830560 2.411407 0.878711
v 0.827405 2.358911 0.796081
v 0.932644 2.799176 0.478904
v 0.436124 2.894982 0.473871
v 0.444195 2.886580 0.441760
v 0.338450 2.443248 0.760917
v 0.336890 2.478263 0.774309
v 0.338038 2.450832 0.728197
v 0.436645 2.864489 0.430781
v 0.908095 2.735892 0.647145
v 0.329733 2.800849 0.543184
v 0.314836 2.782242 0.516737
v 0.330156 2.769876 0.497789
v 0.904002 2.678326 0.563139
v 1.098853 2.632088 0.579523
v 1.190606 2.568337 0.506070
v 1.189880 2.466223 0.360198
v 1.158467 2.400484 0.258108
v 1.105733 2.386116 0.220822
v 1.003467 2.398856 0.205287
v -0.200087 2.578796 0.064063
v -2.342289 2.904649 -0.179744
v -2.413132 2.942577 -0.150294
v -2.433971 2.993194 -0.086753
v -2.423616 3.047201 -0.007670
v -2.347066 3.079227 0.062542
v -0.115413 2.730563 0.303684
v 1.006036 2.549732 0.416761
v 1.126953 2.532417 0.432519
v 1.190405 2.571973 0.515717
v 1.127077 2.634881 0.579332
v 1.006199 2.656427 0.569303
v 1.012876 2.287357 0.055876
v 1.171695 2.271383 0.085782
v 1.255240 2.327109 0.190917
v 1.297753 2.440822 0.363604
v 1.276491 2.581840 0.556242
v 1.135945 2.683063 0.665034
v 0.863076 2.547987 0.783175
v 0.284784 2.612618 0.678901
v 0.269792 2.593806 0.652386
v 0.285556 2.582998 0.632142
v 0.859402 2.491700 0.697610
v 1.054189 2.445410 0.713904
v 1.146560 2.381163 0.639970
v 1.145727 2.279054 0.494073
v 1.112946 2.213642 0.391994
v 1.058488 2.199608 0.354595
v 0.959172 2.211971 0.339341
v -0.243711 2.392349 0.197781
v -2.385651 2.718929 -0.046591
v -2.456643 2.756795 -0.017181
v -2.477605 2.807330 0.046313
v -2.467152 2.861307 0.125301
v -2.390423 2.893322 0.195444
v -0.159030 2.543920 0.437069
v 0.962287 2.362512 0.550532
v 1.083184 2.345023 0.566422
v 1.146459 2.383008 0.650995
v 1.082949 2.446192 0.714673
v 0.962059 2.467788 0.704621
v 0.968022 2.098574 0.190757
v 1.123288 2.083151 0.220282
v 1.210533 2.138366 0.325913
v 1.253991 2.251767 0.498474
v 1.233295 2.391399 0.689362
v 1.090860 2.494816 0.800570
v 1.208353 2.521421 -0.105707
v 1.226938 2.558158 -0.020739
v 1.207130 2.612667 0.048248
v 1.065390 2.630853 0.038873
v -0.145891 2.810432 -0.102064
v -2.288418 3.135382 -0.345169
v -2.359073 3.173384 -0.315668
v -2.379764 3.224104 -0.252067
v -2.369526 3.278149 -0.172870
v -2.293200 3.310190 -0.102572
v -0.061225 2.962443 0.137971
v 1.060388 2.782328 0.250569
v 1.181331 2.765228 0.266164
v 1.245002 2.806735 0.347653
v 1.181900 2.869301 0.411189
v 1.062591 2.897428 0.396432
v 1.072629 2.551684 -0.133021
v 1.028581 1.855369 0.370291
v 1.080043 1.902061 0.449784
v 1.029898 1.968209 0.510736
v 0.910940 1.988877 0.499367
v -0.295625 2.170469 0.356911
v -2.437252 2.497916 0.111865
v -2.508424 2.535710 0.141228
v -2.529531 2.586146 0.204665
v -2.518963 2.640087 0.283543
v -2.442022 2.672088 0.353604
v -0.210936 2.321807 0.595803
v 0.910224 2.139713 0.709724
v 1.031097 2.122017 0.725770
v 1.094163 2.158132 0.811980
v 1.030310 2.221107 0.876120
v 0.907357 2.233999 0.872315
v 0.905073 1.851390 0.367396
v -1.861501 4.573050 -0.809548
v -2.157252 3.309260 0.096885
v -2.270872 2.823741 0.445115
v -2.474858 1.952073 1.070305
v -2.715336 0.922734 1.805895
v -2.730848 0.843063 1.841850
v -2.738854 0.759483 1.811800
v -2.722826 0.763967 1.734178
v -2.704496 0.832126 1.679787
v -2.459872 1.878019 0.931823
v -2.279114 2.651752 0.378744
v -2.259461 2.735878 0.318610
v -2.227410 2.873069 0.220543
v -2.183963 3.059043 0.087605
v -2.155656 3.180212 0.000991
v -2.129986 3.290093 -0.077554
v -1.856023 4.462784 -0.915815
v -1.714370 5.070234 -1.349459
v -1.699992 5.142469 -1.392345
v -1.693486 5.234516 -1.376390
v -1.701037 5.244125 -1.315420
v -1.717342 5.187292 -1.253056
v -1.699316 4.949625 -1.661571
v -1.692209 4.963222 -1.756510
v -1.699519 4.906425 -1.786824
v -1.715705 4.828784 -1.753295
v -1.859842 4.210946 -1.314788
v -2.155583 2.945547 -0.410574
v -2.269202 2.459409 -0.063195
v -2.473183 1.586630 0.560465
v -2.713668 0.558588 1.297795
v -2.729368 0.499025 1.361945
v -2.737961 0.489754 1.449529
v -2.722179 0.578688 1.475731
v -2.703973 0.652583 1.429165
v -2.459358 1.697766 0.680165
v -2.278595 2.470674 0.125963
v -2.258942 2.554710 0.065706
v -2.226892 2.691754 -0.032560
v -2.183444 2.877531 -0.165768
v -2.155136 2.998570 -0.252558
v -2.129466 3.108333 -0.331261
v -1.855499 4.279773 -1.171225
v -1.713827 4.885997 -1.606555
v -2.585174 1.480677 1.408408
v -0.506222 1.159877 1.640771
v 0.615028 0.987049 1.766819
v 0.736572 0.965104 1.777012
v 0.801572 0.899958 1.712680
v 0.739313 0.872726 1.618445
v 0.618527 0.891425 1.601638
v -0.501858 1.076919 1.485464
v -2.569020 1.410809 1.265794
v -2.731347 1.431547 1.240461
v -2.809479 1.399650 1.170841
v -2.820681 1.345938 1.092566
v -2.798773 1.296022 1.029469
v -2.726603 1.258609 1.000390
v -2.568507 1.231052 1.014814
v -0.586583 0.926919 1.248772
v 0.619248 0.742262 1.393575
v 0.739301 0.720281 1.405647
v 0.801634 0.639933 1.349318
v 0.736577 0.599987 1.266987
v 0.615757 0.616597 1.249588
v -0.590903 0.804649 1.117014
v -2.583494 1.114636 0.897735
v -2.806414 1.156660 0.883098
v -2.937573 1.234576 0.946620
v -3.003053 1.347076 1.080330
v -2.964546 1.446079 1.232720
v -2.820748 1.505615 1.365686
v -2.361784 2.435257 0.723749
v -0.283058 2.113252 0.956920
v 0.837004 1.935696 1.086311
v 0.958819 1.915418 1.095382
v 1.022865 1.851547 1.031459
v 0.960086 1.817980 0.943019
v 0.839243 1.835957 0.926761
v -0.281703 2.018986 0.812214
v -2.349604 2.350019 0.594429
v -2.512366 2.370466 0.569231
v -2.589600 2.338484 0.499282
v -2.600323 2.284594 0.420555
v -2.579020 2.234292 0.357195
v -2.507605 2.196596 0.327898
v -2.349087 2.169263 0.342085
v -0.366402 1.867970 0.573860
v 0.839960 1.685529 0.716961
v 0.959913 1.664350 0.728495
v 1.020912 1.591862 0.668010
v 0.958555 1.551131 0.587365
v 0.837191 1.564224 0.572541
v -0.367837 1.759242 0.434946
v -2.360111 2.070429 0.214757
v -2.582810 2.112426 0.200080
v -2.713570 2.190432 0.263119
v -2.778764 2.302832 0.396162
v -2.740438 2.401299 0.548230
v -2.597080 2.460236 0.681081
v -2.007147 3.950679 -0.363163
v 0.072149 3.631416 -0.132043
v 1.193985 3.461316 -0.008077
v 1.315103 3.438877 0.002645
v 1.377658 3.377142 -0.060700
v 1.313458 3.330895 -0.138037
v 1.192450 3.347474 -0.153233
v 0.070439 3.525847 -0.264667
v -1.998837 3.851477 -0.478841
v -2.162320 3.871366 -0.503754
v -2.238104 3.839289 -0.574259
v -2.248051 3.785151 -0.653737
v -2.227728 3.734182 -0.717483
v -2.157527 3.695997 -0.747105
v -1.998314 3.669118 -0.733364
v -0.014207 3.373242 -0.505705
v 1.196538 3.194648 -0.365543
v 1.334897 3.172900 -0.353840
v 1.375220 3.117133 -0.427098
v 1.331017 3.077515 -0.503513
v 1.198064 3.097625 -0.523047
v -0.012630 3.279308 -0.651167
v -2.005484 3.587784 -0.869496
v -2.227836 3.629711 -0.884217
v -2.357990 3.707747 -0.821865
v -2.422755 3.819898 -0.689814
v -2.384698 3.917578 -0.538300
v -2.242006 3.975695 -0.405726
v -1.774897 4.943124 -1.074978
v 0.304063 4.622851 -0.843193
v 1.425435 4.450459 -0.717631
v 1.546745 4.429387 -0.707829
v 1.608357 4.369095 -0.770847
v 1.543236 4.314608 -0.840959
v 1.422111 4.330283 -0.855459
v 0.299408 4.505629 -0.964869
v -1.770762 4.827745 -1.176695
v -1.934715 4.847269 -1.201422
v -2.009557 4.815132 -1.272290
v -2.019000 4.760832 -1.352256
v -1.999313 4.709429 -1.416252
v -1.929902 4.670929 -1.446086
v -1.770237 4.644345 -1.432636
v 0.214794 4.351989 -1.207652
v 1.426041 4.176018 -1.069488
v 1.564018 4.154516 -1.057736
v 1.610637 4.108415 -1.133994
v 1.561307 4.066474 -1.209989
v 1.428455 4.084354 -1.228033
v 0.219391 4.272218 -1.360616
v -1.773240 4.581492 -1.579569
v -1.995367 4.623374 -1.594319
v -2.125121 4.701430 -1.532416
v -2.189606 4.813418 -1.401015
v -2.151726 4.910583 -1.249866
v -2.009470 4.968163 -1.117472
v 0.481582 2.587940 0.708945
v 0.454743 2.450996 0.805422
v 0.450721 2.409398 0.791239
v 0.455648 2.418138 0.751449
v 0.482197 2.552171 0.653443
v 0.526062 2.739010 0.519030
v 0.559009 2.858378 0.434721
v 0.563154 2.888046 0.446325
v 0.559021 2.894663 0.485153
v 0.525820 2.776138 0.573072
v 0.708590 2.763565 0.616299
v 0.664010 2.575510 0.752259
v 0.631992 2.439025 0.847923
v 0.627068 2.391397 0.825424
v 0.632878 2.390842 0.772700
v 0.664631 2.523761 0.674419
v 0.708836 2.710497 0.539972
v 0.737133 2.831238 0.455596
v 0.740540 2.870418 0.479853
v 0.737151 2.882645 0.527238
v 0.604960 0.294489 2.194512
v 0.652346 0.378247 2.151462
v 0.784302 0.934256 1.755711
v 0.894300 1.406246 1.417441
v 1.006082 1.885883 1.073694
v 1.077538 2.192496 0.853946
v 1.097460 2.277981 0.792679
v 1.129948 2.417392 0.692762
v 1.173989 2.606374 0.557316
v 1.202683 2.729502 0.469067
v 1.228702 2.841158 0.389040
v 1.361636 3.411614 -0.019829
v 1.506383 4.032792 -0.465065
v 1.592796 4.403641 -0.730883
v 1.648185 4.649412 -0.909429
v 1.638653 4.714313 -0.970248
v 1.503882 4.740917 -0.991634
v 0.380669 4.921454 -1.118248
v -1.695416 5.250208 -1.350646
v -1.917483 5.274491 -1.388905
v -2.034796 5.216998 -1.497075
v -2.063712 5.128807 -1.623814
v -2.012495 5.040736 -1.738901
v -1.905981 4.981706 -1.795802
v -1.693959 4.942931 -1.780739
v 0.295996 4.629324 -1.553943
v 1.505398 4.437721 -1.414872
v 1.644235 4.408639 -1.396239
v 1.655223 4.329371 -1.354207
v 1.599946 4.081023 -1.179084
v 1.513296 3.709788 -0.913898
v 1.366156 3.089421 -0.471448
v 1.228847 2.528325 -0.066478
v 1.222870 2.434830 0.025606
v 1.271147 2.484774 0.109820
v 1.309423 2.585494 0.264576
v 1.292084 2.720105 0.451076
v 1.160397 2.811174 0.547121
v 0.940124 2.861589 0.528872
v 0.741341 2.889814 0.499791
v 0.563715 2.903027 0.461544
v 0.442802 2.897362 0.457502
v 0.313324 2.793964 0.531738
v 0.268303 2.605357 0.667602
v 0.337307 2.453055 0.777558
v 0.450258 2.420031 0.809912
v 0.626557 2.405455 0.849626
v 0.823772 2.376497 0.878958
v 1.041922 2.322407 0.894213
v 1.178040 2.228512 0.791363
v 1.195952 2.094748 0.607613
v 1.154238 1.994243 0.454890
v 1.093572 1.947849 0.373455
v 1.068758 1.871786 0.403408
v 1.004817 1.562795 0.621924
v 0.894333 1.082570 0.965226
v 0.784338 0.610243 1.302999
v 0.652373 0.056367 1.701826
v 0.605002 -0.011329 1.767213
v 0.467425 0.002270 1.759861
v -0.743602 0.183025 1.628382
v -2.736364 0.483420 1.411425
v -2.945845 0.525260 1.397629
v -3.049884 0.586970 1.451558
v -3.100863 0.677474 1.563041
v -3.072004 0.762672 1.689700
v -2.956904 0.816523 1.797961
v -2.737515 0.792349 1.839219
v -0.658938 0.475898 2.064939
v 0.466699 0.306050 2.183913
v 0.603747 0.037867 1.833825
v 0.467463 0.048959 1.823129
v -0.743353 0.233054 1.696016
v -2.731966 0.531497 1.477465
v -2.913431 0.565152 1.462318
v -2.989759 0.605955 1.494035
v -3.020354 0.670012 1.573996
v -3.004648 0.734723 1.668587
v -2.920685 0.770070 1.743644
v -2.732682 0.746909 1.774946
v -0.658693 0.428957 1.997154
v 0.466736 0.261318 2.119478
v 0.603704 0.247342 2.126537
v 0.649512 0.315442 2.061338
v 0.783322 0.877489 1.656652
v 0.892941 1.348301 1.320033
v 1.004127 1.825852 0.978598
v 1.075210 2.131130 0.760328
v 1.095029 2.216243 0.699473
v 1.127351 2.355045 0.600229
v 1.171170 2.543201 0.465695
v 1.199719 2.665791 0.378042
v 1.225611 2.776958 0.298554
v 1.357901 3.344918 -0.107561
v 1.501974 3.963372 -0.549796
v 1.587998 4.332597 -0.813823
v 1.643244 4.579520 -0.988116
v 1.634530 4.657476 -1.030034
v 1.501200 4.685865 -1.046690
v 0.377362 4.865653 -1.166321
v -1.695093 5.193509 -1.390708
v -1.885720 5.215782 -1.421477
v -1.970079 5.167332 -1.500263
v -1.984952 5.096989 -1.595573
v -1.955305 5.036214 -1.681934
v -1.878215 4.996754 -1.726297
v -1.694128 4.964253 -1.711691
v 0.292716 4.657929 -1.484349
v 1.503250 4.471966 -1.344864
v 1.643983 4.445752 -1.323230
v 1.655040 4.380279 -1.262523
v 1.599961 4.135632 -1.084893
v 1.513809 3.766606 -0.820653
v 1.367777 3.149622 -0.379632
v 1.227423 2.591164 0.023058
v 1.202258 2.499316 0.102283
v 1.221556 2.524275 0.150435
v 1.247055 2.599480 0.263002
v 1.242192 2.711447 0.420829
v 1.138440 2.780081 0.498009
v 0.937406 2.826710 0.480890
v 0.741169 2.857568 0.456284
v 0.563592 2.879938 0.431253
v 0.444475 2.878259 0.429937
v 0.314616 2.775287 0.503951
v 0.269748 2.587681 0.638874
v 0.339048 2.436783 0.747453
v 0.451205 2.401343 0.775732
v 0.627344 2.376846 0.802624
v 0.822177 2.345430 0.827262
v 1.021598 2.296826 0.841229
v 1.127048 2.224843 0.762307
v 1.132310 2.111646 0.604676
v 1.101539 2.038950 0.493054
v 1.081143 2.012230 0.453970
v 1.066120 1.940199 0.491208
v 1.002899 1.633412 0.709425
v 0.892973 1.156070 1.051551
v 0.783357 0.685681 1.388746
v 0.649551 0.121462 1.790371
v -1.733122 2.740895 0.505411
v -1.824026 2.352385 0.784072
v -1.937090 1.869169 1.130661
v -2.047390 1.397763 1.468781
v -2.177583 0.840009 1.866017
v -2.193788 0.760332 1.901145
v -2.201135 0.711189 1.896765
v -2.204035 0.679402 1.868033
v -2.200865 0.666646 1.832111
v -2.193806 0.680319 1.789538
v -2.177277 0.747175 1.733589
v -2.042397 1.324016 1.320652
v -1.933107 1.791656 0.986403
v -1.822649 2.264291 0.648585
v -1.752039 2.566430 0.432629
v -1.732352 2.650668 0.372419
v -1.700246 2.788044 0.274229
v -1.656725 2.974269 0.141124
v -1.628370 3.095600 0.054401
v -1.602656 3.205628 -0.024241
v -1.471281 3.767767 -0.426033
v -1.328224 4.379895 -0.863555
v -1.242816 4.745347 -1.124764
v -1.186139 4.988246 -1.297564
v -1.170377 5.060599 -1.338916
v -1.163561 5.108453 -1.333655
v -1.159522 5.146983 -1.316332
v -1.159688 5.164507 -1.290356
v -1.164086 5.160807 -1.255777
v -1.179729 5.104563 -1.193012
v -1.237193 4.860421 -1.014831
v -1.323789 4.490322 -0.749375
v -1.469422 3.867909 -0.302946
v -1.619512 3.226446 0.157147
v 0.535449 2.520426 0.665927
v 0.617628 2.375330 0.770188
v 0.478695 2.277898 0.839846
v 0.398733 1.999028 1.039911
v 0.287999 1.525849 1.379340
v 0.177691 1.054420 1.717506
v 0.047654 0.497174 2.114045
v 0.031667 0.417175 2.146751
v 0.025719 0.372317 2.137829
v 0.023762 0.342773 2.114240
v 0.025945 0.326005 2.071097
v 0.031642 0.330551 2.025974
v 0.047889 0.393257 1.966764
v 0.181593 0.964705 1.556931
v 0.291168 1.433607 1.221864
v 0.402047 1.908088 0.882811
v 0.472928 2.211406 0.666068
v 0.492690 2.295973 0.605638
v 0.524918 2.433885 0.507090
v 0.568606 2.620837 0.373498
v 0.597070 2.742642 0.286459
v 0.622882 2.853099 0.207530
v 0.754758 3.417433 -0.195730
v 0.898361 4.031949 -0.634849
v 0.984096 4.398829 -0.897011
v 1.040989 4.643006 -1.069984
v 1.056491 4.716435 -1.107488
v 1.061131 4.756714 -1.093143
v 1.063306 4.789022 -1.067660
v 1.063978 4.812154 -1.041426
v 1.060956 4.815890 -1.008905
v 1.045516 4.761653 -0.945167
v 0.988041 4.517627 -0.766718
v 0.901427 4.147463 -0.501193
v 0.757831 3.533732 -0.060942
v 0.645788 2.992140 0.327616
v 0.724877 2.833721 0.441405
v 0.585128 2.732810 0.513584
v -2.047402 1.030972 0.956559
v -1.937101 1.502987 0.619284
v -1.824037 1.986831 0.273554
v -1.733131 2.375847 -0.004415
v -1.619519 2.862030 -0.351816
v -1.469426 3.504326 -0.810767
v -1.323791 4.127547 -1.256087
v -1.237193 4.498127 -1.520884
v -1.179728 4.745510 -1.694547
v -1.164079 4.823270 -1.727318
v -1.159645 4.857914 -1.718988
v -1.159496 4.877527 -1.692936
v -1.163494 4.882468 -1.649916
v -1.170300 4.872718 -1.602036
v -1.186064 4.810550 -1.546442
v -1.242750 4.568688 -1.372112
v -1.328171 4.203585 -1.110297
v -1.471251 3.592041 -0.671760
v -1.602645 3.030438 -0.269036
v -1.628363 2.920516 -0.190211
v -1.656723 2.799300 -0.103287
v -1.700252 2.613253 0.030127
v -1.732362 2.476008 0.128545
v -1.752052 2.391850 0.188894
v -1.822674 2.089999 0.405351
v -1.933148 1.617816 0.743953
v -2.042449 1.150645 1.078959
v -2.177280 0.574009 1.491735
v -2.193809 0.499149 1.536510
v -2.200890 0.451729 1.534240
v -2.204052 0.411303 1.506358
v -2.201166 0.403323 1.469131
v -2.193792 0.416506 1.420925
v -2.177583 0.475245 1.356512
v 0.167819 0.686573 1.200482
v 0.278128 1.158635 0.863198
v 0.389059 1.633362 0.524016
v 0.473259 1.916864 0.321478
v 0.625330 2.008981 0.255461
v 0.528732 2.154235 0.151835
v 0.578381 2.366704 0.000025
v 0.731487 2.463264 -0.069145
v 0.636668 2.616120 -0.178222
v 0.747543 3.167464 -0.572105
v 0.891557 3.783762 -1.012440
v 0.978171 4.154422 -1.277275
v 1.035647 4.402002 -1.450761
v 1.051090 4.479879 -1.481507
v 1.054130 4.509700 -1.467321
v 1.053456 4.527286 -1.436663
v 1.051276 4.541231 -1.397491
v 1.046623 4.542067 -1.354284
v 1.031117 4.482880 -1.296866
v 0.974223 4.240429 -1.121474
v 0.888488 3.874009 -0.858658
v 0.744882 3.260259 -0.418445
v 0.613004 2.696631 -0.014183
v 0.587192 2.586312 0.064944
v 0.558727 2.464659 0.152200
v 0.515039 2.277941 0.286123
v 0.482810 2.140201 0.384918
v 0.463048 2.055740 0.445497
v 0.392166 1.752801 0.662781
v 0.281286 1.278913 1.002677
v 0.171709 0.810601 1.338574
v 0.038019 0.238538 1.747430
v 0.021769 0.162314 1.787774
v 0.016060 0.117728 1.777089
v 0.013874 0.082009 1.746948
v 0.015831 0.068993 1.711077
v 0.021794 0.074907 1.665460
v 0.037784 0.131607 1.600193
v 0.390453 2.457621 0.793153
v 0.391737 2.426336 0.798953
v 0.392470 2.416505 0.781572
v 0.393068 2.409713 0.767644
v 0.391425 2.428070 0.743809
v 0.381806 2.567785 0.641975
v 0.425951 2.754604 0.507626
v 0.495386 2.867992 0.427429
v 0.505816 2.886627 0.424517
v 0.505425 2.894488 0.437315
v 0.505111 2.907146 0.452394
v 0.495261 2.900919 0.473357
v 0.425709 2.788291 0.556851
v 0.381189 2.600096 0.692635
v -0.990367 2.626547 0.588027
v -1.081405 2.237830 0.866844
v -1.194500 1.754545 1.213490
v -1.304803 1.283134 1.551622
v -1.434954 0.725514 1.948673
v -1.451100 0.645756 1.983156
v -1.458072 0.597774 1.977274
v -1.460725 0.566628 1.948508
v -1.457813 0.552929 1.912298
v -1.451120 0.564012 1.869150
v -1.434667 0.629736 1.812296
v -1.300100 1.205141 1.400185
v -1.190734 1.673116 1.065719
v -1.080164 2.146243 0.727572
v -1.009482 2.448695 0.511407
v -0.989775 2.533021 0.451138
v -0.957636 2.670540 0.352853
v -0.914070 2.856957 0.219619
v -0.885687 2.978414 0.132813
v -0.859946 3.088556 0.054093
v -0.728439 3.651278 -0.348089
v -0.585236 4.264042 -0.786035
v -0.499742 4.629873 -1.047497
v -0.443007 4.873112 -1.220343
v -0.427317 4.945743 -1.260663
v -0.421091 4.991540 -1.252939
v -0.417535 5.028462 -1.233496
v -0.417472 5.047505 -1.207461
v -0.421508 5.045763 -1.173429
v -0.437097 4.990048 -1.110405
v -0.494564 4.745937 -0.932152
v -0.581165 4.375821 -0.666678
v -0.726804 3.753339 -0.220189
v -0.876868 3.111689 0.240049
v -1.465346 0.388292 1.619000
v -1.448906 0.463586 1.575622
v -1.314429 1.038798 1.164067
v -1.205044 1.506324 0.828783
v -1.094442 1.979038 0.489778
v -1.023739 2.281228 0.273064
v -1.004027 2.365480 0.212642
v -0.971880 2.502880 0.114107
v -0.928302 2.689136 -0.019466
v -0.899909 2.810488 -0.106493
v -0.874162 2.920534 -0.185412
v -0.742616 3.482766 -0.588615
v -0.599374 4.094996 -1.027673
v -0.513855 4.460509 -1.289799
v -0.457104 4.702555 -1.464460
v -0.441423 4.763784 -1.520618
v -0.435298 4.770183 -1.567019
v -0.431854 4.762495 -1.608868
v -0.431742 4.743529 -1.636373
v -0.435745 4.710383 -1.646511
v -0.451330 4.632585 -1.614367
v -0.508799 4.385140 -1.440759
v -0.595401 4.014535 -1.175951
v -0.741045 3.391273 -0.730611
v -0.891147 2.748933 -0.271639
v -1.004766 2.262717 0.075777
v -1.095677 1.873676 0.353759
v -1.208748 1.389800 0.699503
v -1.319053 0.917770 1.036781
v -1.449188 0.362280 1.436658
v -1.465328 0.304178 1.501334
v -1.472259 0.293268 1.548721
v -1.474859 0.302797 1.585521
v -1.471997 0.341714 1.614018
v -3.079086 1.023096 1.312247
v -3.013421 0.910940 1.178035
v -2.882015 0.833513 1.114018
v -2.658994 0.791589 1.128563
v -2.122862 0.708051 1.187289
v -1.394489 0.594948 1.267435
v -0.666318 0.481918 1.347598
v 0.092435 0.363969 1.430968
v 0.540402 0.294113 1.479982
v 0.661322 0.277758 1.497215
v 0.709660 0.289402 1.532386
v 0.727017 0.319053 1.579031
v 0.707597 0.360859 1.621538
v 0.662472 0.391806 1.641243
v 0.542209 0.413015 1.629745
v 0.094451 0.480408 1.575402
v -0.664078 0.595708 1.486307
v -1.392090 0.706869 1.402102
v -2.120291 0.817931 1.317541
v -2.646561 0.897309 1.254112
v -2.804600 0.924554 1.239885
v -2.876997 0.962019 1.268779
v -2.899071 1.011988 1.331651
v -2.887737 1.065493 1.409871
v -2.809333 1.097186 1.479502
v -2.647067 1.076736 1.504604
v -2.120265 0.990831 1.558805
v -1.377807 0.872635 1.637837
v -0.579378 0.745205 1.722530
v 0.104328 0.634067 1.793199
v 0.541484 0.561731 1.837209
v 0.662476 0.543804 1.853484
v 0.707562 0.552429 1.889115
v 0.726964 0.579122 1.942377
v 0.709631 0.613735 1.985481
v 0.661318 0.643313 2.007843
v 0.539674 0.665016 1.997840
v 0.102306 0.732256 1.948614
v -0.581641 0.837560 1.871979
v -1.380247 0.960705 1.782903
v -2.122856 1.075239 1.700125
v -2.660680 1.158030 1.639832
v -2.896381 1.182829 1.597181
v -3.040454 1.122564 1.464549
v 1.014877 3.492281 -0.030688
v 0.149403 3.961868 -0.369076
v -0.178053 4.313665 -0.621792
v -0.649214 4.084991 -0.458074
v -2.164316 4.307277 -0.643519
v -2.177240 4.577249 -0.910035
v -2.306862 4.249339 -0.776033
v -2.271427 4.495004 -1.060668
v -2.344860 4.151831 -0.927425
v -2.254773 4.385699 -1.207327
v -2.280189 4.039734 -1.059258
v -2.153942 4.286150 -1.308452
v -2.150169 3.961692 -1.121461
v -1.997606 4.232360 -1.329898
v -1.927891 3.919779 -1.106730
v 1.018004 3.126189 -0.543082
v 0.823497 3.492505 -0.804339
v 1.161834 3.741705 -0.982851
v 1.273769 3.422382 -0.755071
v 1.290691 3.082299 -0.512272
v 1.434140 3.699291 -0.953089
v 1.041296 1.910216 0.331789
v 1.080684 1.927525 0.368817
v 1.090092 1.959566 0.416560
v 1.076368 1.995091 0.456069
v 0.923344 2.041887 0.461343
v 1.042003 2.021439 0.473070
v 0.475435 2.108678 0.407527
v -2.266278 2.523345 0.088196
v -2.424958 2.550571 0.074114
v -2.496088 2.588383 0.103487
v -2.517160 2.638842 0.166939
v -2.506619 2.692792 0.245842
v -2.429729 2.724796 0.315923
v -0.997130 2.501549 0.473632
v -0.198570 2.374724 0.557985
v 0.485314 2.264411 0.628192
v 0.922627 2.192793 0.671797
v 1.043507 2.175147 0.687806
v 1.106622 2.211708 0.773627
v 1.087632 2.184477 0.722185
v 1.042863 2.274783 0.837620
v 1.090024 2.246075 0.815546
v 0.922251 2.290582 0.831730
v 0.538078 2.344224 0.792338
v 0.542011 1.980543 0.275922
v 0.921740 1.912667 0.323603
v -2.149964 3.972672 -0.379139
v -1.929552 4.282253 -0.600979
v -2.004249 4.595022 -0.825506
v -2.300141 3.331272 0.080891
v -2.084906 3.618403 -0.124843
v -2.413815 2.845770 0.429107
v -2.218605 3.047084 0.284926
v -2.504771 2.457298 0.707730
v -2.315955 2.631090 0.583291
v -2.728267 1.502745 1.392365
v -2.532900 1.704049 1.248196
v -2.617898 1.974130 1.054272
v -2.871406 0.864771 1.826056
v -2.726364 0.870361 1.835333
v -2.858191 0.944720 1.789938
v -2.874684 0.813566 1.822327
v -2.734673 0.816299 1.843535
v -2.870440 0.780162 1.794540
v -2.856203 0.766199 1.760620
v -2.736499 0.750042 1.794149
v -2.815810 0.850162 1.668563
v -2.716919 0.782566 1.716186
v -2.839274 0.782506 1.721965
v -2.517015 1.633421 1.106666
v -2.679678 1.429211 1.254371
v -2.570680 1.896334 0.920455
v -2.307645 2.529625 0.466043
v -2.460575 2.368200 0.583149
v -2.390189 2.669848 0.367521
v -2.266796 2.704480 0.341053
v -2.370565 2.753949 0.307403
v -2.245878 2.794014 0.277052
v -2.338562 2.891101 0.209362
v -2.205414 2.967222 0.153241
v -2.295178 3.077023 0.076459
v -2.167127 3.131108 0.036091
v -2.266913 3.198158 -0.010132
v -2.150296 3.203154 -0.015408
v -2.241282 3.308006 -0.088656
v -1.923021 4.176005 -0.710820
v -2.110326 3.869231 -0.489838
v -1.967725 4.480364 -0.926696
v -1.738198 4.967135 -1.276334
v -1.882589 4.845221 -1.187508
v -1.826844 5.087700 -1.360327
v -1.703686 5.119274 -1.382800
v -1.816877 5.160581 -1.404091
v -1.827289 5.256414 -1.391497
v -1.693862 5.216443 -1.384913
v -1.819860 5.213756 -1.404435
v -1.841662 5.265908 -1.331044
v -1.697689 5.250010 -1.334259
v -1.833690 5.272088 -1.366244
v -1.859768 5.209219 -1.268950
v -1.705668 5.231866 -1.293882
v -1.917604 4.965084 -1.090925
v -1.741819 5.084467 -1.176354
v -0.805077 4.821352 -1.651786
v -1.161061 4.881692 -1.672979
v -0.808772 4.827788 -1.609404
v -0.433216 4.767728 -1.589263
v -0.809283 4.768263 -1.687943
v -1.161258 4.842732 -1.725623
v -0.805084 4.802091 -1.678629
v -0.433116 4.729186 -1.643997
v -0.439910 4.686000 -1.642936
v -0.824897 4.690482 -1.655513
v -1.168308 4.798788 -1.723303
v -0.882364 4.443065 -1.481880
v -1.204119 4.639663 -1.622019
v -0.475722 4.526687 -1.541899
v -1.114605 3.449228 -0.771746
v -1.391838 3.836353 -1.048015
v -0.968965 4.072471 -1.217077
v -0.663452 3.723322 -0.967870
v -0.818803 3.058520 -0.492849
v -1.264702 2.806908 -0.312784
v -1.547179 3.171596 -0.573015
v -0.952500 2.486382 -0.084039
v -1.378318 2.320707 0.034625
v -1.680868 2.599496 -0.164224
v -1.049849 2.069791 0.213629
v -1.469227 1.931678 0.312601
v -1.778211 2.182932 0.133431
v -1.692598 0.975793 0.995616
v -1.995140 1.254625 0.796750
v -1.582296 1.447816 0.658339
v -1.266790 1.141419 0.876978
v -2.188922 0.430815 1.396903
v -1.822754 0.420195 1.395527
v -1.460523 0.318009 1.477246
v -1.838925 0.361802 1.460084
v -1.469271 0.296176 1.525786
v -1.846058 0.349858 1.507843
v -2.197935 0.407467 1.445724
v -1.848789 0.358647 1.544791
v -1.474015 0.319780 1.601623
v -1.845789 0.398083 1.572774
v -2.203112 0.428861 1.522390
v -2.188965 0.523051 1.526129
v -1.838943 0.445213 1.576754
v -1.460566 0.412407 1.609491
v -1.822462 0.520343 1.532786
v -1.990398 1.373124 0.919421
v -1.687824 1.096203 1.120675
v -1.262358 1.261357 1.004460
v -1.578477 1.563567 0.785518
v -1.780636 2.269676 0.276506
v -1.467933 2.036040 0.446696
v -1.052357 2.158916 0.360779
v -1.397268 2.338075 0.230100
v -1.739711 2.444598 0.151069
v -1.011384 2.334035 0.235193
v -1.377566 2.422284 0.169711
v -1.718755 2.534167 0.086839
v -0.990404 2.423705 0.170887
v -1.345435 2.559614 0.071229
v -1.678215 2.707442 -0.037416
v -0.949817 2.597174 0.046484
v -1.301880 2.745774 -0.062272
v -1.639856 2.871393 -0.154985
v -0.911415 2.761309 -0.071225
v -1.273502 2.867065 -0.149252
v -1.622994 2.943467 -0.206669
v -0.894533 2.833464 -0.122970
v -1.247767 2.977054 -0.228127
v -1.395294 3.916695 -0.904569
v -1.116291 3.539000 -0.631112
v -0.666573 3.807784 -0.821700
v -0.973123 4.150917 -1.069933
v -1.210125 4.708132 -1.472107
v -0.887649 4.516243 -1.331918
v -0.481192 4.600111 -1.389914
v -0.830927 4.758205 -1.506427
v -1.174797 4.857446 -1.582743
v -0.445824 4.749238 -1.501174
v -0.815209 4.819862 -1.562328
v -0.612792 0.704428 1.967480
v -0.977142 0.898531 1.827833
v -1.411412 0.827515 1.878443
v 0.359793 0.692662 1.977576
v 0.071173 0.599203 2.044061
v 0.508557 0.532036 2.093239
v 0.625827 0.651771 2.007533
v 0.630251 0.510464 2.103142
v 0.678847 0.481584 2.080221
v 0.689217 0.630034 1.999955
v 0.696195 0.446807 2.037107
v 0.676181 0.417823 1.985383
v 0.721144 0.564070 1.915290
v 0.509440 0.424598 1.935193
v 0.627597 0.547499 1.845893
v 0.630539 0.407095 1.951174
v 0.072159 0.496409 1.891568
v 0.361695 0.591588 1.819208
v -1.410222 0.733931 1.736972
v -0.974782 0.808499 1.680760
v -0.611690 0.606944 1.821341
v -2.757688 1.094911 1.493349
v -2.679677 0.937158 1.604381
v -2.841926 0.957448 1.579404
v -2.920439 0.925859 1.509756
v -2.855124 1.086022 1.449024
v -2.899848 1.039671 1.370004
v -2.931825 0.872455 1.431546
v -2.909686 0.822444 1.368783
v -2.893024 0.985874 1.297044
v -2.846284 0.941113 1.249451
v -2.837198 0.784943 1.339975
v -2.679173 0.757867 1.354092
v -2.755667 0.913743 1.240901
v -1.765568 0.763917 1.358959
v -2.152782 0.679060 1.417121
v -1.424480 0.568434 1.501377
v 0.364601 0.439667 1.607978
v 0.062285 0.342937 1.674002
v 0.510165 0.276071 1.727975
v 0.627590 0.400198 1.640193
v 0.630540 0.255287 1.739160
v 0.696244 0.186711 1.673769
v 0.721194 0.339839 1.602040
v 0.676218 0.226346 1.717935
v 0.630254 0.144725 1.592263
v 0.689231 0.280949 1.512310
v 0.678873 0.157110 1.626963
v 0.509284 0.160943 1.575122
v 0.625827 0.280781 1.489319
v 0.061303 0.230736 1.526156
v 0.362702 0.321851 1.460564
v -2.154036 0.574650 1.282605
v -1.768045 0.652926 1.226304
v -1.425649 0.461599 1.362711
v -2.913254 0.699991 1.209431
v -2.797060 0.813076 1.113417
v -2.690187 0.658119 1.223931
v -3.044772 0.777169 1.273687
v -2.954627 0.866522 1.135878
v -3.110523 0.889146 1.408134
v -3.056930 0.965601 1.239528
v -3.071832 0.988832 1.560380
v -3.073825 1.076021 1.388080
v -2.927633 1.049453 1.692836
v -2.978282 1.160912 1.539173
v -2.691877 1.024726 1.735448
v -2.803819 1.180074 1.623805
v -0.337343 1.881628 1.123064
v -1.135929 2.004864 1.033943
v 0.346578 1.776199 1.199759
v 0.783924 1.708852 1.249038
v 0.905412 1.687053 1.259180
v 0.952756 1.657071 1.237680
v 0.969659 1.622758 1.195244
v 0.951084 1.598037 1.141481
v 0.786273 1.609280 1.088723
v 0.907094 1.591092 1.105140
v 0.349152 1.681736 1.044557
v -1.132912 1.920537 0.888885
v -0.334513 1.793008 0.973710
v -2.402208 2.124850 0.755384
v -2.564862 2.145382 0.730143
v -2.642312 2.113414 0.660277
v -2.653152 2.059560 0.581663
v -2.631702 2.009358 0.518361
v -2.560104 1.971735 0.489113
v -2.401691 1.944334 0.503367
v -1.875376 1.864743 0.566882
v -1.147205 1.753529 0.651501
v 0.339270 1.526732 0.824929
v 0.786992 1.459156 0.879341
v 0.907084 1.437725 0.891044
v 0.969714 1.362680 0.831877
v 0.951116 1.405579 0.872692
v 0.905417 1.322864 0.750457
v 0.952787 1.333567 0.785729
v 0.784652 1.339383 0.733178
v 0.336707 1.409320 0.684085
v -1.878534 1.753619 0.440195
v -1.150178 1.640449 0.520407
v -2.637363 1.879247 0.366717
v -2.414612 1.837240 0.381387
v -2.768216 1.957249 0.429861
v -2.833476 2.069686 0.563057
v -2.795109 2.168274 0.715211
v -2.651647 2.227337 0.848103
v -2.416285 2.202363 0.890788
v 0.686264 3.227745 0.158576
v 1.118743 3.139760 0.222594
v 1.239106 3.113913 0.235734
v 1.285793 3.086149 0.213446
v 1.301973 3.051704 0.172280
v 1.282423 3.020876 0.124143
v 1.117104 3.025038 0.077151
v 1.238074 3.008162 0.092575
v 0.679518 3.095459 0.034345
v -0.803468 3.330225 -0.118629
v -0.004679 3.204404 -0.034947
v -2.073662 3.531186 -0.249892
v -2.236991 3.551194 -0.274865
v -2.313086 3.519138 -0.345252
v -2.323197 3.465053 -0.424570
v -2.302665 3.414226 -0.488233
v -2.232205 3.376146 -0.517786
v -2.073141 3.349169 -0.503950
v -1.546216 3.271627 -0.441992
v -0.817668 3.161992 -0.358572
v 0.669641 2.938689 -0.187799
v 1.121653 2.873013 -0.134831
v 1.261788 2.853368 -0.124588
v 1.291108 2.797361 -0.196581
v 1.288585 2.830406 -0.150229
v 1.259731 2.760838 -0.277132
v 1.287143 2.769077 -0.241463
v 1.126003 2.786900 -0.301063
v 0.674725 2.855834 -0.349469
v -0.532036 4.585791 -0.817284
v 0.266589 4.462696 -0.728315
v 0.950564 4.357460 -0.651827
v 1.387955 4.290281 -0.602729
v 1.509276 4.269168 -0.592906
v 1.555407 4.243178 -0.615865
v 1.571040 4.208643 -0.655977
v 1.550774 4.172836 -0.699580
v 1.384962 4.171309 -0.741871
v 1.506067 4.155488 -0.727258
v 0.946999 4.240083 -0.783576
v -0.536734 4.471581 -0.934365
v 0.262371 4.347145 -0.851608
v -1.807654 4.669829 -1.063814
v -1.971531 4.689413 -1.088571
v -2.046525 4.657285 -1.159380
v -2.056050 4.603011 -1.239267
v -2.036261 4.551679 -1.303223
v -1.966722 4.513230 -1.333023
v -1.807129 4.486597 -1.319526
v -1.279711 4.410711 -1.258827
v -0.550858 4.302355 -1.176379
v 0.937126 4.081882 -1.007755
v 1.388893 4.017257 -0.955608
v 1.526849 3.995597 -0.943752
v 1.573322 3.947971 -1.019133
v 1.562737 3.975999 -0.970483
v 1.523838 3.906046 -1.095358
v 1.562555 3.920431 -1.064258
v 1.390974 3.923959 -1.113435
v 0.940693 3.994041 -1.162683
v -1.274663 4.337779 -1.406308
v -0.546271 4.224783 -1.326179
v -2.032875 4.463049 -1.479745
v -1.810711 4.421160 -1.465000
v -2.162694 4.541102 -1.417770
v -2.227224 4.653116 -1.286265
v -2.189315 4.750365 -1.135056
v -2.046989 4.808031 -1.002633
v -1.812369 4.782996 -0.960129
v 0.465236 2.507560 0.766974
v 0.426174 2.593623 0.698494
v 0.382900 2.516907 0.752639
v 0.414004 2.454465 0.796638
v 0.392316 2.432990 0.804191
v 0.411874 2.423630 0.801914
v 0.450733 2.427037 0.815559
v 0.412439 2.413649 0.784291
v 0.392768 2.412497 0.774083
v 0.412988 2.406735 0.770128
v 0.450931 2.404752 0.782952
v 0.466008 2.472369 0.710852
v 0.414937 2.424421 0.746581
v 0.383676 2.485181 0.701369
v 0.426789 2.560792 0.647102
v 0.503585 2.646888 0.585303
v 0.397276 2.663428 0.573198
v 0.470735 2.747632 0.512717
v 0.545518 2.811030 0.467218
v 0.463693 2.823806 0.457850
v 0.518455 2.864518 0.430027
v 0.524986 2.891995 0.439698
v 0.563330 2.883319 0.438306
v 0.525386 2.884455 0.426363
v 0.505647 2.889936 0.430405
v 0.518413 2.897989 0.476592
v 0.563686 2.907757 0.468668
v 0.525180 2.905631 0.454397
v 0.505453 2.912252 0.458585
v 0.545420 2.848684 0.520694
v 0.463597 2.858025 0.506519
v 0.470494 2.781832 0.562664
v 0.503160 2.683345 0.640066
v 0.396849 2.696435 0.623131
v 0.610318 2.770805 0.593719
v 0.565959 2.582666 0.729636
v 0.534113 2.446329 0.825437
v 0.528771 2.414159 0.828518
v 0.529236 2.401843 0.807137
v 0.529612 2.390586 0.788027
v 0.535003 2.405929 0.761006
v 0.566576 2.539033 0.663139
v 0.610562 2.725830 0.528707
v 0.638696 2.846281 0.444078
v 0.642071 2.880734 0.461871
v 0.642604 2.870337 0.442565
v 0.638722 2.890018 0.504947
v 0.642808 2.897972 0.479337
v 0.611338 0.277910 2.182902
v 0.664680 0.361055 2.132909
v 0.722670 0.596221 1.966031
v 0.797177 0.916486 1.736587
v 0.907048 1.388605 1.398406
v 1.018714 1.868427 1.054708
v 1.090097 2.175162 0.834991
v 1.109999 2.260681 0.773732
v 1.142454 2.400146 0.673831
v 1.186451 2.589202 0.538405
v 1.215115 2.712379 0.450171
v 1.241109 2.824079 0.370156
v 1.373911 3.394761 -0.038647
v 1.518517 4.016187 -0.483808
v 1.604847 4.387188 -0.749580
v 1.659566 4.633500 -0.927317
v 1.645403 4.701245 -0.983545
v 1.504515 4.729463 -1.004708
v 1.063928 4.802243 -1.054818
v 0.380898 4.913156 -1.131910
v -0.417037 5.040400 -1.221321
v -1.694010 5.245407 -1.364829
v -1.911073 5.269470 -1.401492
v -2.017962 5.210442 -1.500982
v -2.042972 5.124353 -1.619440
v -1.997321 5.044872 -1.729883
v -1.900387 4.992969 -1.786366
v -1.692623 4.955341 -1.771146
v -1.159041 4.869556 -1.708182
v -0.431342 4.754531 -1.624617
v 1.054080 4.519290 -1.453482
v 1.505583 4.446457 -1.399842
v 1.647793 4.417280 -1.379865
v 1.662736 4.341717 -1.333748
v 1.608094 4.094007 -1.157860
v 1.521474 3.722710 -0.892632
v 1.372957 3.101981 -0.450395
v 1.228367 2.541595 -0.043925
v 1.218573 2.450839 0.048323
v 1.258414 2.493916 0.122954
v 1.295650 2.586969 0.266138
v 1.281547 2.717150 0.447105
v 1.154494 2.802108 0.536870
v 0.938982 2.851484 0.518538
v 0.740920 2.880346 0.490325
v 0.563410 2.895536 0.454084
v 0.505175 2.900725 0.444974
v 0.443323 2.891808 0.449790
v 0.313937 2.787905 0.524418
v 0.268892 2.599292 0.660241
v 0.337698 2.447730 0.769582
v 0.391957 2.420980 0.790637
v 0.450376 2.414321 0.801016
v 0.626712 2.398322 0.838281
v 0.823150 2.368784 0.866209
v 1.035718 2.315166 0.879547
v 1.166184 2.227530 0.784307
v 1.182483 2.097434 0.605091
v 1.143406 2.004819 0.463819
v 1.098471 1.963080 0.396306
v 1.077690 1.885282 0.426209
v 1.016967 1.575254 0.644542
v 0.907098 1.094910 0.988044
v 0.797231 0.622632 1.325963
v 0.722714 0.302172 1.555219
v 0.664720 0.068386 1.724070
v 0.611394 -0.005664 1.786631
v 0.467141 0.007291 1.778414
v 0.014339 0.072837 1.729926
v -1.474198 0.294717 1.568260
v -2.203304 0.403697 1.488973
v -2.738040 0.482660 1.431760
v -2.941663 0.525229 1.418190
v -3.034634 0.583266 1.468363
v -3.079703 0.667168 1.571835
v -3.054934 0.747175 1.689688
v -2.951749 0.797804 1.786994
v -2.739051 0.773498 1.827732
v -1.460044 0.580033 1.964772
v -0.660707 0.458631 2.056012
v 0.024229 0.355822 2.128253
v 0.466414 0.290122 2.173193
v 0.595024 0.059813 1.845171
v 0.468187 0.070681 1.834401
v 0.018401 0.139248 1.785991
v -1.469132 0.364639 1.620159
v -2.197785 0.475266 1.539080
v -2.727423 0.555144 1.480441
v -2.902161 0.586038 1.465393
v -2.977546 0.624806 1.495023
v -3.004915 0.682557 1.567099
v -2.991013 0.741632 1.653703
v -2.908695 0.774189 1.725723
v -2.728103 0.751816 1.754360
v -1.454922 0.554922 1.890808
v -0.656039 0.430048 1.974961
v 0.028280 0.324683 2.048154
v 0.467461 0.257780 2.095482
v 0.595001 0.243816 2.102248
v 0.631335 0.307338 2.041100
v 0.688569 0.545561 1.868202
v 0.764951 0.872852 1.634252
v 0.874595 1.343000 1.298239
v 0.985705 1.819435 0.957734
v 1.056737 2.124001 0.740059
v 1.076542 2.208915 0.679370
v 1.108841 2.347394 0.580397
v 1.152626 2.535112 0.446231
v 1.181153 2.657417 0.358817
v 1.207025 2.768325 0.279548
v 1.339208 3.334966 -0.125454
v 1.483158 3.951989 -0.566475
v 1.569106 4.320360 -0.829776
v 1.625168 4.566407 -1.003360
v 1.622985 4.642103 -1.043623
v 1.498471 4.668518 -1.058817
v 1.059296 4.737531 -1.103353
v 0.375013 4.844605 -1.174483
v -0.423826 4.969099 -1.259569
v -1.697132 5.168033 -1.394083
v -1.878778 5.189314 -1.422536
v -1.959145 5.147989 -1.497056
v -1.971557 5.084870 -1.585054
v -1.946109 5.028425 -1.661690
v -1.872190 4.989702 -1.699900
v -1.696324 4.959400 -1.685783
v -1.166553 4.880268 -1.625348
v -0.437974 4.769817 -1.543352
v 1.049433 4.544852 -1.375786
v 1.501413 4.477785 -1.324238
v 1.638680 4.452809 -1.303279
v 1.643769 4.389590 -1.244261
v 1.587818 4.145908 -1.067263
v 1.501810 3.777887 -0.803494
v 1.357492 3.162530 -0.362826
v 1.224513 2.603495 0.039042
v 1.200284 2.508569 0.115610
v 1.212919 2.529814 0.156703
v 1.234201 2.601188 0.262814
v 1.231636 2.707999 0.414194
v 1.134595 2.773659 0.489177
v 0.936897 2.819965 0.472448
v 0.741072 2.851503 0.448676
v 0.563593 2.876485 0.426396
v 0.505911 2.884123 0.419921
v 0.444724 2.876380 0.425128
v 0.391192 2.835409 0.450654
v 0.315205 2.773276 0.499250
v 0.293551 2.679901 0.562482
v 0.270452 2.586097 0.633830
v 0.339591 2.435994 0.741777
v 0.310350 2.496677 0.694180
v 0.393588 2.408910 0.761726
v 0.451746 2.400134 0.769153
v 0.627982 2.373817 0.792698
v 0.822587 2.342053 0.816603
v 1.019451 2.294748 0.831757
v 1.118104 2.226583 0.755395
v 1.120080 2.119059 0.604016
v 1.090590 2.050126 0.498076
v 1.068600 2.025869 0.463580
v 1.051982 1.956028 0.504303
v 0.985060 1.650972 0.722303
v 0.874603 1.174973 1.063639
v 0.764958 0.705366 1.400404
v 0.688582 0.378438 1.634815
v 0.631355 0.138032 1.804610
v -2.037309 2.787769 0.471334
v -1.680860 2.964254 0.345205
v -1.923704 3.273305 0.123086
v -1.778202 2.548232 0.643600
v -2.128210 2.399271 0.749982
v -2.241269 1.916071 1.096555
v -1.878523 2.119476 0.951127
v -2.351567 1.444668 1.434667
v -1.995127 1.621128 1.308570
v -2.481788 0.886823 1.832029
v -2.154032 0.941999 1.795698
v -2.427049 1.122079 1.666053
v -2.498036 0.807202 1.867601
v -2.188923 0.787517 1.895155
v -2.197915 0.734264 1.902017
v -2.505640 0.757252 1.864432
v -2.203279 0.692981 1.884380
v -2.508712 0.724952 1.836525
v -2.203092 0.670213 1.850890
v -2.505362 0.712572 1.799519
v -2.197771 0.669932 1.810856
v -2.498051 0.728321 1.757565
v -2.481471 0.796018 1.702318
v -2.188966 0.698050 1.770572
v -2.152770 0.851749 1.658219
v -2.424353 1.040194 1.527312
v -1.990347 1.546731 1.161465
v -2.346375 1.373844 1.288815
v -2.237137 1.841254 0.954715
v -1.875344 2.038820 0.809741
v -2.126757 2.313551 0.617122
v -1.780619 2.444139 0.520037
v -2.056196 2.615474 0.401311
v -1.739699 2.619229 0.394891
v -2.036522 2.699652 0.341141
v -1.718747 2.708884 0.330809
v -2.004439 2.836930 0.243016
v -1.678213 2.882323 0.206843
v -1.960948 3.023021 0.110000
v -1.639860 3.046430 0.089546
v -1.932613 3.144266 0.023336
v -1.623001 3.118572 0.037982
v -1.906916 3.254215 -0.055254
v -1.546235 3.447046 -0.196796
v -1.775633 3.815953 -0.456778
v -1.395335 4.092731 -0.658303
v -1.632677 4.427644 -0.894007
v -1.279771 4.587219 -1.011741
v -1.547328 4.792834 -1.155041
v -1.210196 4.884924 -1.224528
v -1.490692 5.035500 -1.327810
v -1.174873 5.037609 -1.330405
v -1.474880 5.107662 -1.369873
v -1.467657 5.156934 -1.366310
v -1.166629 5.084809 -1.338963
v -1.463285 5.196568 -1.350445
v -1.161104 5.129751 -1.326100
v -1.463608 5.213045 -1.324508
v -1.159074 5.158428 -1.304385
v -1.468258 5.207999 -1.289553
v -1.161285 5.165636 -1.274341
v -1.483936 5.151390 -1.226966
v -1.168309 5.149012 -1.234100
v -1.541399 4.907227 -1.048834
v -1.204119 5.001774 -1.116217
v -1.627991 4.537140 -0.783391
v -1.274662 4.700282 -0.899970
v -1.773618 3.914748 -0.336985
v -1.391834 4.199506 -0.540786
v -1.547173 3.535611 -0.064603
v 0.198835 2.352583 0.785790
v 0.239354 2.525571 0.661733
v 0.080745 2.052140 1.001259
v -0.030956 1.575011 1.343512
v -0.141263 1.103588 1.681668
v -0.216665 0.781344 1.912828
v -0.271334 0.546230 2.078359
v -0.287368 0.466305 2.111593
v -0.293618 0.420516 2.104107
v -0.295784 0.390257 2.081403
v -0.293382 0.373584 2.036417
v -0.287391 0.380957 1.992584
v -0.271083 0.444735 1.934322
v -0.214519 0.686168 1.760491
v -0.137122 1.017361 1.523811
v -0.027610 1.485987 1.188923
v 0.083177 1.960065 0.850140
v 0.153999 2.263126 0.633568
v 0.173745 2.347621 0.573187
v 0.205946 2.485416 0.474716
v 0.249598 2.672208 0.341232
v 0.278038 2.793910 0.254262
v 0.303828 2.904273 0.175395
v 0.435595 3.468127 -0.227543
v 0.579079 4.082123 -0.666314
v 0.664742 4.448690 -0.928268
v 0.721588 4.692588 -1.101203
v 0.737146 4.765775 -1.139539
v 0.742250 4.807673 -1.127139
v 0.744843 4.841379 -1.103479
v 0.745336 4.863308 -1.077310
v 0.742011 4.865405 -1.044339
v 0.726527 4.810726 -0.980813
v 0.669054 4.566675 -0.802423
v 0.582443 4.196524 -0.536912
v 0.438123 3.579544 -0.094342
v 0.305657 2.809221 0.458286
v 0.352726 3.010645 0.313834
v -2.351578 1.078415 0.923165
v -2.241278 1.550421 0.585892
v -2.128218 2.034242 0.240173
v -2.037316 2.423239 -0.037788
v -1.923709 2.909399 -0.385178
v -1.773622 3.551665 -0.844114
v -1.627993 4.174857 -1.289421
v -1.541399 4.545419 -1.554210
v -1.483936 4.792760 -1.727911
v -1.468243 4.870495 -1.761119
v -1.463509 4.906180 -1.754048
v -1.463178 4.926244 -1.729009
v -1.467561 4.929273 -1.685172
v -1.474843 4.917189 -1.636264
v -1.490665 4.854366 -1.581061
v -1.547305 4.612632 -1.406962
v -1.632658 4.247814 -1.145364
v -1.775623 3.636748 -0.707190
v -1.906913 3.075585 -0.304800
v -1.932610 2.965749 -0.226040
v -1.960948 2.844628 -0.139188
v -2.004442 2.658726 -0.005884
v -2.036526 2.521589 0.092452
v -2.056200 2.437497 0.152751
v -2.126765 2.135882 0.369028
v -2.237152 1.664068 0.707350
v -2.346393 1.197143 1.042164
v -2.424363 0.863883 1.281125
v -2.481472 0.619517 1.455788
v -2.498061 0.545014 1.501616
v -2.505441 0.497290 1.501630
v -2.508814 0.455533 1.473780
v -2.505728 0.448574 1.436177
v -2.498047 0.463341 1.387400
v -2.481789 0.522523 1.323171
v -2.427054 0.755427 1.153948
v -0.195293 0.743119 1.160558
v -0.538642 1.028297 0.957216
v -0.084985 1.215170 0.823277
v -0.422023 1.527357 0.600630
v 0.026830 1.693672 0.481389
v -0.322957 1.951301 0.297720
v 0.153887 1.996985 0.264635
v 0.193328 2.165761 0.144022
v -0.224058 2.374526 -0.004685
v 0.259513 2.448985 -0.058351
v 0.304803 2.642792 -0.196847
v -0.089678 2.949588 -0.415580
v 0.383714 3.220922 -0.609848
v 0.064729 3.610358 -0.887707
v 0.528419 3.840177 -1.052305
v 0.181917 4.111850 -1.246031
v 0.615030 4.210820 -1.317132
v 0.252470 4.413773 -1.461759
v 0.672504 4.458358 -1.490655
v 0.288284 4.573258 -1.562571
v 0.687990 4.536212 -1.521833
v 0.294842 4.615750 -1.562475
v 0.691327 4.567058 -1.508901
v 0.296209 4.639740 -1.541319
v 0.690824 4.585058 -1.479199
v 0.294475 4.653927 -1.505839
v 0.688248 4.597044 -1.439189
v 0.290389 4.659233 -1.461502
v 0.683150 4.595690 -1.395013
v 0.282896 4.640691 -1.419708
v 0.667592 4.535883 -1.337986
v 0.247491 4.491734 -1.307876
v 0.610741 4.293557 -1.162818
v 0.177752 4.193672 -1.094109
v 0.525073 3.927415 -0.900215
v 0.061916 3.698593 -0.739044
v 0.381579 3.314133 -0.460357
v -0.089338 3.052138 -0.275413
v 0.249803 2.750933 -0.056420
v -0.166283 2.723273 -0.039554
v 0.224011 2.640699 0.022643
v -0.183183 2.651044 0.012247
v 0.195568 2.519138 0.109828
v -0.221626 2.486741 0.130084
v 0.151914 2.332562 0.243644
v -0.262255 2.313093 0.254623
v 0.119710 2.194927 0.342359
v -0.283257 2.223331 0.318999
v 0.099963 2.110530 0.402890
v -0.324272 2.048033 0.444721
v 0.029136 1.807821 0.619998
v -0.419219 1.642229 0.735759
v -0.081658 1.334294 0.959620
v -0.534493 1.149552 1.089102
v -0.191177 0.866224 1.295329
v -0.268558 0.535497 1.532528
v -0.696374 0.457672 1.585303
v -0.325108 0.293192 1.705015
v -0.732373 0.301629 1.692598
v -0.341416 0.217431 1.746532
v -0.347413 0.173109 1.738806
v -0.740706 0.254906 1.702624
v -0.349809 0.135531 1.707963
v -0.745184 0.211462 1.682399
v -0.347652 0.123418 1.671557
v -0.745357 0.185460 1.647641
v -0.341393 0.130861 1.625405
v -0.740837 0.184802 1.605877
v -0.732331 0.205253 1.557589
v -0.325358 0.187993 1.560320
v -0.697467 0.348616 1.442838
v -0.270692 0.420447 1.391096
v 0.362649 2.461346 0.789040
v 0.367963 2.429530 0.795456
v 0.368895 2.419877 0.778363
v 0.369552 2.413228 0.764711
v 0.363668 2.432380 0.740535
v 0.328701 2.576041 0.635923
v 0.373081 2.762835 0.501616
v 0.468150 2.872095 0.424361
v 0.482712 2.889191 0.422337
v 0.482335 2.897432 0.434501
v 0.481419 2.908936 0.450028
v 0.467929 2.904378 0.469537
v 0.372839 2.795915 0.549988
v 0.328081 2.607737 0.685718
v -1.469214 2.297638 0.823665
v -1.378307 2.686158 0.544994
v -1.582281 1.814411 1.170267
v -1.692582 1.343001 1.508394
v -1.822753 0.785318 1.905533
v -1.768037 1.020527 1.739705
v -1.838928 0.705599 1.940321
v -1.846077 0.657069 1.935018
v -1.848848 0.625668 1.905644
v -1.845813 0.612583 1.870494
v -1.838947 0.624712 1.827504
v -1.822457 0.690937 1.771029
v -1.765525 0.934195 1.596416
v -1.687741 1.267024 1.358526
v -1.578412 1.734840 1.024163
v -1.467895 2.207733 0.686172
v -1.397247 2.510037 0.470106
v -1.377549 2.594322 0.409865
v -1.345427 2.731772 0.311625
v -1.301882 2.918098 0.178453
v -1.273511 3.039495 0.091686
v -1.247783 3.149582 0.013004
v -1.116339 3.712028 -0.388994
v -0.973205 4.324491 -0.826739
v -0.887752 4.690141 -1.088081
v -0.831045 4.933220 -1.260905
v -0.815320 5.005718 -1.301714
v -0.808815 5.052490 -1.295157
v -0.805029 5.090176 -1.276722
v -0.805075 5.108499 -1.250715
v -0.809284 5.105828 -1.216423
v -0.824898 5.049862 -1.153522
v -0.882363 4.805736 -0.975304
v -0.968962 4.435628 -0.709838
v -1.114599 3.813200 -0.263393
v -1.264694 3.171721 0.196717
v -1.104902 0.333473 1.659898
v -1.088498 0.408808 1.616920
v -1.031758 0.651816 1.443691
v -0.954175 0.983407 1.205891
v -0.844752 1.451087 0.870488
v -0.734096 1.924028 0.531310
v -0.663359 2.226364 0.314485
v -0.643636 2.310657 0.254033
v -0.611473 2.448123 0.155446
v -0.567874 2.634469 0.021805
v -0.539467 2.755880 -0.065267
v -0.513707 2.865979 -0.144225
v -0.382097 3.428484 -0.547635
v -0.238784 4.041010 -0.986918
v -0.153223 4.406699 -1.249178
v -0.096445 4.648824 -1.423982
v -0.080799 4.709648 -1.480382
v -0.074967 4.714602 -1.526147
v -0.071763 4.705732 -1.567491
v -0.071538 4.687044 -1.595623
v -0.075355 4.654543 -1.606539
v -0.090912 4.576729 -1.574666
v -0.148382 4.329258 -1.401082
v -0.234988 3.958643 -1.136268
v -0.380635 3.335362 -0.690919
v -0.530741 2.693003 -0.231939
v -0.644363 2.206773 0.115484
v -0.735276 1.817721 0.393471
v -0.848351 1.333830 0.739222
v -0.958656 0.861794 1.076501
v -1.088771 0.306407 1.476346
v -1.034081 0.539015 1.307122
v -1.104882 0.248578 1.541135
v -1.111622 0.238649 1.588169
v -1.114098 0.248989 1.624987
v -1.111366 0.287979 1.654759
v -3.044581 1.170118 1.207004
v -2.979011 1.057764 1.073050
v -2.847729 0.980063 1.009295
v -2.624757 0.938082 1.023891
v -2.088648 0.854470 1.082673
v -1.360287 0.741309 1.162863
v -0.632129 0.628226 1.243066
v 0.126606 0.510203 1.326492
v 0.574556 0.440277 1.375559
v 0.695422 0.423772 1.392892
v 0.743452 0.434604 1.428580
v 0.760794 0.464307 1.475048
v 0.742040 0.508499 1.515734
v 0.697521 0.541648 1.533771
v 0.577379 0.563324 1.521928
v 0.129755 0.631294 1.467181
v -0.628630 0.747214 1.377652
v -1.356541 0.858813 1.293139
v -2.084631 0.970353 1.208243
v -2.610767 1.050358 1.144375
v -2.768822 1.077787 1.130028
v -2.841119 1.115213 1.159018
v -2.863122 1.165137 1.222006
v -2.851844 1.218753 1.300241
v -2.773560 1.250556 1.369854
v -2.611277 1.229934 1.395090
v -2.084588 1.143485 1.449691
v -1.342228 1.024873 1.529027
v -0.543914 0.896958 1.614076
v 0.139636 0.785160 1.685231
v 0.576657 0.712244 1.729665
v 0.697529 0.693852 1.746262
v 0.742005 0.700171 1.783453
v 0.760735 0.724347 1.838403
v 0.743418 0.758782 1.881495
v 0.695417 0.789126 1.903245
v 0.573828 0.810973 1.893132
v 0.136477 0.878288 1.843854
v -0.547450 0.983681 1.767161
v -1.346041 1.106890 1.678042
v -2.088638 1.221480 1.595227
v -2.626441 1.304343 1.534885
v -2.862079 1.329218 1.492193
v -3.006014 1.269344 1.359366
v -1.446334 0.581023 1.849667
v -1.031561 0.566005 1.855045
v -0.647702 0.454963 1.934434
v -1.047974 0.500731 1.912163
v -2.944863 0.774697 1.676422
v -2.964886 0.772180 1.620687
v -2.914316 0.841421 1.624166
v -2.884882 0.803410 1.690441
v -2.983380 0.671806 1.520287
v -2.953419 0.668100 1.479049
v -2.952428 0.741494 1.472173
v -2.976769 0.718936 1.542433
v -2.836638 0.596054 1.462511
v -2.716336 0.602013 1.464174
v -2.813720 0.668926 1.416081
v -2.879574 0.629952 1.449883
v -1.047954 0.583559 2.027675
v -0.647659 0.549646 2.066303
v -1.031838 0.663361 1.993538
v -1.446291 0.672895 1.977608
v -2.959107 0.894920 1.793619
v -3.031871 0.925335 1.706025
v -3.099641 0.835477 1.664685
v -3.037254 0.846415 1.746252
v -3.137018 0.738116 1.516481
v -3.110101 0.730705 1.408467
v -3.073551 0.629698 1.385768
v -3.110244 0.661849 1.465110
v -2.945442 0.555058 1.323353
v -2.851515 0.580000 1.282673
v -2.724767 0.513911 1.337955
v -2.865433 0.520278 1.346997
v -1.455059 0.620199 1.983223
v -1.054724 0.536184 2.021622
v -0.656167 0.497591 2.070463
v 0.593692 0.354194 2.201798
v 0.595870 0.314991 2.202796
v 0.631406 0.319646 2.184947
v 0.633140 0.394671 2.165451
v -0.018420 4.983315 -1.128729
v 0.379511 4.924939 -1.102917
v -0.014579 4.984005 -1.162469
v -0.418868 5.049716 -1.191761
v -2.007615 5.248308 -1.409567
v -1.923801 5.274502 -1.373743
v -1.985853 5.253221 -1.436235
v -2.050972 5.217818 -1.489667
v -3.085657 0.784434 1.684956
v -3.023932 0.796836 1.750332
v -2.959516 0.840559 1.802336
v -2.080528 5.067057 -1.686211
v -2.083506 5.127411 -1.623855
v -2.046329 5.082749 -1.685736
v -2.027223 5.031655 -1.743396
v -3.061983 0.596711 1.430320
v -3.083446 0.630577 1.502657
v -3.118193 0.694345 1.549514
v -1.835653 4.927550 -1.801914
v -1.911561 4.966330 -1.801126
v -1.828285 4.964205 -1.795989
v -1.696200 4.926705 -1.786139
v 0.593697 0.000971 1.708395
v 0.633153 0.048419 1.681783
v 0.631443 0.005811 1.746491
v 0.595892 -0.012587 1.745161
v -2.733354 0.488868 1.387295
v -2.869691 0.505672 1.397319
v -2.947510 0.530015 1.373072
v -0.014763 4.964155 -1.188536
v 0.379153 4.884581 -1.156055
v -0.018058 4.928102 -1.209124
v -0.418940 5.011752 -1.244141
v -1.961898 5.235914 -1.451001
v -1.894667 5.239540 -1.417791
v -1.936438 5.197694 -1.455821
v -1.984554 5.184675 -1.502056
v -2.008631 5.078032 -1.668072
v -2.002354 5.107407 -1.604608
v -1.975434 5.064379 -1.641933
v -1.967791 5.041902 -1.700650
v -1.822676 4.984181 -1.771947
v -1.886048 5.000333 -1.751007
v -1.816349 4.983458 -1.725991
v -1.692734 4.965860 -1.735979
v 0.644617 0.027445 1.787694
v 0.662822 0.102540 1.770340
v 0.629248 0.062714 1.824289
v 0.610563 0.019214 1.819919
v -2.866378 0.512388 1.436075
v -2.735708 0.507867 1.465963
v -2.852987 0.551072 1.464268
v -2.924801 0.545938 1.451476
v -3.044194 0.622487 1.524407
v -3.003423 0.592836 1.489403
v -3.010406 0.636150 1.529776
v -3.037951 0.663558 1.577081
v -2.999393 0.767218 1.734751
v -3.019980 0.733376 1.679050
v -2.970891 0.758143 1.711123
v -2.932937 0.773916 1.758863
v -1.057244 0.505159 1.995775
v -1.459864 0.557213 1.931274
v -1.054472 0.490230 1.955149
v -0.660537 0.434587 2.020884
v 0.644557 0.287590 2.151197
v 0.610507 0.254427 2.148632
v 0.629203 0.264382 2.106057
v 0.662773 0.328277 2.085680
v -0.033980 4.927885 -1.065567
v 0.372954 4.911103 -1.063005
v -0.425678 5.034372 -1.151671
v -2.077195 5.199901 -1.463162
v -2.031803 5.191642 -1.352715
v -1.937754 5.256736 -1.335381
v -2.051361 4.997584 -1.736857
v -2.108767 5.001858 -1.647135
v -2.114115 5.105050 -1.609296
v -1.704089 4.881853 -1.782274
v -1.853223 4.850135 -1.768390
v -1.924242 4.922952 -1.797128
v 1.629065 4.368481 -1.412007
v 1.637713 4.398185 -1.408813
v 1.660424 4.384481 -1.386276
v 1.642312 4.319205 -1.371029
v 1.667908 4.405857 -1.347003
v 1.647398 4.436045 -1.342564
v 1.660347 4.428411 -1.303900
v 1.662298 4.368366 -1.285753
v -1.824653 4.901785 -1.619194
v -1.703096 4.933250 -1.642374
v -1.814198 4.966379 -1.674519
v -1.867066 4.960496 -1.655857
v -1.958650 4.975975 -1.560826
v -1.937406 4.999124 -1.624922
v -1.956075 5.041978 -1.610634
v -1.957965 5.051045 -1.559444
v -1.924061 5.078306 -1.405308
v -1.948222 5.106089 -1.479069
v -1.920642 5.150112 -1.450217
v -1.872359 5.139089 -1.408154
v -0.039622 4.810618 -1.178391
v -0.431730 4.922788 -1.252850
v -0.023969 4.883398 -1.218158
v 0.367501 4.799308 -1.169884
v 1.665818 4.666525 -0.983665
v 1.656575 4.596884 -0.968582
v 1.649059 4.633948 -1.020189
v 1.642969 4.672091 -1.014043
v 1.614578 4.717922 -0.928540
v 1.629981 4.662892 -0.894936
v 1.653724 4.697353 -0.950933
v 1.627307 4.723677 -0.956972
v -0.901709 1.220909 1.596586
v -0.453961 1.383230 1.480561
v -0.791405 1.692324 1.258447
v -1.252540 1.506493 1.391411
v -2.902514 1.484030 1.307519
v -2.768404 1.729011 1.205477
v -2.791943 1.955603 0.969443
v -2.912086 1.669678 1.072493
v -2.980963 1.289478 1.007818
v -2.950542 1.570833 0.920156
v -2.870238 1.761564 0.670072
v -2.885141 1.458313 0.786634
v -2.721524 1.136147 0.882570
v -2.754088 1.380322 0.723264
v -2.611171 1.608131 0.545305
v -2.531223 1.338291 0.737920
v 0.788810 0.823625 1.107189
v 0.874356 1.074747 0.944957
v 0.836407 0.833846 1.143100
v 0.764209 0.602508 1.282506
v 0.853600 0.863391 1.189338
v 0.905960 1.133666 1.033367
v 0.835360 0.908821 1.228794
v 0.796295 0.662410 1.370981
v -2.677642 1.247723 1.001439
v -2.516500 1.453430 0.855363
v -2.568632 1.714353 0.666856
v -2.674684 1.480979 0.840962
v -2.814688 1.319830 1.057858
v -2.746680 1.518442 0.870105
v -2.705172 1.786683 0.723486
v -2.768450 1.568426 0.933280
v -2.777022 1.420313 1.209979
v -2.757357 1.622198 1.011649
v -2.667902 1.887382 0.875994
v -2.679432 1.654135 1.081333
v -0.897161 1.140643 1.443377
v -1.248032 1.427937 1.240950
v -0.787755 1.608799 1.108794
v -0.449770 1.299811 1.326174
v 0.853539 1.123424 1.552704
v 0.796241 0.886741 1.684415
v 0.835327 1.100827 1.496968
v 0.905910 1.358237 1.347107
v 0.788805 1.188452 1.616809
v 0.764190 0.951197 1.769629
v 0.836372 1.157693 1.595572
v 0.874340 1.422940 1.431375
v -2.997820 1.399851 1.156144
v -2.887062 1.871784 0.818136
v -3.126875 0.840374 1.556158
v -3.125906 0.765295 1.604531
v -3.097348 0.722195 1.626329
v -3.055759 0.701915 1.631603
v -3.019784 0.704108 1.621573
v -2.991150 0.727956 1.596170
v -2.959371 0.795342 1.545125
v -2.821488 1.373702 1.130965
v -2.711927 1.840700 0.796776
v -1.965192 5.031149 -1.486084
v -1.963411 5.099499 -1.532274
v -2.020405 5.158153 -1.556682
v -1.984709 5.132535 -1.547599
v -2.096156 5.168756 -1.549113
v -2.060308 5.174542 -1.560264
v -2.125272 5.110075 -1.501911
v -2.878911 1.189887 0.904747
v -2.768389 1.661914 0.567344
v -3.008421 0.632837 1.305138
v -3.015610 0.570426 1.367862
v -3.004963 0.552111 1.416129
v -2.983669 0.555446 1.451059
v -2.958227 0.582868 1.471895
v -2.934448 0.624933 1.470683
v -2.905283 0.696443 1.424603
v -2.768196 1.275162 1.010024
v -2.659104 1.741844 0.675523
v -1.915318 4.929692 -1.609849
v -1.910625 4.995064 -1.663984
v -1.945609 5.019215 -1.752474
v -1.923716 5.014006 -1.710833
v -1.985988 4.976986 -1.781738
v -1.966549 5.007135 -1.776182
v -2.008753 4.903420 -1.747236
v 0.438069 0.644387 1.230130
v 0.220078 0.910217 1.040691
v 0.548380 1.116458 0.892845
v 0.668016 0.840239 1.089804
v 0.026454 0.087691 1.641214
v 0.308065 0.089583 1.629789
v 0.474450 0.018196 1.690465
v 0.292121 0.033308 1.695238
v 0.468198 0.001206 1.738330
v 0.286452 0.028911 1.740324
v 0.018284 0.069178 1.689168
v 0.284691 0.042789 1.775616
v 0.467173 0.030747 1.809815
v 0.286669 0.076492 1.804825
v 0.014498 0.097811 1.763371
v 0.026411 0.186871 1.780138
v 0.292095 0.121513 1.818682
v 0.474407 0.119983 1.833033
v 0.308286 0.198227 1.779552
v 0.223826 1.033339 1.178816
v 0.441737 0.769331 1.371518
v 0.671388 0.965096 1.233734
v 0.551371 1.237881 1.035434
v 1.042426 4.529093 -1.334493
v 1.301780 4.444208 -1.266030
v 1.494338 4.464647 -1.283405
v 1.317233 4.502778 -1.323836
v 1.323232 4.483883 -1.404423
v 1.052569 4.534988 -1.417892
v 1.321444 4.499772 -1.366084
v 1.504405 4.463567 -1.364186
v 1.321329 4.437904 -1.451460
v 1.053288 4.497218 -1.477153
v 1.324075 4.466708 -1.436030
v 1.504118 4.426356 -1.425987
v 1.305930 4.360003 -1.421142
v 1.047067 4.455720 -1.478916
v 1.497356 4.385889 -1.429382
v 1.318418 4.775889 -0.980283
v 1.501911 4.747902 -0.977421
v 1.321149 4.770579 -1.012371
v 1.063145 4.817384 -1.026597
v 1.320305 4.746295 -1.038668
v 1.503058 4.701299 -1.032474
v 1.318531 4.715327 -1.065899
v 1.062421 4.773862 -1.080841
v 1.298887 4.602940 -1.045402
v 1.052298 4.693547 -1.101565
v 1.314338 4.676601 -1.082108
v 1.490409 4.625910 -1.059611
v 0.438834 0.921691 1.583334
v 0.233710 1.187726 1.397565
v 0.548470 1.390859 1.248096
v 0.670668 1.114559 1.442207
v 0.036281 0.345690 2.005205
v 0.305377 0.351373 1.992516
v 0.473680 0.274982 2.049303
v 0.289188 0.289737 2.052697
v 0.281801 0.304761 2.140433
v 0.024387 0.332435 2.094157
v 0.283774 0.288114 2.099351
v 0.466446 0.267995 2.140918
v 0.289214 0.377545 2.175109
v 0.028165 0.392991 2.144608
v 0.283557 0.333576 2.164812
v 0.467471 0.326070 2.191851
v 0.036324 0.444201 2.142419
v 0.473723 0.376840 2.191191
v 0.305157 0.457611 2.142910
v 0.545471 1.486185 1.408342
v 0.229951 1.277764 1.557296
v 0.435161 1.014752 1.746517
v 0.667287 1.210386 1.606609
v 1.056937 4.805630 -0.986927
v 1.303021 4.722075 -0.916340
v 1.494337 4.738245 -0.938188
v -0.473655 3.048910 0.285396
v -0.004583 3.302613 0.103812
v -0.323690 3.691046 -0.175199
v -0.804555 3.420903 0.018258
v -2.473640 3.313136 -0.003783
v -2.319861 3.643411 -0.167430
v -2.323206 3.954720 -0.463739
v -2.462699 3.585114 -0.300064
v -2.568276 3.230132 -0.154741
v -2.417614 3.872101 -0.614532
v -2.500815 3.487262 -0.451700
v -2.551539 3.120386 -0.302078
v -2.400920 3.762579 -0.761525
v -2.435956 3.375056 -0.583968
v -2.450218 3.020789 -0.403975
v -2.299848 3.663006 -0.863031
v -2.305669 3.297027 -0.646471
v -2.293457 2.967003 -0.425708
v -2.143302 3.609218 -0.884618
v -2.083241 3.255085 -0.631760
v 0.877463 2.444411 -0.055963
v 0.664998 2.506829 -0.100162
v 0.894169 2.582832 -0.154901
v 1.052989 2.453453 -0.062824
v 1.192563 2.426393 -0.037104
v 1.225510 2.520992 -0.087683
v 1.212473 2.438632 0.003014
v 1.221916 2.422142 0.005185
v 1.206504 2.471514 0.049510
v 1.227427 2.575366 0.002360
v 1.203455 2.504291 0.088481
v 1.206410 2.485141 0.087580
v 0.592581 2.609345 0.048423
v 0.857512 2.546267 0.096951
v 1.045065 2.543136 0.101792
v 0.883345 2.656669 0.017761
v -2.264833 3.014788 -0.265584
v -2.149776 3.021487 -0.268990
v -2.239198 3.124520 -0.344264
v -2.308689 3.048563 -0.282923
v -2.379415 3.086537 -0.253442
v -2.355084 3.042412 -0.256678
v -2.329430 3.152154 -0.335337
v -2.399940 3.087828 -0.208428
v -2.374185 3.197618 -0.287063
v -2.400160 3.137218 -0.189863
v -2.389879 3.191249 -0.110709
v -2.406572 3.142260 -0.134636
v -2.380805 3.252086 -0.213229
v -2.363796 3.189043 -0.054775
v -2.338136 3.298877 -0.133314
v -2.313468 3.223284 -0.040444
v -0.482542 2.914821 0.175403
v -0.880312 3.001411 0.116377
v -0.456788 3.025023 0.096643
v -0.081614 2.875192 0.200325
v 0.854615 2.700959 0.311979
v 0.602459 2.765704 0.269980
v 0.880447 2.811506 0.232990
v 1.039937 2.694808 0.313103
v 1.224458 2.718400 0.410892
v 1.213126 2.678955 0.402249
v 1.205125 2.689002 0.361445
v 1.239053 2.790395 0.322521
v 1.161271 2.781094 0.474457
v 1.183062 2.745137 0.483313
v 1.208116 2.752814 0.452359
v 1.209110 2.856703 0.403314
v 0.889025 2.945016 0.361914
v 0.663520 2.880420 0.407787
v 0.868799 2.811421 0.457714
v 1.043093 2.807030 0.461275
v 1.565377 4.561526 -1.020298
v 1.582282 4.635210 -1.055989
v 1.610595 4.611349 -1.045219
v 1.120712 2.657753 0.338122
v 1.146568 2.768399 0.259066
v 1.160870 2.677626 0.328760
v 0.704596 0.877010 1.610457
v 0.814297 1.346470 1.275029
v 0.791441 1.095911 1.458969
v 0.571412 0.307944 2.018919
v 0.593289 0.257279 2.066474
v 0.556775 0.247207 2.080338
v 0.565635 0.262860 2.169240
v 0.561464 0.247024 2.129775
v 0.556918 0.336314 2.204591
v 0.561946 0.291490 2.193990
v 0.571207 0.416754 2.172761
v 0.811487 1.445215 1.438344
v 0.701175 0.973777 1.776530
v 1.120558 2.766077 0.490828
v 1.146637 2.877532 0.410876
v 1.569074 4.681201 -0.886532
v 1.586094 4.734273 -0.950476
v 1.599212 4.725498 -0.980704
v 1.603081 4.699246 -1.006761
v 1.595889 4.670682 -1.036801
v 1.594447 4.395477 -1.421089
v 1.602339 4.422375 -1.403689
v 1.578242 4.317657 -1.391346
v 1.143360 2.398631 -0.023809
v 1.167375 2.531433 -0.118722
v 0.701176 0.603240 1.258944
v 0.811488 1.075322 0.921657
v 0.571207 0.048622 1.658544
v 0.556921 -0.007436 1.724423
v 0.561969 -0.011826 1.770246
v 0.565670 0.002391 1.805315
v 0.561487 0.034682 1.833118
v 0.556778 0.081739 1.849201
v 0.593294 0.098008 1.843991
v 0.571411 0.159258 1.811238
v 0.704584 0.729247 1.404160
v 0.791429 0.943175 1.245772
v 0.814284 1.198076 1.067860
v 1.133868 2.506160 0.129542
v 1.186822 2.523470 0.112549
v 1.163703 2.618985 0.048613
v 1.578251 4.405150 -1.234410
v 1.631265 4.443654 -1.272738
v 1.594161 4.462964 -1.292669
v 1.604036 4.438565 -1.370654
v 1.601191 4.457115 -1.333732
v -0.678231 2.175758 0.911688
v -0.237884 2.305193 0.819237
v -0.586805 2.565053 0.632453
v -1.035502 2.433824 0.726262
v -2.678621 2.438910 0.622957
v -2.551195 2.656074 0.540636
v -2.587510 2.827494 0.344378
v -2.694467 2.597243 0.407821
v -2.732757 2.498878 0.255824
v -2.773568 2.355381 0.471774
v -2.682318 2.744197 0.193296
v -2.756776 2.245330 0.323968
v -2.665551 2.634282 0.045698
v -2.667620 2.386511 0.122909
v -2.536937 2.308500 0.059960
v -2.655115 2.145699 0.221536
v -2.564040 2.534666 -0.056497
v -2.314284 2.266513 0.074642
v -2.498059 2.091914 0.199606
v -2.407116 2.480880 -0.078338
v 0.659190 1.590664 0.554040
v 0.428426 1.801839 0.403662
v 0.727865 1.871187 0.353648
v 0.877111 1.735068 0.450494
v 0.923036 1.552689 0.580596
v 0.992253 1.848907 0.368971
v 1.000306 1.732153 0.458063
v 1.053236 1.862405 0.383269
v 1.043472 1.746204 0.491131
v 0.985581 1.554627 0.602003
v 1.057336 1.775574 0.537124
v 1.075830 1.921288 0.472243
v 1.041432 1.815628 0.578962
v 1.015536 1.612477 0.690483
v 0.996350 1.976170 0.509717
v 0.882211 1.866098 0.587438
v 0.925349 1.672737 0.727376
v 1.001693 1.845178 0.598802
v 0.434359 1.933125 0.533443
v 0.662337 1.712127 0.695266
v 0.733273 2.015295 0.477808
v -2.458515 2.185716 0.328879
v -2.307127 2.348677 0.213439
v -2.388122 2.487041 0.112822
v -2.465727 2.375956 0.199305
v -2.536998 2.413711 0.228640
v -2.548908 2.213255 0.337633
v -2.478462 2.514612 0.121631
v -2.594536 2.258303 0.385699
v -2.523811 2.559793 0.169765
v -2.558184 2.464093 0.292046
v -2.547553 2.518013 0.370863
v -2.601246 2.312471 0.459171
v -2.530492 2.614057 0.243352
v -2.557674 2.359189 0.538622
v -2.487209 2.660799 0.322952
v -2.470494 2.550007 0.440879
v -0.677125 2.082187 0.770471
v -1.038091 2.326278 0.598899
v -0.606404 2.384808 0.554194
v -0.239579 2.199241 0.683395
v 0.659436 1.865725 0.908786
v 0.444239 2.088638 0.753795
v 0.730374 2.169291 0.691877
v 0.881494 2.016768 0.797570
v 0.925362 1.821765 0.935433
v 0.996362 2.125605 0.718340
v 1.002356 1.998958 0.813702
v 1.065305 2.034042 0.900815
v 1.017258 1.836956 1.004631
v 1.046438 2.007570 0.848672
v 1.088443 2.142981 0.785697
v 1.001373 2.097378 0.964867
v 0.986243 1.902191 1.087740
v 1.048616 2.068394 0.942890
v 1.057777 2.208560 0.868064
v 0.994627 2.227891 0.876891
v 0.878544 2.113223 0.958957
v 0.923431 1.923624 1.095158
v 0.725124 2.244519 0.864327
v 0.437510 2.164547 0.921155
v 0.656462 1.960522 1.068079
v -0.461489 4.887297 -1.033545
v -0.091449 4.683791 -0.887276
v 0.337141 4.764218 -0.944595
v -2.090446 4.947418 -1.175412
v -1.976353 5.109510 -1.218838
v -2.118545 5.052006 -1.351206
v -2.184501 4.865395 -1.325950
v -2.156401 4.954914 -1.502304
v -2.167871 4.756219 -1.472410
v -2.091956 4.842949 -1.633612
v -2.067185 4.656684 -1.573309
v -1.962258 4.764891 -1.695451
v -1.910974 4.602894 -1.594672
v -1.740163 4.723016 -1.680697
v 1.248452 4.112383 -1.247693
v 1.011252 4.295990 -1.378424
v 1.461538 4.225932 -1.329187
v 1.520761 4.069988 -1.217941
v 1.594381 4.208082 -1.311171
v 1.632950 4.222778 -1.280438
v 1.586026 4.070999 -1.196748
v 1.643575 4.250037 -1.235380
v 1.632820 4.276539 -1.185880
v 1.607747 4.122713 -1.108404
v 1.458831 4.316155 -1.170009
v 1.521263 4.162432 -1.058536
v 1.596827 4.294792 -1.158349
v 1.006968 4.380377 -1.221851
v 1.244842 4.201633 -1.090415
v -1.880469 4.660096 -1.445306
v -1.737672 4.783586 -1.532478
v -1.897402 4.810129 -1.545886
v -1.966701 4.848674 -1.516021
v -1.970439 4.687885 -1.436095
v -2.013763 4.734029 -1.387481
v -1.986296 4.900138 -1.451990
v -1.976925 4.954462 -1.371954
v -2.020236 4.788988 -1.313053
v -1.979043 4.835899 -1.232381
v -1.902218 4.986608 -1.301034
v -0.096387 4.567196 -1.005520
v -0.467088 4.769595 -1.147358
v 0.332100 4.645521 -1.064844
v 1.241949 4.358495 -0.872394
v 1.016840 4.538952 -0.997140
v 1.454901 4.470607 -0.955722
v 1.508388 4.316784 -0.847251
v 1.576044 4.455061 -0.941322
v 1.641296 4.510724 -0.872241
v 1.601911 4.349869 -0.793220
v 1.620856 4.473613 -0.914665
v 1.579818 4.570811 -0.809270
v 1.573621 4.417950 -0.716217
v 1.625800 4.545280 -0.832408
v 1.458518 4.591846 -0.819054
v 1.511593 4.437227 -0.707965
v 1.021122 4.659005 -0.868131
v 1.245543 4.478074 -0.737835
v 0.496467 2.198570 0.343052
v 0.753051 2.099820 0.417180
v 0.942217 2.132239 0.396533
v 0.785304 2.237664 0.318307
v -2.368495 2.571054 0.052583
v -2.245361 2.612784 0.024065
v -2.336489 2.708060 -0.045653
v -2.404083 2.639983 0.010010
v -2.475140 2.677823 0.039403
v -2.458822 2.598631 0.061409
v -2.426792 2.735652 -0.036803
v -2.504092 2.643850 0.109561
v -2.471934 2.780931 0.011379
v -2.496153 2.728322 0.102877
v -2.485659 2.782287 0.181825
v -2.510765 2.698141 0.183181
v -2.478595 2.835266 0.085053
v -2.467563 2.744890 0.262822
v -2.435524 2.882025 0.164762
v -2.408854 2.814297 0.251940
v -0.586687 2.469180 0.493894
v -0.976156 2.591296 0.409489
v -0.554531 2.606775 0.395557
v -0.177571 2.464581 0.493769
v 0.750152 2.253927 0.631401
v 0.506347 2.354415 0.563877
v 0.782405 2.391952 0.532777
v 0.943690 2.282927 0.607396
v 1.016157 2.210317 0.657814
v 1.048439 2.348466 0.559107
v 1.064579 2.265365 0.623341
v 1.127779 2.302682 0.708500
v 1.108290 2.228303 0.724656
v 1.108726 2.275062 0.657417
v 1.140658 2.367445 0.625112
v 1.064191 2.365983 0.772205
v 1.077722 2.293976 0.806816
v 1.111227 2.337058 0.750338
v 1.110247 2.433276 0.706933
v 1.047659 2.454530 0.714315
v 0.944951 2.387600 0.762143
v 1.015013 2.315013 0.814397
v 0.783837 2.495458 0.684358
v 0.558835 2.432949 0.728723
v 0.761276 2.351896 0.787334
v -0.938148 2.849703 0.427964
v -0.138728 2.727804 0.516110
v -2.453725 3.072079 0.242300
v -2.596813 3.013472 0.109561
v -2.635031 2.915324 -0.042284
v -2.570010 2.803024 -0.174926
v -2.439495 2.725007 -0.237688
v -2.216937 2.683038 -0.222993
v 0.769540 1.982566 0.274032
v 0.562094 2.066474 0.214500
v 0.787669 2.127094 0.170762
v 0.949461 2.018610 0.247888
v 1.017477 1.944170 0.300895
v 1.067676 2.082917 0.201766
v 1.091666 2.004845 0.276234
v 0.338059 2.459428 0.782725
v 0.309408 2.525658 0.741565
v 0.269230 2.610812 0.673342
v 0.296524 2.516749 0.731393
v 0.338784 2.439400 0.753687
v 0.297869 2.506101 0.715492
v 0.269803 2.590094 0.645161
v 0.298167 2.499881 0.701992
v 1.013956 2.061108 0.448790
v 1.049726 2.118575 0.412713
v 1.033104 2.201103 0.348371
v 1.246188 2.414334 0.045374
v 1.244889 2.451748 0.059887
v 1.280033 2.474411 0.100630
v 1.123966 1.971721 0.361416
v 1.162674 1.988930 0.445033
v 1.121749 1.967184 0.403421
v 1.081683 1.937166 0.351734
v 1.171520 2.102306 0.262801
v 1.189687 2.058420 0.383094
v 1.111645 1.996361 0.436751
v 1.115664 2.028346 0.483742
v 1.089410 2.023545 0.465336
v 1.091144 1.996844 0.438348
v 1.225903 2.479178 0.096844
v 1.209407 2.505761 0.120706
v 1.232163 2.514437 0.144230
v 1.071401 2.063496 0.463171
v 1.095922 2.133860 0.449163
v 1.086710 2.202034 0.367210
v 1.308205 2.500609 0.185309
v 1.294258 2.529299 0.179367
v 1.320146 2.581919 0.264931
v 1.204388 2.054486 0.503789
v 1.207689 2.095797 0.608137
v 1.180066 2.037742 0.524032
v 1.238490 2.189317 0.406210
v 1.235388 2.171404 0.555805
v 1.151222 2.052578 0.529160
v 1.149091 2.106300 0.603566
v 1.117904 2.068367 0.540007
v 1.264452 2.539662 0.193004
v 1.235360 2.555502 0.198157
v 1.262944 2.594305 0.265302
v 1.103378 2.103607 0.530099
v 1.127033 2.199480 0.550990
v 1.132374 2.239691 0.434723
v 1.324437 2.634177 0.377556
v 1.311845 2.653533 0.361499
v 1.300427 2.720380 0.455499
v 1.222097 2.185837 0.692668
v 1.188525 2.232192 0.795082
v 1.198615 2.162331 0.702399
v 1.255629 2.322329 0.597489
v 1.214933 2.310445 0.745949
v 1.170716 2.165107 0.692218
v 1.139474 2.225717 0.768999
v 1.138566 2.168637 0.685546
v 1.284774 2.652168 0.357181
v 1.252879 2.656245 0.344099
v 1.255391 2.712701 0.431169
v 1.124661 2.195572 0.665324
v 1.127836 2.301598 0.696890
v 1.153737 2.330604 0.568717
v 1.247718 2.759562 0.538567
v 1.240703 2.771895 0.514248
v 1.164815 2.816099 0.557201
v 1.143339 2.312197 0.854767
v 1.048138 2.331859 0.903580
v 1.124211 2.281309 0.857482
v 1.176875 2.449375 0.760200
v 1.071695 2.414795 0.858185
v 1.105292 2.273532 0.833803
v 1.025196 2.302122 0.851526
v 1.088130 2.265763 0.814650
v 1.222961 2.758955 0.497660
v 1.204359 2.750731 0.472581
v 1.142972 2.785721 0.511185
v 1.083759 2.283952 0.786936
v 1.035203 2.366056 0.771027
v 1.114350 2.417555 0.689147
v 1.053469 2.833113 0.575592
v 1.053864 2.840209 0.545801
v 0.940540 2.867588 0.538970
v 0.946532 2.389546 0.896386
v 0.825040 2.385786 0.887245
v 0.935967 2.353492 0.895010
v 0.979738 2.526277 0.801045
v 0.843939 2.468112 0.840999
v 0.930428 2.338087 0.864974
v 0.822364 2.352678 0.838980
v 0.927239 2.323458 0.840696
v 1.047386 2.819433 0.522972
v 1.043499 2.805480 0.495770
v 0.937536 2.833105 0.493457
v 0.931238 2.337521 0.810265
v 0.840443 2.412368 0.754771
v 0.963158 2.470357 0.711899
v 0.833947 2.871135 0.543286
v 0.838198 2.877906 0.514919
v 0.741197 2.895509 0.509029
v 0.728260 2.427643 0.864118
v 0.627071 2.414005 0.856977
v 0.722763 2.393359 0.865135
v 0.760441 2.564174 0.768510
v 0.645059 2.495570 0.810054
v 0.723303 2.378473 0.839539
v 0.627160 2.383473 0.813535
v 0.723540 2.362511 0.815137
v 0.837362 2.857458 0.493789
v 0.838033 2.843550 0.468393
v 0.740807 2.863350 0.467591
v 0.729148 2.375927 0.783975
v 0.645841 2.444384 0.731570
v 0.761066 2.508743 0.685513
v 0.925540 2.808704 0.594435
v 0.725865 2.836436 0.563616
v 0.805238 2.752148 0.632506
v 0.390853 2.866872 0.495549
v 0.443608 2.903065 0.462998
v 0.377958 2.858791 0.485018
v 0.314243 2.799239 0.537548
v 0.379489 2.847687 0.469598
v 0.444439 2.881862 0.435311
v 0.379503 2.839942 0.457428
v 0.314777 2.778156 0.509848
v 0.921284 2.750643 0.511032
v 0.805486 2.695417 0.551050
v 0.725965 2.782856 0.487874
v 0.833930 2.816259 0.466777
v 1.116160 2.704426 0.527450
v 1.007870 2.656960 0.577430
v 1.036828 2.777820 0.493260
v 1.207673 2.640866 0.454184
v 1.158711 2.604484 0.555011
v 1.188622 2.725299 0.470935
v 1.207452 2.538679 0.308373
v 1.197699 2.517839 0.434873
v 1.228495 2.637934 0.349984
v 1.181955 2.471979 0.206876
v 1.177040 2.426723 0.300824
v 1.211901 2.545065 0.214902
v 1.142931 2.455468 0.171076
v 1.133451 2.388648 0.233406
v 1.192893 2.502075 0.148732
v 1.023703 2.470798 0.153681
v 1.079054 2.387786 0.214459
v 0.575656 2.537011 0.100305
v 0.829026 2.424522 0.184276
v -2.293102 2.893783 -0.178821
v -2.166608 2.949518 -0.217386
v -2.325487 2.976615 -0.231341
v -2.396271 3.014566 -0.201874
v -2.383373 2.921394 -0.169936
v -2.428342 2.966756 -0.121713
v -2.417063 3.065215 -0.138314
v -2.406744 3.119234 -0.059196
v -2.434985 3.021150 -0.047968
v -2.392093 3.067923 0.031833
v -2.330264 3.151265 0.011043
v -0.510942 2.793296 0.262255
v -0.897189 2.929194 0.167991
v -0.098511 2.802887 0.251998
v 0.826128 2.579055 0.399084
v 0.585534 2.693280 0.321733
v 1.022988 2.622280 0.364925
v 1.092201 2.535738 0.425301
v 1.143914 2.605031 0.380633
v 1.207434 2.645196 0.463298
v 1.184537 2.556064 0.490169
v 1.188149 2.616111 0.413563
v 1.144177 2.707997 0.526888
v 1.154336 2.622107 0.571532
v 1.191055 2.679604 0.504830
v 1.024958 2.729523 0.516868
v 1.091799 2.643171 0.578994
v 0.645518 2.803471 0.462954
v 0.827975 2.684092 0.549045
v 0.831807 2.315981 0.035806
v 0.648281 2.435302 -0.049034
v 1.032326 2.360553 0.003580
v 1.114673 2.271372 0.067120
v 1.188790 2.344579 0.033480
v 1.218438 2.290747 0.128105
v 1.272286 2.400289 0.138576
v 1.282434 2.378116 0.271044
v 1.314710 2.514079 0.311342
v 1.298928 2.512278 0.463713
v 1.293229 2.655636 0.504659
v 1.220970 2.638867 0.626061
v 1.153415 2.756008 0.612514
v 1.024992 2.714134 0.665025
v 0.885868 2.643116 0.714308
v 0.686579 2.670715 0.683428
v 0.292968 2.710223 0.608538
v 0.275338 2.703624 0.596825
v 0.276859 2.691735 0.581900
v 0.276631 2.685342 0.568647
v 0.881981 2.586182 0.629532
v 0.687010 2.618299 0.606353
v 1.076800 2.539919 0.645871
v 1.168859 2.475922 0.572181
v 1.167990 2.373825 0.426287
v 1.134629 2.308444 0.324061
v 1.077371 2.294809 0.286314
v 0.980773 2.306711 0.271383
v 0.537157 2.372469 0.218323
v -2.204896 2.785806 -0.099998
v -2.363698 2.812953 -0.114002
v -2.434615 2.850850 -0.084571
v -2.455515 2.901426 -0.021053
v -2.445111 2.955418 0.057983
v -2.368473 2.987439 0.128161
v -0.935581 2.764916 0.285401
v -0.136948 2.638411 0.369541
v 0.547035 2.528533 0.439457
v 0.984435 2.457295 0.482809
v 1.105343 2.439894 0.498631
v 1.168708 2.478674 0.582509
v 1.149535 2.450302 0.532119
v 1.105289 2.541718 0.646155
v 1.152245 2.513066 0.624190
v 0.983854 2.563289 0.636115
v 0.546326 2.629420 0.587728
v 0.536346 2.263663 0.073662
v 0.990301 2.194094 0.122511
v 1.149913 2.178119 0.152424
v 1.233519 2.233866 0.257608
v 1.276146 2.347479 0.430194
v 1.255163 2.487813 0.621968
v 1.113685 2.590119 0.731953
v 1.406536 3.404328 -0.736986
v 1.499381 3.699991 -0.931705
v 1.444685 3.417888 -0.705944
v 1.354175 3.080577 -0.489530
v 1.455481 3.445480 -0.661376
v 1.521398 3.752584 -0.843677
v 1.445837 3.476418 -0.613405
v 1.373590 3.133752 -0.402283
v 1.272726 3.520789 -0.599487
v 1.292154 3.181156 -0.354647
v 1.410560 3.498589 -0.587386
v 1.435385 3.795414 -0.795267
v 0.821119 3.586084 -0.652144
v 1.015324 3.220723 -0.386825
v 1.159041 3.834937 -0.827390
v -2.108229 3.685147 -0.746246
v -1.922497 3.993300 -0.965814
v -1.965613 4.295628 -1.183974
v -2.081861 4.020081 -0.979458
v -2.151799 4.058370 -0.949765
v -2.198365 3.712837 -0.737215
v -2.055645 4.323380 -1.174830
v -2.242597 3.758550 -0.688817
v -2.099309 4.369362 -1.126297
v -2.171910 4.109483 -0.885936
v -2.162131 4.163675 -0.806296
v -2.249164 3.813196 -0.614766
v -2.105817 4.424204 -1.052010
v -2.207034 3.860032 -0.534575
v -2.064273 4.471088 -0.971518
v -2.086660 4.195773 -0.735670
v -0.325209 3.588058 -0.305748
v -0.652416 3.976579 -0.580584
v -0.181928 4.201162 -0.743922
v 0.146552 3.851543 -0.497426
v 1.012429 3.376299 -0.170577
v 0.830993 3.743664 -0.428847
v 1.156146 3.991318 -0.610032
v 1.268793 3.674176 -0.386664
v 1.278666 3.333702 -0.144841
v 1.422510 3.949276 -0.584667
v 1.389839 3.657898 -0.371700
v 1.454346 3.706884 -0.296763
v 1.371520 3.359751 -0.084823
v 1.434384 3.673241 -0.342331
v 1.515779 3.979733 -0.528396
v 1.392105 3.768139 -0.233528
v 1.342194 3.426706 -0.005414
v 1.438479 3.741383 -0.256193
v 1.487108 4.047392 -0.450494
v 1.270750 3.789385 -0.243415
v 1.279880 3.446964 0.002396
v 1.424971 4.067034 -0.442409
v 1.158925 4.107896 -0.472295
v 0.833367 3.856595 -0.292548
v -1.043217 0.517514 1.892624
v -2.931881 0.792496 1.659844
v -2.970171 0.692453 1.507595
v -2.828028 0.618718 1.451028
v -1.043174 0.610673 2.022364
v -3.039124 0.873261 1.737230
v -3.115649 0.682428 1.445674
v -2.861883 0.535164 1.322859
v -1.051822 0.558274 2.027312
v 0.616543 0.338178 2.196050
v -0.015867 4.986798 -1.146938
v -1.997074 5.253764 -1.424485
v -3.032158 0.820059 1.750812
v -2.064502 5.077835 -1.688459
v -3.099154 0.643939 1.484944
v -1.831540 4.947893 -1.801279
v 0.616562 0.001261 1.725390
v -2.868227 0.510536 1.372729
v -0.016071 4.947729 -1.199657
v -1.948688 5.218822 -1.454538
v -1.990839 5.072090 -1.655836
v -1.819341 4.986108 -1.750973
v 0.639845 0.044013 1.807244
v -2.860536 0.529163 1.452685
v -3.026294 0.626459 1.528954
v -2.985134 0.759813 1.724151
v -1.056428 0.495174 1.976567
v 0.639789 0.274441 2.129219
v -0.022560 4.972142 -1.106929
v -2.017217 5.236207 -1.391312
v -2.093000 5.050016 -1.678545
v -1.841013 4.903072 -1.797356
v 1.650350 4.374225 -1.401013
v 1.665832 4.417591 -1.325166
v -1.815483 4.949340 -1.655067
v -1.952332 5.023934 -1.595348
v -1.917552 5.127379 -1.439168
v -0.028339 4.860460 -1.210717
v 1.660448 4.649887 -1.002381
v 1.638244 4.708890 -0.937137
v -0.849447 1.444265 1.436375
v -2.850113 1.707516 1.147299
v -2.928480 1.513242 0.847730
v -2.669232 1.359800 0.722756
v 0.816367 0.826136 1.122663
v 0.848264 0.885717 1.211003
v -2.625695 1.470086 0.842001
v -2.762505 1.542283 0.898532
v -2.725023 1.642885 1.050825
v -0.845084 1.363483 1.284116
v 0.848210 1.110157 1.524581
v 0.816349 1.174586 1.609449
v -2.945320 1.623547 0.995928
v -3.131977 0.789780 1.590294
v -3.114014 0.741853 1.617021
v -3.036716 0.700244 1.628570
v -2.977427 0.746586 1.580840
v -2.769284 1.596222 0.971727
v -1.959144 5.079537 -1.519922
v -2.001351 5.146236 -1.552713
v -2.079389 5.174886 -1.556857
v -2.109170 5.155597 -1.536662
v -2.826533 1.413583 0.744851
v -3.016407 0.586905 1.344659
v -3.011765 0.558738 1.392649
v -2.971010 0.566579 1.463647
v -2.922295 0.646839 1.459518
v -2.716209 1.497553 0.850623
v -1.908345 4.977535 -1.645450
v -1.934196 5.018457 -1.733303
v -1.976516 4.994369 -1.781392
v -1.994733 4.954842 -1.776673
v 0.490329 0.868030 1.070343
v 0.296738 0.045774 1.670943
v 0.288743 0.028268 1.718725
v 0.285249 0.057606 1.791277
v 0.296694 0.146411 1.811904
v 0.493867 0.992122 1.211713
v 1.313098 4.490277 -1.303937
v 1.322493 4.492360 -1.385916
v 1.323395 4.454795 -1.446539
v 1.317351 4.413814 -1.449171
v 1.320477 4.776675 -0.997791
v 1.319572 4.731592 -1.052586
v 1.310205 4.653728 -1.076720
v 0.490965 1.144776 1.423931
v 0.293786 0.304133 2.031263
v 0.282357 0.294769 2.121448
v 0.285842 0.353745 2.172338
v 0.293829 0.404537 2.171124
v 0.487420 1.238091 1.586308
v 1.314442 4.765954 -0.958241
v -0.401427 3.358237 0.063521
v -2.401136 3.622358 -0.225467
v -2.495662 3.539540 -0.376345
v -2.478945 3.429902 -0.523517
v -2.377744 3.330316 -0.625225
v -2.221087 3.276530 -0.646888
v 0.880413 2.483804 -0.084132
v 1.210228 2.428631 -0.018893
v 1.204588 2.489019 0.070321
v 0.862906 2.569318 0.080417
v -2.259481 3.037699 -0.282012
v -2.349728 3.065325 -0.273101
v -2.394563 3.110750 -0.224846
v -2.401192 3.165190 -0.151045
v -2.358439 3.211975 -0.071173
v -0.477165 2.937830 0.158959
v 0.860008 2.724040 0.295487
v 1.218539 2.702222 0.385603
v 1.188500 2.768431 0.466611
v 0.872938 2.847977 0.431510
v 1.576705 4.612587 -1.051324
v 1.126111 2.680854 0.321617
v 0.756742 1.100166 1.451013
v 0.559839 0.261066 2.058004
v 0.564278 0.253413 2.151255
v 0.558497 0.312054 2.201700
v 0.559882 0.363569 2.200797
v 0.753434 1.197112 1.616320
v 1.126003 2.789348 0.474135
v 1.580495 4.724971 -0.928589
v 1.593025 4.733459 -0.967108
v 1.600681 4.685346 -1.021850
v 1.598929 4.411524 -1.415274
v 1.589663 4.371574 -1.419229
v 1.148594 2.434491 -0.049448
v 0.753434 0.826881 1.099162
v 0.559881 0.004939 1.699852
v 0.558509 -0.012509 1.748308
v 0.564309 0.016370 1.820069
v 0.559838 0.107270 1.843179
v 0.756729 0.952101 1.244302
v 1.143752 2.530302 0.112226
v 1.589579 4.451053 -1.272641
v 1.603148 4.448083 -1.352653
v -0.632098 2.372170 0.770805
v -2.632692 2.634794 0.482526
v -2.727569 2.551382 0.331394
v -2.710789 2.441400 0.183693
v -2.609204 2.341776 0.081381
v -2.452215 2.287990 0.059496
v 0.698178 1.757523 0.434845
v 0.964226 1.728964 0.454661
v 1.026134 1.737579 0.471412
v 1.052601 1.795572 0.559742
v 0.967612 1.853355 0.597814
v 0.704562 1.892587 0.565824
v -2.416614 2.365080 0.200271
v -2.506975 2.392638 0.209057
v -2.552436 2.437765 0.257164
v -2.559130 2.491990 0.330705
v -2.515730 2.538722 0.410245
v -0.635029 2.262322 0.641732
v 0.701662 2.046422 0.779671
v 0.967625 2.002625 0.806209
v 1.059630 2.019118 0.874311
v 1.028824 2.084558 0.956977
v 0.965809 2.104730 0.965241
v 0.695996 2.129466 0.946870
v -0.058372 4.825154 -0.988673
v -2.057296 5.088798 -1.276768
v -2.151302 5.006859 -1.427270
v -2.134680 4.897732 -1.573654
v -2.034049 4.798203 -1.674467
v -1.877885 4.744412 -1.695797
v 1.281534 4.253956 -1.348845
v 1.553845 4.211569 -1.319096
v 1.619068 4.212685 -1.298012
v 1.640645 4.264016 -1.209622
v 1.554062 4.302609 -1.159088
v 1.277612 4.341686 -1.190873
v -1.847949 4.799299 -1.545117
v -1.937895 4.827101 -1.535880
v -1.981090 4.873306 -1.487235
v -1.987550 4.928310 -1.412754
v -1.946491 4.975233 -1.332013
v -0.063717 4.706996 -1.105432
v 1.274719 4.498732 -0.972599
v 1.541188 4.457148 -0.947540
v 1.634809 4.491236 -0.894366
v 1.606663 4.559478 -0.817706
v 1.544676 4.578616 -0.809390
v 1.278625 4.619457 -0.839254
v 0.766719 2.158233 0.375281
v -2.354933 2.629111 0.010955
v -2.445249 2.656695 0.019790
v -2.490464 2.701940 0.067955
v -2.497132 2.756250 0.141597
v -2.453986 2.803003 0.221268
v -0.573060 2.527488 0.452223
v 0.763820 2.312417 0.589608
v 1.029837 2.268859 0.615985
v 1.122006 2.287267 0.682473
v 1.091504 2.353006 0.764490
v 1.028895 2.374342 0.771838
v 0.771693 2.415273 0.741877
v -0.534719 2.787574 0.472845
v -2.535129 3.050894 0.184221
v -2.629857 2.967733 0.033195
v -2.613104 2.857896 -0.114283
v -2.511681 2.758287 -0.216340
v -2.354831 2.704502 -0.238132
v 0.778293 2.046801 0.228130
v 1.040334 2.003945 0.258186
v 0.297376 2.522664 0.736830
v 0.298054 2.502355 0.708262
v 1.021069 2.120587 0.406125
v 1.248754 2.439206 0.044421
v 1.119988 1.958569 0.386643
v 1.144211 2.023341 0.319243
v 1.101268 2.010455 0.452558
v 1.216751 2.493573 0.110119
v 1.074639 2.121502 0.424951
v 1.305049 2.522347 0.175627
v 1.191909 2.035946 0.520217
v 1.219811 2.109061 0.463666
v 1.133951 2.060282 0.534667
v 1.249201 2.547855 0.196204
v 1.113689 2.160140 0.491675
v 1.321672 2.652035 0.364061
v 1.210013 2.164663 0.704734
v 1.237223 2.241584 0.654356
v 1.154047 2.166440 0.688668
v 1.268474 2.654260 0.350786
v 1.135050 2.251013 0.625613
v 1.247212 2.774640 0.521726
v 1.132869 2.288027 0.864261
v 1.158131 2.368826 0.817219
v 1.096026 2.269147 0.823583
v 1.213300 2.754603 0.484966
v 1.095493 2.338094 0.746166
v 1.056029 2.846040 0.556379
v 0.939425 2.363373 0.904352
v 0.960501 2.446422 0.858866
v 0.928474 2.330037 0.851933
v 1.045181 2.811807 0.508833
v 0.944151 2.391035 0.769060
v 0.838037 2.883870 0.524682
v 0.723294 2.402312 0.872923
v 0.741398 2.484269 0.826322
v 0.723373 2.369830 0.826843
v 0.837651 2.849856 0.480603
v 0.742184 2.429390 0.742671
v 0.822597 2.824987 0.579805
v 0.378851 2.864320 0.490617
v 0.379581 2.843240 0.462992
v 0.822699 2.767753 0.498947
v 1.025196 2.729268 0.525324
v 1.175901 2.676918 0.503034
v 1.214734 2.590392 0.383008
v 1.196200 2.498912 0.249144
v 1.165700 2.458776 0.183122
v 1.109144 2.458227 0.163928
v 0.845968 2.496929 0.132340
v -2.276289 2.965751 -0.230423
v -2.366548 2.993369 -0.221525
v -2.411451 3.038763 -0.173286
v -2.418087 3.093179 -0.099513
v -2.375264 3.139958 -0.019677
v -0.494051 2.865572 0.210600
v 0.843070 2.651557 0.347279
v 1.109158 2.608305 0.373452
v 1.201540 2.629153 0.437879
v 1.171420 2.695279 0.519064
v 1.108904 2.716270 0.526558
v 0.851697 2.757187 0.496612
v 0.858297 2.389174 -0.016489
v 1.131776 2.344569 0.014823
v 1.235511 2.363938 0.075788
v 1.299462 2.451276 0.218668
v 1.315706 2.585882 0.411875
v 1.238057 2.712294 0.574083
v 1.042528 2.786928 0.612318
v 0.783120 2.659338 0.699656
v 0.276277 2.708870 0.602685
v 0.276781 2.687900 0.574797
v 0.783554 2.603249 0.617439
v 0.985794 2.564827 0.643822
v 1.136809 2.512190 0.621238
v 1.175993 2.425394 0.500956
v 1.154628 2.334435 0.366895
v 1.106717 2.297076 0.299065
v 1.053070 2.296124 0.280211
v 0.807439 2.332264 0.250452
v -2.314524 2.802085 -0.113071
v -2.404811 2.829686 -0.104204
v -2.449865 2.875008 -0.056001
v -2.456517 2.929372 0.017709
v -2.413537 2.976139 0.097464
v -0.532463 2.701204 0.328071
v 0.804541 2.486675 0.465093
v 1.070594 2.443275 0.491366
v 1.162872 2.462936 0.556795
v 1.132568 2.528875 0.638384
v 1.070005 2.550033 0.645807
v 0.803977 2.590957 0.615854
v 0.806885 2.222721 0.102439
v 1.092881 2.178107 0.133756
v 1.196685 2.197488 0.194766
v 1.260738 2.284899 0.337780
v 1.277550 2.418493 0.529763
v 1.199199 2.545308 0.692290
v 1.002648 2.621382 0.732183
v 1.431008 3.408374 -0.723643
v 1.453068 3.461395 -0.636303
v 1.367904 3.507020 -0.588395
v 1.091620 3.546794 -0.620710
v -2.032518 4.009236 -0.978625
v -2.122599 4.036959 -0.969534
v -2.166529 4.082815 -0.921064
v -2.173065 4.137565 -0.846888
v -2.131246 4.184427 -0.766537
v -0.249144 3.913540 -0.538363
v 1.088725 3.702798 -0.403873
v 1.355029 3.660495 -0.378334
v 1.448102 3.688885 -0.320305
v 1.419126 3.756214 -0.241696
v 1.356905 3.776144 -0.233740
v 1.090863 3.817018 -0.263639
v -0.246104 4.022827 -0.413180
v -2.245441 4.286378 -0.701508
v -2.339732 4.203958 -0.852215
v -2.323059 4.094552 -0.999030
v -2.222115 3.994991 -1.100333
v -2.065681 3.941203 -1.121845
v 1.093771 3.450435 -0.774743
v 1.366074 3.408005 -0.744974
v 1.065592 1.917022 0.346993
v 1.085671 1.977750 0.438344
v 1.008757 2.029195 0.471681
v 0.745669 2.068273 0.439808
v -2.375821 2.539698 0.075066
v -2.466152 2.567273 0.083885
v -2.511452 2.612478 0.132030
v -2.518128 2.666759 0.205638
v -2.474895 2.713505 0.285264
v -0.594046 2.437690 0.516399
v 0.742771 2.222338 0.653972
v 1.008769 2.178700 0.680404
v 1.100883 2.196459 0.747439
v 1.070278 2.262097 0.829675
v 1.007310 2.282091 0.838012
v 0.746319 2.306820 0.819649
v 0.752192 1.935115 0.307958
v 1.005727 1.906566 0.327770
v -2.072333 4.304235 -0.616945
v -2.227761 3.640406 -0.140828
v -2.361524 3.069106 0.268924
v -2.458921 2.653126 0.567277
v -2.675968 1.726114 1.232156
v -2.868272 0.892240 1.819545
v -2.873719 0.837765 1.827275
v -2.864150 0.770044 1.778174
v -2.830358 0.800802 1.704604
v -2.627738 1.651806 1.095252
v -2.418677 2.547755 0.454797
v -2.377889 2.722561 0.329841
v -2.357003 2.812069 0.265857
v -2.316599 2.985227 0.142078
v -2.278368 3.149067 0.024959
v -2.261561 3.221092 -0.026527
v -2.034623 4.193666 -0.721755
v -1.850073 4.984571 -1.287120
v -1.817867 5.136904 -1.393961
v -1.823407 5.237689 -1.399445
v -1.837256 5.271809 -1.349874
v -1.847326 5.253712 -1.309634
v -1.884511 5.106423 -1.192297
v -0.806531 4.826098 -1.632021
v -0.806567 4.787366 -1.685803
v -0.813478 4.743834 -1.684167
v -0.849289 4.584607 -1.583017
v -1.037014 3.781267 -1.009000
v -1.192360 3.116486 -0.533989
v -1.326054 2.544365 -0.125187
v -1.423400 2.127786 0.172475
v -1.640335 1.199444 0.835810
v -1.834091 0.375851 1.436026
v -1.842960 0.353329 1.484694
v -1.847901 0.375791 1.560721
v -1.834134 0.469265 1.566895
v -1.635761 1.318726 0.961099
v -1.425870 2.215827 0.317767
v -1.384919 2.390855 0.192249
v -1.363950 2.480479 0.127978
v -1.323385 2.653860 0.003642
v -1.285002 2.817911 -0.114002
v -1.268129 2.890029 -0.165720
v -1.040287 3.863851 -0.864071
v -0.855003 4.655773 -1.431978
v -0.819653 4.804985 -1.542953
v -1.008300 0.765368 1.923355
v 0.328669 0.559650 2.072996
v 0.594713 0.518803 2.102924
v 0.658286 0.497530 2.094987
v 0.690113 0.430761 2.010677
v 0.595575 0.410467 1.943802
v 0.329597 0.454227 1.917359
v -1.007150 0.669997 1.779747
v -2.790288 0.955209 1.593217
v -2.887763 0.946320 1.548923
v -2.932589 0.900101 1.469883
v -2.925756 0.846331 1.396987
v -2.878918 0.801507 1.349513
v -2.788273 0.774170 1.340973
v -1.798003 0.625282 1.458374
v 0.332504 0.302490 1.706371
v 0.595572 0.263362 1.738347
v 0.690160 0.206564 1.697502
v 0.658299 0.148273 1.607123
v 0.594713 0.147624 1.584449
v 0.331578 0.188653 1.555725
v -1.799211 0.519553 1.321599
v -2.828269 0.679593 1.208794
v -2.985917 0.732890 1.231394
v -3.088337 0.831705 1.335320
v -3.105248 0.942138 1.483971
v -3.009596 1.027375 1.634911
v -2.835036 1.046756 1.719430
v -0.732833 1.942648 1.078894
v 0.604053 1.736545 1.228751
v 0.870072 1.695585 1.258742
v 0.932860 1.673564 1.251672
v 0.964138 1.608583 1.168010
v 0.872378 1.595025 1.097438
v 0.606499 1.639189 1.070654
v -0.729901 1.856357 0.931868
v -2.513101 2.143095 0.744062
v -2.610258 2.134112 0.699566
v -2.654047 2.087412 0.620226
v -2.647315 2.033316 0.546841
v -2.601477 1.988368 0.498824
v -2.511046 1.960852 0.490111
v -1.520668 1.810647 0.608331
v 0.609400 1.485888 0.857543
v 0.872366 1.446299 0.889804
v 0.964187 1.383881 0.854109
v 0.932875 1.325630 0.765628
v 0.870073 1.326033 0.742532
v 0.606962 1.367156 0.713725
v -1.523726 1.698457 0.479246
v -2.552579 1.858732 0.366232
v -2.709712 1.912516 0.388215
v -2.811464 2.012156 0.490789
v -2.828272 2.122288 0.638720
v -2.733242 2.205957 0.789962
v -2.559298 2.224412 0.874763
v 0.941967 3.180698 0.192838
v 1.203860 3.122083 0.235449
v 1.266265 3.101499 0.227780
v 1.295942 3.034913 0.147581
v 1.203299 3.011176 0.085602
v 0.937128 3.054064 0.059672
v -0.400279 3.266826 -0.076169
v -2.185041 3.549032 -0.260949
v -2.281833 3.539872 -0.305641
v -2.324271 3.493062 -0.385674
v -2.317673 3.438518 -0.459601
v -2.273142 3.392947 -0.507929
v -2.182952 3.365288 -0.516900
v -1.191304 3.218389 -0.401195
v 0.940025 2.898910 -0.155994
v 1.218629 2.860541 -0.124660
v 1.291069 2.814343 -0.172285
v 1.279584 2.761545 -0.261052
v 1.219600 2.768738 -0.288259
v 0.945751 2.816974 -0.322176
v -0.128922 4.523640 -0.772403
v 1.208064 4.317901 -0.622938
v 1.474112 4.277048 -0.593061
v 1.536188 4.257613 -0.601240
v 1.564641 4.189715 -0.678633
v 1.471230 4.157767 -0.733633
v 1.204823 4.199620 -0.758872
v -0.133400 4.408816 -0.892329
v -1.919427 4.687350 -1.074657
v -2.015921 4.678048 -1.119508
v -2.057266 4.631149 -1.200102
v -2.050778 4.576240 -1.274469
v -2.007307 4.530166 -1.323048
v -1.917310 4.502394 -1.332230
v -0.924633 4.358169 -1.218559
v 1.207717 4.042967 -0.976606
v 1.484104 4.003627 -0.944622
v 1.570478 3.962629 -0.993733
v 1.548592 3.910484 -1.082026
v 1.483281 3.909591 -1.103342
v 1.210973 3.951994 -1.133098
v -0.919836 4.282712 -1.367302
v -1.948459 4.442567 -1.480107
v -2.104724 4.496357 -1.458708
v -2.205473 4.595898 -1.357711
v -2.222113 4.705130 -1.211165
v -2.128001 4.787249 -1.060586
v -1.955094 4.804961 -0.976081
v 0.417165 2.512099 0.757321
v 0.412386 2.430347 0.807234
v 0.412694 2.409579 0.776674
v 0.417939 2.479849 0.705315
v 0.445761 2.655889 0.578705
v 0.497594 2.818512 0.461731
v 0.525170 2.887569 0.432535
v 0.525307 2.910414 0.460948
v 0.497498 2.853243 0.511118
v 0.445335 2.689413 0.629366
v 0.588416 2.677914 0.660826
v 0.547103 2.502692 0.787411
v 0.529256 2.421919 0.834997
v 0.529382 2.395582 0.797072
v 0.547879 2.459628 0.720284
v 0.588844 2.633602 0.595080
v 0.627606 2.798213 0.476614
v 0.642288 2.874875 0.451741
v 0.642698 2.903130 0.487526
v 0.627507 2.843708 0.541052
v 0.641253 0.302721 2.169885
v 0.691962 0.464212 2.060608
v 0.849180 1.139954 1.576512
v 0.965444 1.639528 1.218670
v 1.061205 2.051011 0.923922
v 1.102571 2.228763 0.796596
v 1.123752 2.319781 0.731398
v 1.164728 2.495859 0.605269
v 1.203499 2.662461 0.485928
v 1.220542 2.735701 0.433465
v 1.298142 3.069166 0.194591
v 1.450679 3.724661 -0.274971
v 1.567493 4.226659 -0.634582
v 1.637819 4.528884 -0.851088
v 1.663246 4.682789 -0.966479
v 1.602577 4.713362 -0.993484
v 1.320961 4.759872 -1.025630
v -0.014239 4.976352 -1.176238
v -1.830542 5.267418 -1.380273
v -1.974207 5.247326 -1.444987
v -2.040352 5.168276 -1.559702
v -2.027416 5.082200 -1.678489
v -1.956320 5.015429 -1.766654
v -1.825493 4.976591 -1.786582
v -0.804591 4.813385 -1.667306
v 1.323889 4.475869 -1.421560
v 1.603904 4.430692 -1.388241
v 1.666191 4.394923 -1.367822
v 1.641064 4.235760 -1.259273
v 1.570740 3.933415 -1.042967
v 1.452765 3.430617 -0.684889
v 1.290392 2.781644 -0.219805
v 1.210182 2.453823 0.026445
v 1.236277 2.465154 0.078730
v 1.280098 2.534273 0.186275
v 1.299389 2.652752 0.359979
v 1.232357 2.765694 0.506823
v 1.050632 2.830120 0.534980
v 0.837759 2.867955 0.504924
v 0.642422 2.889470 0.470927
v 0.525031 2.898754 0.447150
v 0.378559 2.853059 0.477476
v 0.275956 2.697444 0.589569
v 0.297024 2.511063 0.723741
v 0.412029 2.418199 0.793485
v 0.528898 2.407752 0.818425
v 0.722933 2.385865 0.853155
v 0.932947 2.345484 0.880609
v 1.114853 2.277032 0.846216
v 1.185544 2.163108 0.697510
v 1.166548 2.044175 0.526314
v 1.118720 1.980859 0.420248
v 1.088640 1.942266 0.392695
v 1.054083 1.758994 0.513644
v 0.965490 1.345914 0.808447
v 0.849233 0.846182 1.166014
v 0.692001 0.170075 1.649717
v 0.641305 0.014625 1.767351
v 0.564623 -0.006933 1.788978
v 0.285097 0.033487 1.758960
v -1.848088 0.350816 1.527521
v -2.869252 0.505424 1.418026
v -2.995292 0.550819 1.435410
v -3.064185 0.623644 1.515726
v -3.076950 0.709057 1.631023
v -3.012669 0.779391 1.744228
v -2.873771 0.794518 1.810336
v -1.056603 0.518654 2.010951
v 0.282206 0.317474 2.154532
v 0.564592 0.275322 2.183328
v 0.558152 0.057007 1.844338
v 0.288852 0.098001 1.815141
v -1.842816 0.421354 1.578416
v -2.844989 0.573437 1.467234
v -2.946232 0.602964 1.474525
v -2.996446 0.652152 1.527285
v -3.004933 0.713571 1.610261
v -2.957667 0.763175 1.694365
v -2.847900 0.770663 1.741259
v -1.051690 0.491859 1.933343
v 0.285951 0.285417 2.075913
v 0.558140 0.243741 2.105199
v 0.615057 0.258523 2.083817
v 0.656866 0.409740 1.965292
v 0.817020 1.096103 1.474692
v 0.932699 1.592152 1.120173
v 1.027987 2.000728 0.828163
v 1.069151 2.177223 0.702021
v 1.090229 2.267597 0.637429
v 1.131008 2.442429 0.512474
v 1.169592 2.607852 0.394242
v 1.186555 2.680573 0.342267
v 1.263792 3.011677 0.105614
v 1.415626 3.662529 -0.359581
v 1.531916 4.160970 -0.715848
v 1.601934 4.461052 -0.930340
v 1.633577 4.619786 -1.034655
v 1.589216 4.654272 -1.049665
v 1.316950 4.697065 -1.077120
v -0.020616 4.906302 -1.216459
v -1.817612 5.187126 -1.406783
v -1.927014 5.174170 -1.455074
v -1.971997 5.117060 -1.541142
v -1.963810 5.054901 -1.626514
v -1.915804 5.006715 -1.686753
v -1.814561 4.977317 -1.699334
v -0.811624 4.826586 -1.585325
v 1.319853 4.504594 -1.344971
v 1.598113 4.463530 -1.313385
v 1.651839 4.436603 -1.284791
v 1.620647 4.286450 -1.168034
v 1.550627 3.986688 -0.953097
v 1.434103 3.488602 -0.596411
v 1.281966 2.843368 -0.133720
v 1.202128 2.515287 0.103596
v 1.204458 2.513166 0.130751
v 1.223941 2.559251 0.201149
v 1.240381 2.655345 0.340423
v 1.197121 2.745433 0.464344
v 1.041822 2.798688 0.486994
v 0.837917 2.836937 0.460188
v 0.642552 2.865564 0.436369
v 0.525433 2.881635 0.421882
v 0.379922 2.838018 0.452678
v 0.277318 2.683457 0.563837
v 0.298798 2.498734 0.696619
v 0.413511 2.405866 0.764142
v 0.530200 2.388475 0.779796
v 0.724199 2.359088 0.804489
v 0.926880 2.320474 0.830475
v 1.082673 2.265270 0.806100
v 1.127302 2.173231 0.681533
v 1.106248 2.077911 0.542347
v 1.077889 2.036034 0.472754
v 1.063176 2.009862 0.467755
v 1.025381 1.832383 0.592250
v 0.932708 1.423840 0.885171
v 0.817027 0.928362 1.240492
v 0.656882 0.242767 1.732089
v 0.615080 0.081935 1.837115
v -1.985049 3.011121 0.311136
v -2.082387 2.595112 0.609516
v -2.182704 2.166370 0.917029
v -2.299303 1.668039 1.274454
v -2.458233 0.988805 1.761649
v -2.493130 0.834419 1.861307
v -2.502277 0.780781 1.869028
v -2.507903 0.738714 1.852658
v -2.507711 0.715752 1.818852
v -2.502128 0.716870 1.778408
v -2.493173 0.746606 1.739035
v -2.456918 0.900851 1.626916
v -2.294337 1.596503 1.129660
v -2.179414 2.088241 0.778171
v -2.084755 2.493271 0.488660
v -2.043865 2.668235 0.363598
v -2.022927 2.757826 0.299559
v -1.982421 2.931142 0.175675
v -1.944096 3.095132 0.058457
v -1.927247 3.167222 0.006927
v -1.850535 3.495461 -0.227694
v -1.699741 4.140685 -0.688892
v -1.584258 4.634819 -1.042094
v -1.514731 4.932312 -1.254738
v -1.479433 5.084646 -1.360881
v -1.470954 5.132460 -1.370707
v -1.464991 5.178979 -1.359610
v -1.462873 5.207674 -1.338655
v -1.465345 5.213430 -1.308277
v -1.472517 5.195925 -1.267931
v -1.508326 5.048575 -1.150215
v -1.578866 4.747093 -0.933979
v -1.696034 4.246333 -0.574812
v -1.851367 3.582459 -0.098653
v 0.356093 2.416217 0.740366
v 0.122434 2.229554 0.873982
v 0.027620 1.825352 1.163941
v -0.089002 1.326936 1.521457
v -0.247808 0.648252 2.008301
v -0.282666 0.493362 2.106900
v -0.291005 0.441719 2.110106
v -0.295252 0.403615 2.095262
v -0.295088 0.379691 2.060358
v -0.290883 0.373608 2.013867
v -0.282709 0.396827 1.972445
v -0.246762 0.548196 1.859089
v -0.085020 1.240314 1.364485
v 0.030326 1.733905 1.011757
v 0.125334 2.140462 0.721226
v 0.166375 2.316085 0.595723
v 0.187390 2.406013 0.531459
v 0.228046 2.579982 0.407138
v 0.266512 2.744590 0.289507
v 0.283422 2.816952 0.237796
v 0.360417 3.146428 0.002348
v 0.511767 3.794082 -0.460476
v 0.627676 4.290079 -0.814923
v 0.697459 4.588693 -1.028317
v 0.732888 4.742872 -1.133060
v 0.740149 4.787530 -1.136294
v 0.743799 4.825742 -1.115889
v 0.745430 4.854228 -1.090841
v 0.744336 4.867636 -1.062221
v 0.737947 4.854807 -1.022426
v 0.702133 4.708047 -0.903830
v 0.631578 4.406514 -0.687538
v 0.514387 3.905669 -0.328280
v 0.462819 2.872588 0.413057
v -2.299314 1.302069 0.763353
v -2.182713 1.801041 0.406809
v -2.082394 2.230334 0.100054
v -1.985055 2.646878 -0.197591
v -1.851372 3.218951 -0.606371
v -1.696037 3.883676 -1.081356
v -1.578867 4.385079 -1.439638
v -1.508326 4.686949 -1.655341
v -1.472517 4.845943 -1.756797
v -1.465287 4.890415 -1.759994
v -1.462762 4.918269 -1.743904
v -1.464885 4.929667 -1.708807
v -1.470888 4.925795 -1.659977
v -1.479406 4.901410 -1.617075
v -1.514706 4.751967 -1.506874
v -1.584236 4.454778 -1.293770
v -1.699726 3.961148 -0.939805
v -1.850529 3.316584 -0.477611
v -1.927245 2.988681 -0.242484
v -1.944094 2.916664 -0.190843
v -1.982422 2.752841 -0.073371
v -2.022930 2.579702 0.050780
v -2.043869 2.490203 0.114957
v -2.084762 2.315418 0.240289
v -2.179426 1.910802 0.530425
v -2.294355 1.419566 0.882673
v -2.456923 0.724708 1.380918
v -2.493173 0.568712 1.490549
v -2.502172 0.521141 1.505406
v -2.507808 0.473659 1.490001
v -2.508006 0.448199 1.456231
v -2.502328 0.453580 1.412442
v -2.493130 0.477981 1.363425
v -2.458235 0.621988 1.249292
v -0.143031 0.966764 1.000764
v -0.026408 1.465845 0.644169
v 0.068858 1.873533 0.352890
v 0.172394 2.316599 0.036300
v 0.308806 2.900353 -0.380811
v 0.460362 3.548933 -0.844210
v 0.577554 4.050446 -1.202543
v 0.648109 4.352381 -1.418278
v 0.683924 4.511983 -1.518937
v 0.690322 4.554002 -1.518050
v 0.691416 4.577080 -1.495698
v 0.689787 4.591980 -1.460161
v 0.686152 4.599453 -1.416886
v 0.678892 4.582240 -1.375332
v 0.643461 4.433398 -1.263115
v 0.573673 4.135130 -1.049192
v 0.457756 3.639710 -0.693867
v 0.306396 2.992807 -0.229896
v 0.229396 2.663715 0.006135
v 0.212484 2.591436 0.057975
v 0.174014 2.427019 0.175898
v 0.133357 2.253252 0.300527
v 0.112340 2.163427 0.364950
v 0.071296 1.988008 0.490764
v -0.023719 1.581925 0.782015
v -0.139074 1.088907 1.135617
v -0.300793 0.397729 1.631336
v -0.336732 0.241675 1.738080
v -0.344911 0.194711 1.746377
v -0.349115 0.152221 1.725013
v -0.349282 0.126523 1.690622
v -0.345035 0.124438 1.649336
v -0.336689 0.143967 1.601208
v -0.301833 0.287179 1.486311
v 0.368623 2.436111 0.800600
v 0.368261 2.424263 0.787275
v 0.369243 2.415943 0.771024
v 0.370067 2.412502 0.758876
v 0.343228 2.491475 0.696710
v 0.340038 2.672329 0.566696
v 0.423671 2.830055 0.453268
v 0.482864 2.887060 0.417606
v 0.482599 2.892730 0.427890
v 0.481734 2.903053 0.442405
v 0.482014 2.914421 0.455795
v 0.423574 2.863671 0.501089
v 0.339610 2.704725 0.615771
v 0.342448 2.522583 0.747110
v 0.440872 2.503808 -0.097704
v 0.336129 2.055584 0.222587
v 0.364365 3.263749 0.132199
v 0.226856 2.675060 0.554442
v -1.423388 2.493489 0.683188
v -1.523712 2.064723 0.990727
v -1.640319 1.566364 1.348182
v -1.799207 0.887314 1.835260
v -1.834092 0.732759 1.934564
v -1.842966 0.679800 1.940770
v -1.848130 0.639114 1.922167
v -1.847948 0.616463 1.888873
v -1.842826 0.615115 1.849151
v -1.834135 0.642028 1.808216
v -1.797983 0.795312 1.695683
v -1.635682 1.489781 1.199314
v -1.520618 1.982139 0.847411
v -1.425841 2.387679 0.557559
v -1.384901 2.562864 0.432349
v -1.363937 2.652568 0.368235
v -1.323382 2.826102 0.244205
v -1.285009 2.990299 0.126849
v -1.268140 3.062480 0.075258
v -1.191333 3.391132 -0.159640
v -1.040353 4.037169 -0.621382
v -0.924728 4.531927 -0.975000
v -0.855115 4.829795 -1.187896
v -0.819773 4.982746 -1.293570
v -0.811708 5.029478 -1.301160
v -0.806520 5.073218 -1.286950
v -0.804555 5.101881 -1.264655
v -0.806567 5.110197 -1.234866
v -0.813478 5.094245 -1.194704
v -0.849289 4.947092 -1.076693
v -0.919834 4.645593 -0.860439
v -1.037010 4.144804 -0.501241
v -1.192353 3.480893 -0.025041
v -1.326044 2.909522 0.384783
v -1.100148 0.357534 1.650564
v -1.064103 0.513568 1.542835
v -0.902095 1.206001 1.046255
v -0.786885 1.698411 0.693115
v -0.691990 2.103994 0.402244
v -0.650997 2.279196 0.276595
v -0.630007 2.368910 0.212255
v -0.589401 2.542463 0.087789
v -0.550979 2.706678 -0.029980
v -0.534089 2.778867 -0.081752
v -0.457186 3.107554 -0.317475
v -0.306015 3.753658 -0.780839
v -0.190244 4.248468 -1.135700
v -0.120544 4.546368 -1.349344
v -0.085158 4.695415 -1.460874
v -0.077478 4.715027 -1.502867
v -0.073036 4.711423 -1.548038
v -0.071227 4.697770 -1.583457
v -0.072809 4.673063 -1.603673
v -0.079493 4.630203 -1.603154
v -0.115305 4.470808 -1.502223
v -0.185856 4.168896 -1.286499
v -0.303040 3.667420 -0.928183
v -0.458395 3.002600 -0.453153
v -0.592095 2.430445 -0.044335
v -0.689447 2.013841 0.253339
v -0.789778 1.584486 0.560122
v -0.906394 1.085444 0.916700
v -1.065236 0.405688 1.402381
v -1.100106 0.262204 1.517018
v -1.108739 0.241024 1.565437
v -1.113475 0.240562 1.607577
v -1.113297 0.266161 1.641725
v -1.108604 0.310353 1.661057
v -3.022459 1.112561 1.134389
v -2.920283 1.013194 1.031043
v -2.762806 0.959583 1.008733
v -2.392830 0.901885 1.049301
v -1.733838 0.799313 1.121712
v -0.999886 0.685351 1.202569
v -0.236512 0.566720 1.286591
v 0.396863 0.468045 1.356118
v 0.659978 0.426930 1.384907
v 0.723182 0.426569 1.408247
v 0.756424 0.447159 1.451500
v 0.755255 0.486120 1.497263
v 0.723376 0.527348 1.528050
v 0.662732 0.550386 1.532460
v 0.399830 0.590230 1.499983
v -0.233179 0.686708 1.424079
v -0.996256 0.803553 1.334874
v -1.729967 0.916078 1.249844
v -2.388624 1.016638 1.171594
v -2.719878 1.066935 1.131064
v -2.810465 1.094340 1.139628
v -2.857099 1.139034 1.187348
v -2.863911 1.192862 1.260377
v -2.819300 1.239355 1.339378
v -2.721907 1.248246 1.383735
v -2.388609 1.193133 1.417988
v -1.729900 1.086630 1.487462
v -0.939256 0.960515 1.572113
v -0.179130 0.837600 1.652273
v 0.396926 0.742353 1.711480
v 0.662742 0.697900 1.738431
v 0.723365 0.694634 1.761639
v 0.755203 0.710388 1.810593
v 0.756374 0.741110 1.862225
v 0.723165 0.775468 1.895650
v 0.659976 0.797713 1.902835
v 0.393954 0.838652 1.872845
v -0.182484 0.927423 1.808037
v -0.942943 1.044687 1.722991
v -1.733825 1.166740 1.634825
v -2.392822 1.268359 1.561129
v -2.769557 1.326401 1.518849
v -2.943913 1.307480 1.434093
v -3.039334 1.222968 1.282833
vt 0.544927 0.506329
vt 0.819636 0.506348
vt 0.544451 0.921189
vt 0.819636 0.920260
vt 0.515943 0.506329
vt 0.515943 0.918036
vt 0.490595 0.506329
vt 0.490595 0.918057
vt 0.215364 0.506348
vt 0.213414 0.918545
vt 0.216679 0.065814
vt 0.544927 0.486296
vt 0.817872 0.486174
vt 0.834712 0.502913
vt 0.819613 0.075224
vt 0.819013 0.932702
vt 0.834348 0.917578
vt 0.544927 0.075762
vt 0.515943 0.075108
vt 0.515943 0.486296
vt 0.490595 0.076988
vt 0.490595 0.486296
vt 0.216418 0.077356
vt 0.200672 0.917102
vt 0.218697 0.486174
vt 0.200601 0.504837
vt 0.828087 0.918644
vt 0.822137 0.926575
vt 0.537969 0.929443
vt 0.553483 0.925660
vt 0.548615 0.070241
vt 0.515732 0.070589
vt 0.515732 0.927365
vt 0.487883 0.071348
vt 0.493970 0.925792
vt 0.206830 0.918499
vt 0.215192 0.070877
vt 0.207129 0.501766
vt 0.214814 0.495108
vt 0.490595 0.495584
vt 0.515943 0.495584
vt 0.544927 0.495584
vt 0.828087 0.499761
vt 0.820030 0.495108
vt 0.819348 0.912289
vt 0.544927 0.913906
vt 0.515943 0.912755
vt 0.490595 0.911592
vt 0.215018 0.911849
vt 0.206776 0.911687
vt 0.216454 0.081526
vt 0.199795 0.913233
vt 0.490595 0.083417
vt 0.515943 0.081330
vt 0.544927 0.082188
vt 0.819596 0.079163
vt 0.835270 0.913623
vt 0.828151 0.911710
vt 0.819348 0.511894
vt 0.544927 0.512352
vt 0.515943 0.512451
vt 0.490595 0.512384
vt 0.216531 0.512013
vt 0.207112 0.511442
vt 0.220131 0.482163
vt 0.199722 0.509676
vt 0.490595 0.479591
vt 0.515943 0.479591
vt 0.544927 0.479591
vt 0.817890 0.482163
vt 0.835650 0.509676
vt 0.828151 0.511004
vt 0.530136 0.913036
vt 0.530136 0.512421
vt 0.530136 0.506329
vt 0.530136 0.495584
vt 0.530136 0.486296
vt 0.530136 0.479591
vt 0.530136 0.081475
vt 0.530136 0.075181
vt 0.530151 0.925416
vt 0.533445 0.070060
vt 0.530136 0.917945
vt 0.503066 0.911995
vt 0.503066 0.512431
vt 0.503066 0.506329
vt 0.503066 0.495584
vt 0.503066 0.486296
vt 0.503066 0.479591
vt 0.503066 0.081779
vt 0.503066 0.075464
vt 0.503007 0.070069
vt 0.503007 0.924748
vt 0.503066 0.918474
vt 0.318476 0.911874
vt 0.320142 0.512113
vt 0.320142 0.506329
vt 0.320142 0.495584
vt 0.320142 0.486296
vt 0.320142 0.479591
vt 0.320142 0.084316
vt 0.320142 0.077871
vt 0.320142 0.070752
vt 0.319246 0.918734
vt 0.320596 0.065814
vt 0.724552 0.919865
vt 0.725423 0.926100
vt 0.723379 0.075745
vt 0.723369 0.082022
vt 0.723369 0.479591
vt 0.723369 0.486296
vt 0.723369 0.495584
vt 0.723369 0.506329
vt 0.723369 0.512121
vt 0.723951 0.912413
vt 0.727408 0.734341
vt 0.544927 0.735762
vt 0.530136 0.735931
vt 0.515943 0.736014
vt 0.503066 0.735860
vt 0.490595 0.735680
vt 0.314837 0.734172
vt 0.213535 0.734468
vt 0.215396 0.252040
vt 0.205276 0.735714
vt 0.215067 0.257479
vt 0.216044 0.261651
vt 0.199629 0.736091
vt 0.320142 0.262570
vt 0.490595 0.260027
vt 0.503066 0.257603
vt 0.515943 0.257060
vt 0.530136 0.257304
vt 0.544927 0.258802
vt 0.723369 0.260242
vt 0.818837 0.259337
vt 0.835439 0.732728
vt 0.828152 0.730390
vt 0.819348 0.731357
vt 0.812448 0.075241
vt 0.812448 0.932653
vt 0.809075 0.081783
vt 0.808980 0.260542
vt 0.808864 0.479591
vt 0.808885 0.486296
vt 0.809109 0.495584
vt 0.809075 0.506329
vt 0.809081 0.512061
vt 0.809235 0.731629
vt 0.809100 0.912131
vt 0.809182 0.919948
vt 0.809505 0.926580
vt 0.227238 0.070906
vt 0.224274 0.065814
vt 0.224274 0.918425
vt 0.227061 0.911598
vt 0.226760 0.732160
vt 0.227337 0.512045
vt 0.227256 0.506329
vt 0.227198 0.495584
vt 0.227642 0.486296
vt 0.227821 0.479591
vt 0.227398 0.262887
vt 0.227387 0.084111
vt 0.227368 0.077467
vt 0.723369 0.607774
vt 0.544927 0.608725
vt 0.530136 0.608922
vt 0.515943 0.609020
vt 0.503066 0.608905
vt 0.490595 0.608744
vt 0.320142 0.607669
vt 0.227311 0.607062
vt 0.216344 0.606575
vt 0.207063 0.605205
vt 0.219709 0.386271
vt 0.199814 0.607323
vt 0.227792 0.385543
vt 0.320142 0.384961
vt 0.490595 0.381798
vt 0.503066 0.379230
vt 0.515943 0.378708
vt 0.530136 0.378973
vt 0.544927 0.380728
vt 0.723369 0.382909
vt 0.808915 0.383479
vt 0.818312 0.383908
vt 0.835556 0.607658
vt 0.828152 0.605482
vt 0.819348 0.606845
vt 0.809081 0.607302
vt 0.723644 0.854280
vt 0.544927 0.854852
vt 0.530136 0.854968
vt 0.515943 0.854978
vt 0.503066 0.854699
vt 0.490595 0.854406
vt 0.318596 0.853941
vt 0.227115 0.853735
vt 0.215232 0.854401
vt 0.206805 0.854651
vt 0.216691 0.137796
vt 0.199743 0.857952
vt 0.227417 0.141580
vt 0.320142 0.141592
vt 0.490595 0.140166
vt 0.503066 0.138272
vt 0.515943 0.137787
vt 0.530136 0.137968
vt 0.544927 0.138939
vt 0.723369 0.139282
vt 0.809044 0.139217
vt 0.819359 0.135431
vt 0.835323 0.857129
vt 0.828151 0.853415
vt 0.819348 0.854028
vt 0.809063 0.853944
vt 0.227669 0.304960
vt 0.320142 0.304481
vt 0.490595 0.301552
vt 0.503066 0.298944
vt 0.515943 0.298382
vt 0.530136 0.298647
vt 0.544927 0.300328
vt 0.723369 0.302147
vt 0.808958 0.302574
vt 0.818649 0.303887
vt 0.835481 0.687999
vt 0.828152 0.687768
vt 0.819348 0.688860
vt 0.809069 0.688987
vt 0.727430 0.689462
vt 0.544927 0.690205
vt 0.530136 0.690374
vt 0.515943 0.690459
vt 0.503066 0.690322
vt 0.490595 0.690158
vt 0.315973 0.689226
vt 0.226988 0.688377
vt 0.215788 0.686839
vt 0.218861 0.314748
vt 0.219069 0.311836
vt 0.205575 0.684614
vt 0.218475 0.306531
vt 0.199887 0.685938
vt 0.212492 0.255209
vt 0.202467 0.732187
vt 0.212586 0.258866
vt 0.215778 0.311219
vt 0.216747 0.314822
vt 0.202522 0.688701
vt 0.214758 0.305333
vt 0.213688 0.263884
vt 0.205373 0.255242
vt 0.186618 0.732116
vt 0.204488 0.258741
vt 0.205550 0.311252
vt 0.206313 0.314512
vt 0.186650 0.688758
vt 0.204897 0.305764
vt 0.204726 0.264348
vt 0.190301 0.255567
vt 0.168240 0.730962
vt 0.191295 0.258496
vt 0.190995 0.310462
vt 0.189733 0.313280
vt 0.169037 0.689876
vt 0.190753 0.305990
vt 0.191420 0.264290
vt 0.182919 0.254539
vt 0.154261 0.730138
vt 0.182077 0.258388
vt 0.181982 0.310202
vt 0.183227 0.314144
vt 0.154206 0.688872
vt 0.181976 0.306074
vt 0.182392 0.264031
vt 0.167230 0.254063
vt 0.136017 0.732449
vt 0.167359 0.257741
vt 0.166997 0.310231
vt 0.166813 0.313522
vt 0.136182 0.688474
vt 0.167051 0.305611
vt 0.167395 0.263168
vt 0.099242 0.732827
vt 0.130768 0.257147
vt 0.096289 0.732865
vt 0.130729 0.259494
vt 0.095240 0.687609
vt 0.130461 0.308506
vt 0.098858 0.687228
vt 0.130506 0.310657
vt 0.093087 0.688309
vt 0.130415 0.306695
vt 0.094577 0.733071
vt 0.130784 0.261597
vt 0.136244 0.719646
vt 0.091968 0.719862
vt 0.088212 0.719873
vt 0.085270 0.720799
vt 0.121093 0.273867
vt 0.167269 0.275184
vt 0.182279 0.275950
vt 0.191475 0.276062
vt 0.204948 0.275857
vt 0.214896 0.275073
vt 0.219323 0.274534
vt 0.227715 0.274374
vt 0.320142 0.273999
vt 0.490595 0.271351
vt 0.503066 0.268876
vt 0.515943 0.268329
vt 0.530136 0.268578
vt 0.544927 0.270126
vt 0.723369 0.271669
vt 0.808974 0.272004
vt 0.818787 0.271106
vt 0.835450 0.720912
vt 0.828152 0.718767
vt 0.819348 0.719773
vt 0.809032 0.719967
vt 0.227005 0.719959
vt 0.213587 0.720095
vt 0.202038 0.719826
vt 0.186554 0.719662
vt 0.169082 0.719234
vt 0.153547 0.718683
vt 0.136289 0.702444
vt 0.091976 0.702045
vt 0.088073 0.702070
vt 0.084898 0.701361
vt 0.120925 0.293114
vt 0.167127 0.292864
vt 0.182151 0.293482
vt 0.191370 0.293455
vt 0.204966 0.293206
vt 0.215048 0.292506
vt 0.219584 0.292063
vt 0.227756 0.291958
vt 0.320142 0.291541
vt 0.490595 0.288731
vt 0.503066 0.286180
vt 0.515943 0.285624
vt 0.530136 0.285882
vt 0.544927 0.287507
vt 0.723369 0.289209
vt 0.808965 0.289596
vt 0.818706 0.290354
vt 0.835468 0.701586
vt 0.828152 0.700928
vt 0.819348 0.701989
vt 0.808997 0.702224
vt 0.227045 0.702134
vt 0.213810 0.702197
vt 0.202095 0.702526
vt 0.186617 0.702670
vt 0.169324 0.702780
vt 0.153570 0.702158
vt 0.215009 0.745268
vt 0.206566 0.745546
vt 0.216613 0.258987
vt 0.199631 0.738786
vt 0.227402 0.252429
vt 0.320142 0.252205
vt 0.490595 0.249759
vt 0.503066 0.247380
vt 0.515943 0.246842
vt 0.530136 0.247080
vt 0.544927 0.248533
vt 0.723369 0.249879
vt 0.808986 0.250148
vt 0.818845 0.257471
vt 0.835437 0.734601
vt 0.828152 0.740929
vt 0.819348 0.741864
vt 0.809047 0.742634
vt 0.227065 0.744956
vt 0.216013 0.679293
vt 0.206816 0.678019
vt 0.219386 0.309661
vt 0.199884 0.682585
vt 0.227740 0.312896
vt 0.320142 0.312416
vt 0.490595 0.309414
vt 0.503066 0.306771
vt 0.515943 0.306205
vt 0.530136 0.306474
vt 0.544927 0.308190
vt 0.723369 0.310081
vt 0.808954 0.310532
vt 0.818635 0.307299
vt 0.835484 0.684573
vt 0.828152 0.679699
vt 0.819348 0.680773
vt 0.809081 0.680231
vt 0.227214 0.678370
vt 0.565630 0.854859
vt 0.565630 0.735739
vt 0.565630 0.690168
vt 0.565630 0.608614
vt 0.565630 0.512286
vt 0.565630 0.506329
vt 0.565630 0.495584
vt 0.565630 0.486296
vt 0.565630 0.479591
vt 0.565630 0.381894
vt 0.565630 0.309197
vt 0.565630 0.301296
vt 0.565630 0.288412
vt 0.565630 0.270945
vt 0.565630 0.259565
vt 0.565630 0.249246
vt 0.565630 0.139109
vt 0.565630 0.082085
vt 0.565630 0.075701
vt 0.562557 0.070397
vt 0.562557 0.925701
vt 0.565630 0.920418
vt 0.565630 0.913668
vt 0.473548 0.077897
vt 0.473232 0.071405
vt 0.473548 0.918294
vt 0.473548 0.911752
vt 0.473548 0.854297
vt 0.473548 0.735628
vt 0.473548 0.690105
vt 0.473548 0.608642
vt 0.473548 0.512322
vt 0.473548 0.506329
vt 0.473548 0.495584
vt 0.473548 0.486296
vt 0.473548 0.479591
vt 0.473548 0.383828
vt 0.473548 0.311409
vt 0.473548 0.303508
vt 0.473548 0.290624
vt 0.473548 0.273157
vt 0.473548 0.261778
vt 0.473548 0.251458
vt 0.473548 0.141324
vt 0.473548 0.084301
vt 0.565630 0.564632
vt 0.723369 0.563474
vt 0.809081 0.562974
vt 0.819348 0.562414
vt 0.828152 0.560924
vt 0.818118 0.427936
vt 0.835600 0.561393
vt 0.808892 0.426127
vt 0.723369 0.426043
vt 0.565630 0.425895
vt 0.544927 0.425724
vt 0.530136 0.425470
vt 0.515943 0.425432
vt 0.503066 0.425507
vt 0.490595 0.425877
vt 0.473548 0.426171
vt 0.320142 0.426337
vt 0.227816 0.426422
vt 0.219903 0.427936
vt 0.199771 0.562051
vt 0.207062 0.561607
vt 0.216454 0.562635
vt 0.227329 0.562815
vt 0.320142 0.563396
vt 0.473548 0.564763
vt 0.490595 0.564992
vt 0.503066 0.565215
vt 0.515943 0.565341
vt 0.530136 0.565199
vt 0.544927 0.564890
vt 0.565630 0.653779
vt 0.723369 0.653060
vt 0.809081 0.652172
vt 0.819348 0.651961
vt 0.828152 0.650756
vt 0.818510 0.336981
vt 0.835512 0.654773
vt 0.808939 0.339074
vt 0.723369 0.338538
vt 0.565630 0.337535
vt 0.544927 0.336389
vt 0.530136 0.334549
vt 0.515943 0.334265
vt 0.503066 0.334844
vt 0.490595 0.337612
vt 0.473548 0.339746
vt 0.320142 0.340877
vt 0.227769 0.341434
vt 0.219511 0.339343
vt 0.199857 0.653426
vt 0.207051 0.649533
vt 0.216209 0.651103
vt 0.227289 0.651567
vt 0.320142 0.652922
vt 0.473548 0.653752
vt 0.490595 0.653814
vt 0.503066 0.653968
vt 0.515943 0.654094
vt 0.530136 0.654007
vt 0.544927 0.653835
vt 0.565630 0.796088
vt 0.723447 0.795808
vt 0.809033 0.795687
vt 0.819348 0.795553
vt 0.828151 0.794778
vt 0.819099 0.197253
vt 0.835381 0.795060
vt 0.809014 0.197043
vt 0.723369 0.196935
vt 0.565630 0.196522
vt 0.544927 0.196069
vt 0.530136 0.194846
vt 0.515943 0.194636
vt 0.503066 0.195148
vt 0.490595 0.197295
vt 0.473548 0.198735
vt 0.320142 0.199253
vt 0.227438 0.199393
vt 0.216951 0.199620
vt 0.199686 0.797217
vt 0.206944 0.797451
vt 0.215295 0.796905
vt 0.227143 0.796030
vt 0.318719 0.795551
vt 0.473548 0.795856
vt 0.490595 0.795926
vt 0.503066 0.796140
vt 0.515943 0.796333
vt 0.530136 0.796261
vt 0.544927 0.796095
vt 0.565630 0.890059
vt 0.723771 0.889120
vt 0.809081 0.888789
vt 0.819348 0.888940
vt 0.828151 0.888422
vt 0.819493 0.103791
vt 0.835293 0.888896
vt 0.809062 0.104693
vt 0.723369 0.104863
vt 0.565630 0.104833
vt 0.544927 0.104831
vt 0.530136 0.104010
vt 0.515943 0.103847
vt 0.503066 0.104316
vt 0.490595 0.106059
vt 0.473548 0.107048
vt 0.320142 0.107168
vt 0.227399 0.107057
vt 0.216558 0.106155
vt 0.199772 0.889037
vt 0.206775 0.888899
vt 0.215165 0.888909
vt 0.227091 0.888486
vt 0.318524 0.888734
vt 0.473548 0.888920
vt 0.490595 0.889021
vt 0.503066 0.889422
vt 0.515943 0.889906
vt 0.530136 0.890034
vt 0.544927 0.890107
vt 0.107404 0.702248
vt 0.106485 0.687995
vt 0.137183 0.310932
vt 0.138647 0.308839
vt 0.138565 0.305191
vt 0.138248 0.292530
vt 0.138302 0.274854
vt 0.138468 0.263011
vt 0.138203 0.259115
vt 0.136544 0.256866
vt 0.106066 0.732528
vt 0.107254 0.719826
vt 0.121252 0.719845
vt 0.121365 0.702374
vt 0.152254 0.313167
vt 0.121696 0.688183
vt 0.152135 0.309901
vt 0.152164 0.305405
vt 0.152210 0.292656
vt 0.152315 0.274960
vt 0.152341 0.263000
vt 0.152266 0.257956
vt 0.152413 0.254426
vt 0.121364 0.732520
vt 0.824523 0.500464
vt 0.819288 0.502870
vt 0.824358 0.511187
vt 0.824358 0.561197
vt 0.824358 0.605757
vt 0.824358 0.651039
vt 0.824358 0.679987
vt 0.824358 0.688058
vt 0.824358 0.701221
vt 0.824358 0.719063
vt 0.824358 0.730688
vt 0.824358 0.741230
vt 0.824358 0.795090
vt 0.824358 0.853741
vt 0.824358 0.888757
vt 0.824358 0.912092
vt 0.824523 0.919385
vt 0.821438 0.923799
vt 0.809428 0.923696
vt 0.724870 0.922871
vt 0.565771 0.923389
vt 0.544451 0.927984
vt 0.544451 0.924325
vt 0.530035 0.922972
vt 0.515943 0.923239
vt 0.503116 0.921812
vt 0.490754 0.922428
vt 0.487768 0.067852
vt 0.477228 0.921283
vt 0.477228 0.067821
vt 0.321426 0.067959
vt 0.319242 0.921227
vt 0.227280 0.068137
vt 0.209576 0.919232
vt 0.215501 0.068091
vt 0.210668 0.911976
vt 0.210822 0.889125
vt 0.210865 0.854823
vt 0.210968 0.797536
vt 0.210719 0.745531
vt 0.210082 0.735548
vt 0.215038 0.255577
vt 0.212023 0.256674
vt 0.204395 0.256684
vt 0.191279 0.256646
vt 0.181988 0.256194
vt 0.167394 0.255687
vt 0.152320 0.256081
vt 0.138242 0.257677
vt 0.097839 0.732680
vt 0.130550 0.258087
vt 0.089679 0.719860
vt 0.089596 0.702039
vt 0.096798 0.687326
vt 0.130345 0.309786
vt 0.138623 0.310185
vt 0.152106 0.311654
vt 0.166967 0.312128
vt 0.181977 0.312260
vt 0.190992 0.312174
vt 0.205564 0.313103
vt 0.215795 0.313539
vt 0.218542 0.313734
vt 0.210361 0.684627
vt 0.211143 0.678294
vt 0.211333 0.649856
vt 0.211380 0.605479
vt 0.211415 0.561820
vt 0.211587 0.511678
vt 0.212867 0.503713
vt 0.214995 0.502870
vt 0.227206 0.502334
vt 0.320142 0.502334
vt 0.473548 0.502334
vt 0.490595 0.502334
vt 0.503066 0.502334
vt 0.515943 0.502334
vt 0.530136 0.502334
vt 0.544927 0.502334
vt 0.565630 0.502334
vt 0.723369 0.502334
vt 0.809054 0.502334
vt 0.203987 0.502590
vt 0.215754 0.491156
vt 0.227329 0.491028
vt 0.320142 0.491028
vt 0.473548 0.491028
vt 0.490595 0.491028
vt 0.503066 0.491028
vt 0.515943 0.491028
vt 0.530136 0.491028
vt 0.544927 0.491028
vt 0.565630 0.491028
vt 0.723369 0.491028
vt 0.809038 0.491028
vt 0.832126 0.500609
vt 0.819410 0.491156
vt 0.832048 0.511197
vt 0.832056 0.562025
vt 0.832051 0.606452
vt 0.832046 0.651515
vt 0.832042 0.680322
vt 0.832041 0.688353
vt 0.832040 0.701451
vt 0.832038 0.719206
vt 0.832036 0.730774
vt 0.832035 0.741265
vt 0.832029 0.794860
vt 0.832022 0.853222
vt 0.832018 0.888065
vt 0.832001 0.911264
vt 0.832126 0.918488
vt 0.821060 0.929759
vt 0.809363 0.929637
vt 0.726775 0.929087
vt 0.724299 0.073406
vt 0.565684 0.072624
vt 0.535863 0.931865
vt 0.544451 0.072349
vt 0.526570 0.928153
vt 0.530151 0.072164
vt 0.515995 0.072450
vt 0.503007 0.072233
vt 0.503007 0.927538
vt 0.490754 0.073540
vt 0.495189 0.928790
vt 0.473503 0.074570
vt 0.320142 0.074542
vt 0.227279 0.074135
vt 0.203712 0.918267
vt 0.215536 0.074040
vt 0.202738 0.911122
vt 0.202586 0.888415
vt 0.202583 0.854324
vt 0.202625 0.797361
vt 0.202448 0.745647
vt 0.201871 0.736467
vt 0.215431 0.258851
vt 0.213026 0.260865
vt 0.204564 0.261090
vt 0.191345 0.260838
vt 0.182330 0.260635
vt 0.167438 0.259847
vt 0.152317 0.259856
vt 0.138272 0.260348
vt 0.095215 0.732744
vt 0.130726 0.260469
vt 0.087088 0.719869
vt 0.086712 0.702099
vt 0.093732 0.687782
vt 0.130455 0.307416
vt 0.138639 0.307600
vt 0.152129 0.308051
vt 0.167002 0.308407
vt 0.181980 0.308624
vt 0.190958 0.308651
vt 0.205380 0.308813
vt 0.215296 0.308541
vt 0.218757 0.309095
vt 0.201792 0.684957
vt 0.202618 0.678537
vt 0.202705 0.650259
vt 0.202681 0.606148
vt 0.202654 0.562678
vt 0.202794 0.511610
vt 0.607108 0.690096
vt 0.607108 0.653658
vt 0.607108 0.608386
vt 0.607108 0.564229
vt 0.607108 0.512220
vt 0.607108 0.506329
vt 0.607108 0.502334
vt 0.607108 0.495584
vt 0.607108 0.491028
vt 0.607108 0.486296
vt 0.607108 0.479591
vt 0.607108 0.425953
vt 0.607108 0.382290
vt 0.607108 0.337913
vt 0.607108 0.309519
vt 0.607108 0.301603
vt 0.607108 0.288693
vt 0.607108 0.271192
vt 0.607108 0.259790
vt 0.607108 0.249450
vt 0.607108 0.196622
vt 0.607108 0.139096
vt 0.607108 0.104752
vt 0.607108 0.081961
vt 0.607108 0.075623
vt 0.605245 0.072757
vt 0.607989 0.928718
vt 0.604528 0.071046
vt 0.605245 0.925894
vt 0.607108 0.922974
vt 0.607108 0.919739
vt 0.607108 0.913036
vt 0.607108 0.889759
vt 0.607108 0.854766
vt 0.607108 0.796059
vt 0.607108 0.735701
vt 0.776173 0.701161
vt 0.784274 0.688947
vt 0.776666 0.678360
vt 0.775834 0.651987
vt 0.775834 0.607513
vt 0.775834 0.563200
vt 0.775834 0.512088
vt 0.775834 0.506329
vt 0.775834 0.502334
vt 0.775834 0.495584
vt 0.775834 0.491028
vt 0.775834 0.486296
vt 0.775834 0.479591
vt 0.775834 0.426092
vt 0.775834 0.383237
vt 0.775834 0.338851
vt 0.775834 0.310349
vt 0.775834 0.302402
vt 0.775834 0.289443
vt 0.775834 0.271875
vt 0.775834 0.260430
vt 0.775834 0.250050
vt 0.775834 0.197020
vt 0.775834 0.139275
vt 0.775834 0.104800
vt 0.775834 0.081922
vt 0.778321 0.075415
vt 0.778979 0.932285
vt 0.779294 0.929399
vt 0.778936 0.073723
vt 0.776990 0.926391
vt 0.776894 0.923530
vt 0.776459 0.919969
vt 0.776041 0.912219
vt 0.775902 0.888893
vt 0.775775 0.854058
vt 0.775569 0.796308
vt 0.776462 0.745517
vt 0.784961 0.732050
vt 0.776375 0.721131
vt 0.432297 0.564295
vt 0.432297 0.608378
vt 0.432297 0.653594
vt 0.432297 0.689989
vt 0.432297 0.735532
vt 0.432297 0.795753
vt 0.432297 0.854195
vt 0.432297 0.888916
vt 0.432297 0.911975
vt 0.432297 0.918582
vt 0.434258 0.921471
vt 0.434258 0.067885
vt 0.432297 0.071510
vt 0.432297 0.074412
vt 0.432297 0.077851
vt 0.432297 0.084287
vt 0.432297 0.107082
vt 0.432297 0.141431
vt 0.432297 0.198965
vt 0.432297 0.251801
vt 0.432297 0.262143
vt 0.432297 0.273547
vt 0.432297 0.291051
vt 0.432297 0.303963
vt 0.432297 0.311881
vt 0.432297 0.340279
vt 0.432297 0.384365
vt 0.432297 0.426250
vt 0.432297 0.479591
vt 0.432297 0.486296
vt 0.432297 0.491028
vt 0.432297 0.495584
vt 0.432297 0.502334
vt 0.432297 0.506329
vt 0.432297 0.512238
vt 0.260950 0.563018
vt 0.260950 0.607313
vt 0.260950 0.651835
vt 0.259669 0.678611
vt 0.250308 0.688854
vt 0.259770 0.700995
vt 0.259618 0.720980
vt 0.250274 0.731658
vt 0.259549 0.744417
vt 0.260719 0.795943
vt 0.260583 0.853758
vt 0.260492 0.888551
vt 0.260429 0.911693
vt 0.256984 0.065814
vt 0.256627 0.918557
vt 0.260937 0.068080
vt 0.260950 0.070882
vt 0.260950 0.074607
vt 0.260950 0.077583
vt 0.260950 0.084225
vt 0.260950 0.107153
vt 0.260950 0.141629
vt 0.260950 0.199375
vt 0.260950 0.252406
vt 0.260950 0.262785
vt 0.260950 0.274231
vt 0.260950 0.291799
vt 0.260950 0.304759
vt 0.260950 0.312706
vt 0.260950 0.341208
vt 0.260950 0.385300
vt 0.260950 0.426386
vt 0.260950 0.479591
vt 0.260950 0.486296
vt 0.260950 0.491028
vt 0.260950 0.495584
vt 0.260950 0.502334
vt 0.260950 0.506329
vt 0.260950 0.512065
vt 0.103723 0.687953
vt 0.134248 0.310817
vt 0.134051 0.309861
vt 0.134098 0.308612
vt 0.134138 0.307504
vt 0.133638 0.305130
vt 0.130567 0.292469
vt 0.130656 0.274799
vt 0.133694 0.263004
vt 0.134029 0.260452
vt 0.133975 0.259359
vt 0.133954 0.258021
vt 0.134134 0.256983
vt 0.103376 0.732552
vt 0.099595 0.719814
vt 0.099716 0.702168
vt 0.663320 0.689956
vt 0.663320 0.653452
vt 0.663320 0.608087
vt 0.663320 0.563828
vt 0.663320 0.512165
vt 0.663320 0.506329
vt 0.663320 0.502334
vt 0.663320 0.495584
vt 0.663320 0.491028
vt 0.663320 0.486296
vt 0.663320 0.479591
vt 0.663320 0.425996
vt 0.663320 0.382584
vt 0.663320 0.338211
vt 0.663320 0.309789
vt 0.663320 0.301864
vt 0.663320 0.288941
vt 0.663320 0.271422
vt 0.663320 0.260009
vt 0.663320 0.249658
vt 0.663320 0.196776
vt 0.663320 0.139192
vt 0.663320 0.104813
vt 0.663320 0.082000
vt 0.663320 0.075690
vt 0.662836 0.928880
vt 0.662836 0.073065
vt 0.663682 0.925963
vt 0.663547 0.922773
vt 0.663505 0.919426
vt 0.663414 0.912610
vt 0.663387 0.889418
vt 0.663369 0.854541
vt 0.663341 0.795913
vt 0.663320 0.735550
vt 0.376160 0.486296
vt 0.376160 0.479591
vt 0.376160 0.426294
vt 0.376160 0.384667
vt 0.376160 0.340581
vt 0.376160 0.312150
vt 0.376160 0.304223
vt 0.376160 0.291296
vt 0.376160 0.273773
vt 0.376160 0.262355
vt 0.376160 0.252002
vt 0.376160 0.199105
vt 0.376160 0.141505
vt 0.376160 0.107116
vt 0.376160 0.084296
vt 0.376160 0.077869
vt 0.376160 0.074388
vt 0.376160 0.070786
vt 0.375600 0.921386
vt 0.375600 0.067925
vt 0.375888 0.918602
vt 0.375890 0.911981
vt 0.375896 0.888855
vt 0.375906 0.854079
vt 0.375923 0.795611
vt 0.375967 0.735372
vt 0.376133 0.689792
vt 0.376160 0.653339
vt 0.376160 0.608018
vt 0.376160 0.563803
vt 0.376160 0.512167
vt 0.376160 0.506329
vt 0.376160 0.502334
vt 0.376160 0.495584
vt 0.376160 0.491028
vt 0.515943 0.535501
vt 0.503066 0.535368
vt 0.490595 0.535056
vt 0.473548 0.534662
vt 0.432297 0.534098
vt 0.376160 0.533606
vt 0.320142 0.533234
vt 0.260950 0.532900
vt 0.227341 0.532752
vt 0.216531 0.532784
vt 0.211442 0.532335
vt 0.207062 0.532162
vt 0.202639 0.532820
vt 0.220027 0.457572
vt 0.199744 0.533062
vt 0.227832 0.456941
vt 0.260950 0.456942
vt 0.320142 0.456942
vt 0.376160 0.456941
vt 0.432297 0.456942
vt 0.473548 0.456942
vt 0.490595 0.456942
vt 0.503066 0.456942
vt 0.515943 0.456942
vt 0.530136 0.456942
vt 0.544927 0.456942
vt 0.565630 0.456942
vt 0.607108 0.456942
vt 0.663320 0.456942
vt 0.723369 0.456942
vt 0.775834 0.456942
vt 0.808876 0.456942
vt 0.817993 0.457572
vt 0.835627 0.531761
vt 0.832060 0.531738
vt 0.828152 0.531062
vt 0.824358 0.531320
vt 0.819348 0.532344
vt 0.809081 0.532869
vt 0.775834 0.533059
vt 0.723369 0.533289
vt 0.663320 0.533602
vt 0.607108 0.533980
vt 0.565630 0.534427
vt 0.544927 0.534855
vt 0.530136 0.535305
vt 0.693568 0.484169
vt 0.537301 0.484169
vt 0.509369 0.484169
vt 0.483991 0.484169
vt 0.693568 0.508012
vt 0.537301 0.508012
vt 0.509369 0.508012
vt 0.483991 0.508012
vt 0.693568 0.504609
vt 0.822079 0.506541
vt 0.694390 0.921280
vt 0.537301 0.922091
vt 0.537301 0.504609
vt 0.509369 0.920444
vt 0.509369 0.504609
vt 0.483991 0.919999
vt 0.213953 0.507353
vt 0.483991 0.504609
vt 0.694863 0.927530
vt 0.532638 0.928720
vt 0.509369 0.071328
vt 0.483273 0.072772
vt 0.205150 0.505927
vt 0.483991 0.493132
vt 0.509369 0.493132
vt 0.537301 0.493132
vt 0.693568 0.493132
vt 0.830109 0.504930
vt 0.694125 0.917436
vt 0.537301 0.917651
vt 0.509369 0.916615
vt 0.483991 0.916157
vt 0.212042 0.916677
vt 0.204932 0.916140
vt 0.483991 0.079468
vt 0.509369 0.076954
vt 0.537301 0.077348
vt 0.693568 0.077485
vt 0.830108 0.916294
vt 0.822079 0.917266
vt 0.693568 0.584628
vt 0.537301 0.585758
vt 0.509369 0.585953
vt 0.483991 0.585629
vt 0.213643 0.582977
vt 0.204763 0.582666
vt 0.483991 0.405568
vt 0.509369 0.403139
vt 0.537301 0.403720
vt 0.693568 0.405450
vt 0.830110 0.582448
vt 0.822079 0.582870
vt 0.522941 0.585960
vt 0.522941 0.508012
vt 0.522941 0.504609
vt 0.522941 0.493132
vt 0.522941 0.484169
vt 0.522941 0.403092
vt 0.522941 0.076856
vt 0.523765 0.071308
vt 0.522941 0.920194
vt 0.522941 0.916454
vt 0.496880 0.585780
vt 0.496880 0.508012
vt 0.496880 0.504609
vt 0.496880 0.493132
vt 0.496880 0.484169
vt 0.496880 0.404070
vt 0.496880 0.078053
vt 0.498793 0.926717
vt 0.496880 0.920107
vt 0.496880 0.916283
vt 0.240629 0.583882
vt 0.240629 0.508012
vt 0.240629 0.504609
vt 0.240629 0.493132
vt 0.240629 0.484169
vt 0.240629 0.407002
vt 0.240629 0.079470
vt 0.240629 0.072636
vt 0.240629 0.066932
vt 0.240454 0.916333
vt 0.795826 0.921999
vt 0.795909 0.927998
vt 0.795385 0.077295
vt 0.795385 0.405822
vt 0.795385 0.484169
vt 0.795385 0.493132
vt 0.795385 0.504609
vt 0.795385 0.508012
vt 0.795385 0.584093
vt 0.795552 0.917381
vt 0.693602 0.764485
vt 0.537301 0.764897
vt 0.522941 0.765056
vt 0.509369 0.765006
vt 0.496880 0.764794
vt 0.483991 0.764672
vt 0.239922 0.735738
vt 0.212184 0.736798
vt 0.204028 0.737343
vt 0.240629 0.260688
vt 0.483991 0.258924
vt 0.496880 0.256578
vt 0.509369 0.255015
vt 0.522941 0.254916
vt 0.537301 0.255875
vt 0.693568 0.257965
vt 0.795385 0.258327
vt 0.830110 0.732710
vt 0.822079 0.733237
vt 0.795697 0.735443
vt 0.816027 0.077202
vt 0.815645 0.258393
vt 0.815332 0.405910
vt 0.815165 0.484169
vt 0.816084 0.493132
vt 0.815955 0.504609
vt 0.816042 0.508012
vt 0.816042 0.583795
vt 0.816042 0.733674
vt 0.816042 0.917426
vt 0.816493 0.922017
vt 0.817023 0.928143
vt 0.220182 0.066950
vt 0.219064 0.916375
vt 0.219070 0.736068
vt 0.220103 0.583679
vt 0.220022 0.508012
vt 0.219727 0.504609
vt 0.219779 0.493132
vt 0.221844 0.484169
vt 0.222040 0.407091
vt 0.220301 0.260532
vt 0.220355 0.079442
vt 0.219819 0.072452
vt 0.693568 0.671787
vt 0.537301 0.672235
vt 0.522941 0.672391
vt 0.509369 0.672363
vt 0.496880 0.672192
vt 0.483991 0.672091
vt 0.240629 0.667253
vt 0.219901 0.667806
vt 0.213404 0.667378
vt 0.204756 0.666708
vt 0.221861 0.324484
vt 0.240629 0.324361
vt 0.483991 0.322037
vt 0.496880 0.319360
vt 0.509369 0.317646
vt 0.522941 0.317549
vt 0.537301 0.318660
vt 0.693568 0.321445
vt 0.795385 0.322001
vt 0.815510 0.322123
vt 0.830110 0.668237
vt 0.822079 0.668715
vt 0.816042 0.669220
vt 0.795385 0.667882
vt 0.693864 0.902570
vt 0.537301 0.903638
vt 0.522941 0.903368
vt 0.509369 0.902848
vt 0.496880 0.902184
vt 0.483991 0.902020
vt 0.240478 0.901765
vt 0.219300 0.901909
vt 0.212608 0.902202
vt 0.204590 0.901709
vt 0.220390 0.093848
vt 0.240629 0.093928
vt 0.483991 0.093632
vt 0.496880 0.092151
vt 0.509369 0.090983
vt 0.522941 0.090879
vt 0.537301 0.091442
vt 0.693568 0.091711
vt 0.795385 0.091565
vt 0.815996 0.091484
vt 0.830110 0.901565
vt 0.822079 0.902241
vt 0.816042 0.902190
vt 0.795412 0.902117
vt 0.240629 0.299367
vt 0.483991 0.297262
vt 0.496880 0.294716
vt 0.509369 0.293060
vt 0.522941 0.292963
vt 0.537301 0.294014
vt 0.693568 0.296526
vt 0.795385 0.297006
vt 0.815563 0.297107
vt 0.830110 0.693546
vt 0.822079 0.694044
vt 0.816042 0.694606
vt 0.795190 0.694757
vt 0.693562 0.710826
vt 0.537301 0.711226
vt 0.522941 0.711384
vt 0.509369 0.711349
vt 0.496880 0.711162
vt 0.483991 0.711056
vt 0.239941 0.694548
vt 0.219499 0.694334
vt 0.093541 0.694319
vt 0.090388 0.694528
vt 0.221645 0.299525
vt 0.213858 0.254905
vt 0.217769 0.314271
vt 0.208663 0.694743
vt 0.217747 0.310062
vt 0.214449 0.259172
vt 0.217365 0.299790
vt 0.208936 0.255946
vt 0.211575 0.314096
vt 0.194694 0.695320
vt 0.211433 0.309909
vt 0.209511 0.260058
vt 0.210650 0.300310
vt 0.197837 0.255996
vt 0.198023 0.313271
vt 0.177902 0.695710
vt 0.198019 0.309796
vt 0.197837 0.259768
vt 0.197744 0.300742
vt 0.186646 0.255712
vt 0.186480 0.312963
vt 0.161541 0.695562
vt 0.186489 0.309376
vt 0.186825 0.259627
vt 0.186591 0.300939
vt 0.175127 0.255047
vt 0.174992 0.313073
vt 0.145020 0.695114
vt 0.174995 0.309310
vt 0.175292 0.259159
vt 0.175067 0.300659
vt 0.159853 0.254937
vt 0.159479 0.312711
vt 0.128775 0.695044
vt 0.159479 0.309151
vt 0.159826 0.258731
vt 0.159553 0.300237
vt 0.128610 0.726613
vt 0.093863 0.726776
vt 0.091101 0.726802
vt 0.159771 0.267932
vt 0.175330 0.268514
vt 0.186981 0.269097
vt 0.197974 0.269136
vt 0.210369 0.268769
vt 0.216500 0.268013
vt 0.221029 0.267589
vt 0.240629 0.267499
vt 0.483991 0.265675
vt 0.496880 0.263294
vt 0.509369 0.261714
vt 0.522941 0.261615
vt 0.537301 0.262591
vt 0.693568 0.264755
vt 0.795385 0.265138
vt 0.815630 0.265210
vt 0.830110 0.725814
vt 0.822079 0.726336
vt 0.816042 0.726796
vt 0.795676 0.726908
vt 0.239932 0.726830
vt 0.218931 0.727246
vt 0.208075 0.727065
vt 0.194658 0.726401
vt 0.177597 0.725966
vt 0.161276 0.725146
vt 0.144992 0.725647
vt 0.128570 0.711250
vt 0.089220 0.711080
vt 0.086371 0.711080
vt 0.159650 0.283794
vt 0.175179 0.284313
vt 0.186933 0.284732
vt 0.198030 0.284615
vt 0.210761 0.284064
vt 0.217743 0.283357
vt 0.221907 0.283095
vt 0.240629 0.282993
vt 0.483991 0.281032
vt 0.496880 0.278570
vt 0.509369 0.276954
vt 0.522941 0.276856
vt 0.537301 0.277868
vt 0.693568 0.280202
vt 0.795385 0.280632
vt 0.815598 0.280717
vt 0.830110 0.710126
vt 0.822079 0.710637
vt 0.816042 0.711147
vt 0.795015 0.711277
vt 0.240722 0.711172
vt 0.218963 0.711192
vt 0.208160 0.711259
vt 0.194788 0.711280
vt 0.177862 0.711247
vt 0.161381 0.710746
vt 0.144845 0.710777
vt 0.212750 0.827665
vt 0.204669 0.827624
vt 0.220548 0.168706
vt 0.240629 0.168718
vt 0.483991 0.167764
vt 0.496880 0.165895
vt 0.509369 0.164550
vt 0.522941 0.164448
vt 0.537301 0.165189
vt 0.693568 0.166274
vt 0.795385 0.166357
vt 0.815839 0.166341
vt 0.830110 0.825835
vt 0.822079 0.826440
vt 0.816042 0.826599
vt 0.795256 0.826602
vt 0.693709 0.827027
vt 0.537301 0.827432
vt 0.522941 0.827568
vt 0.509369 0.827471
vt 0.496880 0.827197
vt 0.483991 0.827033
vt 0.240593 0.826360
vt 0.219389 0.826820
vt 0.213185 0.683931
vt 0.204205 0.683142
vt 0.221602 0.308009
vt 0.240629 0.307831
vt 0.483991 0.305652
vt 0.496880 0.303061
vt 0.509369 0.301386
vt 0.522941 0.301289
vt 0.537301 0.302360
vt 0.693568 0.304965
vt 0.795385 0.305471
vt 0.815545 0.305578
vt 0.830110 0.684975
vt 0.822079 0.685466
vt 0.816042 0.685919
vt 0.795385 0.684559
vt 0.239890 0.683923
vt 0.219921 0.684485
vt 0.553504 0.827356
vt 0.553504 0.764799
vt 0.553504 0.711124
vt 0.553504 0.672127
vt 0.553504 0.585559
vt 0.553504 0.508012
vt 0.553504 0.504609
vt 0.553504 0.493132
vt 0.553504 0.484169
vt 0.553504 0.404679
vt 0.553504 0.320256
vt 0.553504 0.303871
vt 0.553504 0.295481
vt 0.553504 0.279251
vt 0.553504 0.263893
vt 0.553504 0.257142
vt 0.553504 0.165979
vt 0.553504 0.091845
vt 0.553504 0.077679
vt 0.554545 0.071364
vt 0.553504 0.922385
vt 0.553504 0.918737
vt 0.553504 0.903757
vt 0.404929 0.072750
vt 0.404929 0.920127
vt 0.404929 0.916696
vt 0.404929 0.902171
vt 0.404929 0.826826
vt 0.404929 0.764482
vt 0.404929 0.710851
vt 0.404929 0.671831
vt 0.404929 0.584967
vt 0.404929 0.508012
vt 0.404929 0.504609
vt 0.404929 0.493132
vt 0.404929 0.484169
vt 0.404929 0.406461
vt 0.404929 0.323515
vt 0.404929 0.307048
vt 0.404929 0.298616
vt 0.404929 0.282304
vt 0.404929 0.266870
vt 0.404929 0.260085
vt 0.404929 0.168465
vt 0.404929 0.093960
vt 0.404929 0.079745
vt 0.693568 0.521203
vt 0.795385 0.520944
vt 0.816042 0.520769
vt 0.822079 0.520282
vt 0.830110 0.519984
vt 0.815195 0.469868
vt 0.795385 0.469868
vt 0.693568 0.469868
vt 0.553504 0.469868
vt 0.537301 0.469868
vt 0.522941 0.469868
vt 0.509369 0.469868
vt 0.496880 0.469868
vt 0.483991 0.469868
vt 0.404929 0.469868
vt 0.240629 0.469868
vt 0.222177 0.469868
vt 0.204745 0.520653
vt 0.213766 0.520753
vt 0.220206 0.520847
vt 0.240629 0.520837
vt 0.404929 0.521435
vt 0.483991 0.522058
vt 0.496880 0.522275
vt 0.509369 0.522421
vt 0.522941 0.522405
vt 0.537301 0.522191
vt 0.553504 0.521910
vt 0.693568 0.631439
vt 0.795385 0.630945
vt 0.816042 0.630709
vt 0.822079 0.629942
vt 0.830110 0.629490
vt 0.815430 0.360423
vt 0.795385 0.360268
vt 0.693568 0.359595
vt 0.553504 0.358186
vt 0.537301 0.356391
vt 0.522941 0.355190
vt 0.509369 0.355286
vt 0.496880 0.357091
vt 0.483991 0.359966
vt 0.404929 0.361635
vt 0.240629 0.362628
vt 0.221942 0.362784
vt 0.204779 0.628694
vt 0.213556 0.629274
vt 0.220028 0.630297
vt 0.240629 0.630693
vt 0.404929 0.631650
vt 0.483991 0.632034
vt 0.496880 0.632139
vt 0.509369 0.632300
vt 0.522941 0.632320
vt 0.537301 0.632159
vt 0.553504 0.632033
vt 0.795135 0.766737
vt 0.816042 0.765002
vt 0.822079 0.764662
vt 0.830110 0.764111
vt 0.815710 0.227355
vt 0.795385 0.227316
vt 0.693568 0.227048
vt 0.553504 0.226403
vt 0.537301 0.225297
vt 0.522941 0.224411
vt 0.509369 0.224511
vt 0.496880 0.226001
vt 0.483991 0.228186
vt 0.404929 0.229192
vt 0.240629 0.229677
vt 0.220528 0.229506
vt 0.204621 0.767818
vt 0.212691 0.767743
vt 0.219329 0.767177
vt 0.240665 0.766973
vt 0.693803 0.874182
vt 0.795354 0.873737
vt 0.816042 0.873781
vt 0.822079 0.873755
vt 0.830110 0.873106
vt 0.815937 0.119615
vt 0.795385 0.119672
vt 0.693568 0.119732
vt 0.553504 0.119705
vt 0.537301 0.119156
vt 0.522941 0.118526
vt 0.509369 0.118629
vt 0.496880 0.119864
vt 0.483991 0.121491
vt 0.404929 0.121959
vt 0.240629 0.122034
vt 0.220449 0.121979
vt 0.204583 0.873863
vt 0.212652 0.874186
vt 0.219335 0.873682
vt 0.240524 0.873415
vt 0.404929 0.873855
vt 0.483991 0.874011
vt 0.496880 0.874254
vt 0.509369 0.874646
vt 0.522941 0.874846
vt 0.537301 0.874808
vt 0.553504 0.874789
vt 0.104014 0.694734
vt 0.135663 0.310421
vt 0.135679 0.308044
vt 0.134717 0.299979
vt 0.133808 0.283584
vt 0.134750 0.267788
vt 0.135322 0.259899
vt 0.135331 0.257417
vt 0.103744 0.726643
vt 0.102845 0.711120
vt 0.113794 0.711181
vt 0.113978 0.694843
vt 0.144669 0.311512
vt 0.144661 0.308533
vt 0.144675 0.300093
vt 0.144754 0.283671
vt 0.144745 0.267847
vt 0.144475 0.259338
vt 0.144503 0.256232
vt 0.113718 0.726645
vt 0.826307 0.504894
vt 0.826309 0.519856
vt 0.826309 0.581988
vt 0.826308 0.629158
vt 0.826308 0.668011
vt 0.826308 0.684795
vt 0.826308 0.693389
vt 0.826308 0.710015
vt 0.826308 0.725746
vt 0.826308 0.732661
vt 0.826308 0.764148
vt 0.826308 0.826043
vt 0.826308 0.873443
vt 0.826308 0.901981
vt 0.826306 0.916743
vt 0.817118 0.925185
vt 0.795966 0.925115
vt 0.694671 0.924378
vt 0.555762 0.924773
vt 0.535680 0.926329
vt 0.522941 0.924858
vt 0.509369 0.924392
vt 0.497685 0.923561
vt 0.482527 0.069613
vt 0.404929 0.069539
vt 0.240629 0.069415
vt 0.219810 0.069475
vt 0.208528 0.916620
vt 0.208858 0.902154
vt 0.208867 0.874232
vt 0.208982 0.827868
vt 0.208952 0.767899
vt 0.208246 0.737111
vt 0.214010 0.257258
vt 0.209170 0.257797
vt 0.197837 0.257553
vt 0.186702 0.257408
vt 0.175173 0.256930
vt 0.159834 0.256664
vt 0.144484 0.257695
vt 0.135312 0.258644
vt 0.092415 0.726786
vt 0.087792 0.711080
vt 0.091919 0.694414
vt 0.135641 0.309294
vt 0.144647 0.310171
vt 0.159457 0.311128
vt 0.174981 0.311238
vt 0.186480 0.311217
vt 0.198023 0.311811
vt 0.211614 0.312439
vt 0.217860 0.312622
vt 0.208544 0.682970
vt 0.209171 0.666489
vt 0.209227 0.628372
vt 0.209239 0.582218
vt 0.209259 0.520529
vt 0.209631 0.506208
vt 0.219590 0.498989
vt 0.240629 0.498989
vt 0.404929 0.498989
vt 0.483991 0.498989
vt 0.496880 0.498989
vt 0.509369 0.498989
vt 0.522941 0.498989
vt 0.537301 0.498989
vt 0.553504 0.498989
vt 0.693568 0.498989
vt 0.795385 0.498989
vt 0.816054 0.498989
vt 0.220750 0.488665
vt 0.240629 0.488665
vt 0.404929 0.488665
vt 0.483991 0.488665
vt 0.496880 0.488665
vt 0.509369 0.488665
vt 0.522941 0.488665
vt 0.537301 0.488665
vt 0.553504 0.488665
vt 0.693568 0.488665
vt 0.795385 0.488665
vt 0.815545 0.488665
vt 0.833654 0.505718
vt 0.833883 0.520453
vt 0.833852 0.583800
vt 0.833830 0.630602
vt 0.833812 0.669151
vt 0.833804 0.685804
vt 0.833800 0.694331
vt 0.833793 0.710826
vt 0.833785 0.726434
vt 0.833782 0.733295
vt 0.833768 0.764536
vt 0.833739 0.825945
vt 0.833717 0.872975
vt 0.833704 0.901289
vt 0.833467 0.915857
vt 0.816242 0.931200
vt 0.795792 0.931006
vt 0.693568 0.074379
vt 0.553504 0.074058
vt 0.537301 0.073820
vt 0.522941 0.073613
vt 0.509369 0.073677
vt 0.496880 0.074486
vt 0.483991 0.075826
vt 0.404929 0.076056
vt 0.240629 0.075904
vt 0.220126 0.075694
vt 0.201635 0.915536
vt 0.201070 0.901261
vt 0.201049 0.873556
vt 0.201043 0.827541
vt 0.200996 0.767905
vt 0.200847 0.737492
vt 0.214963 0.261111
vt 0.209805 0.262080
vt 0.197881 0.262065
vt 0.186966 0.261883
vt 0.175413 0.261272
vt 0.159844 0.260728
vt 0.144594 0.260875
vt 0.135489 0.261017
vt 0.090243 0.726853
vt 0.085405 0.711080
vt 0.089314 0.694703
vt 0.135683 0.307109
vt 0.144650 0.307295
vt 0.159500 0.307590
vt 0.175010 0.307940
vt 0.186386 0.308091
vt 0.197733 0.308017
vt 0.210892 0.307763
vt 0.217238 0.307660
vt 0.201005 0.683817
vt 0.201161 0.667534
vt 0.201134 0.629776
vt 0.201097 0.583981
vt 0.201050 0.521109
vt 0.201668 0.506695
vt 0.583901 0.711101
vt 0.583901 0.672077
vt 0.583901 0.631930
vt 0.583901 0.585328
vt 0.583901 0.521645
vt 0.583901 0.508012
vt 0.583901 0.504609
vt 0.583901 0.498989
vt 0.583901 0.493132
vt 0.583901 0.488665
vt 0.583901 0.484169
vt 0.583901 0.469868
vt 0.583901 0.405101
vt 0.583901 0.358949
vt 0.583901 0.320885
vt 0.583901 0.304442
vt 0.583901 0.296023
vt 0.583901 0.279735
vt 0.583901 0.264323
vt 0.583901 0.257549
vt 0.583901 0.226701
vt 0.583901 0.166064
vt 0.583901 0.119626
vt 0.583901 0.091669
vt 0.583901 0.077475
vt 0.583901 0.074065
vt 0.583722 0.071667
vt 0.583901 0.924495
vt 0.583901 0.921710
vt 0.583901 0.918097
vt 0.583901 0.903387
vt 0.583901 0.874716
vt 0.583901 0.827357
vt 0.583901 0.764799
vt 0.764621 0.689173
vt 0.751310 0.669154
vt 0.751310 0.631161
vt 0.751310 0.584319
vt 0.751310 0.521047
vt 0.751310 0.508012
vt 0.751310 0.504609
vt 0.751310 0.498989
vt 0.751310 0.493132
vt 0.751310 0.488665
vt 0.751310 0.484169
vt 0.751310 0.469868
vt 0.751310 0.405646
vt 0.751310 0.359953
vt 0.751310 0.321748
vt 0.751310 0.305245
vt 0.751310 0.296794
vt 0.751310 0.280446
vt 0.751310 0.264978
vt 0.751310 0.258178
vt 0.751310 0.227217
vt 0.751310 0.166357
vt 0.751310 0.119748
vt 0.751310 0.091687
vt 0.751310 0.077441
vt 0.751464 0.074521
vt 0.753130 0.927747
vt 0.752995 0.924711
vt 0.752573 0.921735
vt 0.752034 0.917510
vt 0.751634 0.902302
vt 0.751515 0.873924
vt 0.751323 0.826790
vt 0.764948 0.732082
vt 0.455743 0.585384
vt 0.455743 0.631913
vt 0.455743 0.672014
vt 0.455743 0.710995
vt 0.455743 0.764609
vt 0.455743 0.826949
vt 0.455743 0.873933
vt 0.455743 0.902120
vt 0.455743 0.916539
vt 0.455743 0.920013
vt 0.455743 0.069755
vt 0.455743 0.073072
vt 0.455743 0.076175
vt 0.455743 0.079819
vt 0.455743 0.094014
vt 0.455743 0.121974
vt 0.455743 0.168414
vt 0.455743 0.229054
vt 0.455743 0.259903
vt 0.455743 0.266679
vt 0.455743 0.282091
vt 0.455743 0.298380
vt 0.455743 0.306800
vt 0.455743 0.323243
vt 0.455743 0.361309
vt 0.455743 0.406282
vt 0.455743 0.469868
vt 0.455743 0.484169
vt 0.455743 0.488665
vt 0.455743 0.493132
vt 0.455743 0.498989
vt 0.455743 0.504609
vt 0.455743 0.508012
vt 0.455743 0.521760
vt 0.289205 0.584179
vt 0.289205 0.630995
vt 0.289205 0.669242
vt 0.288862 0.710873
vt 0.288330 0.765674
vt 0.288182 0.826521
vt 0.288059 0.873586
vt 0.287982 0.901939
vt 0.287942 0.916499
vt 0.288997 0.066902
vt 0.289205 0.069311
vt 0.289205 0.072718
vt 0.289205 0.076182
vt 0.289205 0.079646
vt 0.289205 0.094015
vt 0.289205 0.122078
vt 0.289205 0.168690
vt 0.289205 0.229555
vt 0.289205 0.260518
vt 0.289205 0.267318
vt 0.289205 0.282788
vt 0.289205 0.299137
vt 0.289205 0.307588
vt 0.289205 0.324093
vt 0.289205 0.362300
vt 0.289205 0.406820
vt 0.289205 0.469868
vt 0.289205 0.484169
vt 0.289205 0.488665
vt 0.289205 0.493132
vt 0.289205 0.498989
vt 0.289205 0.504609
vt 0.289205 0.508012
vt 0.289205 0.520987
vt 0.132307 0.310295
vt 0.132285 0.309201
vt 0.132345 0.307991
vt 0.132356 0.307075
vt 0.129001 0.299932
vt 0.125722 0.283525
vt 0.129183 0.267753
vt 0.132498 0.261027
vt 0.132419 0.259951
vt 0.132360 0.258737
vt 0.132379 0.257543
vt 0.097968 0.726728
vt 0.094684 0.711089
vt 0.098016 0.694500
vt 0.271993 0.731400
vt 0.272407 0.689253
vt 0.751095 0.766397
vt 0.750935 0.711037
vt 0.634040 0.671938
vt 0.634040 0.631717
vt 0.634040 0.584979
vt 0.634040 0.521401
vt 0.634040 0.508012
vt 0.634040 0.504609
vt 0.634040 0.498989
vt 0.634040 0.493132
vt 0.634040 0.488665
vt 0.634041 0.484169
vt 0.634040 0.469868
vt 0.634040 0.405270
vt 0.634040 0.359259
vt 0.634040 0.321148
vt 0.634040 0.304685
vt 0.634040 0.296255
vt 0.634040 0.279947
vt 0.634040 0.264517
vt 0.634040 0.257733
vt 0.634040 0.226848
vt 0.634040 0.166136
vt 0.634040 0.119641
vt 0.634040 0.091649
vt 0.634040 0.077437
vt 0.634040 0.074194
vt 0.634727 0.927374
vt 0.634040 0.924409
vt 0.634040 0.921245
vt 0.634040 0.917495
vt 0.634041 0.902922
vt 0.634041 0.874473
vt 0.634040 0.827244
vt 0.634040 0.764723
vt 0.634040 0.711004
vt 0.348513 0.484169
vt 0.348513 0.469868
vt 0.348513 0.406632
vt 0.348513 0.361953
vt 0.348513 0.323794
vt 0.348513 0.307310
vt 0.348513 0.298870
vt 0.348513 0.282541
vt 0.348513 0.267091
vt 0.348513 0.260299
vt 0.348513 0.229375
vt 0.348513 0.168587
vt 0.348513 0.122033
vt 0.348513 0.094006
vt 0.348513 0.079776
vt 0.348513 0.076183
vt 0.348513 0.072532
vt 0.348513 0.069227
vt 0.347422 0.920043
vt 0.347425 0.916644
vt 0.347441 0.902096
vt 0.347472 0.873748
vt 0.347526 0.826689
vt 0.347602 0.764321
vt 0.348077 0.710656
vt 0.348513 0.671587
vt 0.348513 0.631338
vt 0.348513 0.584561
vt 0.348513 0.521191
vt 0.348513 0.508012
vt 0.348513 0.504609
vt 0.348513 0.498989
vt 0.348513 0.493132
vt 0.348513 0.488665
vt 0.509369 0.549118
vt 0.496880 0.548878
vt 0.483991 0.548566
vt 0.455743 0.548100
vt 0.404929 0.547518
vt 0.348513 0.547045
vt 0.289205 0.546639
vt 0.240629 0.546337
vt 0.220164 0.546293
vt 0.213715 0.545933
vt 0.209250 0.545366
vt 0.204752 0.545745
vt 0.201069 0.546917
vt 0.222120 0.442754
vt 0.240629 0.442754
vt 0.289205 0.442754
vt 0.348513 0.442754
vt 0.404929 0.442754
vt 0.455743 0.442754
vt 0.483991 0.442754
vt 0.496880 0.442754
vt 0.509369 0.442754
vt 0.522941 0.442754
vt 0.537301 0.442754
vt 0.553504 0.442754
vt 0.583901 0.442754
vt 0.634040 0.442754
vt 0.693568 0.442754
vt 0.751310 0.442754
vt 0.795385 0.442754
vt 0.815252 0.442754
vt 0.833870 0.545921
vt 0.830110 0.544717
vt 0.826309 0.544327
vt 0.822079 0.545219
vt 0.816042 0.546207
vt 0.795385 0.546545
vt 0.751310 0.546764
vt 0.693568 0.547082
vt 0.634040 0.547474
vt 0.583901 0.547934
vt 0.553504 0.548359
vt 0.537301 0.548769
vt 0.522941 0.549102
vt 0.663320 0.484169
vt 0.693568 0.479591
vt 0.723369 0.484169
vt 0.693568 0.486296
vt 0.537301 0.486296
vt 0.530136 0.484169
vt 0.537301 0.479591
vt 0.544927 0.484169
vt 0.509369 0.486296
vt 0.503066 0.484169
vt 0.509369 0.479591
vt 0.515943 0.484169
vt 0.483991 0.486296
vt 0.473548 0.484169
vt 0.483991 0.479591
vt 0.490595 0.484169
vt 0.693568 0.506329
vt 0.723369 0.508012
vt 0.693568 0.512142
vt 0.663320 0.508012
vt 0.544927 0.508012
vt 0.537301 0.512389
vt 0.530136 0.508012
vt 0.537301 0.506329
vt 0.515943 0.508012
vt 0.509369 0.512446
vt 0.503066 0.508012
vt 0.509369 0.506329
vt 0.490595 0.508012
vt 0.483991 0.512356
vt 0.473548 0.508012
vt 0.483991 0.506329
vt 0.663320 0.504609
vt 0.693568 0.502334
vt 0.723369 0.504609
vt 0.819348 0.507644
vt 0.822079 0.503406
vt 0.819462 0.504609
vt 0.824358 0.505394
vt 0.822079 0.511544
vt 0.694307 0.919618
vt 0.724712 0.921492
vt 0.694476 0.922755
vt 0.663526 0.921173
vt 0.537301 0.919412
vt 0.544451 0.924587
vt 0.544451 0.922757
vt 0.536896 0.924719
vt 0.530136 0.920369
vt 0.530136 0.504609
vt 0.537301 0.502334
vt 0.544927 0.504609
vt 0.509369 0.918344
vt 0.515943 0.920556
vt 0.509369 0.922573
vt 0.503066 0.920185
vt 0.503066 0.504609
vt 0.509369 0.502334
vt 0.515943 0.504609
vt 0.483991 0.918110
vt 0.490595 0.920086
vt 0.483991 0.921855
vt 0.482498 0.067836
vt 0.473548 0.919942
vt 0.216379 0.507847
vt 0.213825 0.511865
vt 0.211963 0.506737
vt 0.214115 0.505030
vt 0.215180 0.504609
vt 0.473548 0.504609
vt 0.483991 0.502334
vt 0.490595 0.504609
vt 0.694844 0.926015
vt 0.725443 0.927628
vt 0.694806 0.928984
vt 0.693568 0.073235
vt 0.663816 0.927447
vt 0.534110 0.927477
vt 0.536916 0.930654
vt 0.546533 0.071295
vt 0.531217 0.930009
vt 0.537301 0.072256
vt 0.528360 0.926785
vt 0.531798 0.071112
vt 0.509369 0.070329
vt 0.509369 0.926057
vt 0.516149 0.071411
vt 0.509369 0.072415
vt 0.503007 0.071151
vt 0.503007 0.926143
vt 0.482728 0.071291
vt 0.489318 0.072444
vt 0.494579 0.927291
vt 0.483812 0.074226
vt 0.473368 0.073011
vt 0.207258 0.505894
vt 0.204845 0.511483
vt 0.203292 0.506222
vt 0.205558 0.502178
vt 0.215284 0.493132
vt 0.483991 0.495584
vt 0.473548 0.493132
vt 0.483991 0.491028
vt 0.490595 0.493132
vt 0.509369 0.495584
vt 0.503066 0.493132
vt 0.509369 0.491028
vt 0.515943 0.493132
vt 0.537301 0.495584
vt 0.530136 0.493132
vt 0.537301 0.491028
vt 0.544927 0.493132
vt 0.693568 0.495584
vt 0.663320 0.493132
vt 0.693568 0.491028
vt 0.723369 0.493132
vt 0.828149 0.504815
vt 0.830107 0.500185
vt 0.819720 0.493132
vt 0.832004 0.505233
vt 0.830110 0.511067
vt 0.693943 0.912498
vt 0.724246 0.917533
vt 0.663459 0.917373
vt 0.530136 0.916682
vt 0.537301 0.913497
vt 0.544927 0.918592
vt 0.503066 0.916541
vt 0.509369 0.912400
vt 0.515943 0.916566
vt 0.473548 0.916363
vt 0.483991 0.911630
vt 0.490595 0.916077
vt 0.214703 0.916507
vt 0.211495 0.918888
vt 0.216090 0.066953
vt 0.210257 0.916757
vt 0.212457 0.911952
vt 0.206779 0.916378
vt 0.205271 0.918383
vt 0.215364 0.072459
vt 0.203160 0.915871
vt 0.204677 0.911410
vt 0.483991 0.083994
vt 0.473548 0.079776
vt 0.483991 0.077572
vt 0.490595 0.078894
vt 0.509369 0.081425
vt 0.503066 0.077291
vt 0.509369 0.075171
vt 0.515943 0.076868
vt 0.537301 0.081854
vt 0.530136 0.076991
vt 0.537301 0.075483
vt 0.544927 0.077664
vt 0.693568 0.082022
vt 0.663320 0.077465
vt 0.693568 0.075727
vt 0.723369 0.077482
vt 0.828149 0.916496
vt 0.830109 0.911475
vt 0.831957 0.916095
vt 0.830107 0.918566
vt 0.821599 0.928167
vt 0.819348 0.917433
vt 0.822079 0.912232
vt 0.824358 0.917009
vt 0.822079 0.919822
vt 0.820537 0.922029
vt 0.693568 0.563644
vt 0.723369 0.584465
vt 0.693568 0.607928
vt 0.663320 0.584801
vt 0.537301 0.565048
vt 0.544927 0.585639
vt 0.537301 0.608820
vt 0.530136 0.585877
vt 0.509369 0.565303
vt 0.515943 0.585991
vt 0.509369 0.608981
vt 0.503066 0.585873
vt 0.483991 0.564894
vt 0.490595 0.585692
vt 0.483991 0.608699
vt 0.473548 0.585542
vt 0.216402 0.583452
vt 0.213599 0.606023
vt 0.211398 0.582489
vt 0.213683 0.562245
vt 0.207062 0.582249
vt 0.204771 0.605575
vt 0.202666 0.583299
vt 0.204756 0.562033
vt 0.483991 0.426049
vt 0.473548 0.406058
vt 0.483991 0.382983
vt 0.490595 0.404882
vt 0.509369 0.425441
vt 0.503066 0.403400
vt 0.509369 0.378778
vt 0.515943 0.403100
vt 0.537301 0.425587
vt 0.530136 0.403253
vt 0.537301 0.379780
vt 0.544927 0.404270
vt 0.693568 0.426019
vt 0.663320 0.405357
vt 0.693568 0.382743
vt 0.723369 0.405547
vt 0.828152 0.582020
vt 0.830110 0.561362
vt 0.832054 0.583100
vt 0.830110 0.605862
vt 0.819348 0.583460
vt 0.822079 0.561796
vt 0.824358 0.582291
vt 0.822079 0.606299
vt 0.522941 0.565301
vt 0.522941 0.608995
vt 0.522941 0.512442
vt 0.522941 0.506329
vt 0.522941 0.502334
vt 0.522941 0.495584
vt 0.522941 0.491028
vt 0.522941 0.486296
vt 0.522941 0.479591
vt 0.522941 0.425430
vt 0.522941 0.378694
vt 0.522941 0.081323
vt 0.522941 0.075084
vt 0.524588 0.070324
vt 0.522941 0.926391
vt 0.523147 0.072376
vt 0.522941 0.917694
vt 0.522941 0.922925
vt 0.522941 0.912878
vt 0.496880 0.565105
vt 0.496880 0.608819
vt 0.496880 0.512410
vt 0.496880 0.506329
vt 0.496880 0.502334
vt 0.496880 0.495584
vt 0.496880 0.491028
vt 0.496880 0.486296
vt 0.496880 0.479591
vt 0.496880 0.425674
vt 0.496880 0.380392
vt 0.496880 0.082561
vt 0.496880 0.076177
vt 0.498364 0.925205
vt 0.499098 0.928164
vt 0.496880 0.072886
vt 0.496880 0.918278
vt 0.497081 0.921844
vt 0.496880 0.911720
vt 0.240629 0.562893
vt 0.260950 0.584006
vt 0.240629 0.607188
vt 0.227320 0.583782
vt 0.260950 0.508012
vt 0.240629 0.512050
vt 0.227300 0.508012
vt 0.240629 0.506329
vt 0.227226 0.504609
vt 0.240629 0.502334
vt 0.260950 0.504609
vt 0.240629 0.495584
vt 0.227239 0.493132
vt 0.240629 0.491028
vt 0.260950 0.493132
vt 0.260950 0.484169
vt 0.240629 0.486296
vt 0.227755 0.484169
vt 0.240629 0.479591
vt 0.260950 0.406919
vt 0.240629 0.426407
vt 0.227804 0.407062
vt 0.240629 0.385441
vt 0.260950 0.079528
vt 0.240629 0.084162
vt 0.227383 0.079450
vt 0.240629 0.077501
vt 0.240629 0.070902
vt 0.260950 0.072752
vt 0.240629 0.074381
vt 0.227249 0.072494
vt 0.240629 0.065814
vt 0.240451 0.918491
vt 0.260898 0.066917
vt 0.240629 0.068112
vt 0.227340 0.066944
vt 0.240462 0.911612
vt 0.260416 0.916411
vt 0.227017 0.916308
vt 0.795678 0.919956
vt 0.809304 0.922007
vt 0.795940 0.923667
vt 0.776701 0.921930
vt 0.795942 0.926505
vt 0.809457 0.928094
vt 0.795861 0.929522
vt 0.776945 0.927875
vt 0.795385 0.081847
vt 0.775834 0.077375
vt 0.795385 0.075328
vt 0.795713 0.932469
vt 0.809077 0.077229
vt 0.795385 0.426112
vt 0.775834 0.405740
vt 0.795385 0.383377
vt 0.808903 0.405883
vt 0.775834 0.484169
vt 0.795385 0.479591
vt 0.808861 0.484169
vt 0.795385 0.486296
vt 0.795385 0.495584
vt 0.775834 0.493132
vt 0.795385 0.491028
vt 0.809091 0.493132
vt 0.795385 0.506329
vt 0.775834 0.504609
vt 0.795385 0.502334
vt 0.809059 0.504609
vt 0.775834 0.508012
vt 0.809081 0.508012
vt 0.795385 0.512077
vt 0.795385 0.607413
vt 0.775834 0.584194
vt 0.795385 0.563099
vt 0.809081 0.583974
vt 0.776225 0.917437
vt 0.795460 0.912145
vt 0.809123 0.917368
vt 0.693569 0.735395
vt 0.723358 0.764878
vt 0.693652 0.795797
vt 0.663329 0.764631
vt 0.537301 0.735839
vt 0.544927 0.764819
vt 0.537301 0.796170
vt 0.530136 0.764990
vt 0.522941 0.735998
vt 0.522941 0.796325
vt 0.515943 0.765070
vt 0.509369 0.735957
vt 0.509369 0.796258
vt 0.503066 0.764902
vt 0.496880 0.735759
vt 0.496880 0.796021
vt 0.490595 0.764708
vt 0.483991 0.735647
vt 0.483991 0.795883
vt 0.473548 0.764650
vt 0.239539 0.732029
vt 0.255764 0.734711
vt 0.240493 0.745029
vt 0.226885 0.735764
vt 0.214747 0.736473
vt 0.212498 0.745429
vt 0.210358 0.737019
vt 0.211809 0.735008
vt 0.215217 0.253808
vt 0.206064 0.737183
vt 0.204403 0.745587
vt 0.202251 0.737481
vt 0.203574 0.736091
vt 0.215249 0.258165
vt 0.260950 0.260618
vt 0.240629 0.262857
vt 0.227370 0.260677
vt 0.240629 0.252470
vt 0.483991 0.261074
vt 0.473548 0.259623
vt 0.483991 0.250778
vt 0.490595 0.257884
vt 0.503066 0.255468
vt 0.496880 0.258717
vt 0.496880 0.248474
vt 0.509369 0.257148
vt 0.509369 0.246930
vt 0.515943 0.254927
vt 0.530136 0.255169
vt 0.522941 0.257049
vt 0.522941 0.246831
vt 0.537301 0.258014
vt 0.537301 0.247771
vt 0.544927 0.256658
vt 0.693568 0.260127
vt 0.663320 0.257847
vt 0.693568 0.249771
vt 0.723369 0.258078
vt 0.795385 0.260496
vt 0.775834 0.258262
vt 0.795385 0.250109
vt 0.808981 0.258372
vt 0.828152 0.732590
vt 0.830110 0.730514
vt 0.832036 0.732965
vt 0.830110 0.741032
vt 0.819348 0.733551
vt 0.822079 0.731040
vt 0.824358 0.732889
vt 0.822079 0.741566
vt 0.795247 0.744569
vt 0.779634 0.735474
vt 0.796001 0.732007
vt 0.809159 0.734130
vt 0.816017 0.081757
vt 0.816031 0.075232
vt 0.815731 0.932677
vt 0.819605 0.077193
vt 0.834809 0.915600
vt 0.815640 0.260564
vt 0.815662 0.250167
vt 0.818841 0.258404
vt 0.835438 0.733665
vt 0.815287 0.426134
vt 0.815380 0.383526
vt 0.818215 0.405922
vt 0.835578 0.584525
vt 0.815175 0.479591
vt 0.817881 0.484169
vt 0.835181 0.506294
vt 0.815257 0.486296
vt 0.816154 0.495584
vt 0.815872 0.491028
vt 0.816020 0.506329
vt 0.815936 0.502334
vt 0.816042 0.512033
vt 0.816042 0.607146
vt 0.816042 0.562776
vt 0.816042 0.731483
vt 0.816042 0.741976
vt 0.816042 0.912217
vt 0.816155 0.919974
vt 0.816874 0.923705
vt 0.817182 0.926613
vt 0.816694 0.929697
vt 0.220477 0.065814
vt 0.218844 0.918485
vt 0.219942 0.068149
vt 0.219233 0.911704
vt 0.218953 0.732635
vt 0.219218 0.745073
vt 0.220137 0.562777
vt 0.220065 0.606889
vt 0.220170 0.512053
vt 0.219847 0.506329
vt 0.219647 0.502334
vt 0.219614 0.495584
vt 0.220140 0.491028
vt 0.221391 0.486296
vt 0.219414 0.484169
vt 0.200162 0.507257
vt 0.222106 0.479591
vt 0.222084 0.426429
vt 0.219806 0.407104
vt 0.199793 0.584687
vt 0.221991 0.385591
vt 0.220412 0.262862
vt 0.216329 0.260319
vt 0.199630 0.737439
vt 0.220429 0.252209
vt 0.220368 0.084090
vt 0.216436 0.079441
vt 0.200233 0.915167
vt 0.220293 0.077458
vt 0.219774 0.070914
vt 0.219939 0.074056
vt 0.693568 0.653335
vt 0.723369 0.671100
vt 0.693566 0.689913
vt 0.663320 0.671854
vt 0.537301 0.653915
vt 0.544927 0.672156
vt 0.537301 0.690283
vt 0.530136 0.672325
vt 0.515943 0.672411
vt 0.522941 0.654073
vt 0.522941 0.690440
vt 0.509369 0.654049
vt 0.509369 0.690409
vt 0.503066 0.672280
vt 0.490595 0.672122
vt 0.496880 0.653883
vt 0.496880 0.690231
vt 0.473548 0.672067
vt 0.483991 0.653782
vt 0.483991 0.690127
vt 0.240629 0.651636
vt 0.260950 0.667635
vt 0.240444 0.677898
vt 0.227270 0.667506
vt 0.219978 0.651428
vt 0.219861 0.678977
vt 0.216090 0.667861
vt 0.213295 0.678891
vt 0.211284 0.666780
vt 0.213497 0.650477
vt 0.207012 0.666475
vt 0.204603 0.678211
vt 0.202705 0.667092
vt 0.204777 0.649809
vt 0.221781 0.312946
vt 0.227760 0.324444
vt 0.221897 0.341478
vt 0.219448 0.324502
vt 0.199871 0.668006
vt 0.260950 0.324242
vt 0.240629 0.341341
vt 0.240629 0.312816
vt 0.483991 0.338866
vt 0.473548 0.322878
vt 0.483991 0.310593
vt 0.490595 0.320827
vt 0.503066 0.318134
vt 0.496880 0.336102
vt 0.496880 0.307976
vt 0.509369 0.334347
vt 0.509369 0.306289
vt 0.515943 0.317562
vt 0.530136 0.317837
vt 0.522941 0.334251
vt 0.522941 0.306192
vt 0.537301 0.335402
vt 0.537301 0.307275
vt 0.544927 0.319603
vt 0.693568 0.338373
vt 0.663320 0.321293
vt 0.693568 0.309935
vt 0.723369 0.321599
vt 0.795385 0.338981
vt 0.775834 0.321885
vt 0.795385 0.310456
vt 0.808948 0.322084
vt 0.815474 0.339118
vt 0.815535 0.310567
vt 0.818572 0.322140
vt 0.835498 0.669673
vt 0.828152 0.667984
vt 0.830110 0.651044
vt 0.832044 0.668662
vt 0.830110 0.679928
vt 0.819348 0.669110
vt 0.822079 0.651510
vt 0.824358 0.668270
vt 0.822079 0.680415
vt 0.816042 0.680816
vt 0.809081 0.668869
vt 0.816042 0.652171
vt 0.795385 0.678701
vt 0.775834 0.667548
vt 0.795385 0.651998
vt 0.663394 0.902735
vt 0.693835 0.889261
vt 0.723821 0.902426
vt 0.537301 0.890076
vt 0.544927 0.903779
vt 0.530136 0.903460
vt 0.522941 0.889999
vt 0.515943 0.903214
vt 0.509369 0.889687
vt 0.503066 0.902446
vt 0.496880 0.889191
vt 0.490595 0.902047
vt 0.483991 0.888943
vt 0.473548 0.902060
vt 0.240500 0.888472
vt 0.260456 0.901845
vt 0.227082 0.901764
vt 0.219316 0.888674
vt 0.215140 0.902092
vt 0.210812 0.902227
vt 0.212629 0.889067
vt 0.206775 0.901981
vt 0.202593 0.901435
vt 0.204587 0.888653
vt 0.227392 0.093872
vt 0.220418 0.107037
vt 0.216506 0.093841
vt 0.199783 0.901135
vt 0.260950 0.093986
vt 0.240629 0.107105
vt 0.483991 0.106693
vt 0.473548 0.093957
vt 0.490595 0.093032
vt 0.503066 0.091347
vt 0.496880 0.105144
vt 0.509369 0.103945
vt 0.515943 0.090884
vt 0.530136 0.091041
vt 0.522941 0.103841
vt 0.537301 0.104436
vt 0.544927 0.091804
vt 0.693568 0.104848
vt 0.663320 0.091683
vt 0.723369 0.091717
vt 0.795385 0.104743
vt 0.775834 0.091633
vt 0.809069 0.091507
vt 0.815969 0.104673
vt 0.819544 0.091477
vt 0.835281 0.901260
vt 0.828151 0.901793
vt 0.830110 0.888222
vt 0.832017 0.901372
vt 0.819348 0.902274
vt 0.822079 0.888886
vt 0.824358 0.902130
vt 0.809088 0.902100
vt 0.816042 0.888870
vt 0.775950 0.902199
vt 0.795385 0.888811
vt 0.260950 0.299267
vt 0.240629 0.304863
vt 0.227706 0.299449
vt 0.240629 0.291893
vt 0.483991 0.302710
vt 0.473548 0.298048
vt 0.483991 0.289855
vt 0.490595 0.296119
vt 0.503066 0.293535
vt 0.496880 0.300135
vt 0.496880 0.287347
vt 0.509369 0.298467
vt 0.509369 0.285709
vt 0.515943 0.292975
vt 0.530136 0.293237
vt 0.522941 0.298369
vt 0.522941 0.285611
vt 0.537301 0.299433
vt 0.537301 0.286645
vt 0.544927 0.294895
vt 0.693568 0.302006
vt 0.663320 0.296388
vt 0.693568 0.289075
vt 0.723369 0.296664
vt 0.795385 0.302503
vt 0.775834 0.296911
vt 0.795385 0.289533
vt 0.808961 0.297074
vt 0.815551 0.302607
vt 0.815579 0.289626
vt 0.818678 0.297121
vt 0.835475 0.694793
vt 0.828152 0.693345
vt 0.830110 0.687981
vt 0.832041 0.693904
vt 0.830110 0.701113
vt 0.819348 0.694429
vt 0.822079 0.688474
vt 0.824358 0.693636
vt 0.822079 0.701618
vt 0.816042 0.702156
vt 0.809032 0.694680
vt 0.816042 0.689019
vt 0.795048 0.702297
vt 0.778918 0.693399
vt 0.795336 0.688797
vt 0.663319 0.710923
vt 0.723268 0.710827
vt 0.544927 0.711149
vt 0.530136 0.711318
vt 0.515943 0.711402
vt 0.503066 0.711258
vt 0.490595 0.711087
vt 0.473548 0.711036
vt 0.239533 0.688437
vt 0.255891 0.693268
vt 0.240532 0.702159
vt 0.226997 0.694451
vt 0.219871 0.688286
vt 0.219099 0.702135
vt 0.214403 0.694373
vt 0.097828 0.687277
vt 0.130425 0.310222
vt 0.095082 0.694352
vt 0.090318 0.702030
vt 0.092714 0.694355
vt 0.094486 0.687696
vt 0.130458 0.307961
vt 0.091147 0.694478
vt 0.087335 0.702083
vt 0.089744 0.694594
vt 0.221499 0.305071
vt 0.219260 0.299627
vt 0.221846 0.291993
vt 0.213944 0.253624
vt 0.208001 0.733328
vt 0.213854 0.256134
vt 0.211949 0.255714
vt 0.217804 0.314785
vt 0.209155 0.687770
vt 0.215754 0.314242
vt 0.217774 0.313602
vt 0.218702 0.314241
vt 0.213075 0.685733
vt 0.208291 0.702359
vt 0.202140 0.695156
vt 0.217895 0.311415
vt 0.215585 0.309822
vt 0.217499 0.308749
vt 0.218913 0.310465
vt 0.203684 0.684785
vt 0.214239 0.258273
vt 0.214678 0.260078
vt 0.212814 0.259897
vt 0.217135 0.305204
vt 0.214860 0.300016
vt 0.217657 0.292235
vt 0.208932 0.255225
vt 0.194543 0.732152
vt 0.208997 0.256769
vt 0.204380 0.255931
vt 0.211530 0.314667
vt 0.194586 0.688730
vt 0.205556 0.313787
vt 0.211606 0.313396
vt 0.194772 0.702606
vt 0.186543 0.695438
vt 0.211566 0.311263
vt 0.205506 0.310006
vt 0.211210 0.308650
vt 0.209370 0.258928
vt 0.209639 0.261129
vt 0.204523 0.259925
vt 0.210648 0.305548
vt 0.204891 0.300582
vt 0.210740 0.292873
vt 0.197837 0.255404
vt 0.177429 0.731539
vt 0.197837 0.256681
vt 0.191271 0.255978
vt 0.198023 0.313896
vt 0.177844 0.689317
vt 0.190992 0.312885
vt 0.198023 0.312594
vt 0.177921 0.702790
vt 0.169369 0.695847
vt 0.198022 0.310889
vt 0.191003 0.309510
vt 0.197946 0.308762
vt 0.197837 0.258589
vt 0.197848 0.260967
vt 0.191316 0.259648
vt 0.197595 0.305898
vt 0.191035 0.300844
vt 0.197961 0.293373
vt 0.186610 0.255053
vt 0.161250 0.730550
vt 0.186678 0.256465
vt 0.181939 0.255350
vt 0.186480 0.313712
vt 0.161622 0.689374
vt 0.181981 0.313146
vt 0.186480 0.312152
vt 0.161461 0.702452
vt 0.153673 0.695202
vt 0.186482 0.310258
vt 0.181984 0.309330
vt 0.186468 0.308633
vt 0.186742 0.258482
vt 0.186912 0.260782
vt 0.182204 0.259525
vt 0.186381 0.306083
vt 0.182054 0.300914
vt 0.186835 0.293531
vt 0.175074 0.254301
vt 0.145139 0.731294
vt 0.175165 0.255891
vt 0.167376 0.254883
vt 0.175020 0.313833
vt 0.145194 0.688673
vt 0.166996 0.312882
vt 0.174975 0.312234
vt 0.144889 0.702251
vt 0.136436 0.695121
vt 0.174993 0.310219
vt 0.167000 0.309266
vt 0.174997 0.308540
vt 0.175200 0.258056
vt 0.175385 0.260234
vt 0.167397 0.258804
vt 0.175033 0.305862
vt 0.167083 0.300368
vt 0.175115 0.293189
vt 0.159821 0.254245
vt 0.128690 0.732484
vt 0.159864 0.255715
vt 0.152311 0.255343
vt 0.159533 0.313344
vt 0.128939 0.688328
vt 0.152137 0.312331
vt 0.159446 0.311998
vt 0.128642 0.702453
vt 0.121476 0.694934
vt 0.159478 0.310159
vt 0.152133 0.308921
vt 0.159479 0.308247
vt 0.159807 0.257698
vt 0.159852 0.259746
vt 0.152284 0.258916
vt 0.159528 0.305485
vt 0.152182 0.300176
vt 0.159588 0.292717
vt 0.136336 0.726355
vt 0.121257 0.726637
vt 0.128560 0.719837
vt 0.095225 0.726783
vt 0.098541 0.732754
vt 0.130659 0.257617
vt 0.093164 0.726760
vt 0.090363 0.719864
vt 0.091699 0.726813
vt 0.095752 0.732805
vt 0.130727 0.259982
vt 0.090617 0.726800
vt 0.087593 0.719870
vt 0.167338 0.268099
vt 0.159718 0.275017
vt 0.152337 0.267890
vt 0.159813 0.263012
vt 0.182345 0.268929
vt 0.175253 0.275574
vt 0.175391 0.263593
vt 0.191453 0.269129
vt 0.186958 0.276076
vt 0.186988 0.264223
vt 0.204846 0.269042
vt 0.198013 0.276018
vt 0.197927 0.264356
vt 0.214325 0.268399
vt 0.210656 0.275492
vt 0.210038 0.264198
vt 0.218275 0.267709
vt 0.217423 0.274751
vt 0.215504 0.263385
vt 0.227552 0.267552
vt 0.221684 0.274428
vt 0.260950 0.267424
vt 0.240629 0.274312
vt 0.483991 0.272428
vt 0.473548 0.266389
vt 0.490595 0.264617
vt 0.503066 0.262171
vt 0.496880 0.270011
vt 0.509369 0.268415
vt 0.515943 0.261627
vt 0.530136 0.261873
vt 0.522941 0.268317
vt 0.537301 0.269309
vt 0.544927 0.263391
vt 0.693568 0.271547
vt 0.663320 0.264634
vt 0.723369 0.264873
vt 0.795385 0.271951
vt 0.775834 0.265068
vt 0.808978 0.265187
vt 0.815616 0.272029
vt 0.818812 0.265221
vt 0.835445 0.726820
vt 0.828152 0.725679
vt 0.830110 0.718916
vt 0.832037 0.726086
vt 0.819348 0.726663
vt 0.822079 0.719433
vt 0.824358 0.725977
vt 0.809154 0.726842
vt 0.816042 0.719915
vt 0.779607 0.728239
vt 0.795191 0.720035
vt 0.240519 0.719944
vt 0.255776 0.727983
vt 0.226853 0.726924
vt 0.218952 0.720049
vt 0.213546 0.727418
vt 0.208133 0.719982
vt 0.201964 0.726591
vt 0.194749 0.719745
vt 0.186441 0.726268
vt 0.177747 0.719500
vt 0.168938 0.725567
vt 0.161315 0.718844
vt 0.153623 0.725055
vt 0.144881 0.719106
vt 0.136226 0.711147
vt 0.121289 0.711217
vt 0.090911 0.711082
vt 0.088537 0.711080
vt 0.087049 0.711080
vt 0.085806 0.711080
vt 0.167194 0.283954
vt 0.152264 0.283733
vt 0.182220 0.284647
vt 0.191482 0.284683
vt 0.204986 0.284438
vt 0.215098 0.283650
vt 0.219683 0.283175
vt 0.227771 0.283054
vt 0.260950 0.282905
vt 0.473548 0.281781
vt 0.490595 0.279932
vt 0.503066 0.277420
vt 0.515943 0.276868
vt 0.530136 0.277121
vt 0.544927 0.278708
vt 0.663320 0.280072
vt 0.723369 0.280329
vt 0.775834 0.280549
vt 0.808970 0.280690
vt 0.818747 0.280730
vt 0.835459 0.711249
vt 0.828152 0.709959
vt 0.832039 0.710440
vt 0.819348 0.710993
vt 0.824358 0.710254
vt 0.808989 0.711207
vt 0.775278 0.711255
vt 0.260981 0.711108
vt 0.227058 0.711166
vt 0.213606 0.711230
vt 0.202072 0.711277
vt 0.186617 0.711270
vt 0.169219 0.711107
vt 0.153528 0.710518
vt 0.215286 0.827293
vt 0.212689 0.854679
vt 0.210931 0.827877
vt 0.212772 0.797301
vt 0.206896 0.827748
vt 0.204602 0.854474
vt 0.202613 0.827540
vt 0.204702 0.797382
vt 0.227431 0.168708
vt 0.220575 0.199360
vt 0.216821 0.168708
vt 0.199715 0.827585
vt 0.220491 0.141570
vt 0.260950 0.168719
vt 0.240629 0.199398
vt 0.240629 0.141607
vt 0.483991 0.198174
vt 0.473548 0.168257
vt 0.483991 0.140892
vt 0.490595 0.166967
vt 0.503066 0.164954
vt 0.496880 0.196145
vt 0.496880 0.139163
vt 0.509369 0.194727
vt 0.509369 0.137882
vt 0.515943 0.164456
vt 0.530136 0.164651
vt 0.522941 0.194627
vt 0.522941 0.137780
vt 0.537301 0.195441
vt 0.537301 0.138457
vt 0.544927 0.165740
vt 0.693568 0.196861
vt 0.663320 0.166206
vt 0.693568 0.139246
vt 0.723369 0.166329
vt 0.795385 0.197037
vt 0.775834 0.166365
vt 0.795385 0.139245
vt 0.809030 0.166345
vt 0.815774 0.197048
vt 0.815896 0.139206
vt 0.819229 0.166342
vt 0.835352 0.826095
vt 0.828151 0.825907
vt 0.830110 0.794770
vt 0.832025 0.825843
vt 0.830110 0.853287
vt 0.819348 0.826595
vt 0.822079 0.795347
vt 0.824358 0.826226
vt 0.822079 0.853918
vt 0.809049 0.826564
vt 0.816042 0.795594
vt 0.816042 0.853999
vt 0.795313 0.853975
vt 0.775677 0.826687
vt 0.795194 0.796047
vt 0.723549 0.826905
vt 0.693763 0.854410
vt 0.663355 0.827143
vt 0.544927 0.827365
vt 0.537301 0.854904
vt 0.530136 0.827515
vt 0.522941 0.855003
vt 0.515943 0.827563
vt 0.509369 0.854861
vt 0.503066 0.827334
vt 0.496880 0.854536
vt 0.490595 0.827087
vt 0.483991 0.854337
vt 0.473548 0.826999
vt 0.240633 0.795955
vt 0.260650 0.826432
vt 0.240554 0.853682
vt 0.227133 0.826443
vt 0.219391 0.796414
vt 0.219358 0.854031
vt 0.216061 0.684520
vt 0.210834 0.683240
vt 0.206330 0.682984
vt 0.202364 0.683426
vt 0.227695 0.307922
vt 0.218930 0.308096
vt 0.199886 0.684262
vt 0.260950 0.307725
vt 0.473548 0.306457
vt 0.490595 0.304487
vt 0.503066 0.301865
vt 0.515943 0.301302
vt 0.530136 0.301568
vt 0.544927 0.303262
vt 0.663320 0.304822
vt 0.723369 0.305108
vt 0.775834 0.305368
vt 0.808957 0.305544
vt 0.818642 0.305593
vt 0.835483 0.686286
vt 0.828152 0.684757
vt 0.832042 0.685356
vt 0.819348 0.685832
vt 0.824358 0.685046
vt 0.809081 0.685553
vt 0.779162 0.685058
vt 0.255827 0.685148
vt 0.227090 0.684171
vt 0.553504 0.796079
vt 0.565630 0.827367
vt 0.553504 0.854851
vt 0.553504 0.735739
vt 0.565630 0.764804
vt 0.553504 0.690178
vt 0.565630 0.711119
vt 0.553504 0.653801
vt 0.565630 0.672112
vt 0.553504 0.564767
vt 0.565630 0.585471
vt 0.553504 0.608670
vt 0.553504 0.506329
vt 0.565630 0.508012
vt 0.553504 0.512318
vt 0.553504 0.502334
vt 0.565630 0.504609
vt 0.553504 0.495584
vt 0.553504 0.491028
vt 0.565630 0.493132
vt 0.553504 0.479591
vt 0.565630 0.484169
vt 0.553504 0.486296
vt 0.565630 0.404953
vt 0.553504 0.425826
vt 0.553504 0.381427
vt 0.565630 0.320667
vt 0.553504 0.337087
vt 0.553504 0.308812
vt 0.565630 0.304245
vt 0.553504 0.300929
vt 0.565630 0.295836
vt 0.553504 0.288073
vt 0.565630 0.279569
vt 0.553504 0.270646
vt 0.565630 0.264177
vt 0.553504 0.259292
vt 0.565630 0.257411
vt 0.553504 0.248995
vt 0.565630 0.166043
vt 0.553504 0.196390
vt 0.553504 0.139106
vt 0.565630 0.091741
vt 0.553504 0.104907
vt 0.553504 0.082207
vt 0.565630 0.077560
vt 0.553504 0.075787
vt 0.555586 0.070319
vt 0.558020 0.925680
vt 0.565845 0.071474
vt 0.553764 0.072560
vt 0.553504 0.920734
vt 0.565630 0.922031
vt 0.554069 0.923722
vt 0.553504 0.913908
vt 0.565630 0.918450
vt 0.553504 0.890110
vt 0.565630 0.903613
vt 0.404929 0.071159
vt 0.432297 0.072978
vt 0.404929 0.074365
vt 0.376160 0.072548
vt 0.404929 0.918618
vt 0.432297 0.920108
vt 0.404929 0.921429
vt 0.404929 0.067905
vt 0.375888 0.920096
vt 0.375888 0.916682
vt 0.404929 0.912001
vt 0.432297 0.916658
vt 0.404929 0.888894
vt 0.432297 0.902168
vt 0.375892 0.902143
vt 0.404929 0.795685
vt 0.432297 0.826890
vt 0.404929 0.854139
vt 0.375914 0.826759
vt 0.375933 0.764403
vt 0.404929 0.735457
vt 0.432297 0.764553
vt 0.376051 0.710756
vt 0.404929 0.689898
vt 0.432297 0.710933
vt 0.376160 0.671712
vt 0.404929 0.653474
vt 0.432297 0.671934
vt 0.404929 0.564041
vt 0.432297 0.585182
vt 0.404929 0.608201
vt 0.376160 0.584754
vt 0.432297 0.508012
vt 0.404929 0.512200
vt 0.376160 0.508012
vt 0.404929 0.506329
vt 0.376160 0.504609
vt 0.404929 0.502334
vt 0.432297 0.504609
vt 0.404929 0.495584
vt 0.376160 0.493132
vt 0.404929 0.491028
vt 0.432297 0.493132
vt 0.432297 0.484169
vt 0.404929 0.486296
vt 0.376160 0.484169
vt 0.404929 0.479591
vt 0.432297 0.406372
vt 0.404929 0.426272
vt 0.376160 0.406548
vt 0.404929 0.384517
vt 0.432297 0.323375
vt 0.404929 0.340430
vt 0.376160 0.323657
vt 0.404929 0.312014
vt 0.432297 0.306918
vt 0.376160 0.307182
vt 0.404929 0.304091
vt 0.432297 0.298491
vt 0.376160 0.298745
vt 0.404929 0.291171
vt 0.432297 0.282189
vt 0.376160 0.282425
vt 0.404929 0.273657
vt 0.432297 0.266765
vt 0.376160 0.266982
vt 0.404929 0.262245
vt 0.432297 0.259984
vt 0.376160 0.260194
vt 0.404929 0.251897
vt 0.432297 0.168422
vt 0.404929 0.199028
vt 0.376160 0.168527
vt 0.404929 0.141458
vt 0.432297 0.093962
vt 0.404929 0.107087
vt 0.376160 0.093982
vt 0.404929 0.084279
vt 0.432297 0.079756
vt 0.376160 0.079760
vt 0.404929 0.077843
vt 0.723369 0.521119
vt 0.693568 0.533437
vt 0.663320 0.521298
vt 0.795385 0.532978
vt 0.775834 0.520989
vt 0.809081 0.520881
vt 0.816042 0.532676
vt 0.819348 0.520579
vt 0.824358 0.520001
vt 0.822079 0.531820
vt 0.828152 0.519851
vt 0.832061 0.520203
vt 0.830110 0.531321
vt 0.808869 0.469868
vt 0.815222 0.456942
vt 0.817942 0.469868
vt 0.835639 0.520719
vt 0.775834 0.469868
vt 0.795385 0.456942
vt 0.663320 0.469868
vt 0.693568 0.456942
vt 0.723369 0.469868
vt 0.553504 0.456942
vt 0.565630 0.469868
vt 0.544927 0.469868
vt 0.530136 0.469868
vt 0.537301 0.456942
vt 0.522941 0.456942
vt 0.515943 0.469868
vt 0.503066 0.469868
vt 0.509369 0.456942
vt 0.496880 0.456942
vt 0.490595 0.469868
vt 0.473548 0.469868
vt 0.483991 0.456942
vt 0.404929 0.456942
vt 0.432297 0.469868
vt 0.376160 0.469868
vt 0.240629 0.456942
vt 0.260950 0.469868
vt 0.227839 0.469868
vt 0.222150 0.456942
vt 0.220079 0.469868
vt 0.199733 0.521369
vt 0.207063 0.520523
vt 0.204748 0.532414
vt 0.202633 0.520865
vt 0.216562 0.520852
vt 0.213742 0.532587
vt 0.211454 0.520622
vt 0.227346 0.520816
vt 0.220186 0.532794
vt 0.260950 0.520898
vt 0.240629 0.532793
vt 0.432297 0.521589
vt 0.404929 0.533836
vt 0.376160 0.521303
vt 0.490595 0.522171
vt 0.483991 0.534876
vt 0.473548 0.521925
vt 0.503066 0.522362
vt 0.496880 0.535225
vt 0.515943 0.522440
vt 0.509369 0.535468
vt 0.530136 0.522320
vt 0.522941 0.535443
vt 0.544927 0.522045
vt 0.537301 0.535093
vt 0.565630 0.521779
vt 0.553504 0.534639
vt 0.723369 0.631295
vt 0.663320 0.631583
vt 0.775834 0.631043
vt 0.809081 0.630842
vt 0.819348 0.630443
vt 0.824358 0.629437
vt 0.828152 0.629158
vt 0.832048 0.630017
vt 0.808928 0.360374
vt 0.818411 0.360444
vt 0.835534 0.631216
vt 0.775834 0.360121
vt 0.663320 0.359422
vt 0.723369 0.359773
vt 0.565630 0.358683
vt 0.544927 0.357432
vt 0.530136 0.355499
vt 0.515943 0.355205
vt 0.503066 0.355794
vt 0.490595 0.358655
vt 0.473548 0.360893
vt 0.432297 0.361471
vt 0.376160 0.361797
vt 0.260950 0.362479
vt 0.227780 0.362733
vt 0.219610 0.362807
vt 0.199835 0.630374
vt 0.207063 0.628371
vt 0.202695 0.629207
vt 0.216287 0.629900
vt 0.211361 0.628678
vt 0.227301 0.630538
vt 0.260950 0.630825
vt 0.432297 0.631795
vt 0.376160 0.631493
vt 0.490595 0.632069
vt 0.473548 0.631995
vt 0.503066 0.632223
vt 0.515943 0.632342
vt 0.530136 0.632252
vt 0.544927 0.632074
vt 0.565630 0.631998
vt 0.775469 0.767523
vt 0.809019 0.765432
vt 0.819348 0.764921
vt 0.824358 0.764360
vt 0.828152 0.764055
vt 0.832033 0.764282
vt 0.808998 0.227341
vt 0.818972 0.227362
vt 0.835409 0.764831
vt 0.775834 0.227276
vt 0.663320 0.226947
vt 0.723369 0.227141
vt 0.565630 0.226603
vt 0.544927 0.226002
vt 0.530136 0.224648
vt 0.515943 0.224421
vt 0.503066 0.224948
vt 0.490595 0.227228
vt 0.473548 0.228816
vt 0.432297 0.229110
vt 0.376160 0.229285
vt 0.260950 0.229631
vt 0.227427 0.229650
vt 0.216782 0.229303
vt 0.199658 0.768001
vt 0.206847 0.767843
vt 0.202571 0.767835
vt 0.215197 0.767488
vt 0.210910 0.767895
vt 0.227136 0.766956
vt 0.260777 0.766716
vt 0.663379 0.874326
vt 0.723715 0.874045
vt 0.775847 0.873820
vt 0.809073 0.873712
vt 0.819348 0.873834
vt 0.824358 0.873606
vt 0.828151 0.873275
vt 0.832020 0.872988
vt 0.809055 0.119631
vt 0.819426 0.119611
vt 0.835308 0.873013
vt 0.775834 0.119717
vt 0.663320 0.119689
vt 0.723369 0.119756
vt 0.565630 0.119664
vt 0.544927 0.119589
vt 0.530136 0.118703
vt 0.515943 0.118533
vt 0.503066 0.119009
vt 0.490595 0.120817
vt 0.473548 0.121879
vt 0.432297 0.121944
vt 0.376160 0.121996
vt 0.260950 0.122070
vt 0.227407 0.121995
vt 0.216624 0.121976
vt 0.199758 0.873495
vt 0.206775 0.874078
vt 0.202578 0.873663
vt 0.215194 0.873976
vt 0.210834 0.874281
vt 0.227102 0.873447
vt 0.260533 0.873493
vt 0.432297 0.873897
vt 0.375900 0.873806
vt 0.490595 0.874095
vt 0.473548 0.873968
vt 0.503066 0.874450
vt 0.515943 0.874793
vt 0.530136 0.874839
vt 0.544927 0.874782
vt 0.565630 0.874782
vt 0.107689 0.694774
vt 0.103176 0.702210
vt 0.101330 0.694662
vt 0.105104 0.687974
vt 0.135716 0.310874
vt 0.134087 0.310363
vt 0.135632 0.309913
vt 0.138652 0.310720
vt 0.135666 0.308645
vt 0.134122 0.308020
vt 0.135684 0.307521
vt 0.138648 0.308177
vt 0.138399 0.300017
vt 0.135440 0.305147
vt 0.132096 0.299957
vt 0.134008 0.292494
vt 0.138232 0.283618
vt 0.130100 0.283557
vt 0.134071 0.274823
vt 0.138410 0.267810
vt 0.132197 0.267772
vt 0.135378 0.263009
vt 0.135309 0.259326
vt 0.138215 0.259747
vt 0.135374 0.260437
vt 0.133991 0.259923
vt 0.135339 0.256925
vt 0.104721 0.732540
vt 0.138240 0.257094
vt 0.135322 0.257970
vt 0.133977 0.257475
vt 0.107409 0.726644
vt 0.101128 0.726664
vt 0.103030 0.719814
vt 0.107256 0.711146
vt 0.099131 0.711101
vt 0.113739 0.719839
vt 0.113876 0.702304
vt 0.114090 0.688089
vt 0.144718 0.312049
vt 0.144639 0.310908
vt 0.144664 0.309360
vt 0.144651 0.307806
vt 0.144658 0.305292
vt 0.144706 0.292588
vt 0.144780 0.274903
vt 0.144674 0.263003
vt 0.144460 0.258544
vt 0.144522 0.260105
vt 0.144479 0.255646
vt 0.113715 0.732524
vt 0.144510 0.256891
vt 0.826305 0.500113
vt 0.819659 0.498989
vt 0.826308 0.511026
vt 0.826309 0.531064
vt 0.826309 0.560887
vt 0.826308 0.605465
vt 0.826308 0.650771
vt 0.826308 0.679734
vt 0.826308 0.687809
vt 0.826308 0.700977
vt 0.826308 0.718828
vt 0.826308 0.730459
vt 0.826308 0.741006
vt 0.826308 0.794892
vt 0.826308 0.853570
vt 0.826308 0.888601
vt 0.826308 0.911917
vt 0.826305 0.919015
vt 0.821788 0.925187
vt 0.809495 0.925167
vt 0.776982 0.924980
vt 0.725170 0.924460
vt 0.663596 0.924387
vt 0.566195 0.924593
vt 0.548967 0.924993
vt 0.541210 0.928714
vt 0.529731 0.924769
vt 0.515943 0.925198
vt 0.503267 0.923495
vt 0.492362 0.924110
vt 0.487825 0.069600
vt 0.473182 0.069655
vt 0.432297 0.069765
vt 0.376160 0.069289
vt 0.260950 0.069363
vt 0.227247 0.069456
vt 0.215346 0.069484
vt 0.208203 0.918866
vt 0.208774 0.911881
vt 0.208862 0.889063
vt 0.208898 0.854790
vt 0.209029 0.797545
vt 0.208706 0.745549
vt 0.207679 0.735631
vt 0.215052 0.256528
vt 0.212279 0.257758
vt 0.204438 0.257641
vt 0.191285 0.257490
vt 0.182020 0.257243
vt 0.167373 0.256671
vt 0.152292 0.256981
vt 0.138221 0.258388
vt 0.133958 0.258687
vt 0.097064 0.732772
vt 0.130640 0.258791
vt 0.088935 0.719866
vt 0.088837 0.702054
vt 0.096019 0.687468
vt 0.130403 0.309146
vt 0.134064 0.309251
vt 0.138630 0.309533
vt 0.152115 0.310829
vt 0.166977 0.311215
vt 0.181979 0.311229
vt 0.190992 0.311358
vt 0.205566 0.312272
vt 0.215826 0.312495
vt 0.218806 0.312785
vt 0.207968 0.684621
vt 0.208989 0.678025
vt 0.209210 0.649544
vt 0.209233 0.605190
vt 0.209245 0.561572
vt 0.209255 0.532165
vt 0.209354 0.511522
vt 0.209998 0.502740
vt 0.214905 0.498989
vt 0.227192 0.498989
vt 0.260950 0.498989
vt 0.376160 0.498989
vt 0.432297 0.498989
vt 0.473548 0.498989
vt 0.490595 0.498989
vt 0.503066 0.498989
vt 0.515943 0.498989
vt 0.530136 0.498989
vt 0.544927 0.498989
vt 0.565630 0.498989
vt 0.663320 0.498989
vt 0.723369 0.498989
vt 0.775834 0.498989
vt 0.809084 0.498989
vt 0.217226 0.488665
vt 0.202294 0.503714
vt 0.227482 0.488665
vt 0.260950 0.488665
vt 0.376160 0.488665
vt 0.432297 0.488665
vt 0.473548 0.488665
vt 0.490595 0.488665
vt 0.503066 0.488665
vt 0.515943 0.488665
vt 0.530136 0.488665
vt 0.544927 0.488665
vt 0.565630 0.488665
vt 0.663320 0.488665
vt 0.723369 0.488665
vt 0.775834 0.488665
vt 0.808957 0.488665
vt 0.818641 0.488665
vt 0.833419 0.501761
vt 0.833828 0.511381
vt 0.833877 0.532208
vt 0.833862 0.562736
vt 0.833841 0.607095
vt 0.833820 0.652046
vt 0.833807 0.680782
vt 0.833803 0.688794
vt 0.833797 0.701860
vt 0.833789 0.719571
vt 0.833783 0.731111
vt 0.833778 0.741575
vt 0.833753 0.795039
vt 0.833726 0.853257
vt 0.833710 0.888014
vt 0.833642 0.911127
vt 0.833237 0.918033
vt 0.820036 0.931231
vt 0.809233 0.931136
vt 0.779137 0.930842
vt 0.778629 0.074569
vt 0.723408 0.074461
vt 0.663320 0.074287
vt 0.565630 0.074044
vt 0.544927 0.074013
vt 0.530136 0.073634
vt 0.515943 0.073659
vt 0.503066 0.073881
vt 0.490595 0.075223
vt 0.473548 0.076180
vt 0.432297 0.076053
vt 0.376160 0.076120
vt 0.260950 0.076080
vt 0.227326 0.075744
vt 0.215977 0.075698
vt 0.202192 0.917685
vt 0.201215 0.910892
vt 0.201060 0.888271
vt 0.201042 0.854263
vt 0.201034 0.797414
vt 0.200933 0.745701
vt 0.200750 0.736279
vt 0.215738 0.260251
vt 0.213286 0.261783
vt 0.204632 0.262131
vt 0.191382 0.261956
vt 0.182390 0.261702
vt 0.167433 0.260860
vt 0.152335 0.260770
vt 0.138389 0.260979
vt 0.134117 0.261021
vt 0.094896 0.732908
vt 0.130755 0.261033
vt 0.089924 0.726935
vt 0.125939 0.267732
vt 0.086707 0.719883
vt 0.085084 0.711080
vt 0.121009 0.283491
vt 0.086289 0.702127
vt 0.093410 0.688046
vt 0.130435 0.307055
vt 0.088993 0.694835
vt 0.125670 0.299904
vt 0.134148 0.307093
vt 0.138629 0.307162
vt 0.152143 0.307455
vt 0.167022 0.307739
vt 0.181964 0.308091
vt 0.190801 0.308035
vt 0.205118 0.307953
vt 0.214962 0.307610
vt 0.218616 0.307813
vt 0.200840 0.685447
vt 0.201127 0.678931
vt 0.201150 0.650769
vt 0.201116 0.606774
vt 0.201081 0.563370
vt 0.201059 0.533278
vt 0.201200 0.511789
vt 0.583901 0.690142
vt 0.607108 0.711065
vt 0.583901 0.735729
vt 0.607108 0.672019
vt 0.583901 0.653731
vt 0.583901 0.608515
vt 0.607108 0.631834
vt 0.583901 0.564442
vt 0.607108 0.585155
vt 0.583901 0.512252
vt 0.607108 0.521516
vt 0.583901 0.534201
vt 0.583901 0.506329
vt 0.607108 0.508012
vt 0.607108 0.504609
vt 0.583901 0.502334
vt 0.607108 0.498989
vt 0.583901 0.495584
vt 0.607108 0.493132
vt 0.583901 0.491028
vt 0.607108 0.488665
vt 0.583901 0.486296
vt 0.583901 0.479591
vt 0.607108 0.484169
vt 0.607108 0.469868
vt 0.583901 0.456942
vt 0.607108 0.405186
vt 0.583901 0.425932
vt 0.583901 0.382145
vt 0.607108 0.359103
vt 0.583901 0.337775
vt 0.607108 0.321012
vt 0.583901 0.309401
vt 0.607108 0.304558
vt 0.583901 0.301490
vt 0.607108 0.296132
vt 0.583901 0.288589
vt 0.607108 0.279833
vt 0.583901 0.271100
vt 0.607108 0.264411
vt 0.583901 0.259706
vt 0.607108 0.257631
vt 0.583901 0.249373
vt 0.607108 0.226762
vt 0.583901 0.196582
vt 0.607108 0.166083
vt 0.583901 0.139096
vt 0.607108 0.119612
vt 0.583901 0.104776
vt 0.607108 0.091635
vt 0.583901 0.082002
vt 0.607108 0.077431
vt 0.583901 0.075644
vt 0.583856 0.072739
vt 0.607108 0.074116
vt 0.583542 0.070722
vt 0.583901 0.925797
vt 0.604886 0.071902
vt 0.606617 0.927306
vt 0.583901 0.923147
vt 0.607108 0.924444
vt 0.583901 0.920066
vt 0.607108 0.921442
vt 0.583901 0.913353
vt 0.607108 0.917753
vt 0.583901 0.889930
vt 0.607108 0.903137
vt 0.583901 0.854830
vt 0.607108 0.874607
vt 0.583901 0.796084
vt 0.607108 0.827319
vt 0.607108 0.764776
vt 0.754638 0.681338
vt 0.754349 0.697601
vt 0.751310 0.652476
vt 0.751310 0.607634
vt 0.751310 0.563326
vt 0.751310 0.533162
vt 0.751310 0.512103
vt 0.751310 0.506329
vt 0.751310 0.502334
vt 0.751310 0.495584
vt 0.751310 0.491028
vt 0.751310 0.486296
vt 0.751310 0.479591
vt 0.751310 0.456942
vt 0.751310 0.426068
vt 0.751310 0.383077
vt 0.751310 0.338700
vt 0.751310 0.310222
vt 0.751310 0.302282
vt 0.751310 0.289333
vt 0.751310 0.271780
vt 0.751310 0.260344
vt 0.751310 0.249973
vt 0.751310 0.196987
vt 0.751310 0.139290
vt 0.751310 0.104843
vt 0.751310 0.081984
vt 0.751349 0.075729
vt 0.751618 0.073565
vt 0.753035 0.929243
vt 0.753144 0.926240
vt 0.752774 0.923197
vt 0.752343 0.919960
vt 0.751761 0.912314
vt 0.751578 0.888997
vt 0.751433 0.854162
vt 0.751203 0.796103
vt 0.754445 0.724269
vt 0.754507 0.743209
vt 0.455743 0.564549
vt 0.455743 0.608530
vt 0.455743 0.653689
vt 0.455743 0.690059
vt 0.455743 0.735589
vt 0.455743 0.795811
vt 0.455743 0.854248
vt 0.455743 0.888918
vt 0.455743 0.911879
vt 0.455743 0.918462
vt 0.455743 0.921377
vt 0.455743 0.067853
vt 0.455743 0.071535
vt 0.455743 0.074556
vt 0.455743 0.077930
vt 0.455743 0.084347
vt 0.455743 0.107123
vt 0.455743 0.141445
vt 0.455743 0.198933
vt 0.455743 0.251727
vt 0.455743 0.262061
vt 0.455743 0.273456
vt 0.455743 0.290945
vt 0.455743 0.303847
vt 0.455743 0.311758
vt 0.455743 0.340134
vt 0.455743 0.384211
vt 0.455743 0.426227
vt 0.455743 0.456942
vt 0.455743 0.479591
vt 0.455743 0.486296
vt 0.455743 0.491028
vt 0.455743 0.495584
vt 0.455743 0.502334
vt 0.455743 0.506329
vt 0.455743 0.512281
vt 0.455743 0.534388
vt 0.289205 0.563195
vt 0.320142 0.584373
vt 0.289205 0.607482
vt 0.320142 0.631176
vt 0.289205 0.652366
vt 0.320142 0.670937
vt 0.285005 0.681559
vt 0.284971 0.697431
vt 0.319512 0.710658
vt 0.284422 0.724042
vt 0.284280 0.742244
vt 0.318785 0.764618
vt 0.288259 0.795747
vt 0.318653 0.826612
vt 0.288111 0.853849
vt 0.318555 0.873676
vt 0.288018 0.888644
vt 0.318497 0.902029
vt 0.287955 0.911786
vt 0.318467 0.916583
vt 0.287936 0.918646
vt 0.288790 0.065814
vt 0.321011 0.066887
vt 0.319244 0.919981
vt 0.289153 0.068048
vt 0.320142 0.069264
vt 0.289205 0.070823
vt 0.320142 0.072617
vt 0.289205 0.074627
vt 0.320142 0.076214
vt 0.289205 0.077736
vt 0.320142 0.079752
vt 0.289205 0.084281
vt 0.320142 0.094020
vt 0.289205 0.107172
vt 0.320142 0.122063
vt 0.289205 0.141621
vt 0.320142 0.168643
vt 0.289205 0.199322
vt 0.320142 0.229464
vt 0.289205 0.252312
vt 0.320142 0.260406
vt 0.289205 0.262683
vt 0.320142 0.267201
vt 0.289205 0.274121
vt 0.320142 0.282660
vt 0.289205 0.291675
vt 0.320142 0.298997
vt 0.289205 0.304624
vt 0.320142 0.307443
vt 0.289205 0.312565
vt 0.320142 0.323936
vt 0.289205 0.341046
vt 0.320142 0.362116
vt 0.289205 0.385132
vt 0.320142 0.406720
vt 0.289205 0.426362
vt 0.289205 0.456942
vt 0.320142 0.469868
vt 0.289205 0.479591
vt 0.320142 0.484169
vt 0.289205 0.486296
vt 0.289205 0.491028
vt 0.320142 0.488665
vt 0.289205 0.495584
vt 0.320142 0.493132
vt 0.289205 0.502334
vt 0.320142 0.498989
vt 0.289205 0.506329
vt 0.320142 0.504609
vt 0.320142 0.508012
vt 0.289205 0.512088
vt 0.320142 0.521089
vt 0.289205 0.533055
vt 0.132377 0.310737
vt 0.101291 0.687591
vt 0.132266 0.309801
vt 0.132324 0.308572
vt 0.132354 0.307484
vt 0.131516 0.305109
vt 0.126505 0.292438
vt 0.126624 0.274770
vt 0.131706 0.262997
vt 0.132442 0.260470
vt 0.132401 0.259398
vt 0.132339 0.258081
vt 0.132451 0.257065
vt 0.101309 0.732689
vt 0.095476 0.719838
vt 0.095545 0.702102
vt 0.634040 0.653562
vt 0.634040 0.690025
vt 0.634040 0.608242
vt 0.634040 0.564024
vt 0.634040 0.512191
vt 0.634040 0.533782
vt 0.634040 0.506329
vt 0.634040 0.502334
vt 0.634040 0.495584
vt 0.634040 0.491028
vt 0.634040 0.486296
vt 0.634040 0.479591
vt 0.634040 0.456942
vt 0.634040 0.425974
vt 0.634040 0.382434
vt 0.634040 0.338059
vt 0.634040 0.309649
vt 0.634040 0.301729
vt 0.634040 0.288812
vt 0.634040 0.271302
vt 0.634040 0.259893
vt 0.634040 0.249548
vt 0.634040 0.196692
vt 0.634040 0.139135
vt 0.634040 0.104773
vt 0.634040 0.081970
vt 0.634040 0.075647
vt 0.634040 0.072911
vt 0.635413 0.928799
vt 0.634212 0.925920
vt 0.634040 0.922848
vt 0.634040 0.919496
vt 0.634040 0.912788
vt 0.634041 0.889586
vt 0.634040 0.854665
vt 0.634040 0.796001
vt 0.634040 0.735646
vt 0.348513 0.486296
vt 0.348513 0.479591
vt 0.348513 0.456942
vt 0.348513 0.426315
vt 0.348513 0.384810
vt 0.348513 0.340726
vt 0.348513 0.312281
vt 0.348513 0.304350
vt 0.348513 0.291417
vt 0.348513 0.273885
vt 0.348513 0.262462
vt 0.348513 0.252103
vt 0.348513 0.199181
vt 0.348513 0.141552
vt 0.348513 0.107146
vt 0.348513 0.084315
vt 0.348513 0.077897
vt 0.348513 0.074455
vt 0.348513 0.070695
vt 0.348513 0.067942
vt 0.347421 0.921307
vt 0.347423 0.918562
vt 0.347430 0.911939
vt 0.347456 0.888803
vt 0.347494 0.854015
vt 0.347563 0.795536
vt 0.347741 0.735282
vt 0.348404 0.689679
vt 0.348513 0.653201
vt 0.348513 0.607843
vt 0.348513 0.563593
vt 0.348513 0.512139
vt 0.348513 0.533412
vt 0.348513 0.506329
vt 0.348513 0.502334
vt 0.348513 0.495584
vt 0.348513 0.491028
vt 0.515943 0.549156
vt 0.503066 0.549016
vt 0.490595 0.548721
vt 0.473548 0.548372
vt 0.432297 0.547800
vt 0.376160 0.547263
vt 0.320142 0.546843
vt 0.260950 0.546461
vt 0.227335 0.546278
vt 0.216496 0.546229
vt 0.211430 0.545585
vt 0.207062 0.545384
vt 0.202645 0.546304
vt 0.199758 0.547556
vt 0.219965 0.442754
vt 0.227824 0.442754
vt 0.260950 0.442754
vt 0.320142 0.442754
vt 0.376160 0.442754
vt 0.432297 0.442754
vt 0.473548 0.442754
vt 0.490595 0.442754
vt 0.503066 0.442754
vt 0.515943 0.442754
vt 0.530136 0.442754
vt 0.544927 0.442754
vt 0.565630 0.442754
vt 0.607108 0.442754
vt 0.663320 0.442754
vt 0.723369 0.442754
vt 0.775834 0.442754
vt 0.808883 0.442754
vt 0.818055 0.442754
vt 0.835614 0.546577
vt 0.832058 0.545292
vt 0.828152 0.544345
vt 0.824358 0.544629
vt 0.819348 0.545832
vt 0.809081 0.546419
vt 0.775834 0.546642
vt 0.723369 0.546912
vt 0.663320 0.547270
vt 0.607108 0.547694
vt 0.565630 0.548165
vt 0.544927 0.548550
vt 0.530136 0.548969
vn -0.072076 -0.833570 -0.547692
vn -0.021597 -0.650767 -0.758970
vn -0.023505 -0.655373 -0.754939
vn -0.074193 -0.837744 -0.541000
vn -0.007896 -0.592123 -0.805809
vn -0.009069 -0.593636 -0.804683
vn -0.011125 -0.595310 -0.803419
vn -0.026426 -0.661339 -0.749621
vn -0.077300 -0.845775 -0.527911
vn 0.276075 -0.827475 -0.488946
vn 0.548127 -0.793014 -0.265868
vn 0.634760 -0.634855 -0.440497
vn 0.345760 -0.667880 -0.659081
vn 0.739916 -0.672329 -0.022300
vn 0.833722 -0.524808 -0.171711
vn 0.868962 -0.429323 -0.246142
vn 0.663235 -0.553144 -0.504134
vn 0.367982 -0.609219 -0.702453
vn 0.840895 -0.391489 0.373674
vn 0.805785 -0.281236 0.521169
vn 0.900174 -0.114939 0.420090
vn 0.932597 -0.240461 0.269150
vn 0.666084 -0.109242 0.737834
vn 0.755006 0.104233 0.647381
vn 0.782793 0.198530 0.589763
vn 0.936344 -0.018685 0.350585
vn 0.970232 -0.141090 0.196833
vn 0.153463 0.249566 0.956120
vn -0.024628 0.330675 0.943423
vn 0.015973 0.529651 0.848066
vn 0.215112 0.465484 0.858517
vn -0.058753 0.329768 0.942232
vn -0.020188 0.533710 0.845427
vn -0.011436 0.578185 0.815826
vn 0.025067 0.572849 0.819277
vn 0.231271 0.519915 0.822315
vn -0.090568 0.119958 0.988639
vn -0.092462 0.108233 0.989816
vn -0.040050 0.399661 0.915788
vn -0.039297 0.403089 0.914316
vn -0.094665 0.094223 0.991040
vn -0.040990 0.395618 0.917500
vn -0.010721 0.539791 0.841731
vn -0.010317 0.540657 0.841180
vn -0.010046 0.541405 0.840702
vn -0.441123 0.153275 0.884261
vn -0.430244 0.427705 0.794958
vn -0.708813 0.360788 0.606149
vn -0.696445 0.093494 0.711494
vn -0.411149 0.555576 0.722698
vn -0.693160 0.486272 0.532042
vn -0.863075 0.381836 0.330609
vn -0.876397 0.255554 0.408191
vn -0.845930 -0.011045 0.533180
vn -0.945407 -0.303520 0.118661
vn -0.995873 -0.061056 -0.067157
vn -0.936688 -0.217569 -0.274372
vn -0.895816 -0.439393 -0.066693
vn -0.985662 0.061266 -0.157214
vn -0.924725 -0.101471 -0.366860
vn -0.799245 -0.256751 -0.543403
vn -0.813384 -0.368619 -0.450030
vn -0.788500 -0.571117 -0.228238
vn -0.338515 -0.830419 -0.442506
vn -0.317158 -0.658537 -0.682451
vn -0.088734 -0.718263 -0.690090
vn -0.134568 -0.878879 -0.457671
vn -0.296508 -0.548187 -0.782032
vn -0.062597 -0.609313 -0.790455
vn -0.010145 -0.618864 -0.785432
vn -0.037867 -0.728281 -0.684232
vn -0.086882 -0.884222 -0.458915
vn -0.124813 -0.109102 0.986164
vn -0.125930 -0.121049 0.984626
vn -0.123747 -0.101088 0.987151
vn -0.158973 -0.386438 0.908512
vn -0.156763 -0.361889 0.918946
vn -0.152902 -0.340632 0.927680
vn 0.267854 0.468760 0.841735
vn 0.237817 0.329348 0.913769
vn 0.534958 0.160788 0.829438
vn 0.572629 0.328596 0.751080
vn 0.075983 0.018763 0.996933
vn 0.199262 -0.188299 0.961685
vn 0.287981 -0.379741 0.879127
vn 0.715752 -0.023143 0.697971
vn 0.788121 0.159101 0.594602
vn 0.102073 0.923346 0.370152
vn 0.104366 0.928314 0.356848
vn 0.150458 0.987961 0.035988
vn 0.146653 0.986935 0.066726
vn 0.107140 0.934038 0.340727
vn 0.155056 0.987905 -0.001200
vn 0.185660 0.912868 -0.363597
vn 0.182675 0.928747 -0.322581
vn 0.180153 0.940875 -0.286877
vn -0.618180 0.784036 -0.056047
vn -0.496415 0.854541 0.152746
vn -0.328827 0.940018 -0.090766
vn -0.352379 0.886224 -0.300727
vn -0.250848 0.909852 0.330522
vn -0.156075 0.982219 0.104334
vn -0.025044 0.980520 -0.194818
vn -0.089975 0.922745 -0.374762
vn -0.021102 0.856506 -0.515706
vn -0.652370 -0.106773 0.750342
vn -0.428431 -0.057285 0.901757
vn -0.779455 -0.201900 0.593031
vn -0.641075 -0.428916 0.636439
vn -0.544553 -0.363804 0.755717
vn -0.379538 -0.338613 0.860983
vn -0.569400 0.238877 -0.786589
vn -0.646588 0.403026 -0.647684
vn -0.324175 0.654397 -0.683136
vn -0.338089 0.512365 -0.789416
vn -0.676136 0.552644 -0.487262
vn -0.305230 0.748591 -0.588597
vn 0.082044 0.807471 -0.584174
vn 0.036155 0.796566 -0.603469
vn -0.045360 0.737639 -0.673670
vn -0.815151 -0.572797 0.086206
vn -0.854499 -0.458623 0.243920
vn -0.729079 -0.682033 -0.057225
vn -0.616460 -0.773907 0.145069
vn -0.665646 -0.698235 0.263408
vn -0.687496 -0.618359 0.380764
vn 0.094834 -0.098442 -0.990614
vn 0.049711 -0.099675 -0.993777
vn 0.094127 0.139319 -0.985764
vn 0.134178 0.150484 -0.979465
vn -0.148083 -0.049820 -0.987719
vn -0.071634 0.190302 -0.979109
vn 0.025779 0.476574 -0.878756
vn 0.141544 0.428343 -0.892461
vn 0.172174 0.448403 -0.877092
vn 0.075994 -0.937747 -0.338902
vn 0.237548 -0.758885 -0.606354
vn 0.534608 -0.733520 -0.419694
vn 0.199305 -0.971107 -0.131257
vn 0.267522 -0.645747 -0.715152
vn 0.572217 -0.605220 -0.553423
vn 0.787800 -0.511822 -0.342651
vn 0.715469 -0.668437 -0.203216
vn 0.288090 -0.954529 0.076671
vn -0.161285 -0.941758 -0.295090
vn -0.340688 -0.901840 -0.265736
vn -0.114062 -0.945265 -0.305720
vn -0.138741 -0.980269 -0.140794
vn -0.185741 -0.974885 -0.122883
vn -0.333027 -0.940106 -0.072755
vn 0.182586 0.605583 -0.774553
vn 0.183769 0.615933 -0.766065
vn 0.171022 0.478132 -0.861476
vn 0.167860 0.447830 -0.878220
vn 0.185547 0.628129 -0.755663
vn 0.174782 0.513887 -0.839864
vn 0.160734 0.400829 -0.901943
vn 0.156273 0.357959 -0.920567
vn 0.152285 0.322064 -0.934390
vn 0.426300 0.606605 -0.671044
vn 0.348817 0.583565 -0.733334
vn 0.465818 0.425704 -0.775751
vn 0.545453 0.505562 -0.668497
vn 0.260926 0.587693 -0.765855
vn 0.328925 0.367977 -0.869713
vn 0.364651 0.214214 -0.906169
vn 0.551466 0.290126 -0.782120
vn 0.662295 0.391821 -0.638625
vn 0.387022 0.862734 -0.325430
vn 0.450584 0.804530 -0.386918
vn 0.558623 0.764823 -0.320914
vn 0.507737 0.836601 -0.205673
vn 0.477948 0.735583 -0.480087
vn 0.571375 0.692847 -0.439879
vn 0.700057 0.610268 -0.370801
vn 0.685477 0.686975 -0.241219
vn 0.615187 0.782509 -0.096051
vn 0.185046 0.939537 -0.288148
vn 0.191572 0.935159 -0.297957
vn 0.177836 0.983815 -0.021978
vn 0.159910 0.986748 -0.027520
vn 0.224193 0.925483 -0.305317
vn 0.265933 0.962692 -0.050038
vn 0.284318 0.952329 0.110604
vn 0.161267 0.976978 0.139669
vn 0.137695 0.982535 0.125161
vn 0.396562 -0.730834 0.555536
vn 0.881759 -0.363477 0.300642
vn 0.831795 -0.184865 0.523395
vn 0.360523 -0.568294 0.739639
vn 0.967073 -0.184425 0.175378
vn 0.913197 -0.003327 0.407505
vn 0.803567 0.149407 0.576158
vn 0.741797 -0.039342 0.669469
vn 0.302360 -0.426831 0.852287
vn -0.213930 -0.794719 0.568028
vn -0.205717 -0.792576 0.574024
vn -0.173417 -0.548561 0.817929
vn -0.118291 -0.580222 0.805822
vn -0.186800 -0.787308 0.587581
vn -0.172082 -0.536649 0.826073
vn -0.145504 -0.276275 0.950000
vn -0.132133 -0.282155 0.950226
vn -0.028272 -0.326270 0.944854
vn -0.158250 -0.801868 0.576164
vn -0.162289 -0.799462 0.578379
vn 0.166173 -0.733535 0.659024
vn 0.178497 -0.781686 0.597584
vn -0.176238 -0.796452 0.578450
vn 0.109508 -0.679614 0.725350
vn 0.371871 -0.484103 0.792058
vn 0.495445 -0.571597 0.654073
vn 0.532070 -0.652933 0.539055
vn -0.186476 -0.796257 0.575501
vn -0.162518 -0.792386 0.587972
vn 0.034745 -0.904040 0.426034
vn -0.087042 -0.920986 0.379747
vn -0.157607 -0.794615 0.586299
vn 0.130600 -0.871599 0.472502
vn 0.434514 -0.856657 0.278093
vn 0.264162 -0.951153 0.159769
vn 0.053721 -0.997392 0.048199
vn -0.184463 -0.811385 0.554642
vn -0.187340 -0.811680 0.553244
vn -0.179433 -0.927126 0.329001
vn -0.177101 -0.927929 0.327999
vn -0.186168 -0.812504 0.552430
vn -0.179025 -0.926073 0.332174
vn -0.156779 -0.986931 0.037249
vn -0.159361 -0.985440 0.059269
vn -0.159978 -0.983570 0.083649
vn 0.967069 -0.225551 0.117914
vn 0.881842 -0.401686 0.246989
vn 0.831769 -0.555091 0.005880
vn 0.913125 -0.386943 -0.128364
vn 0.396492 -0.761528 0.512708
vn 0.360321 -0.883697 0.298745
vn 0.301590 -0.944952 0.126922
vn 0.741118 -0.646909 -0.179590
vn 0.803234 -0.497565 -0.327481
vn 0.009543 0.624781 0.780742
vn 0.009605 0.625418 0.780231
vn 0.041325 0.746006 0.664656
vn 0.040726 0.743669 0.667306
vn 0.009600 0.626180 0.779620
vn 0.041986 0.748765 0.661504
vn -0.805827 0.557594 0.199329
vn -0.634470 0.663753 0.396081
vn -0.846172 0.451206 0.283561
vn -0.674106 0.558552 0.483322
vn -0.390466 0.631494 0.669889
vn -0.352394 0.738619 0.574683
vn -0.741739 -0.076835 -0.666273
vn -0.868285 0.075993 -0.490210
vn -0.781852 -0.191187 -0.593426
vn -0.909114 -0.037097 -0.414891
vn -0.970530 0.126980 -0.204812
vn -0.928382 0.239749 -0.283949
vn 0.038251 -0.402252 -0.914730
vn -0.012528 -0.397377 -0.917570
vn 0.008395 -0.539937 -0.841663
vn -0.043608 -0.531751 -0.845777
vn -0.275787 -0.472957 -0.836811
vn -0.238657 -0.344200 -0.908058
vn 0.264385 -0.554037 -0.789394
vn 0.293513 -0.404361 -0.866223
vn 0.701875 -0.295306 -0.648202
vn 0.660485 -0.491107 -0.567955
vn 0.271123 0.033103 -0.961975
vn 0.483920 0.337733 -0.807315
vn 0.565421 0.586173 -0.580259
vn 0.918410 -0.096457 -0.383690
vn 0.896664 -0.340978 -0.282362
vn 0.991730 -0.109511 0.066921
vn 0.987972 0.138948 -0.067855
vn 0.973024 0.224600 0.052707
vn 0.978979 -0.011099 0.203657
vn 0.556779 0.743579 -0.370255
vn 0.543449 0.772219 -0.329153
vn 0.521665 0.821386 -0.230632
vn 0.933134 0.307296 0.186627
vn 0.930371 0.100007 0.352715
vn 0.247440 0.538866 0.805231
vn 0.029726 0.587040 0.809012
vn 0.044911 0.649095 0.759380
vn 0.261418 0.610602 0.747547
vn -0.007588 0.593409 0.804865
vn 0.007831 0.654944 0.755637
vn 0.066092 0.853849 0.516307
vn 0.100685 0.847473 0.521203
vn 0.295951 0.817142 0.494664
vn 0.985882 -0.081136 0.146470
vn 0.959602 0.018858 0.280729
vn 0.970651 0.123655 0.206265
vn 0.997182 0.026485 0.070182
vn 0.823731 0.219120 0.522929
vn 0.838580 0.313886 0.445263
vn 0.812209 0.542709 0.213969
vn 0.927528 0.373534 0.012811
vn 0.951888 0.282582 -0.118559
vn 0.385752 -0.579730 -0.717711
vn 0.699376 -0.495982 -0.514659
vn 0.713241 -0.394256 -0.579525
vn 0.396771 -0.496336 -0.772155
vn 0.901129 -0.350379 -0.255344
vn 0.913552 -0.240418 -0.328058
vn 0.875155 0.039821 -0.482201
vn 0.698178 -0.091319 -0.710077
vn 0.414736 -0.188882 -0.890122
vn -0.003551 -0.563407 -0.826172
vn -0.002344 -0.565294 -0.824886
vn 0.016385 -0.481925 -0.876060
vn 0.016260 -0.474972 -0.879851
vn -0.001886 -0.566807 -0.823849
vn 0.015933 -0.487715 -0.872857
vn 0.080032 -0.155806 -0.984540
vn 0.082524 -0.136813 -0.987153
vn 0.084870 -0.113938 -0.989856
vn 0.571466 0.572297 -0.588135
vn 0.987691 0.076839 -0.136241
vn 0.934262 -0.074677 -0.348679
vn 0.549756 0.501823 -0.667789
vn 0.991043 -0.125447 0.045798
vn 0.939716 -0.284395 -0.189875
vn 0.830948 -0.403266 -0.383277
vn 0.839344 -0.198646 -0.506005
vn 0.522102 0.399962 -0.753286
vn 0.285219 0.912202 0.294174
vn 0.301035 0.684055 0.664415
vn 0.623947 0.559654 0.545416
vn 0.467718 0.883875 -0.002331
vn 0.277292 0.564051 0.777789
vn 0.590699 0.423042 0.687102
vn 0.817964 0.250288 0.517967
vn 0.843402 0.417228 0.338518
vn 0.566739 0.774380 -0.281322
vn -0.000610 0.582948 0.812509
vn -0.000724 0.582970 0.812493
vn -0.000721 0.582962 0.812499
vn -0.000608 0.582940 0.812515
vn -0.000955 0.583012 0.812463
vn -0.000952 0.583003 0.812469
vn -0.000946 0.583001 0.812471
vn -0.000717 0.582960 0.812501
vn -0.000605 0.582938 0.812517
vn -0.855006 0.419309 0.305195
vn -0.685030 0.523701 0.506431
vn -0.684990 0.523712 0.506473
vn -0.855003 0.419307 0.305206
vn -0.402847 0.593856 0.696455
vn -0.402777 0.593858 0.696494
vn -0.402708 0.593863 0.696529
vn -0.684953 0.523727 0.506508
vn -0.855004 0.419306 0.305206
vn -0.791501 -0.221745 -0.569522
vn -0.917006 -0.066310 -0.393323
vn -0.917010 -0.066309 -0.393315
vn -0.791485 -0.221768 -0.569536
vn -0.978051 0.097834 -0.183967
vn -0.978052 0.097830 -0.183966
vn -0.978053 0.097831 -0.183960
vn -0.917016 -0.066301 -0.393302
vn -0.791469 -0.221783 -0.569551
vn -0.001394 -0.581164 -0.813785
vn -0.054111 -0.572129 -0.818377
vn -0.054079 -0.572142 -0.818370
vn -0.001389 -0.581172 -0.813780
vn -0.288544 -0.511087 -0.809650
vn -0.288459 -0.511122 -0.809658
vn -0.288370 -0.511154 -0.809669
vn -0.054044 -0.572150 -0.818366
vn -0.001382 -0.581175 -0.813778
vn 0.274111 -0.600652 -0.751053
vn 0.273608 -0.600676 -0.751217
vn 0.572208 -0.561018 -0.598195
vn 0.572284 -0.560969 -0.598167
vn 0.273032 -0.600690 -0.751416
vn 0.572114 -0.561049 -0.598255
vn 0.796551 -0.463281 -0.388428
vn 0.796176 -0.463525 -0.388907
vn 0.795877 -0.463692 -0.389320
vn 0.982036 -0.131559 0.135270
vn 0.982017 -0.131207 0.135751
vn 0.927513 0.049568 0.370491
vn 0.927580 0.049391 0.370347
vn 0.981994 -0.130811 0.136296
vn 0.927437 0.049716 0.370661
vn 0.807321 0.207793 0.552318
vn 0.807212 0.207892 0.552440
vn 0.807219 0.207820 0.552456
vn 0.237513 0.528722 0.814887
vn 0.026429 0.578413 0.815316
vn 0.026505 0.578405 0.815319
vn 0.238038 0.528568 0.814833
vn -0.010541 0.584309 0.811463
vn -0.010516 0.584310 0.811462
vn -0.010489 0.584308 0.811464
vn 0.026590 0.578393 0.815325
vn 0.238616 0.528395 0.814777
vn 0.979448 -0.107788 0.170481
vn 0.946775 0.008424 0.321785
vn 0.947237 0.007355 0.320450
vn 0.979468 -0.107960 0.170259
vn 0.794345 0.219741 0.566330
vn 0.795791 0.218337 0.564842
vn 0.797395 0.216770 0.563180
vn 0.947744 0.006176 0.318972
vn 0.979491 -0.108150 0.170004
vn 0.377873 -0.595208 -0.709182
vn 0.675279 -0.526888 -0.516126
vn 0.676480 -0.526398 -0.515054
vn 0.378366 -0.595158 -0.708962
vn 0.880681 -0.394159 -0.262754
vn 0.881577 -0.393222 -0.261147
vn 0.882572 -0.392175 -0.259357
vn 0.677815 -0.525851 -0.513855
vn 0.378910 -0.595106 -0.708714
vn -0.007917 -0.580195 -0.814439
vn -0.006251 -0.580477 -0.814253
vn -0.006239 -0.580475 -0.814254
vn -0.007902 -0.580195 -0.814440
vn -0.005435 -0.580620 -0.814156
vn -0.005424 -0.580618 -0.814158
vn -0.005412 -0.580619 -0.814158
vn -0.006226 -0.580476 -0.814253
vn -0.007886 -0.580196 -0.814438
vn 0.981988 -0.171275 0.079773
vn 0.982012 -0.170881 0.080331
vn 0.927470 -0.334812 -0.166435
vn 0.927391 -0.334929 -0.166638
vn 0.982031 -0.170536 0.080824
vn 0.927537 -0.334731 -0.166221
vn 0.807121 -0.456068 -0.374911
vn 0.807107 -0.456032 -0.374983
vn 0.807215 -0.455950 -0.374852
vn 0.273388 0.517605 0.810767
vn 0.273969 0.517419 0.810690
vn 0.572633 0.385216 0.723672
vn 0.572533 0.385267 0.723724
vn 0.274476 0.517272 0.810613
vn 0.572716 0.385202 0.723613
vn 0.796213 0.218772 0.564077
vn 0.796509 0.218438 0.563789
vn 0.796882 0.218066 0.563406
vn -0.959959 0.272335 0.065670
vn -0.959965 0.272319 0.065655
vn -0.959971 0.272302 0.065634
vn -0.978502 0.107923 0.175747
vn -0.931451 -0.152564 0.330339
vn -0.967735 0.234678 0.091738
vn -0.845434 -0.328952 0.420751
vn -0.683646 -0.524105 0.507880
vn -0.158311 -0.800640 0.577853
vn 0.174082 -0.826833 0.534829
vn 0.522976 -0.742289 0.418931
vn 0.927029 -0.359804 0.105636
vn 0.965641 -0.257748 0.033224
vn 0.833218 -0.508070 0.218206
vn 0.975492 -0.219665 0.012735
vn 0.975641 -0.218939 0.013801
vn 0.975357 -0.220317 0.011769
vn 0.994855 -0.071323 -0.071942
vn 0.948501 0.187434 -0.255373
vn 0.983634 -0.180059 0.006503
vn 0.470772 0.662579 -0.582548
vn 0.572605 0.603973 -0.554382
vn 0.701772 0.513834 -0.493448
vn -0.671254 0.685089 -0.282967
vn -0.320503 0.821714 -0.471238
vn 0.059164 0.816467 -0.574352
vn -0.952221 0.302157 0.044454
vn -0.910264 0.412270 -0.038130
vn -0.576489 -0.381501 -0.722577
vn -0.576422 -0.381547 -0.722606
vn -0.576354 -0.381588 -0.722639
vn -0.600685 -0.528421 -0.599957
vn -0.595937 -0.714144 -0.367229
vn -0.584181 -0.417635 -0.695926
vn -0.565444 -0.802965 -0.188469
vn -0.504921 -0.862959 0.018872
vn -0.198623 -0.795733 0.572152
vn -0.004712 -0.626822 0.779148
vn 0.162480 -0.399576 0.902186
vn 0.487629 0.323698 0.810825
vn 0.507524 0.400521 0.762891
vn 0.410017 0.088038 0.907819
vn 0.518586 0.414679 0.747737
vn 0.520204 0.413832 0.747082
vn 0.517130 0.415435 0.748325
vn 0.563586 0.504321 0.654241
vn 0.570221 0.720327 0.394940
vn 0.546030 0.420323 0.724693
vn 0.294140 0.906628 -0.302503
vn 0.395140 0.911916 -0.110788
vn 0.461761 0.886513 0.029538
vn -0.397686 0.071240 -0.914752
vn -0.260744 0.330139 -0.907205
vn -0.072744 0.607302 -0.791134
vn -0.564191 -0.347543 -0.748934
vn -0.524009 -0.227252 -0.820836
vn -0.001740 -0.581061 -0.813858
vn -0.001557 -0.581094 -0.813835
vn -0.001552 -0.581103 -0.813829
vn -0.001733 -0.581070 -0.813852
vn -0.001202 -0.581155 -0.813792
vn -0.001198 -0.581163 -0.813786
vn -0.001192 -0.581166 -0.813784
vn -0.001544 -0.581106 -0.813826
vn -0.001725 -0.581073 -0.813849
vn -0.100471 -0.921817 -0.374377
vn -0.043265 -0.748674 -0.661525
vn -0.044305 -0.751675 -0.658044
vn -0.102814 -0.927420 -0.359612
vn -0.011457 -0.624949 -0.780581
vn -0.011978 -0.625771 -0.779915
vn -0.012303 -0.626427 -0.779383
vn -0.045146 -0.754288 -0.654989
vn -0.104962 -0.932108 -0.346637
vn -0.135630 -0.983744 -0.117693
vn -0.132564 -0.980243 -0.146804
vn -0.138710 -0.985991 -0.092637
vn -0.159573 -0.977446 0.138335
vn -0.156807 -0.981774 0.107382
vn -0.154648 -0.985454 0.070463
vn -0.178415 -0.787958 0.589313
vn -0.176405 -0.788395 0.589334
vn -0.171845 -0.638055 0.750569
vn -0.173174 -0.627860 0.758816
vn -0.176317 -0.788529 0.589181
vn -0.172578 -0.647604 0.742176
vn -0.165097 -0.509686 0.844371
vn -0.162533 -0.486866 0.858222
vn -0.161523 -0.458756 0.873758
vn -0.012443 0.564427 0.825389
vn -0.031357 0.473607 0.880178
vn -0.035640 0.461986 0.886171
vn -0.014991 0.562746 0.826494
vn -0.090675 0.139459 0.986068
vn -0.099336 0.090296 0.990948
vn -0.106315 0.050349 0.993057
vn -0.038610 0.452446 0.890956
vn -0.016423 0.561339 0.827423
vn -0.008248 0.584085 0.811651
vn -0.008267 0.584087 0.811649
vn -0.010448 0.584428 0.811378
vn -0.010424 0.584425 0.811381
vn -0.008284 0.584088 0.811648
vn -0.010470 0.584430 0.811377
vn -0.011592 0.584609 0.811233
vn -0.011567 0.584606 0.811235
vn -0.011541 0.584603 0.811238
vn 0.094081 0.923909 0.370865
vn 0.019237 0.693109 0.720576
vn 0.018685 0.699007 0.714871
vn 0.096320 0.933333 0.345850
vn -0.003050 0.604110 0.796895
vn -0.004675 0.606003 0.795449
vn -0.004995 0.607364 0.794408
vn 0.019242 0.703665 0.710272
vn 0.099025 0.940551 0.324898
vn 0.192325 0.888560 -0.416500
vn 0.191764 0.894560 -0.403719
vn 0.186882 0.913186 -0.362168
vn 0.188328 0.897468 -0.398853
vn 0.189420 0.901899 -0.388200
vn 0.183306 0.930572 -0.316914
vn 0.171932 0.962885 -0.208069
vn 0.175997 0.948600 -0.263027
vn 0.178202 0.934864 -0.307040
vn 0.119739 0.060037 -0.990988
vn 0.117286 0.043275 -0.992155
vn 0.170021 0.446457 -0.878504
vn 0.173088 0.479353 -0.860384
vn 0.114176 0.023456 -0.993184
vn 0.165321 0.406575 -0.898535
vn 0.190650 0.712105 -0.675692
vn 0.192904 0.743531 -0.640273
vn 0.193307 0.767782 -0.610855
vn 0.009812 -0.532579 -0.846324
vn 0.009765 -0.533256 -0.845897
vn 0.044528 -0.370601 -0.927724
vn 0.045140 -0.367160 -0.929062
vn 0.009852 -0.534141 -0.845338
vn 0.043882 -0.374729 -0.926095
vn 0.113938 0.947107 0.300009
vn 0.117255 0.952995 0.279376
vn 0.170308 0.975337 -0.140402
vn 0.165618 0.981688 -0.094123
vn 0.120132 0.957855 0.260925
vn 0.174049 0.967902 -0.181309
vn 0.194011 0.824661 -0.531313
vn 0.193136 0.844924 -0.498801
vn 0.191303 0.868715 -0.456879
vn 0.189837 0.657020 -0.729580
vn 0.191622 0.670566 -0.716675
vn 0.186502 0.637385 -0.747635
vn 0.183139 0.598353 -0.780021
vn 0.192127 0.681606 -0.706045
vn 0.188072 0.666787 -0.721127
vn 0.177870 0.592193 -0.785919
vn 0.175131 0.554365 -0.813639
vn 0.170806 0.504786 -0.846177
vn -0.007857 -0.555140 -0.831720
vn -0.007767 -0.556665 -0.830701
vn 0.015861 -0.449747 -0.893015
vn 0.016751 -0.443239 -0.896247
vn -0.006575 -0.558834 -0.829253
vn 0.015819 -0.458013 -0.888805
vn 0.090502 -0.056809 -0.994275
vn 0.093539 -0.027952 -0.995223
vn 0.096899 -0.003324 -0.995289
vn -0.014170 -0.579111 -0.815125
vn -0.013739 -0.579197 -0.815072
vn -0.013713 -0.579200 -0.815071
vn -0.014144 -0.579115 -0.815123
vn -0.012039 -0.579492 -0.814889
vn -0.012016 -0.579494 -0.814888
vn -0.011991 -0.579498 -0.814886
vn -0.013684 -0.579204 -0.815068
vn -0.014115 -0.579120 -0.815120
vn -0.092468 -0.886524 -0.453349
vn -0.034851 -0.680735 -0.731700
vn -0.039015 -0.691190 -0.721619
vn -0.101310 -0.907962 -0.406621
vn -0.016187 -0.599320 -0.800346
vn -0.018354 -0.601294 -0.798817
vn -0.019175 -0.602913 -0.797577
vn -0.041550 -0.699383 -0.713539
vn -0.108041 -0.923117 -0.369028
vn -0.176987 -0.811855 0.556387
vn -0.176353 -0.812027 0.556338
vn -0.172118 -0.916502 0.361108
vn -0.173451 -0.911466 0.373021
vn -0.177500 -0.811981 0.556040
vn -0.172622 -0.921543 0.347792
vn -0.161367 -0.975686 0.148315
vn -0.163072 -0.969796 0.181390
vn -0.166013 -0.964027 0.207586
vn -0.104913 0.028073 0.994085
vn -0.102620 0.042437 0.993815
vn -0.135323 -0.204823 0.969399
vn -0.138701 -0.229672 0.963334
vn -0.099995 0.059618 0.993200
vn -0.131756 -0.174371 0.975825
vn -0.153526 -0.381792 0.911408
vn -0.156435 -0.417448 0.895134
vn -0.159717 -0.445622 0.880858
vn -0.011707 0.537703 0.843053
vn -0.043263 0.385820 0.921559
vn -0.044345 0.381028 0.923499
vn -0.012148 0.536692 0.843691
vn -0.045176 0.377024 0.925101
vn -0.012377 0.535914 0.844182
vn -0.001807 0.583158 0.812357
vn -0.001748 0.583144 0.812367
vn -0.001757 0.583148 0.812364
vn -0.001816 0.583162 0.812354
vn -0.001514 0.583102 0.812398
vn -0.001522 0.583105 0.812395
vn -0.001528 0.583114 0.812389
vn -0.001764 0.583157 0.812358
vn -0.001823 0.583171 0.812348
vn 0.043579 0.755398 0.653815
vn 0.044372 0.758590 0.650056
vn 0.009575 0.628011 0.778145
vn 0.009595 0.628885 0.777439
vn 0.009702 0.629528 0.776917
vn 0.045107 0.761257 0.646879
vn -0.000584 0.582934 0.812520
vn -0.000703 0.582955 0.812504
vn -0.000694 0.582959 0.812501
vn -0.000578 0.582934 0.812519
vn -0.000942 0.582991 0.812478
vn -0.000920 0.583004 0.812469
vn -0.000904 0.583003 0.812469
vn -0.000681 0.582957 0.812503
vn -0.000572 0.582933 0.812520
vn -0.854874 0.419422 0.305411
vn -0.684536 0.523902 0.506889
vn -0.684496 0.523920 0.506926
vn -0.854878 0.419419 0.305404
vn -0.402072 0.593935 0.696836
vn -0.401990 0.593944 0.696875
vn -0.401895 0.593955 0.696920
vn -0.684445 0.523941 0.506972
vn -0.854878 0.419419 0.305404
vn -0.978051 0.097819 -0.183976
vn -0.959967 0.272311 0.065649
vn -0.959975 0.272290 0.065615
vn -0.978052 0.097822 -0.183972
vn -0.959983 0.272271 0.065586
vn -0.978052 0.097825 -0.183968
vn -0.791186 -0.222055 -0.569838
vn -0.916970 -0.066378 -0.393395
vn -0.916977 -0.066368 -0.393382
vn -0.791170 -0.222070 -0.569854
vn -0.916982 -0.066359 -0.393372
vn -0.791145 -0.222095 -0.569880
vn -0.287654 -0.511394 -0.809772
vn -0.575678 -0.381982 -0.722969
vn -0.575597 -0.382030 -0.723009
vn -0.287544 -0.511432 -0.809788
vn -0.575500 -0.382086 -0.723056
vn -0.287418 -0.511474 -0.809806
vn -0.001340 -0.581181 -0.813773
vn -0.053813 -0.572194 -0.818351
vn -0.053768 -0.572202 -0.818348
vn -0.001330 -0.581183 -0.813772
vn -0.053719 -0.572211 -0.818345
vn -0.001320 -0.581184 -0.813771
vn -0.001658 -0.581259 -0.813717
vn -0.001683 -0.581261 -0.813715
vn -0.001638 -0.581374 -0.813635
vn -0.001641 -0.581300 -0.813687
vn -0.001478 -0.581294 -0.813692
vn -0.001279 -0.581395 -0.813621
vn -0.001191 -0.581231 -0.813737
vn -0.001521 -0.581162 -0.813787
vn -0.001568 -0.581123 -0.813814
vn 0.481739 -0.570122 -0.665498
vn 0.306938 -0.599310 -0.739335
vn 0.864814 -0.351939 -0.358100
vn 0.840451 -0.067737 -0.537637
vn 0.299523 -0.596542 -0.744596
vn 0.817920 -0.441003 -0.369490
vn 0.975138 -0.221566 -0.003855
vn 0.998800 -0.048976 0.000510
vn 0.508776 0.732767 -0.451884
vn 0.604965 0.688757 -0.399538
vn 0.993326 -0.031178 0.111048
vn 0.988639 -0.092741 0.118284
vn 0.755580 0.561767 -0.336924
vn 0.979537 -0.152346 0.131523
vn 0.978278 -0.153826 0.138957
vn 0.972882 -0.098356 0.209348
vn 0.980855 -0.106101 0.163298
vn 0.856969 0.454999 -0.242033
vn -0.008128 0.584067 0.811665
vn -0.008139 0.584068 0.811664
vn -0.010193 0.584401 0.811401
vn -0.010184 0.584387 0.811411
vn -0.008145 0.584070 0.811663
vn -0.010223 0.584487 0.811339
vn -0.010886 0.585019 0.810947
vn -0.010706 0.584539 0.811295
vn -0.010735 0.584469 0.811345
vn 0.241820 0.527421 0.814463
vn 0.027023 0.578318 0.815363
vn 0.027049 0.578314 0.815366
vn 0.241870 0.527405 0.814459
vn -0.010345 0.584288 0.811481
vn -0.010338 0.584285 0.811482
vn -0.010323 0.584283 0.811484
vn 0.027096 0.578306 0.815370
vn 0.242207 0.527304 0.814424
vn 0.807385 0.206837 0.552583
vn 0.806482 0.207744 0.553560
vn 0.529487 0.408917 0.743257
vn 0.530426 0.408417 0.742862
vn 0.806274 0.207958 0.553783
vn 0.529265 0.409038 0.743349
vn 0.979619 -0.109193 0.168593
vn 0.950499 -0.000376 0.310729
vn 0.950586 -0.000588 0.310461
vn 0.979625 -0.109236 0.168530
vn 0.950860 -0.001255 0.309618
vn 0.979638 -0.109343 0.168386
vn 0.888739 -0.385517 -0.248033
vn 0.888186 -0.386124 -0.249064
vn 0.976462 -0.214771 0.019894
vn 0.976540 -0.214359 0.020496
vn 0.888030 -0.386295 -0.249357
vn 0.976435 -0.214913 0.019686
vn 0.381941 -0.594821 -0.707326
vn 0.685246 -0.522761 -0.507109
vn 0.685444 -0.522677 -0.506927
vn 0.381923 -0.594820 -0.707336
vn 0.686209 -0.522355 -0.506223
vn 0.382247 -0.594791 -0.707186
vn -0.007796 -0.580211 -0.814429
vn -0.006155 -0.580488 -0.814246
vn -0.006151 -0.580489 -0.814245
vn -0.007791 -0.580212 -0.814428
vn -0.005351 -0.580630 -0.814150
vn -0.005347 -0.580630 -0.814150
vn -0.005341 -0.580630 -0.814150
vn -0.006144 -0.580489 -0.814245
vn -0.007782 -0.580213 -0.814428
vn -0.013956 -0.579146 -0.815105
vn -0.013531 -0.579230 -0.815052
vn -0.013522 -0.579230 -0.815052
vn -0.013948 -0.579146 -0.815105
vn -0.011856 -0.579520 -0.814872
vn -0.011849 -0.579521 -0.814871
vn -0.011834 -0.579523 -0.814870
vn -0.013506 -0.579233 -0.815050
vn -0.013932 -0.579149 -0.815103
vn 0.981959 -0.171728 0.079155
vn 0.981969 -0.171570 0.079376
vn 0.928605 -0.333076 -0.163564
vn 0.928566 -0.333138 -0.163658
vn 0.981953 -0.171845 0.078981
vn 0.928019 -0.333981 -0.165039
vn 0.809567 -0.454335 -0.371728
vn 0.810982 -0.453339 -0.369854
vn 0.810918 -0.453388 -0.369934
vn 0.271406 0.518261 0.811014
vn 0.271774 0.518141 0.810968
vn 0.574565 0.384113 0.722726
vn 0.574441 0.384186 0.722785
vn 0.270793 0.518458 0.811094
vn 0.572818 0.385123 0.723575
vn 0.799210 0.215812 0.560971
vn 0.800472 0.214576 0.559644
vn 0.800591 0.214461 0.559517
vn -0.001667 0.583121 0.812384
vn -0.001645 0.583093 0.812404
vn -0.001747 0.582930 0.812521
vn -0.001749 0.583034 0.812446
vn -0.001471 0.583050 0.812435
vn -0.001534 0.582884 0.812554
vn -0.001671 0.582945 0.812510
vn -0.001813 0.583019 0.812457
vn -0.001826 0.583088 0.812407
vn 0.270718 -0.573200 -0.773404
vn 0.028217 -0.559623 -0.828267
vn 0.051304 -0.447610 -0.892756
vn 0.306573 -0.462752 -0.831789
vn 0.128707 0.014614 -0.991575
vn 0.290695 -0.047466 -0.955638
vn 0.255561 -0.600874 -0.757390
vn 0.021935 -0.584606 -0.811021
vn 0.021978 -0.584612 -0.811015
vn 0.256699 -0.600870 -0.757008
vn 0.021917 -0.584604 -0.811023
vn 0.256200 -0.600873 -0.757174
vn 0.257968 -0.600865 -0.756581
vn 0.022406 -0.584674 -0.810959
vn 0.022325 -0.584661 -0.810971
vn 0.257382 -0.600855 -0.756787
vn 0.022249 -0.584650 -0.810981
vn 0.256916 -0.600856 -0.756946
vn -0.005094 -0.707471 -0.706725
vn -0.081735 -0.937037 -0.339531
vn 0.018490 -0.610000 -0.792185
vn 0.266944 -0.629924 -0.729340
vn 0.265376 -0.724748 -0.635859
vn 0.115471 -0.933313 -0.339990
vn -0.100400 -0.820780 0.562353
vn -0.104429 -0.917082 0.384781
vn -0.109248 -0.968338 0.224469
vn -0.083226 0.012814 0.996448
vn -0.104987 -0.256226 0.960899
vn -0.104884 -0.469293 0.876791
vn -0.011493 0.374829 0.927023
vn 0.024910 0.529571 0.847900
vn 0.035536 0.577006 0.815966
vn 0.035656 0.576988 0.815974
vn 0.035762 0.576978 0.815977
vn 0.035593 0.576975 0.815986
vn 0.035913 0.576938 0.815998
vn 0.034815 0.577118 0.815918
vn 0.075057 0.754202 0.652338
vn 0.146556 0.958710 0.243714
vn 0.044531 0.623774 0.780335
vn 0.214787 0.953106 -0.213204
vn 0.245854 0.810012 -0.532387
vn 0.240788 0.681433 -0.691137
vn 0.235867 0.669910 -0.703980
vn 0.225058 0.599452 -0.768119
vn 0.144464 0.071422 -0.986929
vn 0.211698 0.501174 -0.839052
vn 0.241361 0.769973 -0.590665
vn 0.041492 -0.537237 -0.842410
vn 0.072459 -0.375166 -0.924121
vn 0.074090 -0.599453 -0.796974
vn 0.038909 -0.590021 -0.806450
vn 0.033657 -0.585881 -0.809698
vn 0.035906 -0.586499 -0.809154
vn 0.035799 -0.586493 -0.809162
vn 0.035678 -0.586479 -0.809178
vn -0.011318 -0.756711 -0.653652
vn -0.083038 -0.939200 -0.333180
vn 0.025069 -0.631981 -0.774579
vn -0.104558 -0.992273 -0.066790
vn -0.104098 -0.981268 0.162103
vn -0.099051 -0.797079 0.595696
vn -0.103043 -0.660542 0.743685
vn -0.107949 -0.526945 0.843016
vn -0.002505 0.443714 0.896165
vn 0.020542 0.554088 0.832205
vn -0.079923 0.018325 0.996633
vn 0.118557 0.020089 0.992744
vn 0.267975 0.369712 0.889664
vn 0.268097 0.487932 0.830691
vn 0.024045 0.578976 0.814990
vn 0.023968 0.578989 0.814983
vn 0.024127 0.578960 0.814999
vn 0.258285 0.522455 0.812607
vn 0.257701 0.522653 0.812665
vn 0.257234 0.522802 0.812717
vn 0.016715 0.585101 0.810788
vn 0.020056 0.579877 0.814457
vn -0.016245 0.601154 0.798968
vn -0.143120 0.721100 0.677887
vn 0.231455 0.550591 0.802046
vn 0.255112 0.524482 0.812303
vn 0.050661 0.698909 0.713415
vn 0.129012 0.941160 0.312368
vn 0.027425 0.603175 0.797137
vn 0.255794 0.551606 0.793914
vn 0.297773 0.644493 0.704244
vn 0.271775 0.903586 0.331167
vn 0.238044 0.874838 -0.421893
vn 0.233430 0.879146 -0.415466
vn 0.222310 0.918358 -0.327410
vn -0.000596 0.582937 0.812517
vn -0.000704 0.582961 0.812500
vn -0.000700 0.582959 0.812501
vn -0.000592 0.582937 0.812517
vn -0.000921 0.583010 0.812465
vn -0.000891 0.583007 0.812467
vn -0.000924 0.582986 0.812481
vn -0.000700 0.582953 0.812505
vn -0.000589 0.582934 0.812519
vn -0.855016 0.419296 0.305188
vn -0.684897 0.523750 0.506559
vn -0.684789 0.523795 0.506658
vn -0.854968 0.419338 0.305263
vn -0.402590 0.593877 0.696586
vn -0.402441 0.593893 0.696657
vn -0.402287 0.593911 0.696732
vn -0.684676 0.523843 0.506761
vn -0.854915 0.419385 0.305346
vn -0.978052 0.097824 -0.183969
vn -0.978053 0.097830 -0.183961
vn -0.959976 0.272287 0.065611
vn -0.959966 0.272314 0.065652
vn -0.978054 0.097837 -0.183952
vn -0.959985 0.272265 0.065576
vn -0.791450 -0.221803 -0.569571
vn -0.917029 -0.066279 -0.393275
vn -0.917007 -0.066316 -0.393320
vn -0.791368 -0.221881 -0.569654
vn -0.916983 -0.066357 -0.393369
vn -0.791279 -0.221966 -0.569745
vn -0.287899 -0.511312 -0.809737
vn -0.288055 -0.511260 -0.809715
vn -0.576075 -0.381751 -0.722775
vn -0.575904 -0.381851 -0.722859
vn -0.288205 -0.511209 -0.809693
vn -0.576239 -0.381655 -0.722695
vn -0.001355 -0.581179 -0.813775
vn -0.001361 -0.581178 -0.813775
vn -0.053935 -0.572171 -0.818359
vn -0.053895 -0.572178 -0.818356
vn -0.001368 -0.581177 -0.813776
vn -0.053975 -0.572163 -0.818362
vn -0.001720 -0.581043 -0.813871
vn -0.001525 -0.581071 -0.813852
vn -0.001521 -0.581027 -0.813883
vn -0.001741 -0.581011 -0.813894
vn -0.001163 -0.581135 -0.813806
vn -0.001133 -0.581099 -0.813832
vn -0.001113 -0.581071 -0.813852
vn -0.001545 -0.581001 -0.813902
vn -0.001782 -0.581025 -0.813884
vn 0.278123 -0.599877 -0.750197
vn 0.036220 -0.586500 -0.809139
vn 0.037886 -0.586622 -0.808975
vn 0.291037 -0.598356 -0.746503
vn 0.040685 -0.586708 -0.808776
vn 0.313137 -0.594745 -0.740421
vn 0.615277 -0.541413 -0.572981
vn 0.587157 -0.553916 -0.590275
vn 0.651954 -0.523221 -0.548813
vn 0.867121 -0.388958 -0.311147
vn 0.838541 -0.419595 -0.347546
vn 0.812709 -0.446184 -0.374731
vn 0.984620 -0.119058 0.127864
vn 0.987132 -0.106912 0.118912
vn 0.944589 0.044495 0.325225
vn 0.934806 0.050090 0.351609
vn 0.987746 -0.100350 0.119535
vn 0.950810 0.032258 0.308090
vn 0.856409 0.168163 0.488144
vn 0.841427 0.187434 0.506822
vn 0.821240 0.201674 0.533754
vn 0.261177 0.520494 0.812940
vn 0.022437 0.578993 0.815024
vn 0.023576 0.579043 0.814956
vn 0.263989 0.521487 0.811394
vn -0.011459 0.584591 0.811247
vn -0.011472 0.584593 0.811246
vn -0.011491 0.584595 0.811243
vn 0.023844 0.579025 0.814961
vn 0.260073 0.522495 0.812011
vn -0.008189 0.584076 0.811657
vn -0.008198 0.584078 0.811656
vn -0.010362 0.584416 0.811388
vn -0.010350 0.584414 0.811390
vn -0.008212 0.584080 0.811655
vn -0.010379 0.584418 0.811386
vn 0.239726 0.528059 0.814669
vn 0.026748 0.578365 0.815339
vn 0.026810 0.578355 0.815345
vn 0.240161 0.527926 0.814626
vn -0.010439 0.584300 0.811470
vn -0.010420 0.584297 0.811473
vn -0.010407 0.584296 0.811474
vn 0.026856 0.578348 0.815348
vn 0.240472 0.527832 0.814596
vn 0.802466 0.211769 0.557854
vn 0.801655 0.212573 0.558714
vn 0.524534 0.411551 0.745312
vn 0.525369 0.411110 0.744967
vn 0.800463 0.213754 0.559971
vn 0.523317 0.412195 0.745812
vn 0.979537 -0.108518 0.169504
vn 0.948712 0.003906 0.316117
vn 0.949081 0.003031 0.315017
vn 0.979554 -0.108655 0.169317
vn 0.949330 0.002441 0.314271
vn 0.979566 -0.108751 0.169187
vn 0.885700 -0.388832 -0.253662
vn 0.885203 -0.389368 -0.254573
vn 0.976029 -0.217006 0.016627
vn 0.976100 -0.216645 0.017155
vn 0.884467 -0.390159 -0.255920
vn 0.975922 -0.217546 0.015839
vn 0.379958 -0.595007 -0.708236
vn 0.680375 -0.524796 -0.511545
vn 0.681377 -0.524381 -0.510636
vn 0.380370 -0.594969 -0.708047
vn 0.682064 -0.524096 -0.510013
vn 0.380674 -0.594941 -0.707907
vn -0.007854 -0.580201 -0.814435
vn -0.006201 -0.580480 -0.814251
vn -0.006192 -0.580482 -0.814249
vn -0.007842 -0.580203 -0.814434
vn -0.005391 -0.580622 -0.814155
vn -0.005383 -0.580624 -0.814154
vn -0.005377 -0.580625 -0.814153
vn -0.006185 -0.580483 -0.814249
vn -0.007834 -0.580205 -0.814433
vn -0.014060 -0.579128 -0.815115
vn -0.013631 -0.579212 -0.815063
vn -0.013610 -0.579216 -0.815061
vn -0.014039 -0.579132 -0.815113
vn -0.011944 -0.579505 -0.814881
vn -0.011926 -0.579508 -0.814879
vn -0.011913 -0.579510 -0.814878
vn -0.013596 -0.579219 -0.815059
vn -0.014025 -0.579134 -0.815111
vn 0.256066 -0.600864 -0.757227
vn 0.022109 -0.584630 -0.810999
vn 0.022052 -0.584622 -0.811006
vn 0.255705 -0.600867 -0.757346
vn 0.021975 -0.584611 -0.811016
vn 0.254915 -0.600871 -0.757609
vn 0.981910 -0.172537 0.077996
vn 0.981936 -0.172119 0.078587
vn 0.927285 -0.335101 -0.166880
vn 0.927015 -0.335519 -0.167544
vn 0.981949 -0.171914 0.078875
vn 0.927304 -0.335070 -0.166840
vn 0.807518 -0.455749 -0.374442
vn 0.807636 -0.455672 -0.374282
vn 0.807142 -0.456021 -0.374921
vn 0.272790 0.517805 0.810842
vn 0.272559 0.517881 0.810870
vn 0.572447 0.385326 0.723760
vn 0.572176 0.385485 0.723890
vn 0.272494 0.517900 0.810880
vn 0.572419 0.385340 0.723774
vn 0.797607 0.217366 0.562650
vn 0.797859 0.217123 0.562387
vn 0.797786 0.217196 0.562462
vn 0.036249 0.576886 0.816020
vn 0.035856 0.576961 0.815985
vn -0.001873 0.583197 0.812329
vn -0.001836 0.583198 0.812328
vn -0.001807 0.583176 0.812344
vn 0.035529 0.577014 0.815961
vn -0.001790 0.583232 0.812304
vn -0.001757 0.583216 0.812315
vn -0.001455 0.583181 0.812341
vn -0.001463 0.583177 0.812344
vn -0.001486 0.583138 0.812372
vn -0.001739 0.583176 0.812344
vn 0.001025 0.589568 0.807718
vn 0.000947 0.589689 0.807630
vn -0.000555 0.582930 0.812522
vn -0.000660 0.582951 0.812507
vn -0.000874 0.582990 0.812479
vn 0.000767 0.589845 0.807516
vn -0.854855 0.419439 0.305440
vn -0.684253 0.524022 0.507148
vn -0.682694 0.529506 0.503540
vn -0.853577 0.424444 0.302082
vn -0.401559 0.593992 0.697083
vn -0.399805 0.599972 0.692957
vn -0.978052 0.097828 -0.183965
vn -0.960000 0.272226 0.065517
vn -0.958880 0.276904 0.062243
vn -0.976970 0.102378 -0.187213
vn -0.791041 -0.222194 -0.569986
vn -0.916987 -0.066349 -0.393361
vn -0.915844 -0.061806 -0.396750
vn -0.789654 -0.217415 -0.573740
vn -0.287002 -0.511614 -0.809865
vn -0.575159 -0.382285 -0.723222
vn -0.573434 -0.376949 -0.727381
vn -0.285214 -0.505661 -0.814224
vn -0.001290 -0.581189 -0.813767
vn -0.053563 -0.572241 -0.818335
vn -0.051991 -0.566003 -0.822762
vn 0.000231 -0.574850 -0.818258
vn -0.001550 -0.581101 -0.813830
vn -0.001432 -0.581123 -0.813814
vn 0.000325 -0.573787 -0.819005
vn 0.000234 -0.573665 -0.819090
vn -0.001110 -0.581179 -0.813775
vn 0.000609 -0.573968 -0.818878
vn 0.255430 -0.600856 -0.757448
vn 0.031154 -0.585869 -0.809807
vn 0.032745 -0.578389 -0.815104
vn 0.256847 -0.593544 -0.762716
vn 0.644410 -0.531791 -0.549486
vn 0.640504 -0.539761 -0.546272
vn 0.882949 -0.385641 -0.267733
vn 0.879586 -0.394701 -0.265593
vn 0.982504 -0.158225 0.098243
vn 0.984230 -0.150655 0.092703
vn 0.971283 -0.047695 0.233099
vn 0.969304 -0.053840 0.239898
vn 0.917267 0.076580 0.390842
vn 0.913607 0.073580 0.399886
vn -0.009770 0.588074 0.808748
vn 0.022002 0.583220 0.812016
vn -0.010683 0.584476 0.811341
vn 0.020961 0.579492 0.814709
vn 0.238728 0.528500 0.814676
vn 0.241846 0.532059 0.811433
vn -0.007221 0.587198 0.809411
vn -0.009193 0.587768 0.808977
vn -0.008013 0.584050 0.811678
vn -0.010055 0.584371 0.811425
vn 0.245849 0.526188 0.814054
vn 0.027568 0.578226 0.815411
vn 0.027904 0.579593 0.814428
vn 0.246171 0.528144 0.812689
vn -0.010161 0.584259 0.811503
vn -0.009735 0.585683 0.810482
vn 0.818931 0.199514 0.538095
vn 0.542224 0.405211 0.736069
vn 0.817268 0.196689 0.541651
vn 0.540805 0.402811 0.738426
vn 0.979776 -0.110498 0.166821
vn 0.953795 -0.008593 0.300336
vn 0.954937 -0.004796 0.296771
vn 0.980811 -0.106019 0.163613
vn 0.896162 -0.373980 -0.238815
vn 0.978466 -0.204968 0.024326
vn 0.894733 -0.378762 -0.236625
vn 0.977358 -0.209853 0.027063
vn 0.385701 -0.594455 -0.705590
vn 0.694649 -0.518723 -0.498386
vn 0.695871 -0.515028 -0.500510
vn 0.385675 -0.592177 -0.707518
vn -0.007682 -0.580229 -0.814417
vn -0.006064 -0.580502 -0.814236
vn -0.005471 -0.578148 -0.815914
vn -0.007022 -0.577627 -0.816271
vn -0.005271 -0.580641 -0.814143
vn -0.004732 -0.578499 -0.815670
vn -0.013753 -0.579178 -0.815085
vn -0.013333 -0.579261 -0.815033
vn -0.012438 -0.575773 -0.817515
vn -0.012805 -0.575468 -0.817724
vn -0.011683 -0.579547 -0.814855
vn -0.010863 -0.576349 -0.817132
vn 0.254120 -0.600894 -0.757858
vn 0.021504 -0.584546 -0.811076
vn 0.022592 -0.580696 -0.813807
vn 0.257153 -0.596582 -0.760238
vn 0.983741 -0.162879 0.075658
vn 0.932442 -0.322395 -0.163138
vn 0.982025 -0.170588 0.080789
vn 0.930382 -0.330303 -0.159027
vn 0.814396 -0.450934 -0.365264
vn 0.818070 -0.442762 -0.367048
vn 0.270591 0.526241 0.806134
vn 0.578835 0.389583 0.716362
vn 0.269350 0.518936 0.811268
vn 0.575975 0.383316 0.722026
vn 0.803351 0.211754 0.556585
vn 0.806189 0.217743 0.550134
vn 0.000110 0.590512 0.807028
vn 0.035907 0.584647 0.810493
vn -0.001678 0.583138 0.812371
vn 0.034351 0.577216 0.815869
vn 0.000319 0.590221 0.807242
vn 0.000139 0.590397 0.807113
vn -0.001404 0.583085 0.812410
vn -0.001623 0.583125 0.812381
vn -0.008168 0.584073 0.811660
vn -0.008174 0.584074 0.811659
vn -0.010394 0.584383 0.811412
vn -0.010413 0.584403 0.811396
vn -0.008179 0.584074 0.811659
vn -0.010369 0.584378 0.811415
vn -0.011673 0.584396 0.811385
vn -0.011913 0.584434 0.811354
vn -0.012128 0.584570 0.811253
vn 0.240713 0.527759 0.814572
vn 0.026871 0.578344 0.815350
vn 0.026897 0.578340 0.815352
vn 0.240866 0.527713 0.814557
vn -0.010392 0.584293 0.811476
vn -0.010386 0.584292 0.811477
vn -0.010377 0.584291 0.811478
vn 0.026925 0.578336 0.815355
vn 0.241061 0.527654 0.814538
vn 0.804228 0.210010 0.555980
vn 0.803706 0.210531 0.556537
vn 0.526615 0.410449 0.744452
vn 0.527154 0.410162 0.744228
vn 0.803320 0.210917 0.556948
vn 0.526214 0.410663 0.744617
vn 0.979578 -0.108863 0.169046
vn 0.949602 0.001783 0.313454
vn 0.949721 0.001500 0.313094
vn 0.979584 -0.108902 0.168985
vn 0.949882 0.001117 0.312608
vn 0.979591 -0.108959 0.168906
vn 0.886783 -0.387659 -0.251666
vn 0.886465 -0.388006 -0.252253
vn 0.976213 -0.216066 0.018001
vn 0.976259 -0.215830 0.018347
vn 0.886230 -0.388260 -0.252685
vn 0.976178 -0.216243 0.017750
vn 0.380861 -0.594923 -0.707821
vn 0.682758 -0.523807 -0.509380
vn 0.683087 -0.523670 -0.509079
vn 0.381016 -0.594908 -0.707751
vn 0.683527 -0.523484 -0.508679
vn 0.381201 -0.594890 -0.707666
vn -0.007825 -0.580205 -0.814433
vn -0.006178 -0.580483 -0.814249
vn -0.006175 -0.580484 -0.814248
vn -0.007821 -0.580205 -0.814433
vn -0.005371 -0.580626 -0.814153
vn -0.005368 -0.580626 -0.814153
vn -0.005364 -0.580626 -0.814152
vn -0.006170 -0.580485 -0.814248
vn -0.007816 -0.580207 -0.814431
vn -0.014008 -0.579137 -0.815110
vn -0.013580 -0.579221 -0.815058
vn -0.013574 -0.579221 -0.815057
vn -0.014001 -0.579138 -0.815109
vn -0.011900 -0.579512 -0.814877
vn -0.011894 -0.579513 -0.814876
vn -0.011886 -0.579515 -0.814875
vn -0.013565 -0.579223 -0.815056
vn -0.013992 -0.579140 -0.815108
vn 0.257489 -0.600861 -0.756747
vn 0.022143 -0.584635 -0.810994
vn 0.022087 -0.584628 -0.811001
vn 0.256879 -0.600865 -0.756951
vn 0.022050 -0.584622 -0.811006
vn 0.256566 -0.600866 -0.757056
vn 0.981969 -0.171577 0.079360
vn 0.981978 -0.171424 0.079574
vn 0.928184 -0.333719 -0.164638
vn 0.928119 -0.333822 -0.164797
vn 0.981999 -0.171092 0.080040
vn 0.928424 -0.333344 -0.164041
vn 0.810268 -0.453825 -0.370822
vn 0.809789 -0.454165 -0.371450
vn 0.809697 -0.454234 -0.371568
vn 0.271792 0.518132 0.810968
vn 0.271931 0.518085 0.810951
vn 0.573500 0.384721 0.723248
vn 0.573406 0.384777 0.723293
vn 0.271587 0.518193 0.810997
vn 0.573708 0.384599 0.723148
vn 0.799212 0.215803 0.560972
vn 0.799092 0.215923 0.561096
vn 0.799146 0.215870 0.561039
vn 0.035341 0.577037 0.815953
vn 0.035605 0.576983 0.815980
vn -0.001790 0.583127 0.812379
vn -0.001835 0.583106 0.812394
vn -0.001881 0.583099 0.812399
vn 0.035041 0.577069 0.815943
vn -0.001752 0.583064 0.812424
vn -0.001828 0.583016 0.812459
vn -0.001497 0.582982 0.812484
vn -0.001579 0.582913 0.812533
vn -0.001749 0.582992 0.812476
vn -0.001887 0.583053 0.812432
vn -0.000587 0.582933 0.812520
vn -0.000703 0.582950 0.812508
vn -0.000897 0.582975 0.812489
vn -0.684610 0.523871 0.506821
vn -0.854895 0.419403 0.305377
vn -0.402186 0.593922 0.696781
vn -0.959967 0.272313 0.065650
vn -0.978052 0.097822 -0.183972
vn -0.916976 -0.066368 -0.393382
vn -0.791234 -0.222009 -0.569790
vn -0.575799 -0.381912 -0.722910
vn -0.287784 -0.511350 -0.809754
vn -0.001348 -0.581180 -0.813774
vn -0.053857 -0.572185 -0.818354
vn -0.001792 -0.581137 -0.813804
vn -0.001736 -0.581201 -0.813758
vn -0.001659 -0.581262 -0.813715
vn -0.001685 -0.581113 -0.813821
vn -0.001510 -0.581261 -0.813715
vn -0.001292 -0.581377 -0.813633
vn -0.001180 -0.581303 -0.813686
vn -0.001550 -0.581206 -0.813755
vn -0.001588 -0.581107 -0.813826
vn 0.462020 -0.630067 -0.624142
vn 0.083700 -0.594016 -0.800087
vn 0.096547 -0.602195 -0.792490
vn 0.481927 -0.629108 -0.609893
vn 0.095047 -0.598733 -0.795289
vn 0.488046 -0.605305 -0.628822
vn -0.828215 -0.409719 0.382348
vn -0.623882 0.040565 0.780465
vn -0.683974 0.215803 0.696856
vn -0.935891 -0.251377 0.246816
vn -0.215452 0.468002 0.857061
vn -0.170873 0.528743 0.831405
vn -0.153289 0.568345 0.808385
vn -0.659533 0.399570 0.636679
vn -0.995229 -0.059111 0.077619
vn -0.803909 -0.582016 0.122420
vn -0.823370 -0.523357 0.219453
vn -0.933288 -0.332424 0.135895
vn -0.922512 -0.380909 0.062292
vn -0.825547 -0.519279 0.220956
vn -0.932880 -0.336915 0.127372
vn -0.993185 -0.116386 0.006210
vn -0.995169 -0.089648 0.040029
vn -0.992174 -0.123994 -0.014713
vn -0.041974 0.583401 0.811099
vn -0.049518 0.587903 0.807415
vn -0.024812 0.575985 0.817084
vn -0.181683 0.493298 0.850675
vn -0.261021 0.567931 0.780591
vn -0.274194 0.590878 0.758737
vn 0.932686 -0.244942 -0.264763
vn 0.824049 -0.379167 -0.420922
vn 0.799273 0.157514 -0.579958
vn 0.827828 0.245372 -0.504474
vn 0.183279 0.801953 -0.568577
vn 0.151328 0.803035 -0.576398
vn 0.705783 -0.601048 -0.374982
vn 0.630948 -0.763074 -0.140083
vn 0.668592 -0.644431 -0.371069
vn 0.852225 -0.490700 -0.181457
vn 0.673658 -0.735921 0.067861
vn -0.112561 -0.829570 0.546940
vn -0.040271 -0.854173 0.518427
vn 0.547286 -0.798665 0.250223
vn 0.737767 -0.549266 -0.392437
vn 0.774059 -0.501774 -0.386076
vn 0.904448 -0.375833 -0.201801
vn 0.885554 -0.414011 -0.210687
vn 0.434704 -0.651612 0.621639
vn -0.179861 -0.769965 0.612213
vn -0.145688 -0.780298 0.608202
vn 0.441122 -0.558622 0.702390
vn -0.256165 -0.774752 0.578048
vn -0.205493 -0.797836 0.566772
vn -0.304539 -0.757232 0.577802
vn -0.230333 -0.738916 0.633205
vn 0.351766 -0.446533 0.822721
vn 0.154884 0.805292 -0.572290
vn 0.229123 0.798705 -0.556393
vn 0.374071 0.736478 -0.563623
vn 0.306380 0.748637 -0.587941
vn 0.366885 0.750034 -0.550312
vn 0.260410 0.770140 -0.582298
vn -0.628059 0.496361 0.599306
vn -0.570681 0.548082 0.611498
vn -0.693809 0.355718 0.626174
vn -0.917199 0.236199 0.320867
vn -0.877622 0.371478 0.302958
vn -0.846599 0.419857 0.327095
vn 0.995297 -0.095047 -0.018696
vn 0.977450 -0.164173 -0.132814
vn 0.866486 0.296024 -0.401960
vn 0.888870 0.337917 -0.309390
vn 0.156500 0.810412 -0.564571
vn 0.147493 0.810271 -0.567192
vn 0.930942 -0.364864 -0.014899
vn 0.714282 -0.659273 0.234863
vn 0.955222 -0.277063 0.103865
vn 0.728873 -0.593405 0.341489
vn -0.112796 -0.809830 0.575720
vn -0.111224 -0.815907 0.567384
vn 0.954735 -0.291211 -0.060634
vn 0.959942 -0.272758 -0.064141
vn 0.980051 -0.193185 0.046683
vn 0.977087 -0.205867 0.054029
vn -0.245091 -0.779496 0.576469
vn -0.192438 -0.796960 0.572558
vn -0.242453 -0.784273 0.571080
vn -0.194937 -0.795526 0.573705
vn -0.318892 -0.758591 0.568196
vn -0.308237 -0.755291 0.578382
vn 0.183920 0.800566 -0.570323
vn 0.164568 0.805171 -0.569751
vn 0.310460 0.756033 -0.576220
vn 0.316868 0.762897 -0.563544
vn 0.248809 0.778311 -0.576478
vn 0.244381 0.784027 -0.570596
vn -0.953986 0.277612 0.113324
vn -0.947782 0.299169 0.110484
vn -0.969386 0.180787 0.166151
vn -0.989187 0.130789 0.066350
vn -0.976576 0.214972 0.009287
vn -0.973499 0.228690 0.000039
vn 0.932965 0.148390 0.327958
vn 0.993319 -0.008905 0.115057
vn 0.902043 0.388550 -0.188009
vn 0.863409 0.504306 0.014109
vn 0.139988 0.808535 -0.571555
vn 0.133532 0.811335 -0.569127
vn 0.954951 -0.181500 0.234788
vn 0.736046 -0.509600 0.445583
vn 0.892896 -0.017901 0.449906
vn 0.693645 -0.364956 0.621019
vn -0.083326 -0.809044 0.581812
vn -0.105298 -0.809572 0.577499
vn 0.976298 -0.110573 0.186055
vn 0.979060 -0.098404 0.178207
vn 0.917408 0.066212 0.392402
vn 0.914170 0.054672 0.401627
vn -0.247593 -0.793638 0.555731
vn -0.202950 -0.799543 0.565280
vn -0.246554 -0.820777 0.515303
vn -0.199803 -0.818690 0.538355
vn -0.313908 -0.812498 0.491232
vn -0.329840 -0.771638 0.543857
vn 0.162858 0.818211 -0.551368
vn 0.190989 0.803533 -0.563789
vn 0.319260 0.778123 -0.540923
vn 0.291875 0.817868 -0.495883
vn 0.244495 0.793481 -0.557324
vn 0.230767 0.819367 -0.524771
vn -0.984941 0.143679 -0.096163
vn -0.982202 0.156459 -0.103920
vn -0.996754 0.066195 -0.045828
vn -0.961137 -0.084308 -0.262884
vn -0.951969 -0.011731 -0.305970
vn -0.950170 0.000626 -0.311730
vn 0.361480 0.585989 0.725224
vn 0.719467 0.381841 0.580142
vn 0.672808 0.707251 0.217082
vn 0.382442 0.876502 0.292374
vn 0.137391 0.802785 -0.580224
vn 0.184500 0.777749 -0.600887
vn 0.685326 0.195711 0.701445
vn 0.504413 -0.197968 0.840462
vn 0.332139 0.383310 0.861834
vn 0.180405 -0.058223 0.981868
vn -0.164286 -0.754609 0.635276
vn -0.090362 -0.790699 0.605500
vn 0.707909 0.276004 0.650143
vn 0.710453 0.289964 0.641231
vn 0.355354 0.488324 0.797034
vn 0.354641 0.472407 0.806884
vn -0.225747 -0.850779 0.474567
vn -0.188275 -0.836928 0.513911
vn -0.230376 -0.849272 0.475042
vn -0.213556 -0.827152 0.519821
vn -0.246277 -0.874632 0.417573
vn -0.266371 -0.861912 0.431456
vn 0.186086 0.782175 -0.594621
vn 0.140411 0.813070 -0.564979
vn 0.235310 0.856345 -0.459676
vn 0.226466 0.855002 -0.466567
vn 0.194768 0.844519 -0.498852
vn 0.209787 0.832653 -0.512522
vn -0.713005 -0.301431 -0.633058
vn -0.712113 -0.290131 -0.639311
vn -0.718804 -0.368426 -0.589562
vn -0.318134 -0.578562 -0.751037
vn -0.302638 -0.519009 -0.799400
vn -0.299176 -0.509291 -0.806918
vn 0.011356 0.684770 0.728671
vn 0.094725 0.668861 0.737328
vn 0.193374 0.945614 0.261575
vn 0.131983 0.962188 0.238274
vn 0.223657 0.758293 -0.612348
vn 0.220738 0.757035 -0.614958
vn 0.047693 0.472929 0.879809
vn -0.070370 0.010357 0.997467
vn -0.041514 0.496496 0.867046
vn -0.139634 0.035486 0.989567
vn -0.227726 -0.745501 0.626395
vn -0.227577 -0.739908 0.633044
vn 0.069157 0.558942 0.826318
vn 0.071500 0.573082 0.816373
vn -0.018031 0.589102 0.807858
vn -0.021373 0.576431 0.816866
vn -0.241027 -0.839157 0.487568
vn -0.236662 -0.816972 0.525879
vn -0.224722 -0.837206 0.498584
vn -0.223618 -0.817706 0.530427
vn -0.221086 -0.882119 0.415917
vn -0.242747 -0.876656 0.415388
vn 0.222626 0.778612 -0.586686
vn 0.228741 0.770930 -0.594429
vn 0.236648 0.850372 -0.469962
vn 0.220657 0.856194 -0.467164
vn 0.234183 0.819990 -0.522278
vn 0.222256 0.823025 -0.522716
vn -0.071520 -0.582367 -0.809774
vn -0.067824 -0.572439 -0.817137
vn -0.091497 -0.641447 -0.761692
vn -0.026179 -0.654764 -0.755380
vn -0.007869 -0.594104 -0.804350
vn -0.004899 -0.583794 -0.811887
vn -0.075755 0.685821 0.723816
vn -0.016178 0.685262 0.728117
vn 0.096345 0.963314 0.250485
vn 0.040906 0.961719 0.270966
vn 0.198551 0.762399 -0.615894
vn 0.190838 0.761934 -0.618900
vn -0.063169 0.504523 0.861084
vn -0.143943 0.058766 0.987839
vn -0.119005 0.516093 0.848225
vn -0.184095 0.090871 0.978699
vn -0.200223 -0.746162 0.634943
vn -0.204032 -0.749028 0.630339
vn -0.046041 0.580331 0.813078
vn -0.043008 0.592326 0.804550
vn -0.101855 0.598573 0.794567
vn -0.104520 0.587294 0.802597
vn -0.197908 -0.840323 0.504669
vn -0.199407 -0.822428 0.532776
vn -0.185605 -0.845894 0.500013
vn -0.190320 -0.830912 0.522842
vn -0.185673 -0.896280 0.402749
vn -0.195896 -0.887740 0.416583
vn 0.190368 0.784093 -0.590727
vn 0.198913 0.784500 -0.587361
vn 0.194360 0.862449 -0.467339
vn 0.180320 0.865748 -0.466867
vn 0.196207 0.830250 -0.521717
vn 0.183028 0.835589 -0.517968
vn -0.001907 -0.594944 -0.803765
vn 0.000371 -0.584515 -0.811383
vn -0.017042 -0.656054 -0.754521
vn -0.010846 -0.651250 -0.758786
vn 0.000737 -0.594348 -0.804208
vn 0.002256 -0.584648 -0.811284
vn -0.017688 0.589051 0.807902
vn -0.013595 0.602646 0.797893
vn -0.038509 0.605384 0.795002
vn -0.042319 0.592235 0.804653
vn -0.097143 0.610743 0.785848
vn -0.100922 0.598486 0.794751
vn -0.137746 0.636414 0.758949
vn -0.134054 0.679924 0.720925
vn -0.565332 0.804885 0.180444
vn -0.605335 0.683587 0.407773
vn -0.161118 0.750966 0.640384
vn -0.427758 0.898866 -0.095205
vn -0.514394 0.658004 -0.549935
vn -0.706932 0.545663 -0.450000
vn -0.884126 0.364741 -0.292037
vn -0.882260 0.365605 -0.296566
vn -0.701445 0.567434 -0.431270
vn -0.701507 0.603825 -0.378527
vn -0.880409 0.418934 -0.222205
vn -0.504995 0.693439 -0.513927
vn -0.506674 0.710215 -0.488750
vn -0.506909 0.755823 -0.414457
vn -0.700931 0.626281 -0.341274
vn -0.880756 0.412827 -0.232040
vn 0.021392 -0.488480 -0.872313
vn -0.001520 -0.571353 -0.820703
vn 0.003044 -0.572550 -0.819864
vn 0.022897 -0.492976 -0.869742
vn -0.005080 -0.583764 -0.811907
vn 0.000002 -0.584456 -0.811425
vn 0.001821 -0.584580 -0.811334
vn 0.004755 -0.573875 -0.818929
vn 0.023323 -0.502078 -0.864508
vn -0.270397 -0.407860 -0.872087
vn -0.293692 -0.497145 -0.816451
vn -0.062804 -0.560196 -0.825976
vn -0.037460 -0.475858 -0.878724
vn -0.297574 -0.509848 -0.807159
vn -0.066976 -0.572608 -0.817089
vn -0.918983 0.112000 -0.378056
vn -0.947874 0.017447 -0.318168
vn -0.711489 -0.274090 -0.647038
vn -0.689056 -0.175231 -0.703204
vn -0.950897 0.002392 -0.309497
vn -0.713632 -0.288944 -0.638154
vn -0.939178 0.327145 -0.104498
vn -0.969918 0.241673 -0.029214
vn -0.978382 0.170061 -0.117680
vn -0.948295 0.258195 -0.184584
vn -0.973373 0.229096 -0.007726
vn -0.982040 0.156629 -0.105190
vn -0.878636 0.477489 0.001570
vn -0.882528 0.442764 0.158445
vn -0.948553 0.314247 0.038686
vn -0.920336 0.386993 -0.056728
vn -0.850857 0.446257 0.277302
vn -0.948056 0.305799 0.087619
vn -0.224383 0.659768 0.717188
vn -0.646164 0.633237 0.426008
vn -0.698976 0.677468 0.229063
vn -0.257877 0.625894 0.736041
vn -0.572038 0.599179 0.560140
vn -0.011354 0.585060 0.810911
vn -0.035430 0.596926 0.801514
vn -0.011882 0.584901 0.811018
vn -0.045733 0.593027 0.803883
vn -0.008148 0.584071 0.811662
vn -0.010288 0.584490 0.811336
vn -0.008154 0.584071 0.811661
vn -0.010364 0.584459 0.811357
vn 0.241502 0.527519 0.814494
vn 0.026985 0.578325 0.815360
vn 0.027008 0.578321 0.815362
vn 0.241685 0.527464 0.814476
vn -0.010359 0.584288 0.811480
vn -0.010350 0.584288 0.811481
vn 0.805902 0.208334 0.554184
vn 0.528886 0.409241 0.743506
vn 0.805404 0.208832 0.554719
vn 0.528371 0.409514 0.743722
vn 0.979608 -0.109098 0.168718
vn 0.950240 0.000253 0.311520
vn 0.950390 -0.000110 0.311062
vn 0.979615 -0.109154 0.168641
vn 0.887807 -0.386543 -0.249767
vn 0.976404 -0.215074 0.019451
vn 0.887505 -0.386871 -0.250330
vn 0.976362 -0.215295 0.019128
vn 0.381625 -0.594851 -0.707471
vn 0.684519 -0.523069 -0.507773
vn 0.684937 -0.522894 -0.507388
vn 0.381798 -0.594835 -0.707391
vn -0.007804 -0.580209 -0.814430
vn -0.006161 -0.580487 -0.814246
vn -0.006157 -0.580487 -0.814246
vn -0.007800 -0.580210 -0.814430
vn -0.005356 -0.580628 -0.814152
vn -0.005353 -0.580629 -0.814151
vn -0.013971 -0.579143 -0.815107
vn -0.013545 -0.579226 -0.815054
vn -0.013536 -0.579229 -0.815053
vn -0.013962 -0.579145 -0.815105
vn -0.011868 -0.579517 -0.814874
vn -0.011861 -0.579518 -0.814873
vn 0.255927 -0.600871 -0.757269
vn 0.021976 -0.584612 -0.811015
vn 0.021955 -0.584609 -0.811018
vn 0.255795 -0.600872 -0.757312
vn 0.981954 -0.171820 0.079019
vn 0.928056 -0.333923 -0.164948
vn 0.981955 -0.171812 0.079029
vn 0.928024 -0.333972 -0.165028
vn 0.809562 -0.454334 -0.371739
vn 0.809655 -0.454270 -0.371616
vn 0.271053 0.518373 0.811061
vn 0.573063 0.384980 0.723456
vn 0.271229 0.518315 0.811039
vn 0.573105 0.384954 0.723437
vn 0.799229 0.215792 0.560952
vn 0.799305 0.215720 0.560871
vn 0.035340 0.577048 0.815945
vn -0.001792 0.583193 0.812332
vn -0.001769 0.583181 0.812340
vn 0.035187 0.577073 0.815934
vn -0.001736 0.583231 0.812304
vn -0.001475 0.583126 0.812380
vn -0.001434 0.583139 0.812371
vn -0.001701 0.583207 0.812322
vn -0.001547 -0.581065 -0.813855
vn -0.001489 -0.581016 -0.813891
vn -0.001551 -0.580977 -0.813918
vn -0.001583 -0.581068 -0.813854
vn -0.001117 -0.581088 -0.813840
vn -0.001195 -0.581070 -0.813853
vn 0.490647 -0.579524 -0.650705
vn 0.091100 -0.592925 -0.800088
vn 0.089671 -0.594735 -0.798905
vn 0.492784 -0.579996 -0.648667
vn 0.915432 -0.352359 -0.194491
vn 0.796945 -0.463096 -0.387841
vn 0.800945 -0.452660 -0.391901
vn 0.918754 -0.337602 -0.204736
vn 0.980269 -0.191450 0.049186
vn 0.961726 -0.267153 -0.060933
vn 0.964874 -0.252984 -0.070835
vn 0.983216 -0.177877 0.040563
vn 0.918364 0.064616 0.390427
vn 0.978933 -0.097546 0.179373
vn 0.981584 -0.085244 0.170958
vn 0.921283 0.075714 0.381450
vn 0.348034 0.491148 0.798527
vn 0.708544 0.291444 0.642671
vn 0.709727 0.304811 0.635121
vn 0.347739 0.505664 0.789545
vn 0.068801 0.573626 0.816223
vn 0.071668 0.587398 0.806118
vn -0.017857 0.589076 0.807880
vn -0.042657 0.592280 0.804602
vn -0.101382 0.598529 0.794660
vn -0.137174 0.600937 0.787438
vn -0.625975 0.550907 0.551958
vn -0.982103 0.153621 -0.108973
vn -0.981856 0.127392 -0.140466
vn -0.981399 0.176136 -0.076371
vn -0.981589 0.152894 -0.114479
vn -0.004991 -0.583779 -0.811897
vn 0.000183 -0.584485 -0.811404
vn 0.002035 -0.584614 -0.811309
vn -0.298362 -0.509574 -0.807041
vn -0.067403 -0.572523 -0.817113
vn -0.950532 0.001501 -0.310624
vn -0.712837 -0.289566 -0.638760
vn -0.973448 0.228905 -0.001486
vn -0.982165 0.156606 -0.104046
vn -0.836071 0.439105 0.328895
vn -0.946498 0.303904 0.108553
vn -0.269970 0.605016 0.749047
vn -0.550941 0.572383 0.607323
vn -0.012155 0.584721 0.811143
vn -0.049632 0.590241 0.805700
vn -0.008161 0.584072 0.811661
vn -0.010407 0.584427 0.811379
vn 0.026956 0.578330 0.815357
vn 0.241283 0.527585 0.814516
vn -0.010368 0.584290 0.811479
vn 0.804821 0.209416 0.555344
vn 0.527766 0.409836 0.743974
vn 0.950062 0.000681 0.312060
vn 0.979599 -0.109029 0.168814
vn 0.887147 -0.387262 -0.250995
vn 0.976310 -0.215561 0.018741
vn 0.684027 -0.523274 -0.508224
vn 0.381413 -0.594870 -0.707569
vn -0.006166 -0.580486 -0.814247
vn -0.007810 -0.580208 -0.814431
vn -0.005360 -0.580627 -0.814152
vn -0.013554 -0.579225 -0.815055
vn -0.013981 -0.579141 -0.815107
vn -0.011877 -0.579516 -0.814875
vn 0.022009 -0.584616 -0.811011
vn 0.256208 -0.600869 -0.757175
vn 0.981960 -0.171728 0.079149
vn 0.928051 -0.333930 -0.164963
vn 0.809589 -0.454314 -0.371704
vn 0.271498 0.518228 0.811005
vn 0.573243 0.384873 0.723371
vn 0.799186 0.215831 0.560998
vn 0.035125 0.577079 0.815932
vn -0.001766 0.583152 0.812361
vn -0.001709 0.583134 0.812374
vn -0.001458 0.583075 0.812417
vn -0.001494 -0.581115 -0.813820
vn -0.001546 -0.581096 -0.813833
vn -0.001136 -0.581185 -0.813770
vn 0.091990 -0.594214 -0.799029
vn 0.491335 -0.585300 -0.644992
vn 0.792722 -0.471677 -0.386152
vn 0.913313 -0.357356 -0.195335
vn 0.961301 -0.268495 -0.061734
vn 0.980163 -0.192303 0.047956
vn 0.978996 -0.097967 0.178800
vn 0.917888 0.065412 0.391412
vn 0.709473 0.290725 0.641971
vn 0.351664 0.489754 0.797793
vn 0.070139 0.573357 0.816298
vn 0.258284 -0.600408 -0.756835
vn 0.253865 -0.600691 -0.758105
vn 0.644682 -0.538651 -0.542439
vn 0.674518 -0.527873 -0.516116
vn 0.254485 -0.600798 -0.757812
vn 0.639342 -0.540282 -0.547117
vn 0.878835 -0.395938 -0.266238
vn 0.883986 -0.391679 -0.255256
vn 0.907452 -0.366883 -0.204765
vn 0.979541 -0.172817 0.103121
vn 0.981389 -0.164820 0.098537
vn 0.970811 -0.067494 0.230152
vn 0.973987 -0.095922 0.205298
vn 0.982164 -0.160547 0.097871
vn 0.969551 -0.057259 0.238103
vn 0.915310 0.069335 0.396738
vn 0.921265 0.056782 0.384767
vn 0.938092 0.019214 0.345853
vn -0.010724 0.584482 0.811336
vn -0.010748 0.584484 0.811334
vn 0.021736 0.579356 0.814785
vn 0.021388 0.579400 0.814763
vn -0.010761 0.584482 0.811335
vn 0.021857 0.579398 0.814752
vn 0.251191 0.524889 0.813262
vn 0.245902 0.526178 0.814045
vn 0.242369 0.527202 0.814442
vn -0.008045 0.584055 0.811674
vn -0.008066 0.584058 0.811672
vn -0.010121 0.584380 0.811417
vn -0.010095 0.584376 0.811420
vn -0.008090 0.584062 0.811669
vn -0.010148 0.584383 0.811415
vn 0.243462 0.526920 0.814298
vn 0.027254 0.578279 0.815384
vn 0.027350 0.578263 0.815392
vn 0.244220 0.526689 0.814221
vn -0.010269 0.584275 0.811491
vn -0.010235 0.584270 0.811495
vn -0.010205 0.584266 0.811498
vn 0.027426 0.578250 0.815399
vn 0.244888 0.526483 0.814153
vn 0.814713 0.199346 0.544522
vn 0.812867 0.201251 0.546577
vn 0.536138 0.405346 0.740439
vn 0.538079 0.404295 0.739606
vn 0.810798 0.203372 0.548860
vn 0.533971 0.406515 0.741364
vn 0.979685 -0.109736 0.167853
vn 0.951879 -0.003762 0.306450
vn 0.952496 -0.005300 0.304505
vn 0.979714 -0.109978 0.167526
vn 0.953037 -0.006662 0.302781
vn 0.979740 -0.110189 0.167239
vn 0.893177 -0.380545 -0.239626
vn 0.892063 -0.381808 -0.241757
vn 0.976999 -0.211877 0.024115
vn 0.977149 -0.211042 0.025331
vn 0.890805 -0.383223 -0.244146
vn 0.976826 -0.212825 0.022736
vn 0.383456 -0.594674 -0.706629
vn 0.689097 -0.521126 -0.503560
vn 0.690861 -0.520369 -0.501924
vn 0.384171 -0.594606 -0.706298
vn 0.692433 -0.519689 -0.500460
vn 0.384808 -0.594544 -0.706003
vn -0.007748 -0.580218 -0.814424
vn -0.006117 -0.580494 -0.814242
vn -0.006100 -0.580496 -0.814240
vn -0.007727 -0.580221 -0.814422
vn -0.005318 -0.580634 -0.814147
vn -0.005303 -0.580636 -0.814146
vn -0.005290 -0.580638 -0.814145
vn -0.006085 -0.580499 -0.814238
vn -0.007709 -0.580225 -0.814420
vn -0.013872 -0.579159 -0.815097
vn -0.013448 -0.579242 -0.815045
vn -0.013412 -0.579248 -0.815041
vn -0.013834 -0.579165 -0.815093
vn -0.011784 -0.579531 -0.814865
vn -0.011752 -0.579536 -0.814862
vn -0.011725 -0.579541 -0.814859
vn -0.013381 -0.579253 -0.815038
vn -0.013801 -0.579171 -0.815089
vn 0.255197 -0.600881 -0.757506
vn 0.021767 -0.584583 -0.811042
vn 0.021699 -0.584573 -0.811051
vn 0.255009 -0.600884 -0.757568
vn 0.021672 -0.584570 -0.811054
vn 0.255209 -0.600885 -0.757499
vn 0.982028 -0.170541 0.080848
vn 0.981990 -0.171199 0.079914
vn 0.929418 -0.331815 -0.161494
vn 0.930068 -0.330793 -0.159841
vn 0.981969 -0.171560 0.079399
vn 0.928934 -0.332570 -0.162723
vn 0.811645 -0.452881 -0.368960
vn 0.812615 -0.452195 -0.367663
vn 0.813890 -0.451285 -0.365958
vn 0.269796 0.518788 0.811214
vn 0.269978 0.518728 0.811193
vn 0.574791 0.383993 0.722609
vn 0.575346 0.383675 0.722337
vn 0.270314 0.518617 0.811151
vn 0.574333 0.384255 0.722835
vn 0.801158 0.213909 0.558917
vn 0.801815 0.213265 0.558221
vn 0.802429 0.212661 0.557569
vn -0.001696 0.583141 0.812369
vn -0.001701 0.583144 0.812367
vn 0.034608 0.577171 0.815890
vn 0.034493 0.577191 0.815880
vn -0.001689 0.583150 0.812363
vn 0.034802 0.577138 0.815904
vn -0.001640 0.583127 0.812379
vn -0.001646 0.583134 0.812374
vn -0.001419 0.583087 0.812408
vn -0.001427 0.583095 0.812403
vn -0.001433 0.583116 0.812388
vn -0.001638 0.583148 0.812364
vn -0.000673 0.582954 0.812505
vn -0.000566 0.582932 0.812521
vn -0.000891 0.582995 0.812476
vn -0.000884 0.582991 0.812478
vn -0.000668 0.582952 0.812506
vn -0.000562 0.582931 0.812522
vn -0.684425 0.523949 0.506991
vn -0.854897 0.419402 0.305375
vn -0.401836 0.593961 0.696950
vn -0.401832 0.593961 0.696951
vn -0.684452 0.523938 0.506966
vn -0.854943 0.419360 0.305302
vn -0.959995 0.272238 0.065536
vn -0.978053 0.097830 -0.183961
vn -0.960015 0.272188 0.065461
vn -0.978054 0.097839 -0.183949
vn -0.916997 -0.066333 -0.393339
vn -0.791147 -0.222093 -0.569879
vn -0.917026 -0.066285 -0.393281
vn -0.791189 -0.222053 -0.569836
vn -0.575445 -0.382118 -0.723083
vn -0.287323 -0.511506 -0.809819
vn -0.575457 -0.382111 -0.723077
vn -0.287279 -0.511521 -0.809826
vn -0.053674 -0.572220 -0.818342
vn -0.001311 -0.581186 -0.813770
vn -0.053638 -0.572226 -0.818340
vn -0.001302 -0.581187 -0.813769
vn -0.001566 -0.581076 -0.813848
vn -0.001460 -0.581095 -0.813835
vn -0.001454 -0.581114 -0.813821
vn -0.001571 -0.581092 -0.813837
vn -0.001138 -0.581154 -0.813793
vn -0.001128 -0.581171 -0.813781
vn -0.001121 -0.581177 -0.813776
vn -0.001446 -0.581121 -0.813816
vn -0.001565 -0.581098 -0.813832
vn 0.030672 -0.585692 -0.809953
vn 0.030713 -0.585763 -0.809900
vn 0.030997 -0.585831 -0.809840
vn 0.329930 -0.581793 -0.743413
vn 0.676175 -0.518462 -0.523436
vn 0.881700 -0.396037 -0.256437
vn 0.971914 -0.151963 0.179697
vn 0.933517 -0.032252 0.357079
vn 0.837611 0.102240 0.536614
vn 0.012077 0.575246 0.817891
vn 0.198858 0.504169 0.840398
vn -0.011482 0.584534 0.811288
vn -0.008183 0.584075 0.811658
vn -0.010347 0.584403 0.811398
vn 0.026874 0.578344 0.815350
vn 0.240642 0.527781 0.814579
vn -0.010398 0.584295 0.811475
vn 0.802987 0.211252 0.557301
vn 0.525896 0.410832 0.744749
vn 0.949493 0.002050 0.313780
vn 0.979573 -0.108821 0.169098
vn 0.886021 -0.388485 -0.253074
vn 0.976146 -0.216408 0.017506
vn 0.682495 -0.523916 -0.509621
vn 0.380829 -0.594927 -0.707836
vn -0.006181 -0.580483 -0.814249
vn -0.007829 -0.580206 -0.814432
vn -0.005373 -0.580625 -0.814153
vn -0.013587 -0.579220 -0.815058
vn -0.014015 -0.579135 -0.815111
vn -0.011905 -0.579512 -0.814876
vn 0.022008 -0.584615 -0.811013
vn 0.255510 -0.600869 -0.757411
vn 0.981932 -0.172190 0.078487
vn 0.927388 -0.334945 -0.166620
vn 0.807999 -0.455423 -0.373802
vn 0.271269 0.518295 0.811039
vn 0.572295 0.385418 0.723831
vn 0.798202 0.216792 0.562028
vn 0.034900 0.577100 0.815927
vn -0.001900 0.583146 0.812365
vn -0.001845 0.583177 0.812343
vn -0.001537 0.583104 0.812396
vn -0.001637 -0.581050 -0.813866
vn -0.001826 -0.581111 -0.813822
vn -0.001217 -0.581119 -0.813818
vn 0.047383 -0.583845 -0.810481
vn -0.081898 0.593450 0.800693
vn -0.081848 0.593445 0.800702
vn -0.001269 0.583020 0.812457
vn -0.001259 0.583019 0.812458
vn -0.001250 0.583018 0.812459
vn -0.081812 0.593442 0.800708
vn -0.081954 0.593456 0.800683
vn -0.082004 0.593461 0.800674
vn -0.001288 0.583023 0.812455
vn -0.001279 0.583022 0.812456
vn -0.082054 0.593467 0.800665
vn -0.082098 0.593472 0.800657
vn -0.001304 0.583026 0.812453
vn -0.001297 0.583024 0.812454
vn -0.082148 0.593477 0.800648
vn -0.082198 0.593482 0.800639
vn -0.001318 0.583028 0.812451
vn -0.001311 0.583027 0.812452
vn -0.082351 0.593507 0.800605
vn -0.082315 0.593496 0.800617
vn -0.001345 0.583041 0.812442
vn -0.001340 0.583033 0.812447
vn -0.001333 0.583030 0.812450
vn -0.082274 0.593490 0.800625
vn -0.157812 0.160892 0.974274
vn -0.115881 0.427909 0.896362
vn -0.085392 0.158136 0.983718
vn -0.037146 0.416385 0.908429
vn -0.009967 0.544660 0.838597
vn -0.090821 0.555480 0.826556
vn -0.184066 -0.047304 0.981775
vn -0.118267 -0.043609 0.992024
vn -0.208199 -0.338014 0.917823
vn -0.157229 -0.336902 0.928319
vn -0.187856 -0.810334 0.555040
vn -0.200249 -0.802007 0.562747
vn -0.171239 -0.929378 0.327007
vn -0.177266 -0.937060 0.300824
vn -0.115585 -0.992349 -0.043399
vn -0.144864 -0.987541 -0.061457
vn 0.039814 -0.631946 -0.773989
vn -0.000503 -0.782829 -0.622237
vn 0.048953 -0.593409 -0.803411
vn -0.012655 -0.584474 -0.811314
vn -0.020386 -0.622884 -0.782048
vn -0.057321 -0.775828 -0.628335
vn -0.012025 -0.579618 -0.814799
vn -0.012053 -0.579615 -0.814801
vn 0.050763 -0.588596 -0.806832
vn 0.050829 -0.588603 -0.806823
vn -0.012080 -0.579616 -0.814800
vn 0.050707 -0.588594 -0.806837
vn -0.011937 -0.579633 -0.814790
vn -0.011951 -0.579630 -0.814792
vn 0.051002 -0.588625 -0.806796
vn 0.051043 -0.588631 -0.806789
vn -0.011972 -0.579627 -0.814794
vn 0.050955 -0.588619 -0.806803
vn -0.011922 -0.579634 -0.814790
vn -0.011928 -0.579634 -0.814789
vn 0.051048 -0.588631 -0.806788
vn 0.051024 -0.588627 -0.806793
vn -0.011906 -0.579637 -0.814788
vn -0.011915 -0.579636 -0.814788
vn 0.051049 -0.588631 -0.806789
vn 0.051072 -0.588633 -0.806785
vn -0.011886 -0.579641 -0.814785
vn -0.011896 -0.579639 -0.814786
vn 0.051098 -0.588636 -0.806782
vn 0.051119 -0.588639 -0.806778
vn -0.011872 -0.579644 -0.814784
vn -0.011878 -0.579642 -0.814784
vn 0.051136 -0.588642 -0.806775
vn 0.051148 -0.588642 -0.806774
vn -0.011848 -0.579647 -0.814782
vn -0.011864 -0.579645 -0.814783
vn 0.051164 -0.588645 -0.806771
vn 0.051203 -0.588650 -0.806765
vn -0.011724 -0.579667 -0.814769
vn -0.011755 -0.579662 -0.814772
vn 0.051379 -0.588671 -0.806738
vn 0.051422 -0.588677 -0.806731
vn -0.011791 -0.579656 -0.814776
vn 0.051315 -0.588663 -0.806748
vn -0.009310 -0.571487 -0.820559
vn -0.011282 -0.578411 -0.815668
vn 0.051726 -0.587388 -0.807651
vn 0.053079 -0.580297 -0.812673
vn -0.011677 -0.579675 -0.814764
vn 0.051534 -0.588690 -0.806714
vn 0.062724 -0.226265 -0.972044
vn 0.005353 -0.509099 -0.860691
vn 0.067176 -0.515744 -0.854105
vn 0.120642 -0.230626 -0.965535
vn 0.198720 0.578901 -0.790812
vn 0.190409 0.329229 -0.924853
vn 0.183102 0.567175 -0.802986
vn 0.157118 0.330560 -0.930615
vn 0.134969 0.185511 -0.973329
vn 0.176418 0.173658 -0.968875
vn 0.024137 0.908057 0.418151
vn 0.072531 0.978808 0.191503
vn 0.093330 0.902467 0.420527
vn 0.132612 0.974179 0.182730
vn 0.170910 0.976047 -0.134619
vn 0.127138 0.985422 -0.113046
vn -0.071784 0.632099 0.771556
vn -0.040550 0.741446 0.669786
vn 0.008333 0.622274 0.782755
vn 0.037661 0.734044 0.678057
vn -0.081721 0.593431 0.800725
vn -0.080157 0.599582 0.796289
vn -0.001238 0.583015 0.812460
vn 0.000266 0.589239 0.807959
vn 0.183771 0.924150 -0.334926
vn 0.183635 0.928120 -0.323839
vn 0.167925 0.976844 -0.132579
vn 0.170419 0.971673 -0.163732
vn 0.184358 0.932544 -0.310441
vn 0.165262 0.981530 -0.096371
vn 0.146643 0.988047 0.047523
vn 0.151506 0.988429 0.007409
vn 0.155437 0.987449 -0.028014
vn 0.103950 -0.041068 -0.993734
vn 0.101951 -0.053944 -0.993326
vn 0.145701 0.244817 -0.958559
vn 0.148862 0.272119 -0.950679
vn 0.099697 -0.068810 -0.992636
vn 0.142325 0.213297 -0.966565
vn 0.178247 0.525029 -0.832209
vn 0.179723 0.559855 -0.808865
vn 0.181416 0.588670 -0.787753
vn 0.041396 -0.388674 -0.920445
vn 0.040762 -0.391572 -0.919244
vn 0.009675 -0.537118 -0.843452
vn 0.009452 -0.537721 -0.843070
vn 0.009029 -0.538405 -0.842638
vn 0.039919 -0.394952 -0.917834
vn -0.000556 -0.581284 -0.813701
vn -0.000656 -0.581273 -0.813709
vn 0.000926 -0.574588 -0.818442
vn 0.001044 -0.574507 -0.818499
vn -0.000962 -0.581230 -0.813739
vn 0.000603 -0.574656 -0.818395
vn -0.000572 -0.581282 -0.813702
vn -0.000673 -0.581270 -0.813711
vn -0.000668 -0.581271 -0.813710
vn -0.000567 -0.581282 -0.813702
vn -0.000986 -0.581226 -0.813741
vn -0.000979 -0.581227 -0.813741
vn -0.000972 -0.581229 -0.813740
vn -0.000663 -0.581272 -0.813709
vn -0.000563 -0.581283 -0.813701
vn -0.000577 -0.581281 -0.813703
vn -0.000679 -0.581269 -0.813711
vn -0.000581 -0.581280 -0.813703
vn -0.000684 -0.581268 -0.813712
vn -0.001001 -0.581224 -0.813743
vn -0.000994 -0.581225 -0.813742
vn -0.000585 -0.581280 -0.813704
vn -0.000689 -0.581268 -0.813712
vn -0.000589 -0.581279 -0.813704
vn -0.000693 -0.581267 -0.813713
vn -0.001013 -0.581222 -0.813744
vn -0.001008 -0.581223 -0.813744
vn -0.000592 -0.581279 -0.813704
vn -0.000697 -0.581266 -0.813713
vn -0.000596 -0.581278 -0.813705
vn -0.000700 -0.581266 -0.813713
vn -0.001023 -0.581221 -0.813745
vn -0.001018 -0.581221 -0.813745
vn -0.000608 -0.581267 -0.813713
vn -0.000714 -0.581254 -0.813722
vn -0.000712 -0.581262 -0.813716
vn -0.000606 -0.581274 -0.813707
vn -0.001044 -0.581208 -0.813754
vn -0.001040 -0.581216 -0.813749
vn -0.001035 -0.581219 -0.813747
vn -0.000709 -0.581264 -0.813714
vn -0.000603 -0.581277 -0.813706
vn -0.088361 -0.892027 -0.443260
vn -0.038912 -0.733374 -0.678711
vn -0.039467 -0.736027 -0.675800
vn -0.090524 -0.897252 -0.432139
vn -0.010242 -0.620557 -0.784094
vn -0.010141 -0.621357 -0.783462
vn -0.010205 -0.622013 -0.782941
vn -0.040030 -0.738265 -0.673321
vn -0.092316 -0.901666 -0.422466
vn -0.118029 -0.958875 -0.258125
vn -0.114334 -0.953506 -0.278846
vn -0.120900 -0.963244 -0.239884
vn -0.144118 -0.988235 -0.051210
vn -0.140876 -0.987134 -0.075629
vn -0.136304 -0.985236 -0.103588
vn -0.179412 -0.785352 0.592481
vn -0.181442 -0.785405 0.591792
vn -0.172163 -0.561752 0.809194
vn -0.169463 -0.550384 0.817533
vn -0.182172 -0.785738 0.591125
vn -0.174115 -0.574443 0.799812
vn -0.156755 -0.362188 0.918830
vn -0.153249 -0.342166 0.927058
vn -0.149223 -0.318787 0.936006
vn -0.009184 0.574215 0.818653
vn -0.021227 0.516905 0.855780
vn -0.021264 0.508949 0.860534
vn -0.007652 0.572245 0.820047
vn -0.067653 0.273734 0.959423
vn -0.071478 0.248238 0.966058
vn -0.074227 0.233876 0.969429
vn -0.021999 0.503280 0.863843
vn -0.007363 0.570718 0.821113
vn -0.007258 0.583856 0.811825
vn -0.007275 0.583857 0.811824
vn -0.005263 0.583568 0.812047
vn -0.005250 0.583567 0.812048
vn -0.007291 0.583855 0.811825
vn -0.005275 0.583566 0.812049
vn -0.004621 0.583479 0.812115
vn -0.004611 0.583481 0.812114
vn -0.004600 0.583480 0.812114
vn -0.007206 0.583848 0.811831
vn -0.007214 0.583849 0.811830
vn -0.005218 0.583562 0.812052
vn -0.005212 0.583562 0.812052
vn -0.007226 0.583851 0.811829
vn -0.005227 0.583564 0.812051
vn -0.004579 0.583477 0.812117
vn -0.004572 0.583476 0.812118
vn -0.004566 0.583475 0.812118
vn -0.007196 0.583846 0.811833
vn -0.007200 0.583847 0.811832
vn -0.005208 0.583561 0.812053
vn -0.005205 0.583560 0.812054
vn -0.004563 0.583474 0.812119
vn -0.004560 0.583474 0.812119
vn -0.007187 0.583845 0.811833
vn -0.007192 0.583846 0.811833
vn -0.005203 0.583560 0.812054
vn -0.005199 0.583559 0.812054
vn -0.004558 0.583473 0.812119
vn -0.004554 0.583473 0.812120
vn -0.007175 0.583843 0.811835
vn -0.007181 0.583845 0.811834
vn -0.005194 0.583559 0.812054
vn -0.005190 0.583558 0.812055
vn -0.004551 0.583473 0.812120
vn -0.004547 0.583472 0.812120
vn -0.007166 0.583842 0.811835
vn -0.007170 0.583842 0.811835
vn -0.005186 0.583557 0.812055
vn -0.005184 0.583556 0.812056
vn -0.004544 0.583472 0.812121
vn -0.004542 0.583471 0.812121
vn -0.007153 0.583840 0.811837
vn -0.007162 0.583841 0.811837
vn -0.005181 0.583556 0.812056
vn -0.005174 0.583555 0.812057
vn -0.004539 0.583470 0.812122
vn -0.004532 0.583470 0.812122
vn -0.007077 0.583829 0.811846
vn -0.007097 0.583832 0.811844
vn -0.005133 0.583549 0.812061
vn -0.005119 0.583547 0.812063
vn -0.007118 0.583835 0.811841
vn -0.005149 0.583552 0.812060
vn -0.004510 0.583467 0.812125
vn -0.004497 0.583465 0.812126
vn -0.004484 0.583463 0.812127
vn -0.003947 0.595906 0.803044
vn -0.006549 0.585714 0.810492
vn -0.004564 0.585652 0.810550
vn -0.001747 0.597008 0.802233
vn -0.007050 0.583825 0.811849
vn -0.005099 0.583544 0.812065
vn -0.004467 0.583460 0.812129
vn -0.003895 0.585752 0.810481
vn -0.000867 0.598090 0.801428
vn 0.074954 0.872667 0.482529
vn 0.013081 0.664590 0.747094
vn 0.016121 0.669203 0.742905
vn 0.079996 0.881567 0.465232
vn 0.017752 0.673259 0.739194
vn 0.083444 0.889214 0.449818
vn -0.002256 0.576336 0.817210
vn -0.002117 0.576433 0.817142
vn -0.002517 0.576237 0.817279
vn -0.000960 0.583028 0.812451
vn -0.000727 0.582986 0.812482
vn -0.000613 0.582963 0.812498
vn -0.001835 0.583189 0.812334
vn -0.001776 0.583175 0.812345
vn -0.003429 0.575880 0.817527
vn -0.003516 0.575771 0.817603
vn -0.001538 0.583131 0.812377
vn -0.003159 0.576000 0.817444
vn 0.274256 0.517381 0.810617
vn 0.035835 0.576984 0.815969
vn 0.034142 0.569494 0.821286
vn 0.273515 0.509391 0.815911
vn 0.572042 0.376238 0.728844
vn 0.571446 0.386011 0.724185
vn 0.794327 0.209322 0.570288
vn 0.795200 0.219855 0.565084
vn 0.981959 -0.171747 0.079116
vn 0.979640 -0.181499 0.085808
vn 0.924226 -0.345662 -0.162246
vn 0.926368 -0.336569 -0.169006
vn 0.805129 -0.464465 -0.368837
vn 0.805121 -0.457555 -0.377391
vn 0.021905 -0.588779 -0.807997
vn 0.259806 -0.605689 -0.752091
vn -0.015002 -0.582930 -0.812384
vn -0.014217 -0.579106 -0.815128
vn 0.022429 -0.584680 -0.810953
vn 0.257588 -0.600895 -0.756686
vn -0.014506 -0.582738 -0.812531
vn -0.012727 -0.582667 -0.812611
vn -0.012077 -0.579490 -0.814890
vn -0.013782 -0.579193 -0.815074
vn -0.006714 -0.582580 -0.812745
vn -0.008446 -0.582612 -0.812706
vn -0.005840 -0.582459 -0.812839
vn -0.005454 -0.580625 -0.814153
vn -0.006273 -0.580480 -0.814250
vn -0.007943 -0.580197 -0.814438
vn 0.377103 -0.595289 -0.709524
vn 0.050655 -0.588599 -0.806837
vn 0.050275 -0.589347 -0.806314
vn 0.375054 -0.597597 -0.708670
vn -0.012125 -0.579618 -0.814798
vn -0.012202 -0.580388 -0.814249
vn 0.671013 -0.532070 -0.516376
vn 0.877182 -0.401568 -0.263241
vn 0.879181 -0.395716 -0.265422
vn 0.673300 -0.527694 -0.517886
vn 0.979414 -0.107499 0.170856
vn 0.975131 -0.221394 0.010177
vn 0.973690 -0.227484 0.013373
vn 0.978068 -0.112729 0.175141
vn 0.944331 0.006186 0.328939
vn 0.789770 0.219104 0.572937
vn 0.791938 0.222066 0.568789
vn 0.946008 0.010189 0.323984
vn 0.236684 0.528961 0.814973
vn 0.514735 0.416674 0.749287
vn 0.512770 0.414557 0.751804
vn 0.235367 0.527661 0.816196
vn 0.026065 0.577556 0.815935
vn -0.010714 0.583339 0.812158
vn -0.010585 0.584305 0.811465
vn 0.026332 0.578419 0.815315
vn -0.004640 0.583474 0.812119
vn -0.005296 0.583561 0.812052
vn -0.005668 0.581772 0.813332
vn -0.005070 0.581458 0.813561
vn -0.007321 0.583851 0.811828
vn -0.007613 0.582326 0.812919
vn -0.011633 0.584613 0.811229
vn -0.010507 0.584433 0.811374
vn -0.011217 0.581011 0.813818
vn -0.012392 0.580942 0.813851
vn -0.008314 0.584088 0.811648
vn -0.008968 0.580986 0.813864
vn 0.257900 0.522547 0.812670
vn 0.024150 0.578953 0.815003
vn 0.023681 0.574999 0.817811
vn 0.260259 0.516753 0.815617
vn 0.979647 -0.139828 0.144010
vn 0.924287 0.042078 0.379371
vn 0.981965 -0.130349 0.136943
vn 0.926422 0.051418 0.372959
vn 0.805231 0.209679 0.554651
vn 0.805281 0.199334 0.558381
vn 0.273163 -0.608206 -0.745297
vn 0.571627 -0.568807 -0.591356
vn 0.273901 -0.600621 -0.751154
vn 0.571030 -0.561246 -0.599105
vn 0.794871 -0.464292 -0.390658
vn 0.794000 -0.472612 -0.382364
vn 0.034289 -0.593935 -0.803782
vn -0.003432 -0.588422 -0.808547
vn -0.001749 -0.581043 -0.813871
vn 0.035980 -0.586490 -0.809157
vn -0.003226 -0.588340 -0.808607
vn -0.002842 -0.588255 -0.808671
vn -0.001208 -0.581137 -0.813805
vn -0.001566 -0.581076 -0.813848
vn -0.002220 -0.587743 -0.809044
vn -0.002140 -0.587862 -0.808958
vn -0.002514 -0.587573 -0.809168
vn -0.001049 -0.581192 -0.813765
vn -0.000718 -0.581239 -0.813733
vn -0.000610 -0.581251 -0.813724
vn -0.055548 -0.578148 -0.814039
vn -0.002795 -0.587261 -0.809393
vn -0.290090 -0.517042 -0.805305
vn -0.288780 -0.510993 -0.809625
vn -0.054176 -0.572103 -0.818391
vn -0.001401 -0.581148 -0.813796
vn -0.578021 -0.387232 -0.718292
vn -0.792962 -0.227287 -0.565289
vn -0.791627 -0.221610 -0.569399
vn -0.576736 -0.381342 -0.722463
vn -0.918407 -0.071895 -0.389050
vn -0.979416 0.092008 -0.179662
vn -0.978051 0.097855 -0.183960
vn -0.917040 -0.066238 -0.393256
vn -0.961356 0.266305 0.069828
vn -0.856495 0.413290 0.309207
vn -0.855080 0.419251 0.305067
vn -0.959970 0.272310 0.065610
vn -0.686585 0.517703 0.510474
vn -0.404461 0.587767 0.700671
vn -0.403082 0.593843 0.696330
vn -0.685199 0.523640 0.506264
vn -0.083815 0.587515 0.804861
vn -0.002726 0.577012 0.816731
vn -0.001353 0.583056 0.812431
vn -0.082430 0.593529 0.800580
vn -0.000712 0.582960 0.812501
vn -0.000601 0.582937 0.812517
vn -0.000938 0.583002 0.812470
vn -0.001739 0.583150 0.812363
vn -0.001800 0.583161 0.812355
vn -0.001503 0.583108 0.812393
vn 0.035453 0.577022 0.815959
vn 0.272844 0.517784 0.810836
vn 0.572463 0.385311 0.723755
vn 0.797272 0.217690 0.563000
vn 0.981967 -0.171627 0.079277
vn 0.927340 -0.335012 -0.166759
vn 0.807378 -0.455842 -0.374632
vn 0.022176 -0.584639 -0.810990
vn 0.256485 -0.600860 -0.757088
vn -0.014086 -0.579124 -0.815118
vn -0.013656 -0.579208 -0.815065
vn -0.011966 -0.579501 -0.814883
vn -0.006213 -0.580478 -0.814252
vn -0.007869 -0.580199 -0.814437
vn -0.005401 -0.580621 -0.814156
vn 0.050895 -0.588611 -0.806812
vn 0.379457 -0.595055 -0.708464
vn -0.011997 -0.579623 -0.814797
vn 0.679154 -0.525301 -0.512648
vn 0.883565 -0.391121 -0.257560
vn 0.975789 -0.218208 0.014870
vn 0.979515 -0.108343 0.169742
vn 0.948252 0.004988 0.317478
vn 0.799003 0.215193 0.561503
vn 0.521831 0.412978 0.746419
vn 0.239195 0.528220 0.814720
vn 0.026674 0.578378 0.815332
vn -0.010463 0.584304 0.811467
vn -0.005238 0.583565 0.812049
vn -0.004589 0.583479 0.812115
vn -0.007241 0.583853 0.811827
vn -0.010401 0.584422 0.811383
vn -0.011515 0.584599 0.811241
vn -0.008229 0.584083 0.811653
vn 0.023897 0.579004 0.814975
vn 0.257467 0.522857 0.812608
vn 0.982554 -0.128111 0.134812
vn 0.928817 0.050212 0.367120
vn 0.809955 0.206885 0.548791
vn 0.273505 -0.600527 -0.751374
vn 0.574686 -0.559725 -0.597029
vn 0.799704 -0.459904 -0.385956
vn 0.035680 -0.586469 -0.809186
vn -0.001717 -0.581068 -0.813853
vn -0.001535 -0.581099 -0.813831
vn -0.001182 -0.581160 -0.813788
vn -0.000704 -0.581265 -0.813714
vn -0.000599 -0.581277 -0.813705
vn -0.001029 -0.581220 -0.813746
vn -0.054008 -0.572157 -0.818364
vn -0.001375 -0.581176 -0.813777
vn -0.288280 -0.511184 -0.809682
vn -0.576287 -0.381627 -0.722672
vn -0.791454 -0.221798 -0.569567
vn -0.917021 -0.066293 -0.393291
vn -0.978054 0.097835 -0.183955
vn -0.959977 0.272287 0.065610
vn -0.855006 0.419303 0.305203
vn -0.684919 0.523741 0.506539
vn -0.402641 0.593871 0.696561
vn -0.082234 0.593486 0.800633
vn -0.001325 0.583029 0.812451
vn -0.001624 0.583150 0.812363
vn -0.001664 0.583148 0.812364
vn -0.001443 0.583122 0.812383
vn 0.035161 0.577076 0.815933
vn 0.270758 0.518472 0.811096
vn 0.574105 0.384384 0.722947
vn 0.800650 0.214405 0.559455
vn 0.981956 -0.171778 0.079087
vn 0.928587 -0.333107 -0.163602
vn 0.810934 -0.453379 -0.369909
vn 0.021838 -0.584593 -0.811033
vn 0.255517 -0.600878 -0.757402
vn -0.013907 -0.579153 -0.815100
vn -0.013482 -0.579237 -0.815048
vn -0.011813 -0.579526 -0.814868
vn -0.006133 -0.580491 -0.814243
vn -0.007768 -0.580215 -0.814426
vn -0.005331 -0.580632 -0.814149
vn 0.051252 -0.588655 -0.806758
vn 0.382776 -0.594740 -0.706942
vn -0.011824 -0.579651 -0.814779
vn 0.687440 -0.521833 -0.505090
vn 0.889619 -0.384544 -0.246382
vn 0.976662 -0.213710 0.021444
vn 0.979658 -0.109508 0.168163
vn 0.951294 -0.002318 0.308276
vn 0.808846 0.205358 0.550995
vn 0.531940 0.407607 0.742224
vn 0.242748 0.527139 0.814370
vn 0.027163 0.578295 0.815376
vn -0.010300 0.584280 0.811487
vn -0.005163 0.583554 0.812058
vn -0.004523 0.583469 0.812123
vn -0.007138 0.583838 0.811839
vn -0.010170 0.584386 0.811412
vn -0.010753 0.584476 0.811339
vn -0.008112 0.584065 0.811666
vn 0.021332 0.579561 0.814649
vn 0.255684 0.523900 0.812499
vn 0.978118 -0.174128 0.113861
vn 0.977004 -0.134460 0.165482
vn 0.960185 -0.042315 0.276142
vn 0.272387 -0.599606 -0.752514
vn 0.738869 -0.497651 -0.454331
vn 0.946425 -0.305957 -0.103299
vn 0.031472 -0.585718 -0.809904
vn -0.001555 -0.581071 -0.813851
vn -0.001473 -0.581089 -0.813838
vn -0.001156 -0.581153 -0.813794
vn -0.000558 0.582930 0.812522
vn -0.000663 0.582951 0.812507
vn -0.000878 0.582990 0.812479
vn -0.001630 0.583126 0.812380
vn -0.001686 0.583139 0.812370
vn -0.001411 0.583086 0.812409
vn 0.034415 0.577205 0.815874
vn 0.269587 0.518858 0.811239
vn 0.575750 0.383443 0.722138
vn 0.802960 0.212140 0.557003
vn 0.982036 -0.170400 0.081052
vn 0.930355 -0.330341 -0.159102
vn 0.814417 -0.450912 -0.365245
vn 0.021599 -0.584559 -0.811063
vn 0.254841 -0.600889 -0.757620
vn -0.013774 -0.579175 -0.815087
vn -0.013354 -0.579257 -0.815035
vn -0.011702 -0.579544 -0.814857
vn -0.006073 -0.580500 -0.814237
vn -0.007694 -0.580227 -0.814419
vn -0.005279 -0.580640 -0.814144
vn 0.051478 -0.588684 -0.806723
vn 0.385318 -0.594494 -0.705767
vn -0.011697 -0.579672 -0.814766
vn 0.693699 -0.519138 -0.499277
vn 0.894066 -0.379528 -0.237915
vn 0.977268 -0.210367 0.026313
vn 0.979760 -0.110365 0.167000
vn 0.953470 -0.007762 0.301387
vn 0.816176 0.197828 0.542882
vn 0.539635 0.403449 0.738934
vn 0.245433 0.526316 0.814097
vn 0.027501 0.578237 0.815405
vn -0.010180 0.584262 0.811501
vn -0.005108 0.583546 0.812064
vn -0.004474 0.583461 0.812129
vn -0.007062 0.583826 0.811848
vn -0.010073 0.584373 0.811423
vn -0.010701 0.584479 0.811338
vn -0.008027 0.584052 0.811677
vn 0.021090 0.579463 0.814726
vn 0.239948 0.528064 0.814600
vn 0.982394 -0.158854 0.098326
vn 0.969241 -0.054443 0.240016
vn 0.913790 0.072796 0.399611
vn 0.255441 -0.600836 -0.757461
vn 0.640117 -0.539937 -0.546552
vn 0.879134 -0.395325 -0.266161
vn 0.031163 -0.585865 -0.809810
vn -0.001557 -0.581099 -0.813831
vn -0.001438 -0.581122 -0.813815
vn -0.001114 -0.581178 -0.813776
vn -0.000659 -0.581272 -0.813709
vn -0.000559 -0.581284 -0.813701
vn -0.000967 -0.581229 -0.813739
vn -0.053599 -0.572234 -0.818337
vn -0.001296 -0.581188 -0.813768
vn -0.287150 -0.511564 -0.809844
vn -0.575330 -0.382185 -0.723139
vn -0.791134 -0.222105 -0.569892
vn -0.917015 -0.066302 -0.393304
vn -0.978054 0.097837 -0.183954
vn -0.960012 0.272195 0.065470
vn -0.854914 0.419386 0.305348
vn -0.684371 0.523972 0.507041
vn -0.401711 0.593975 0.697009
vn -0.081765 0.593437 0.800717
vn -0.001243 0.583016 0.812460
vn -0.160035 0.530500 0.832442
vn -0.140279 0.588567 0.796185
vn -0.073327 0.581829 0.809999
vn -0.100033 0.530578 0.841713
vn -0.130295 0.598660 0.790335
vn -0.060009 0.591067 0.804387
vn -0.021978 0.585824 0.810140
vn -0.029865 0.576033 0.816880
vn -0.049700 0.525831 0.849136
vn -0.170640 0.178772 0.968980
vn -0.219455 0.151897 0.963726
vn -0.120528 0.189737 0.974409
vn -0.195058 -0.731139 0.653749
vn -0.200570 -0.736704 0.645786
vn -0.205754 -0.740614 0.639654
vn -0.179608 -0.866341 0.466042
vn -0.181455 -0.875576 0.447706
vn -0.183727 -0.882558 0.432824
vn -0.185244 -0.866358 0.463797
vn -0.185255 -0.878308 0.440745
vn -0.185102 -0.886417 0.424266
vn -0.175114 -0.948654 0.263421
vn -0.174809 -0.944314 0.278771
vn -0.177926 -0.929751 0.322345
vn 0.002159 -0.584304 -0.811532
vn 0.001830 -0.590624 -0.806945
vn 0.001752 -0.588808 -0.808271
vn 0.001921 -0.584086 -0.811690
vn -0.003801 -0.629562 -0.776941
vn -0.003081 -0.619663 -0.784862
vn -0.003576 -0.616570 -0.787292
vn 0.001660 -0.588008 -0.808853
vn 0.001819 -0.583865 -0.811849
vn 0.001736 -0.584317 -0.811523
vn 0.001895 -0.584305 -0.811532
vn 0.001599 -0.584158 -0.811639
vn 0.001510 -0.584251 -0.811572
vn 0.001454 -0.584060 -0.811709
vn 0.001377 -0.584269 -0.811559
vn 0.018348 -0.530286 -0.847620
vn 0.004087 -0.577552 -0.816344
vn 0.003215 -0.579215 -0.815169
vn 0.013645 -0.542107 -0.840199
vn 0.002822 -0.579763 -0.814780
vn 0.011580 -0.544611 -0.838609
vn 0.161742 0.796371 -0.582780
vn 0.174717 0.784527 -0.594972
vn 0.164587 0.861940 -0.479553
vn 0.158106 0.841849 -0.516036
vn 0.186727 0.781252 -0.595632
vn 0.171099 0.868660 -0.464925
vn 0.172596 0.851240 -0.495582
vn 0.160943 0.861369 -0.481810
vn 0.149347 0.866364 -0.476559
vn -0.016863 0.660674 0.750484
vn -0.066997 0.667372 0.741704
vn 0.013396 0.942719 0.333320
vn 0.050711 0.943060 0.328734
vn -0.122807 0.677768 0.724948
vn -0.012579 0.951303 0.308002
vn 0.185920 0.749883 -0.634909
vn 0.160306 0.750820 -0.640759
vn 0.133386 0.754318 -0.642816
vn -0.128624 0.602062 0.788021
vn -0.132564 0.614237 0.777907
vn -0.065846 0.608277 0.790989
vn -0.058262 0.595650 0.801128
vn -0.022254 0.602822 0.797566
vn -0.020236 0.590728 0.806617
vn -0.126799 0.600116 0.789799
vn -0.056024 0.592941 0.803295
vn -0.019596 0.588024 0.808606
vn -0.144624 0.601656 0.785553
vn -0.145799 0.601284 0.785621
vn -0.144604 0.602127 0.785196
vn -0.149690 0.590793 0.792815
vn -0.163663 0.526012 0.834581
vn -0.220565 0.124609 0.967380
vn -0.205376 -0.742659 0.637400
vn -0.182020 -0.855013 0.485614
vn -0.188519 -0.846437 0.498001
vn -0.182601 -0.911246 0.369171
vn 0.001448 -0.592623 -0.805479
vn 0.002261 -0.584483 -0.811403
vn -0.006678 -0.641019 -0.767496
vn 0.002031 -0.584456 -0.811423
vn 0.001828 -0.584431 -0.811441
vn 0.004636 -0.575592 -0.817724
vn 0.021754 -0.515734 -0.856472
vn 0.190101 0.781938 -0.593661
vn 0.175055 0.868084 -0.464527
vn 0.178099 0.842225 -0.508858
vn -0.123417 0.682915 0.719997
vn -0.002807 0.957065 0.289860
vn 0.191421 0.756022 -0.625930
vn -0.142353 0.613758 0.776554
vn 0.836627 -0.203129 0.508718
vn 0.921673 -0.023198 0.387273
vn 0.364764 -0.576123 0.731457
vn 0.933980 0.022997 0.356585
vn 0.936177 0.032945 0.349983
vn 0.936477 0.032220 0.349245
vn 0.936720 0.031721 0.348640
vn 0.936285 0.032645 0.349720
vn 0.936959 0.031239 0.348040
vn 0.937162 0.030829 0.347530
vn 0.937313 0.030524 0.347151
vn 0.937377 0.030394 0.346987
vn 0.937472 0.030205 0.346749
vn 0.937642 0.029860 0.346319
vn 0.937661 0.029821 0.346270
vn 0.937715 0.029710 0.346133
vn 0.937763 0.029610 0.346010
vn 0.937799 0.029540 0.345920
vn 0.937831 0.029477 0.345838
vn 0.937802 0.029536 0.345912
vn 0.938226 0.028670 0.344834
vn 0.938299 0.028520 0.344646
vn 0.938331 0.028454 0.344564
vn 0.938478 0.028156 0.344190
vn 0.938645 0.027815 0.343761
vn 0.938736 0.027631 0.343528
vn 0.938894 0.027307 0.343120
vn 0.939063 0.026958 0.342685
vn 0.940985 0.033921 0.336745
vn 0.949616 0.069703 0.305566
vn 0.959875 0.257009 0.112189
vn 0.583198 0.658152 -0.476147
vn 0.244801 0.704730 -0.665904
vn 0.193922 0.709553 -0.677443
vn 0.194130 0.719826 -0.666457
vn 0.193597 0.734437 -0.650479
vn 0.190882 0.779889 -0.596102
vn 0.190443 0.791723 -0.580436
vn 0.191771 0.766188 -0.613335
vn 0.176978 0.859679 -0.479199
vn 0.129395 0.843109 -0.521942
vn 0.193362 0.842804 -0.502287
vn 0.160870 0.777076 -0.608502
vn 0.255867 0.730263 -0.633441
vn 0.330927 0.733047 -0.594247
vn 0.349141 0.775455 -0.526090
vn 0.304372 0.823776 -0.478278
vn 0.214478 0.846168 -0.487851
vn 0.131247 0.817572 -0.560670
vn 0.135031 0.756811 -0.639534
vn 0.180869 0.732079 -0.656770
vn 0.194431 0.747513 -0.635154
vn 0.191465 0.797043 -0.572768
vn 0.190854 0.808245 -0.557059
vn 0.193175 0.782967 -0.591309
vn 0.194098 0.862637 -0.467101
vn 0.193662 0.871004 -0.451495
vn 0.192946 0.852059 -0.486588
vn 0.240987 0.863608 -0.442840
vn 0.569567 0.701247 -0.428774
vn 0.977447 0.035978 -0.208094
vn 0.971715 -0.218129 -0.090498
vn 0.962862 -0.261161 -0.068495
vn 0.960840 -0.269534 -0.064321
vn 0.960620 -0.270251 -0.064600
vn 0.960343 -0.271252 -0.064521
vn 0.961343 -0.269602 -0.055987
vn 0.966770 -0.254908 -0.019437
vn 0.975352 -0.215389 0.047921
vn 0.981753 -0.155031 0.110123
vn 0.995735 0.004078 0.092174
vn 0.500668 0.751762 -0.429167
vn 0.130196 0.826665 -0.547425
vn 0.048813 0.831621 -0.553194
vn 0.040620 0.832723 -0.552198
vn 0.043655 0.823083 -0.566241
vn 0.044019 0.812528 -0.581257
vn 0.032291 0.797816 -0.602036
vn 0.055065 0.759255 -0.648460
vn 0.147841 0.711139 -0.687332
vn 0.216480 0.689686 -0.690992
vn 0.220353 0.693385 -0.686048
vn 0.199821 0.699335 -0.686296
vn 0.196570 0.698029 -0.688560
vn 0.200316 0.695040 -0.690502
vn 0.195127 0.698418 -0.688577
vn 0.170964 0.719757 -0.672845
vn 0.145959 0.762391 -0.630441
vn -0.703419 0.540625 -0.461440
vn -0.880288 0.330014 -0.340858
vn -0.510353 0.680314 -0.526035
vn -0.978732 0.101472 -0.178288
vn -0.992465 -0.122312 -0.007247
vn -0.827471 -0.504414 0.246694
vn -0.934351 -0.328213 0.138799
vn -0.183423 -0.858331 0.479191
vn -0.180390 -0.856703 0.483238
vn -0.186920 -0.858439 0.477644
vn -0.181337 -0.853762 0.488065
vn -0.184402 -0.851559 0.490758
vn -0.197659 -0.849567 0.489046
vn -0.226166 -0.845735 0.483303
vn -0.242826 -0.843068 0.479866
vn -0.230836 -0.848948 0.475396
vn -0.227620 -0.851474 0.472420
vn -0.260256 -0.822118 0.506349
vn -0.279544 -0.788540 0.547776
vn -0.283512 -0.772180 0.568647
vn -0.285624 -0.763092 0.579750
vn -0.284252 -0.760808 0.583414
vn -0.193655 -0.775296 0.601177
vn 0.432205 -0.741257 0.513554
vn 0.961192 -0.275193 -0.019448
vn 0.965386 -0.244572 -0.090635
vn 0.955169 -0.271632 -0.117764
vn 0.944417 -0.299730 -0.135047
vn 0.938237 -0.315841 -0.141268
vn 0.936595 -0.320026 -0.142733
vn 0.936352 -0.320439 -0.143400
vn 0.936161 -0.320750 -0.143954
vn 0.933858 -0.330352 -0.137026
vn 0.921552 -0.374295 -0.103173
vn 0.936054 -0.320898 -0.144314
vn 0.836460 -0.547301 0.028241
vn 0.364829 -0.877967 0.309957
vn -0.101059 -0.915721 0.388898
vn -0.172248 -0.912658 0.370656
vn -0.171262 -0.921042 0.349786
vn -0.171821 -0.929734 0.325686
vn -0.167495 -0.961910 0.216041
vn -0.164006 -0.967186 0.194043
vn -0.169494 -0.956907 0.235800
vn -0.209666 -0.963061 0.168978
vn -0.298742 -0.930452 0.212161
vn -0.170785 -0.972047 0.161111
vn -0.383962 -0.877335 0.287847
vn -0.424116 -0.823714 0.376327
vn -0.431693 -0.784585 0.445048
vn -0.434396 -0.746475 0.504058
vn -0.433431 -0.700174 0.567356
vn -0.410617 -0.652474 0.636923
vn -0.354348 -0.627384 0.693417
vn -0.281980 -0.624963 0.727948
vn -0.213319 -0.627952 0.748446
vn -0.183199 -0.630012 0.754668
vn -0.181010 -0.621733 0.762026
vn -0.176407 -0.592194 0.786249
vn -0.181526 -0.650964 0.737085
vn -0.170947 -0.627537 0.759588
vn -0.172641 -0.644778 0.744618
vn -0.170613 -0.606270 0.776742
vn -0.102190 -0.663013 0.741600
vn -0.109903 -0.343194 0.932813
vn -0.149267 -0.309898 0.938980
vn 0.238122 -0.252977 0.937710
vn -0.143605 -0.266597 0.953050
vn -0.137420 -0.210448 0.967898
vn -0.119803 -0.062997 0.990797
vn -0.114422 -0.029000 0.993009
vn -0.123805 -0.083762 0.988765
vn -0.077166 0.047347 0.995893
vn 0.068850 -0.021069 0.997405
vn -0.103992 0.044365 0.993588
vn 0.302413 -0.145721 0.941972
vn 0.554721 -0.280398 0.783366
vn 0.705057 -0.398932 0.586300
vn 0.750160 -0.492684 0.441047
vn 0.740872 -0.604048 0.293659
vn 0.638308 -0.763790 0.095852
vn 0.441219 -0.892662 -0.092091
vn 0.183531 -0.945139 -0.270238
vn -0.052508 -0.920172 -0.387976
vn -0.100417 -0.914559 -0.391788
vn -0.123441 -0.960131 -0.250821
vn -0.126211 -0.966008 -0.225611
vn -0.120410 -0.956144 -0.267001
vn -0.144446 -0.987706 -0.059774
vn -0.150167 -0.988559 -0.014169
vn -0.137810 -0.983233 -0.119422
vn -0.111121 -0.993613 0.019649
vn 0.236050 -0.969474 -0.066332
vn 0.583002 -0.706034 -0.402025
vn 0.593873 -0.590555 -0.546407
vn 0.580585 -0.564893 -0.586359
vn 0.576870 -0.559823 -0.594827
vn 0.578357 -0.559297 -0.593877
vn 0.578280 -0.559312 -0.593938
vn 0.578707 -0.559236 -0.593593
vn 0.578277 -0.559318 -0.593935
vn 0.578231 -0.559336 -0.593963
vn 0.578164 -0.559358 -0.594007
vn 0.577169 -0.559635 -0.594714
vn 0.578444 -0.559285 -0.593804
vn 0.582059 -0.558280 -0.591212
vn 0.581186 -0.558526 -0.591838
vn 0.580898 -0.558609 -0.592043
vn 0.580557 -0.558706 -0.592284
vn 0.580343 -0.558767 -0.592437
vn 0.580349 -0.558766 -0.592432
vn 0.580091 -0.558839 -0.592615
vn 0.582356 -0.558212 -0.590983
vn 0.581936 -0.558333 -0.591283
vn 0.581431 -0.558477 -0.591643
vn 0.581850 -0.558366 -0.591336
vn 0.582590 -0.558164 -0.590798
vn 0.583883 -0.557804 -0.589860
vn 0.584051 -0.557763 -0.589733
vn 0.583440 -0.557941 -0.590169
vn 0.588991 -0.551310 -0.590887
vn 0.610707 -0.517663 -0.599218
vn 0.651952 -0.351543 -0.671845
vn 0.455170 0.223793 -0.861822
vn 0.194909 0.419256 -0.886699
vn 0.154357 0.399185 -0.903784
vn 0.150455 0.360858 -0.920405
vn 0.145810 0.313647 -0.938278
vn 0.132151 0.180767 -0.974607
vn 0.128336 0.149108 -0.980457
vn 0.136214 0.218877 -0.966198
vn 0.157474 0.018141 -0.987357
vn 0.394404 0.054231 -0.917335
vn 0.108443 0.030389 -0.993638
vn 0.630811 0.130963 -0.764805
vn 0.780720 0.238451 -0.577596
vn 0.843173 0.370638 -0.389469
vn 0.844917 0.467976 -0.259065
vn 0.822286 0.554271 -0.128955
vn 0.722443 0.690425 0.037269
vn 0.521321 0.834105 0.180261
vn 0.296871 0.916957 0.266567
vn 0.139958 0.945790 0.293075
vn 0.111223 0.953623 0.279702
vn 0.127411 0.974898 0.182595
vn 0.131781 0.979379 0.153138
vn 0.121618 0.968902 0.215492
vn 0.152291 0.987200 -0.047367
vn 0.155441 0.984067 -0.086315
vn 0.148285 0.988945 0.000707
vn 0.193842 0.974887 -0.109642
vn 0.469838 0.882740 -0.004714
vn 0.755593 0.462948 0.463421
vn 0.708392 0.333892 0.621850
vn 0.681030 0.321319 0.657991
vn 0.673854 0.320126 0.665913
vn 0.675481 0.318733 0.664932
vn 0.679214 0.315608 0.662616
vn 0.689220 0.307801 0.655922
vn 0.717820 0.285192 0.635138
vn 0.765067 0.244461 0.595745
vn 0.811901 0.197518 0.549366
vn 0.842399 0.183515 0.506642
vn 0.482464 0.831384 0.275735
vn -0.391038 0.888807 -0.238979
vn -0.543694 0.765608 -0.343862
vn -0.562095 0.734632 -0.379954
vn -0.574018 0.704694 -0.417026
vn -0.578416 0.661489 -0.477353
vn -0.536670 0.578538 -0.614230
vn -0.384107 0.394038 -0.834983
vn -0.082341 0.183335 -0.979596
vn 0.102796 0.081535 -0.991355
vn 0.139122 0.052478 -0.988884
vn 0.125275 0.037686 -0.991406
vn 0.117267 -0.003013 -0.993096
vn 0.108467 -0.074170 -0.991329
vn 0.094474 -0.153892 -0.983561
vn 0.077095 -0.214402 -0.973698
vn 0.069280 -0.211310 -0.974961
vn -0.459782 -0.080031 -0.884418
vn -0.460383 -0.297837 -0.836266
vn -0.371730 0.214734 -0.903164
vn -0.086092 -0.467524 -0.879778
vn -0.069353 -0.523557 -0.849163
vn -0.073050 -0.549805 -0.832093
vn -0.463608 -0.436279 -0.771186
vn -0.493552 -0.533127 -0.687155
vn -0.072276 -0.570567 -0.818064
vn -0.080545 -0.587269 -0.805374
vn -0.113440 -0.635353 -0.763844
vn -0.486537 -0.742550 -0.460326
vn -0.526590 -0.629372 -0.571484
vn -0.088011 -0.606893 -0.789895
vn -0.046457 -0.796030 -0.603472
vn -0.053485 -0.827832 -0.558421
vn -0.047296 -0.786902 -0.615263
vn -0.066868 -0.863882 -0.499235
vn -0.081544 -0.892473 -0.443670
vn -0.097492 -0.904346 -0.415516
vn -0.117748 -0.901532 -0.416384
vn -0.180868 -0.888845 -0.421000
vn -0.359721 -0.842791 -0.400379
vn -0.675538 -0.688909 -0.262778
vn -0.888810 -0.457640 0.024149
vn -0.917062 -0.328320 0.226282
vn -0.894848 -0.291450 0.338089
vn -0.863503 -0.273640 0.423656
vn -0.809146 -0.277032 0.518205
vn -0.630396 -0.254553 0.733351
vn 0.047136 0.028582 0.998479
vn 0.574150 0.314051 0.756124
vn 0.624418 0.356362 0.695060
vn 0.612229 0.367304 0.700188
vn 0.592018 0.377069 0.712274
vn 0.580927 0.381125 0.719213
vn 0.578516 0.381843 0.720774
vn 0.578593 0.381791 0.720739
vn 0.578936 0.381547 0.720593
vn 0.580954 0.372873 0.723504
vn 0.594867 0.326765 0.734410
vn 0.577109 0.382523 0.721541
vn 0.585181 0.152316 0.796469
vn -0.001276 0.583026 0.812452
vn -0.001268 0.583025 0.812453
vn -0.000926 0.582978 0.812487
vn -0.000921 0.582977 0.812488
vn -0.000915 0.582976 0.812489
vn -0.001259 0.583023 0.812454
vn -0.000937 0.582979 0.812486
vn -0.000931 0.582978 0.812487
vn -0.001282 0.583027 0.812452
vn -0.001289 0.583028 0.812451
vn -0.001304 0.583030 0.812449
vn -0.001296 0.583029 0.812450
vn -0.000948 0.582981 0.812485
vn -0.000942 0.582980 0.812486
vn -0.001316 0.583041 0.812442
vn -0.001311 0.583034 0.812447
vn -0.000957 0.582992 0.812478
vn -0.000953 0.582984 0.812483
vn -0.010126 0.543840 0.839128
vn -0.002726 0.576890 0.816817
vn -0.010012 0.542922 0.839724
vn -0.002404 0.576706 0.816949
vn -0.000962 0.583007 0.812467
vn -0.001324 0.583057 0.812430
vn -0.084960 0.153369 0.984510
vn -0.037597 0.413452 0.909749
vn -0.086738 0.142087 0.986047
vn -0.038138 0.409714 0.911416
vn -0.154382 -0.370584 0.915879
vn -0.118407 -0.069972 0.990497
vn -0.115718 -0.050561 0.991994
vn -0.151863 -0.347089 0.925455
vn -0.180637 -0.813874 0.552249
vn -0.176339 -0.650807 0.738481
vn -0.175412 -0.637399 0.750302
vn -0.180288 -0.813642 0.552705
vn -0.148867 -0.988764 -0.013572
vn -0.174030 -0.932800 0.315591
vn -0.172692 -0.937330 0.302637
vn -0.145227 -0.988488 -0.042433
vn -0.065480 -0.810746 -0.581724
vn -0.110756 -0.940270 -0.321908
vn -0.104921 -0.926797 -0.360610
vn -0.061339 -0.792003 -0.607429
vn -0.020988 -0.629965 -0.776340
vn -0.011746 -0.586325 -0.809991
vn -0.009518 -0.588591 -0.808375
vn -0.020613 -0.638362 -0.769460
vn -0.007938 -0.580259 -0.814393
vn -0.008185 -0.581587 -0.813443
vn -0.010888 -0.580862 -0.813929
vn -0.010733 -0.579828 -0.814668
vn -0.007876 -0.580255 -0.814397
vn -0.007893 -0.580253 -0.814398
vn -0.010673 -0.579823 -0.814672
vn -0.010651 -0.579826 -0.814671
vn -0.007909 -0.580255 -0.814396
vn -0.010695 -0.579825 -0.814671
vn -0.007845 -0.580260 -0.814394
vn -0.007860 -0.580257 -0.814395
vn -0.010628 -0.579829 -0.814669
vn -0.010608 -0.579833 -0.814667
vn -0.007825 -0.580262 -0.814392
vn -0.007833 -0.580262 -0.814393
vn -0.010592 -0.579835 -0.814665
vn -0.010581 -0.579837 -0.814664
vn -0.007815 -0.580265 -0.814391
vn -0.007819 -0.580264 -0.814391
vn -0.010573 -0.579838 -0.814663
vn -0.010567 -0.579839 -0.814663
vn -0.007806 -0.580265 -0.814390
vn -0.007812 -0.580265 -0.814390
vn -0.010562 -0.579840 -0.814662
vn -0.010555 -0.579841 -0.814662
vn -0.007795 -0.580268 -0.814388
vn -0.007801 -0.580267 -0.814389
vn -0.010547 -0.579843 -0.814660
vn -0.010539 -0.579844 -0.814659
vn -0.007786 -0.580268 -0.814388
vn -0.007790 -0.580268 -0.814388
vn -0.010532 -0.579845 -0.814659
vn -0.010528 -0.579846 -0.814658
vn -0.007773 -0.580271 -0.814386
vn -0.007782 -0.580270 -0.814387
vn -0.010522 -0.579847 -0.814658
vn -0.010509 -0.579849 -0.814656
vn -0.007739 -0.580276 -0.814383
vn -0.007759 -0.580274 -0.814385
vn -0.010489 -0.579852 -0.814654
vn -0.010462 -0.579856 -0.814652
vn -0.007699 -0.580283 -0.814378
vn -0.007718 -0.580280 -0.814380
vn -0.010433 -0.579861 -0.814649
vn -0.010408 -0.579865 -0.814646
vn -0.007672 -0.580287 -0.814376
vn -0.007683 -0.580285 -0.814377
vn -0.010386 -0.579868 -0.814644
vn -0.010370 -0.579871 -0.814642
vn -0.004809 -0.569124 -0.822237
vn -0.007209 -0.578558 -0.815610
vn -0.009942 -0.578387 -0.815702
vn -0.007764 -0.570283 -0.821411
vn 0.071925 -0.190657 -0.979018
vn 0.011391 -0.498200 -0.866987
vn 0.007559 -0.504106 -0.863609
vn 0.066238 -0.210150 -0.975423
vn 0.138322 0.217099 -0.966300
vn 0.112453 0.058355 -0.991942
vn 0.143583 0.254804 -0.956273
vn 0.118668 0.090806 -0.988773
vn 0.182989 0.573091 -0.798800
vn 0.159149 0.356066 -0.920808
vn 0.182423 0.584875 -0.790344
vn 0.162247 0.389375 -0.906677
vn 0.174525 0.969203 -0.173744
vn 0.193608 0.828185 -0.525952
vn 0.176593 0.960273 -0.216082
vn 0.192059 0.814501 -0.547450
vn 0.095558 0.907588 0.408842
vn 0.136575 0.978300 0.155810
vn 0.097916 0.913473 0.394943
vn 0.140196 0.982340 0.123905
vn 0.008520 0.622943 0.782221
vn 0.038390 0.736559 0.675283
vn 0.008977 0.623615 0.781680
vn 0.039304 0.739190 0.672350
vn 0.000318 0.589344 0.807882
vn -0.001209 0.583016 0.812460
vn -0.000876 0.582970 0.812493
vn 0.000668 0.589413 0.807831
vn -0.001214 0.583016 0.812459
vn -0.001222 0.583018 0.812458
vn -0.000885 0.582971 0.812492
vn -0.000880 0.582971 0.812493
vn -0.001240 0.583021 0.812457
vn -0.001230 0.583019 0.812458
vn -0.000900 0.582974 0.812491
vn -0.000892 0.582972 0.812491
vn -0.001250 0.583022 0.812455
vn -0.000907 0.582975 0.812490
vn -0.001157 0.583047 0.812438
vn -0.001293 0.582969 0.812493
vn -0.001197 0.582972 0.812491
vn -0.001153 0.583090 0.812407
vn -0.001199 0.583076 0.812417
vn -0.001224 0.583056 0.812431
vn -0.001235 0.583052 0.812434
vn -0.001242 0.583055 0.812432
vn -0.001247 0.583063 0.812426
vn -0.002841 0.576124 0.817357
vn -0.011211 0.538782 0.842371
vn -0.001254 0.583080 0.812414
vn -0.042097 0.390889 0.919475
vn -0.097235 0.077628 0.992229
vn -0.128289 -0.143797 0.981257
vn -0.151551 -0.349227 0.924701
vn -0.171907 -0.588409 0.790078
vn -0.180130 -0.811717 0.555580
vn -0.174214 -0.925949 0.335064
vn -0.160239 -0.980488 0.113871
vn -0.131050 -0.974926 -0.179845
vn -0.083630 -0.863319 -0.497681
vn -0.030402 -0.670075 -0.741670
vn -0.013672 -0.597237 -0.801949
vn -0.010619 -0.582624 -0.812673
vn -0.010046 -0.579840 -0.814669
vn -0.009994 -0.579841 -0.814669
vn -0.009974 -0.579843 -0.814667
vn -0.010013 -0.579840 -0.814669
vn -0.009953 -0.579846 -0.814665
vn -0.009934 -0.579849 -0.814663
vn -0.009919 -0.579852 -0.814662
vn -0.009909 -0.579854 -0.814660
vn -0.009902 -0.579855 -0.814659
vn -0.009897 -0.579854 -0.814660
vn -0.009893 -0.579855 -0.814659
vn -0.009886 -0.579857 -0.814658
vn -0.009879 -0.579858 -0.814658
vn -0.009871 -0.579859 -0.814657
vn -0.009865 -0.579860 -0.814656
vn -0.009861 -0.579862 -0.814655
vn -0.009855 -0.579863 -0.814654
vn -0.009843 -0.579864 -0.814654
vn -0.009825 -0.579867 -0.814652
vn -0.009801 -0.579871 -0.814650
vn -0.009774 -0.579875 -0.814647
vn -0.009752 -0.579879 -0.814644
vn -0.009732 -0.579882 -0.814642
vn -0.009717 -0.579885 -0.814641
vn -0.008978 -0.576994 -0.816699
vn -0.005107 -0.561180 -0.827678
vn 0.015961 -0.466779 -0.884230
vn 0.087487 -0.086668 -0.992388
vn 0.165728 0.451202 -0.876898
vn 0.140820 0.264224 -0.954125
vn 0.187694 0.642288 -0.743127
vn 0.179001 0.555279 -0.812173
vn 0.188726 0.892435 -0.409809
vn 0.192782 0.750610 -0.631997
vn 0.110423 0.940507 0.321331
vn 0.160315 0.986007 -0.045701
vn 0.042749 0.751981 0.657797
vn 0.009577 0.627069 0.778905
vn 0.000538 0.590029 0.807382
vn -0.001144 0.583038 0.812444
vn -0.001149 0.583039 0.812444
vn -0.001156 0.583039 0.812443
vn -0.001165 0.583046 0.812438
vn -0.001180 0.583064 0.812426
vn -0.001188 0.583019 0.812458
vn -0.001294 0.582974 0.812490
vn -0.001230 0.583021 0.812456
vn -0.001402 -0.581158 -0.813790
vn -0.001397 -0.581166 -0.813784
vn -0.001390 -0.581169 -0.813782
vn -0.001382 -0.581170 -0.813781
vn -0.001375 -0.581171 -0.813780
vn -0.001369 -0.581172 -0.813779
vn -0.001362 -0.581173 -0.813779
vn -0.001355 -0.581174 -0.813778
vn -0.001347 -0.581176 -0.813777
vn -0.001337 -0.581177 -0.813776
vn -0.001327 -0.581179 -0.813775
vn -0.001317 -0.581180 -0.813774
vn -0.001309 -0.581182 -0.813773
vn -0.001302 -0.581183 -0.813772
vn -0.001296 -0.581183 -0.813772
vn 0.000250 -0.574736 -0.818339
vn 0.008559 -0.539188 -0.842142
vn 0.038967 -0.398773 -0.916222
vn 0.097164 -0.085103 -0.991623
vn 0.138392 0.178813 -0.974101
vn 0.176057 0.484686 -0.856787
vn 0.194904 0.765631 -0.613043
vn 0.185172 0.937088 -0.295935
vn 0.162216 0.985106 -0.057031
vn 0.141245 0.985818 0.090618
vn 0.115244 0.961160 0.250780
vn 0.069351 0.862469 0.501336
vn 0.009598 0.659340 0.751783
vn -0.006510 0.594661 0.803950
vn -0.008876 0.585792 0.810413
vn -0.009339 0.584151 0.811591
vn -0.009355 0.584154 0.811589
vn -0.009377 0.584157 0.811587
vn -0.009402 0.584160 0.811584
vn -0.009431 0.584165 0.811580
vn -0.009458 0.584169 0.811577
vn -0.009477 0.584172 0.811575
vn -0.009490 0.584173 0.811574
vn -0.009496 0.584175 0.811572
vn -0.009500 0.584175 0.811572
vn -0.009507 0.584176 0.811571
vn -0.009515 0.584177 0.811570
vn -0.009523 0.584179 0.811569
vn -0.009530 0.584179 0.811569
vn -0.009535 0.584180 0.811568
vn -0.009540 0.584182 0.811567
vn -0.009548 0.584183 0.811566
vn -0.009559 0.584184 0.811565
vn -0.009575 0.584186 0.811563
vn -0.009596 0.584189 0.811561
vn -0.009618 0.584193 0.811558
vn -0.009640 0.584195 0.811556
vn -0.009662 0.584193 0.811557
vn -0.009902 0.582962 0.812439
vn -0.011001 0.576438 0.817067
vn -0.009700 0.584189 0.811560
vn -0.021197 0.526168 0.850116
vn -0.063092 0.304664 0.950368
vn -0.145591 -0.293652 0.944760
vn -0.108392 0.011791 0.994038
vn -0.178844 -0.785705 0.592184
vn -0.167802 -0.540278 0.824586
vn -0.133049 -0.982435 -0.130845
vn -0.162191 -0.971662 0.171951
vn -0.086451 -0.886658 -0.454273
vn -0.111416 -0.947790 -0.298797
vn -0.038334 -0.730470 -0.681868
vn -0.010342 -0.619646 -0.784813
vn -0.002832 -0.587381 -0.809306
vn -0.001410 -0.581142 -0.813801
vn -0.000927 -0.581203 -0.813758
vn -0.000924 -0.581211 -0.813752
vn -0.000757 -0.581235 -0.813736
vn -0.000754 -0.581243 -0.813730
vn -0.000750 -0.581245 -0.813728
vn -0.000919 -0.581214 -0.813750
vn -0.000911 -0.581211 -0.813753
vn -0.000892 -0.581196 -0.813763
vn -0.000744 -0.581245 -0.813729
vn -0.000732 -0.581240 -0.813732
vn -0.000854 -0.581186 -0.813770
vn -0.000846 -0.581216 -0.813749
vn -0.000712 -0.581242 -0.813731
vn -0.000728 -0.581255 -0.813721
vn -0.000878 -0.581281 -0.813702
vn -0.000864 -0.581236 -0.813734
vn -0.000717 -0.581258 -0.813719
vn -0.000740 -0.581252 -0.813723
vn -0.000869 -0.581228 -0.813740
vn -0.000906 -0.581244 -0.813729
vn -0.000895 -0.581209 -0.813754
vn -0.000729 -0.581246 -0.813728
vn -0.000718 -0.581246 -0.813728
vn -0.000881 -0.581207 -0.813755
vn -0.000869 -0.581219 -0.813747
vn -0.000862 -0.581223 -0.813744
vn -0.000708 -0.581251 -0.813724
vn -0.000703 -0.581253 -0.813723
vn -0.000857 -0.581224 -0.813743
vn -0.000853 -0.581224 -0.813743
vn -0.000698 -0.581254 -0.813722
vn -0.000695 -0.581254 -0.813722
vn 0.000828 -0.574138 -0.818758
vn 0.009883 -0.535014 -0.844785
vn 0.000955 -0.574282 -0.818657
vn 0.009846 -0.535804 -0.844285
vn 0.043209 -0.378802 -0.924469
vn 0.111122 0.004153 -0.993798
vn 0.042555 -0.382509 -0.922971
vn 0.108387 -0.013123 -0.994022
vn 0.160516 0.366969 -0.916280
vn 0.188125 0.678768 -0.709848
vn 0.156133 0.331016 -0.930618
vn 0.185732 0.646421 -0.740029
vn 0.191938 0.840752 -0.506258
vn 0.187295 0.908892 -0.372608
vn 0.191345 0.829484 -0.524732
vn 0.185740 0.914962 -0.358253
vn 0.179548 0.945425 -0.271907
vn 0.167448 0.973734 -0.154281
vn 0.176149 0.956917 -0.230828
vn 0.163138 0.980890 -0.106023
vn 0.143919 0.988481 0.046826
vn 0.091530 0.914249 0.394678
vn 0.139623 0.986325 0.087571
vn 0.088784 0.905142 0.415735
vn 0.019083 0.682044 0.731062
vn 0.019407 0.687316 0.726099
vn -0.001166 0.600677 0.799491
vn -0.001817 0.602285 0.798279
vn -0.004692 0.586294 0.810085
vn -0.005648 0.586689 0.809792
vn -0.005358 0.583620 0.812009
vn -0.006374 0.583788 0.811881
vn -0.006385 0.583790 0.811880
vn -0.006399 0.583792 0.811878
vn -0.005368 0.583621 0.812008
vn -0.005380 0.583623 0.812007
vn -0.005394 0.583625 0.812005
vn -0.006416 0.583794 0.811876
vn -0.005410 0.583628 0.812003
vn -0.006435 0.583797 0.811874
vn -0.006453 0.583800 0.811872
vn -0.006466 0.583802 0.811871
vn -0.005426 0.583630 0.812002
vn -0.005437 0.583632 0.812000
vn -0.005444 0.583633 0.811999
vn -0.006475 0.583803 0.811870
vn -0.005448 0.583633 0.811999
vn -0.006479 0.583803 0.811870
vn -0.005450 0.583634 0.811999
vn -0.006482 0.583804 0.811868
vn -0.005454 0.583634 0.811998
vn -0.006487 0.583805 0.811868
vn -0.005458 0.583635 0.811998
vn -0.006492 0.583806 0.811868
vn -0.005463 0.583635 0.811997
vn -0.006497 0.583807 0.811867
vn -0.005467 0.583636 0.811997
vn -0.006502 0.583807 0.811866
vn -0.005470 0.583636 0.811997
vn -0.006506 0.583808 0.811866
vn -0.005473 0.583637 0.811996
vn -0.006510 0.583808 0.811866
vn -0.005477 0.583638 0.811996
vn -0.006514 0.583809 0.811865
vn -0.005483 0.583639 0.811995
vn -0.006522 0.583810 0.811864
vn -0.005493 0.583640 0.811994
vn -0.006533 0.583812 0.811863
vn -0.006547 0.583814 0.811861
vn -0.006562 0.583816 0.811859
vn -0.005504 0.583642 0.811992
vn -0.005517 0.583644 0.811991
vn -0.005530 0.583645 0.811990
vn -0.006577 0.583818 0.811858
vn -0.005542 0.583644 0.811991
vn -0.006591 0.583817 0.811858
vn -0.007209 0.581029 0.813851
vn -0.010368 0.566165 0.824226
vn -0.006615 0.583816 0.811859
vn -0.005563 0.583641 0.811993
vn -0.006099 0.581143 0.813779
vn -0.008947 0.567824 0.823101
vn -0.024966 0.493110 0.869608
vn -0.027635 0.484515 0.874346
vn -0.077709 0.214944 0.973530
vn -0.082817 0.184261 0.979382
vn -0.160002 -0.404828 0.900285
vn -0.160613 -0.430661 0.888107
vn -0.131451 -0.156094 0.978956
vn -0.127550 -0.115787 0.985051
vn -0.181232 -0.786972 0.589771
vn -0.180116 -0.787493 0.589418
vn -0.174336 -0.617229 0.767226
vn -0.175080 -0.604917 0.776803
vn -0.149432 -0.988770 0.001865
vn -0.152163 -0.987758 0.034352
vn -0.171988 -0.937794 0.301600
vn -0.171510 -0.944998 0.278502
vn -0.095975 -0.910808 -0.401519
vn -0.098137 -0.916124 -0.388697
vn -0.129396 -0.976053 -0.174865
vn -0.126320 -0.971668 -0.199759
vn -0.041410 -0.742926 -0.668091
vn -0.042275 -0.745683 -0.664959
vn -0.010663 -0.623339 -0.781879
vn -0.011006 -0.624115 -0.781255
vn -0.002538 -0.588157 -0.808743
vn -0.000931 -0.581187 -0.813770
vn -0.002339 -0.588055 -0.808818
vn -0.000760 -0.581219 -0.813747
vn -0.093716 0.506620 0.857061
vn -0.292274 0.102537 0.950822
vn -0.525791 -0.631853 0.569478
vn -0.522061 -0.752891 0.400759
vn -0.519808 -0.772497 0.364758
vn -0.516972 -0.778733 0.355407
vn -0.494454 -0.841733 0.216798
vn -0.182518 -0.811011 -0.555831
vn -0.031556 -0.623785 -0.780959
vn -0.012715 -0.590320 -0.807070
vn -0.010562 -0.584278 -0.811485
vn -0.009537 -0.582249 -0.812955
vn -0.009857 -0.579771 -0.814720
vn -0.009259 -0.572286 -0.820002
vn -0.011982 -0.524681 -0.851215
vn -0.154803 0.865575 -0.476252
vn -0.040661 -0.069527 -0.996751
vn -0.146773 0.801166 -0.580164
vn -0.149423 0.818747 -0.554370
vn -0.169741 0.752209 -0.636686
vn -0.159842 0.786469 -0.596588
vn -0.051985 0.691164 0.720826
vn -0.086868 0.983852 0.156490
vn -0.040370 0.616365 0.786425
vn -0.038152 0.598701 0.800063
vn -0.037488 0.590425 0.806222
vn -0.042384 0.583222 0.811206
vn -0.052700 0.568822 0.820771
vn -0.000963 -0.581266 -0.813713
vn -0.000956 -0.581284 -0.813700
vn -0.001205 0.583065 0.812425
vn -0.001172 0.583016 0.812460
vn -0.000640 0.582939 0.812516
vn -0.000636 0.582938 0.812516
vn -0.000632 0.582937 0.812517
vn -0.000648 0.582940 0.812515
vn -0.000644 0.582939 0.812516
vn -0.000654 0.582950 0.812508
vn -0.000652 0.582942 0.812513
vn -0.009924 0.542114 0.840246
vn -0.002134 0.576545 0.817063
vn -0.000657 0.582965 0.812497
vn -0.088774 0.130633 0.987448
vn -0.038679 0.406255 0.912941
vn -0.121705 -0.088726 0.988593
vn -0.157888 -0.388992 0.907611
vn -0.179280 -0.659484 0.730027
vn -0.183250 -0.813275 0.552271
vn -0.176749 -0.927988 0.328021
vn -0.152972 -0.988136 0.013695
vn -0.116059 -0.950259 -0.289030
vn -0.069090 -0.825423 -0.560271
vn -0.020490 -0.645486 -0.763497
vn -0.007831 -0.590566 -0.806951
vn -0.006088 -0.582180 -0.813037
vn -0.005763 -0.580590 -0.814176
vn -0.005730 -0.580583 -0.814181
vn -0.005717 -0.580584 -0.814181
vn -0.005742 -0.580585 -0.814179
vn -0.005705 -0.580585 -0.814179
vn -0.005695 -0.580587 -0.814178
vn -0.005686 -0.580588 -0.814177
vn -0.005680 -0.580589 -0.814177
vn -0.005676 -0.580590 -0.814176
vn -0.005673 -0.580591 -0.814176
vn -0.005671 -0.580591 -0.814175
vn -0.005667 -0.580591 -0.814175
vn -0.005663 -0.580592 -0.814175
vn -0.005658 -0.580593 -0.814174
vn -0.005654 -0.580594 -0.814174
vn -0.005652 -0.580594 -0.814173
vn -0.005649 -0.580595 -0.814173
vn -0.005642 -0.580595 -0.814173
vn -0.005632 -0.580597 -0.814171
vn -0.005617 -0.580599 -0.814170
vn -0.005602 -0.580602 -0.814168
vn -0.005588 -0.580604 -0.814167
vn -0.005577 -0.580606 -0.814166
vn -0.005568 -0.580607 -0.814165
vn -0.005072 -0.578661 -0.815552
vn -0.002461 -0.568045 -0.822993
vn 0.014551 -0.492874 -0.869979
vn 0.076863 -0.172826 -0.981949
vn 0.148336 0.289500 -0.945614
vn 0.124206 0.120674 -0.984891
vn 0.182055 0.595856 -0.782184
vn 0.165070 0.419873 -0.892445
vn 0.178129 0.950852 -0.253281
vn 0.190669 0.802681 -0.565109
vn 0.100033 0.918672 0.382146
vn 0.143367 0.985155 0.094426
vn 0.009369 0.624209 0.781201
vn 0.040104 0.741519 0.669732
vn 0.000964 0.589477 0.807784
vn -0.000595 0.582931 0.812521
vn -0.000598 0.582932 0.812521
vn -0.000602 0.582933 0.812520
vn -0.000613 0.582934 0.812519
vn -0.000607 0.582933 0.812520
vn -0.000624 0.582936 0.812518
vn -0.000619 0.582935 0.812518
vn -0.000628 0.582937 0.812517
vn -0.023162 0.498838 0.866386
vn -0.007878 0.569321 0.822078
vn -0.075663 0.227768 0.970771
vn -0.004832 0.583516 0.812087
vn -0.005314 0.581273 0.813691
vn -0.004802 0.583522 0.812083
vn -0.004791 0.583521 0.812084
vn -0.004813 0.583520 0.812084
vn -0.004770 0.583518 0.812086
vn -0.004780 0.583520 0.812085
vn -0.004762 0.583517 0.812087
vn -0.004756 0.583516 0.812088
vn -0.004753 0.583515 0.812089
vn -0.004750 0.583515 0.812089
vn -0.004748 0.583514 0.812089
vn -0.004744 0.583513 0.812090
vn -0.004740 0.583513 0.812090
vn -0.004736 0.583513 0.812090
vn -0.004733 0.583512 0.812091
vn -0.004731 0.583512 0.812091
vn -0.004727 0.583511 0.812092
vn -0.004721 0.583510 0.812092
vn -0.004698 0.583507 0.812095
vn -0.004711 0.583509 0.812093
vn -0.004684 0.583505 0.812096
vn -0.004671 0.583503 0.812098
vn -0.004653 0.583500 0.812100
vn -0.004661 0.583501 0.812099
vn -0.004038 0.585972 0.810321
vn -0.000780 0.599277 0.800542
vn 0.018604 0.677378 0.735400
vn 0.086173 0.896798 0.433966
vn 0.159155 0.985162 -0.064232
vn 0.135642 0.983128 0.122723
vn 0.184518 0.919991 -0.345788
vn 0.173084 0.965411 -0.194995
vn 0.183417 0.616394 -0.765778
vn 0.190911 0.818650 -0.541632
vn 0.106007 -0.028069 -0.993969
vn 0.152227 0.299608 -0.941840
vn 0.041960 -0.385781 -0.921636
vn 0.009787 -0.536503 -0.843841
vn -0.000585 -0.581276 -0.813707
vn 0.001038 -0.574406 -0.818570
vn -0.000592 -0.581275 -0.813707
vn -0.000588 -0.581275 -0.813707
vn -0.000602 -0.581272 -0.813709
vn -0.000596 -0.581274 -0.813708
vn -0.000611 -0.581271 -0.813710
vn -0.000617 -0.581272 -0.813709
vn -0.000618 -0.581273 -0.813709
vn -0.000618 -0.581272 -0.813709
vn -0.000620 -0.581270 -0.813711
vn -0.000624 -0.581268 -0.813712
vn -0.000633 -0.581268 -0.813712
vn -0.000629 -0.581268 -0.813712
vn -0.000638 -0.581258 -0.813719
vn -0.000637 -0.581266 -0.813714
vn -0.010387 -0.622643 -0.782437
vn -0.002195 -0.587959 -0.808888
vn -0.000641 -0.581242 -0.813730
vn -0.040660 -0.740468 -0.670860
vn -0.094051 -0.906004 -0.412688
vn -0.123521 -0.967363 -0.221250
vn -0.146793 -0.988813 -0.026459
vn -0.170713 -0.951395 0.256329
vn -0.182025 -0.786320 0.590397
vn -0.175243 -0.589783 0.788319
vn -0.159227 -0.382112 0.910295
vn -0.125981 -0.095577 0.987418
vn -0.917025 -0.066269 -0.393286
vn -0.791570 -0.221669 -0.569455
vn -0.978051 0.097846 -0.183963
vn -0.576624 -0.381413 -0.722516
vn -0.288673 -0.511033 -0.809638
vn -0.054146 -0.572113 -0.818386
vn -0.001397 -0.581153 -0.813793
vn -0.001046 -0.581197 -0.813762
vn -0.001406 -0.581147 -0.813797
vn -0.000716 -0.581244 -0.813729
vn -0.000608 -0.581256 -0.813721
vn -0.000639 -0.581247 -0.813727
vn -0.000758 -0.581224 -0.813743
vn -0.001205 -0.581143 -0.813800
vn -0.000928 -0.581192 -0.813766
vn -0.001561 -0.581082 -0.813844
vn -0.001744 -0.581049 -0.813867
vn 0.035954 -0.586492 -0.809157
vn 0.274062 -0.600629 -0.751089
vn 0.571687 -0.561089 -0.598626
vn 0.795344 -0.464000 -0.390042
vn 0.936078 -0.320868 -0.144227
vn 0.982004 -0.131006 0.136037
vn 0.927015 0.050361 0.371628
vn 0.806178 0.208771 0.553617
vn 0.577879 0.382101 0.721148
vn 0.258028 0.522516 0.812649
vn 0.024133 0.578956 0.815001
vn -0.011614 0.584611 0.811231
vn -0.010490 0.584431 0.811376
vn -0.008300 0.584088 0.811648
vn -0.006604 0.583816 0.811859
vn -0.005554 0.583641 0.811993
vn -0.004824 0.583517 0.812087
vn -0.004631 0.583475 0.812118
vn -0.005286 0.583562 0.812052
vn -0.007307 0.583852 0.811828
vn -0.009683 0.584190 0.811559
vn -0.010565 0.584306 0.811465
vn 0.026377 0.578415 0.815316
vn 0.237062 0.528850 0.814935
vn 0.515831 0.416106 0.748848
vn 0.793046 0.220998 0.567661
vn 0.946361 0.009382 0.322975
vn 0.979430 -0.107630 0.170680
vn 0.975236 -0.220899 0.010904
vn 0.879871 -0.395001 -0.264199
vn 0.674207 -0.527326 -0.517081
vn 0.377455 -0.595253 -0.709367
vn 0.050680 -0.588599 -0.806835
vn -0.012104 -0.579619 -0.814798
vn -0.007925 -0.580259 -0.814393
vn -0.010716 -0.579828 -0.814668
vn -0.005446 -0.580624 -0.814154
vn -0.005753 -0.580589 -0.814176
vn -0.006263 -0.580480 -0.814251
vn -0.007931 -0.580197 -0.814438
vn -0.012059 -0.579492 -0.814889
vn -0.010031 -0.579841 -0.814668
vn -0.013762 -0.579195 -0.815073
vn -0.014195 -0.579109 -0.815126
vn 0.022412 -0.584677 -0.810956
vn 0.257712 -0.600885 -0.756651
vn 0.806073 -0.456864 -0.376193
vn 0.577649 -0.559583 -0.594297
vn 0.981999 -0.171090 0.080045
vn 0.926968 -0.335639 -0.167561
vn 0.795678 0.219360 0.564604
vn 0.936203 0.032866 0.349919
vn 0.274421 0.517315 0.810603
vn 0.572110 0.385604 0.723878
vn 0.035809 0.576983 0.815971
vn -0.001829 0.583183 0.812339
vn -0.001770 0.583169 0.812349
vn -0.001533 0.583125 0.812381
vn -0.001250 0.583075 0.812418
vn -0.000957 0.583023 0.812455
vn -0.000725 0.582981 0.812485
vn -0.000611 0.582958 0.812502
vn -0.000655 0.582960 0.812500
vn -0.000959 0.583002 0.812470
vn -0.001320 0.583052 0.812434
vn -0.001349 0.583051 0.812435
vn -0.082394 0.593521 0.800590
vn -0.402975 0.593850 0.696386
vn -0.685124 0.523669 0.506337
vn -0.855047 0.419279 0.305123
vn -0.959965 0.272321 0.065635
s 1
g main_shape_fixed_with_uvs_test_1 group19 group17 journals4 group14 group16
usemtl aiStandardSurface1SG
f 822/927/1 1847/1956/2 2769/1034/3 1850/1959/4
f 1847/1956/2 823/928/5 1848/1957/6 2769/1034/3
f 2769/1034/3 1848/1957/6 89/110/7 1849/1958/8
f 1850/1959/4 2769/1034/3 1849/1958/8 90/111/9
f 11/12/10 1851/1960/11 2770/1035/12 1854/1963/13
f 1851/1960/11 59/77/14 1852/1961/15 2770/1035/12
f 2770/1035/12 1852/1961/15 60/78/16 1853/1962/17
f 1854/1963/13 2770/1035/12 1853/1962/17 52/69/18
f 16/20/19 1855/1964/20 2771/1036/21 1858/1967/22
f 1855/1964/20 69/88/23 1856/1965/24 2771/1036/21
f 2771/1036/21 1856/1965/24 70/89/25 1857/1966/26
f 1858/1967/22 2771/1036/21 1857/1966/26 51/68/27
f 18/22/28 1859/1968/29 2772/1037/30 1862/1971/31
f 1859/1968/29 372/432/32 1860/1969/33 2772/1037/30
f 2772/1037/30 1860/1969/33 373/433/34 1861/1970/35
f 1862/1971/31 2772/1037/30 1861/1970/35 50/67/36
f 818/923/37 1863/1972/38 2773/1038/39 1866/1975/40
f 1863/1972/38 92/113/41 1864/1973/42 2773/1038/39
f 2773/1038/39 1864/1973/42 93/114/43 1865/1974/44
f 1866/1975/40 2773/1038/39 1865/1974/44 817/922/45
f 1/1/46 1867/1976/47 2774/1039/48 1870/1979/49
f 1867/1976/47 44/60/50 1868/1977/51 2774/1039/48
f 2774/1039/48 1868/1977/51 56/74/52 1869/1978/53
f 1870/1979/49 2774/1039/48 1869/1978/53 57/75/54
f 5/5/55 1871/1980/56 2775/1040/57 1874/1983/58
f 1871/1980/56 45/61/59 1872/1981/60 2775/1040/57
f 2775/1040/57 1872/1981/60 66/85/61 1873/1982/62
f 1874/1983/58 2775/1040/57 1873/1982/62 67/86/63
f 7/7/64 1875/1984/65 2776/1041/66 1878/1987/67
f 1875/1984/65 46/62/68 1876/1985/69 2776/1041/66
f 2776/1041/66 1876/1985/69 369/429/70 1877/1986/71
f 1878/1987/67 2776/1041/66 1877/1986/71 370/430/72
f 92/113/41 1863/1972/38 2777/1042/73 1881/1990/74
f 1863/1972/38 818/923/37 1879/1988/75 2777/1042/73
f 2777/1042/73 1879/1988/75 819/924/76 1880/1989/77
f 1881/1990/74 2777/1042/73 1880/1989/77 583/667/78
f 43/59/79 1882/1991/80 2778/1043/81 1885/1995/82
f 1882/1991/80 2/2/83 1883/1992/84 2778/1043/81
f 2778/1043/81 1883/1992/84 515/587/85 1884/1994/86
f 1885/1995/82 2778/1043/81 1884/1994/86 516/589/87
f 841/947/88 1886/1996/89 2779/1044/90 1889/1999/91
f 1886/1996/89 85/106/92 1887/1997/93 2779/1044/90
f 2779/1044/90 1887/1997/93 532/606/94 1888/1998/95
f 1889/1999/91 2779/1044/90 1888/1998/95 840/946/96
f 64/83/97 1890/2000/98 2780/1045/99 1893/2004/100
f 1890/2000/98 3/3/101 1891/2001/102 2780/1045/99
f 2780/1045/99 1891/2001/102 534/608/103 1892/2003/104
f 1893/2004/100 2780/1045/99 1892/2003/104 535/610/105
f 1/1/46 1870/1979/49 2781/1046/106 1896/2007/107
f 1870/1979/49 57/75/54 1894/2005/108 2781/1046/106
f 2781/1046/106 1894/2005/108 580/664/109 1895/2006/110
f 1896/2007/107 2781/1046/106 1895/2006/110 581/665/111
f 74/94/112 1897/2008/113 2782/1047/114 1900/2011/115
f 1897/2008/113 6/6/116 1898/2009/117 2782/1047/114
f 2782/1047/114 1898/2009/117 536/611/118 1899/2010/119
f 1900/2011/115 2782/1047/114 1899/2010/119 537/612/120
f 5/5/55 1874/1983/58 2783/1048/121 1903/2014/122
f 1874/1983/58 67/86/63 1901/2012/123 2783/1048/121
f 2783/1048/121 1901/2012/123 578/662/124 1902/2013/125
f 1903/2014/122 2783/1048/121 1902/2013/125 579/663/126
f 363/423/127 1904/2015/128 2784/1049/129 1907/2019/130
f 1904/2015/128 8/8/131 1905/2016/132 2784/1049/129
f 2784/1049/129 1905/2016/132 538/613/133 1906/2017/134
f 1907/2019/130 2784/1049/129 1906/2017/134 539/615/135
f 9/9/136 1908/2020/137 2785/1050/138 1911/2023/139
f 1908/2020/137 47/63/140 1909/2021/141 2785/1050/138
f 2785/1050/138 1909/2021/141 572/655/142 1910/2022/143
f 1911/2023/139 2785/1050/138 1910/2022/143 573/656/144
f 7/7/64 1878/1987/67 2786/1051/145 1914/2027/146
f 1878/1987/67 370/430/72 1912/2025/147 2786/1051/145
f 2786/1051/145 1912/2025/147 576/660/148 1913/2026/149
f 1914/2027/146 2786/1051/145 1913/2026/149 577/661/150
f 839/945/151 1915/2028/152 2787/1052/153 1918/2032/154
f 1915/2028/152 86/107/155 1916/2029/156 2787/1052/153
f 2787/1052/153 1916/2029/156 614/701/157 1917/2030/158
f 1918/2032/154 2787/1052/153 1917/2030/158 838/943/159
f 63/81/160 1919/2033/161 2788/1053/162 1922/2038/163
f 1919/2033/161 22/29/164 1920/2034/165 2788/1053/162
f 2788/1053/162 1920/2034/165 616/704/166 1921/2036/167
f 1922/2038/163 2788/1053/162 1921/2036/167 617/706/168
f 73/92/169 1923/2040/170 2789/1054/171 1926/2044/172
f 1923/2040/170 23/32/173 1924/2042/174 2789/1054/171
f 2789/1054/171 1924/2042/174 618/708/175 1925/2043/176
f 1926/2044/172 2789/1054/171 1925/2043/176 619/709/177
f 362/422/178 1927/2046/179 2790/1055/180 1930/2050/181
f 1927/2046/179 24/34/182 1928/2047/183 2790/1055/180
f 2790/1055/180 1928/2047/183 620/711/184 1929/2049/185
f 1930/2050/181 2790/1055/180 1929/2049/185 621/713/186
f 26/38/187 1931/2051/188 2791/1056/189 1934/2054/190
f 1931/2051/188 48/64/191 1932/2052/192 2791/1056/189
f 2791/1056/189 1932/2052/192 654/751/193 1933/2053/194
f 1934/2054/190 2791/1056/189 1933/2053/194 585/669/195
f 27/40/196 1935/2056/197 2792/1057/198 1938/2059/199
f 1935/2056/197 371/431/200 1936/2057/201 2792/1057/198
f 2792/1057/198 1936/2057/201 588/673/202 1937/2058/203
f 1938/2059/199 2792/1057/198 1937/2058/203 589/674/204
f 28/41/205 1939/2060/206 2793/1058/207 1942/2063/208
f 1939/2060/206 68/87/209 1940/2061/210 2793/1058/207
f 2793/1058/207 1940/2061/210 590/675/211 1941/2062/212
f 1942/2063/208 2793/1058/207 1941/2062/212 591/676/213
f 29/42/214 1943/2064/215 2794/1059/216 1946/2067/217
f 1943/2064/215 58/76/218 1944/2065/219 2794/1059/216
f 2794/1059/216 1944/2065/219 592/677/220 1945/2066/221
f 1946/2067/217 2794/1059/216 1945/2066/221 593/678/222
f 91/112/223 1947/2068/224 2795/1060/225 1950/2071/226
f 1947/2068/224 820/925/227 1948/2069/228 2795/1060/225
f 2795/1060/225 1948/2069/228 821/926/229 1949/2070/230
f 1950/2071/226 2795/1060/225 1949/2070/230 595/680/231
f 54/72/232 1951/2072/233 2796/1061/234 1954/2076/235
f 1951/2072/233 30/43/236 1952/2073/237 2796/1061/234
f 2796/1061/234 1952/2073/237 597/682/238 1953/2075/239
f 1954/2076/235 2796/1061/234 1953/2075/239 598/684/240
f 842/948/241 1955/2077/242 2797/1062/243 1957/2079/244
f 1955/2077/242 94/115/245 1956/2078/246 2797/1062/243
f 2797/1062/243 1956/2078/246 85/106/92 1886/1996/89
f 1957/2079/244 2797/1062/243 1886/1996/89 841/947/88
f 64/83/97 1958/2080/247 2798/1063/248 1890/2000/98
f 1958/2080/247 55/73/249 1959/2081/250 2798/1063/248
f 2798/1063/248 1959/2081/250 32/46/251 1960/2082/252
f 1890/2000/98 2798/1063/248 1960/2082/252 3/3/101
f 74/94/112 1961/2083/253 2799/1064/254 1897/2008/113
f 1961/2083/253 65/84/255 1962/2084/256 2799/1064/254
f 2799/1064/254 1962/2084/256 33/47/257 1963/2085/258
f 1897/2008/113 2799/1064/254 1963/2085/258 6/6/116
f 363/423/127 1964/2086/259 2800/1065/260 1904/2015/128
f 1964/2086/259 364/424/261 1965/2087/262 2800/1065/260
f 2800/1065/260 1965/2087/262 34/48/263 1966/2088/264
f 1904/2015/128 2800/1065/260 1966/2088/264 8/8/131
f 35/49/265 1967/2089/266 2801/1066/267 1970/2093/268
f 1967/2089/266 10/10/269 1968/2090/270 2801/1066/267
f 2801/1066/267 1968/2090/270 542/620/271 1969/2092/272
f 1970/2093/268 2801/1066/267 1969/2092/272 543/622/273
f 36/50/274 1971/2094/275 2802/1067/276 1974/2098/277
f 1971/2094/275 25/36/278 1972/2095/279 2802/1067/276
f 2802/1067/276 1972/2095/279 624/716/280 1973/2097/281
f 1974/2098/277 2802/1067/276 1973/2097/281 625/718/282
f 38/53/283 1975/2099/284 2803/1068/285 1978/2102/286
f 1975/2099/284 382/442/287 1976/2100/288 2803/1068/285
f 2803/1068/285 1976/2100/288 361/421/289 1977/2101/290
f 1978/2102/286 2803/1068/285 1977/2101/290 17/21/291
f 39/54/292 1979/2103/293 2804/1069/294 1982/2106/295
f 1979/2103/293 71/90/296 1980/2104/297 2804/1069/294
f 2804/1069/294 1980/2104/297 72/91/298 1981/2105/299
f 1982/2106/295 2804/1069/294 1981/2105/299 15/19/300
f 40/55/301 1983/2107/302 2805/1070/303 1986/2110/304
f 1983/2107/302 61/79/305 1984/2108/306 2805/1070/303
f 2805/1070/303 1984/2108/306 62/80/307 1985/2109/308
f 1986/2110/304 2805/1070/303 1985/2109/308 14/18/309
f 88/109/310 1987/2111/311 2806/1071/312 1990/2114/313
f 1987/2111/311 836/941/314 1988/2112/315 2806/1071/312
f 2806/1071/312 1988/2112/315 837/942/316 1989/2113/317
f 1990/2114/313 2806/1071/312 1989/2113/317 87/108/318
f 21/27/319 1991/2115/320 2807/1072/321 1994/2118/322
f 1991/2115/320 42/58/323 1992/2116/324 2807/1072/321
f 2807/1072/321 1992/2116/324 611/697/325 1993/2117/326
f 1994/2118/322 2807/1072/321 1993/2117/326 612/698/327
f 4/4/328 1995/2120/329 2808/1073/330 1998/2123/331
f 1995/2120/329 31/45/332 1996/2121/333 2808/1073/330
f 2808/1073/330 1996/2121/333 529/602/334 1997/2122/335
f 1998/2123/331 2808/1073/330 1997/2122/335 530/603/336
f 816/921/337 1999/2125/338 2809/1074/339 2002/2128/340
f 1999/2125/338 384/444/341 2000/2126/342 2809/1074/339
f 2809/1074/339 2000/2126/342 139/166/343 2001/2127/344
f 2002/2128/340 2809/1074/339 2001/2127/344 815/920/345
f 409/471/346 2003/2129/347 2810/1075/348 2006/2132/349
f 2003/2129/347 410/472/350 2004/2130/351 2810/1075/348
f 2810/1075/348 2004/2130/351 140/167/352 2005/2131/353
f 2006/2132/349 2810/1075/348 2005/2131/353 141/168/354
f 407/469/355 2007/2133/356 2811/1076/357 2010/2136/358
f 2007/2133/356 408/470/359 2008/2134/360 2811/1076/357
f 2811/1076/357 2008/2134/360 142/169/361 2009/2135/362
f 2010/2136/358 2811/1076/357 2009/2135/362 143/170/363
f 405/467/364 2011/2137/365 2812/1077/366 2014/2140/367
f 2011/2137/365 406/468/368 2012/2138/369 2812/1077/366
f 2812/1077/366 2012/2138/369 144/171/370 2013/2139/371
f 2014/2140/367 2812/1077/366 2013/2139/371 368/428/372
f 402/464/373 2015/2141/374 2813/1078/375 2018/2144/376
f 2015/2141/374 147/174/377 2016/2142/378 2813/1078/375
f 2813/1078/375 2016/2142/378 570/653/379 2017/2143/380
f 2018/2144/376 2813/1078/375 2017/2143/380 571/654/381
f 401/463/382 2019/2145/383 2814/1079/384 2022/2148/385
f 2019/2145/383 148/175/386 2020/2146/387 2814/1079/384
f 2814/1079/384 2020/2146/387 652/749/388 2021/2147/389
f 2022/2148/385 2814/1079/384 2021/2147/389 653/750/390
f 396/457/391 2023/2149/392 2815/1080/393 2026/2152/394
f 2023/2149/392 397/458/395 2024/2150/396 2815/1080/393
f 2815/1080/393 2024/2150/396 374/434/397 2025/2151/398
f 2026/2152/394 2815/1080/393 2025/2151/398 152/180/399
f 394/455/400 2027/2153/401 2816/1081/402 2030/2156/403
f 2027/2153/401 395/456/404 2028/2154/405 2816/1081/402
f 2816/1081/402 2028/2154/405 153/181/406 2029/2155/407
f 2030/2156/403 2816/1081/402 2029/2155/407 154/182/408
f 392/453/409 2031/2157/410 2817/1082/411 2034/2160/412
f 2031/2157/410 393/454/413 2032/2158/414 2817/1082/411
f 2817/1082/411 2032/2158/414 155/183/415 2033/2159/416
f 2034/2160/412 2817/1082/411 2033/2159/416 156/184/417
f 390/451/418 2035/2161/419 2818/1083/420 2038/2164/421
f 2035/2161/419 824/929/422 2036/2162/423 2818/1083/420
f 2818/1083/420 2036/2162/423 825/930/424 2037/2163/425
f 2038/2164/421 2818/1083/420 2037/2163/425 157/185/426
f 160/189/427 2039/2165/428 2819/1084/429 2042/2168/430
f 2039/2165/428 387/447/431 2040/2166/432 2819/1084/429
f 2819/1084/429 2040/2166/432 599/685/433 2041/2167/434
f 2042/2168/430 2819/1084/429 2041/2167/434 600/686/435
f 161/190/436 2043/2169/437 2820/1085/438 2046/2172/439
f 2043/2169/437 386/446/440 2044/2170/441 2820/1085/438
f 2820/1085/438 2044/2170/441 517/590/442 2045/2171/443
f 2046/2172/439 2820/1085/438 2045/2171/443 518/591/444
f 408/470/359 2047/2173/445 2821/1086/446 2008/2134/360
f 2047/2173/445 409/471/346 2006/2132/349 2821/1086/446
f 2821/1086/446 2006/2132/349 141/168/354 2048/2174/447
f 2008/2134/360 2821/1086/446 2048/2174/447 142/169/361
f 57/75/54 1869/1978/53 2822/1087/448 2050/2176/449
f 1869/1978/53 56/74/52 2049/2175/450 2822/1087/448
f 2822/1087/448 2049/2175/450 45/61/59 1871/1980/56
f 2050/2176/449 2822/1087/448 1871/1980/56 5/5/55
f 57/75/54 2050/2176/449 2823/1088/451 1894/2005/108
f 2050/2176/449 5/5/55 1903/2014/122 2823/1088/451
f 2823/1088/451 1903/2014/122 579/663/126 2051/2177/452
f 1894/2005/108 2823/1088/451 2051/2177/452 580/664/109
f 58/76/218 2052/2178/453 2824/1089/454 1944/2065/219
f 2052/2178/453 28/41/205 1942/2063/208 2824/1089/454
f 2824/1089/454 1942/2063/208 591/676/213 2053/2179/455
f 1944/2065/219 2824/1089/454 2053/2179/455 592/677/220
f 60/78/16 1852/1961/15 2825/1090/456 2055/2181/457
f 1852/1961/15 59/77/14 2054/2180/458 2825/1090/456
f 2825/1090/456 2054/2180/458 16/20/19 1858/1967/22
f 2055/2181/457 2825/1090/456 1858/1967/22 51/68/27
f 155/183/415 2032/2158/414 2826/1091/459 2057/2183/460
f 2032/2158/414 393/454/413 2056/2182/461 2826/1091/459
f 2826/1091/459 2056/2182/461 394/455/400 2030/2156/403
f 2057/2183/460 2826/1091/459 2030/2156/403 154/182/408
f 62/80/307 1984/2108/306 2827/1092/462 2059/2185/463
f 1984/2108/306 61/79/305 2058/2184/464 2827/1092/462
f 2827/1092/462 2058/2184/464 39/54/292 1982/2106/295
f 2059/2185/463 2827/1092/462 1982/2106/295 15/19/300
f 23/32/173 2060/2186/465 2828/1093/466 1924/2042/174
f 2060/2186/465 63/82/160 1922/2039/163 2828/1093/466
f 2828/1093/466 1922/2039/163 617/707/168 2061/2188/467
f 1924/2042/174 2828/1093/466 2061/2188/467 618/708/175
f 6/6/116 2062/2189/468 2829/1094/469 1898/2009/117
f 2062/2189/468 64/83/97 1893/2004/100 2829/1094/469
f 2829/1094/469 1893/2004/100 535/610/105 2063/2190/470
f 1898/2009/117 2829/1094/469 2063/2190/470 536/611/118
f 33/47/257 2064/2191/471 2830/1095/472 1963/2085/258
f 2064/2191/471 55/73/249 1958/2080/247 2830/1095/472
f 2830/1095/472 1958/2080/247 64/83/97 2062/2189/468
f 1963/2085/258 2830/1095/472 2062/2189/468 6/6/116
f 406/468/368 2065/2192/473 2831/1096/474 2012/2138/369
f 2065/2192/473 407/469/355 2010/2136/358 2831/1096/474
f 2831/1096/474 2010/2136/358 143/170/363 2066/2193/475
f 2012/2138/369 2831/1096/474 2066/2193/475 144/171/370
f 67/86/63 1873/1982/62 2832/1097/476 2068/2195/477
f 1873/1982/62 66/85/61 2067/2194/478 2832/1097/476
f 2832/1097/476 2067/2194/478 46/62/68 1875/1984/65
f 2068/2195/477 2832/1097/476 1875/1984/65 7/7/64
f 67/86/63 2068/2195/477 2833/1098/479 1901/2012/123
f 2068/2195/477 7/7/64 1914/2027/146 2833/1098/479
f 2833/1098/479 1914/2027/146 577/661/150 2069/2196/480
f 1901/2012/123 2833/1098/479 2069/2196/480 578/662/124
f 68/87/209 2070/2197/481 2834/1099/482 1940/2061/210
f 2070/2197/481 27/40/196 1938/2059/199 2834/1099/482
f 2834/1099/482 1938/2059/199 589/674/204 2071/2198/483
f 1940/2061/210 2834/1099/482 2071/2198/483 590/675/211
f 70/89/25 1856/1965/24 2835/1100/484 2073/2200/485
f 1856/1965/24 69/88/23 2072/2199/486 2835/1100/484
f 2835/1100/484 2072/2199/486 18/22/28 1862/1971/31
f 2073/2200/485 2835/1100/484 1862/1971/31 50/67/36
f 153/181/406 2028/2154/405 2836/1101/487 2075/2202/488
f 2028/2154/405 395/456/404 2074/2201/489 2836/1101/487
f 2836/1101/487 2074/2201/489 396/457/391 2026/2152/394
f 2075/2202/488 2836/1101/487 2026/2152/394 152/180/399
f 72/91/298 1980/2104/297 2837/1102/490 2077/2204/491
f 1980/2104/297 71/90/296 2076/2203/492 2837/1102/490
f 2837/1102/490 2076/2203/492 38/53/283 1978/2102/286
f 2077/2204/491 2837/1102/490 1978/2102/286 17/21/291
f 24/35/182 2078/2205/493 2838/1103/494 1928/2048/183
f 2078/2205/493 73/93/169 1926/2045/172 2838/1103/494
f 2838/1103/494 1926/2045/172 619/710/177 2079/2206/495
f 1928/2048/183 2838/1103/494 2079/2206/495 620/712/184
f 8/8/131 2080/2208/496 2839/1104/497 1905/2016/132
f 2080/2208/496 74/94/112 1900/2011/115 2839/1104/497
f 2839/1104/497 1900/2011/115 537/612/120 2081/2209/498
f 1905/2016/132 2839/1104/497 2081/2209/498 538/613/133
f 34/48/263 2082/2210/499 2840/1105/500 1966/2088/264
f 2082/2210/499 65/84/255 1961/2083/253 2840/1105/500
f 2840/1105/500 1961/2083/253 74/94/112 2080/2208/496
f 1966/2088/264 2840/1105/500 2080/2208/496 8/8/131
f 403/465/501 2083/2211/502 2841/1106/503 2086/2214/504
f 2083/2211/502 761/863/505 2084/2212/506 2841/1106/503
f 2841/1106/503 2084/2212/506 762/864/507 2085/2213/508
f 2086/2214/504 2841/1106/503 2085/2213/508 146/173/509
f 797/900/510 2087/2215/511 2842/1107/512 2090/2218/513
f 2087/2215/511 798/901/514 2088/2216/515 2842/1107/512
f 2842/1107/512 2088/2216/515 131/158/516 2089/2217/517
f 2090/2218/513 2842/1107/512 2089/2217/517 132/159/518
f 797/900/510 2090/2218/513 2843/1108/519 2093/2221/520
f 2090/2218/513 132/159/518 2091/2219/521 2843/1108/519
f 2843/1108/519 2091/2219/521 574/658/522 2092/2220/523
f 2093/2221/520 2843/1108/519 2092/2220/523 796/899/524
f 795/898/525 2094/2222/526 2844/1109/527 2097/2225/528
f 2094/2222/526 133/160/529 2095/2223/530 2844/1109/527
f 2844/1109/527 2095/2223/530 586/671/531 2096/2224/532
f 2097/2225/528 2844/1109/527 2096/2224/532 794/897/533
f 792/895/534 2098/2226/535 2845/1110/536 2101/2229/537
f 2098/2226/535 793/896/538 2099/2227/539 2845/1110/536
f 2845/1110/536 2099/2227/539 134/161/540 2100/2228/541
f 2101/2229/537 2845/1110/536 2100/2228/541 135/162/542
f 790/893/543 2102/2230/544 2846/1111/545 2105/2233/546
f 2102/2230/544 791/894/547 2103/2231/548 2846/1111/545
f 2846/1111/545 2103/2231/548 399/460/549 2104/2232/550
f 2105/2233/546 2846/1111/545 2104/2232/550 150/178/551
f 778/881/552 2106/2234/553 2847/1112/554 2109/2237/555
f 2106/2234/553 779/882/556 2107/2235/557 2847/1112/554
f 2847/1112/554 2107/2235/557 137/164/558 2108/2236/559
f 2109/2237/555 2847/1112/554 2108/2236/559 138/165/560
f 127/153/561 2110/2238/562 2848/1113/563 2113/2241/564
f 2110/2238/562 776/879/565 2111/2239/566 2848/1113/563
f 2848/1113/563 2111/2239/566 777/880/567 2112/2240/568
f 2113/2241/564 2848/1113/563 2112/2240/568 623/715/569
f 128/154/570 2114/2242/571 2849/1114/572 2117/2246/573
f 2114/2242/571 774/876/574 2115/2244/575 2849/1114/572
f 2849/1114/572 2115/2244/575 775/878/576 2116/2245/577
f 2117/2246/573 2849/1114/572 2116/2245/577 541/619/578
f 129/156/579 2118/2247/580 2850/1115/581 2120/2249/582
f 2118/2247/580 773/875/583 2119/2248/584 2850/1115/581
f 2850/1115/581 2119/2248/584 774/877/574 2114/2243/571
f 2120/2249/582 2850/1115/581 2114/2243/571 128/155/570
f 719/820/585 2121/2250/586 2851/1116/587 2124/2253/588
f 2121/2250/586 125/151/589 2122/2251/590 2851/1116/587
f 2851/1116/587 2122/2251/590 531/605/591 2123/2252/592
f 2124/2253/588 2851/1116/587 2123/2252/592 718/819/593
f 717/818/594 2125/2254/595 2852/1117/596 2128/2257/597
f 2125/2254/595 126/152/598 2126/2255/599 2852/1117/596
f 2852/1117/596 2126/2255/599 613/700/600 2127/2256/601
f 2128/2257/597 2852/1117/596 2127/2256/601 716/816/602
f 116/142/603 2129/2258/604 2853/1118/605 2132/2262/606
f 2129/2258/604 714/813/607 2130/2259/608 2853/1118/605
f 2853/1118/605 2130/2259/608 715/814/609 2131/2260/610
f 2132/2262/606 2853/1118/605 2131/2260/610 115/140/611
f 389/450/612 2133/2263/613 2854/1119/614 2136/2266/615
f 2133/2263/613 702/801/616 2134/2264/617 2854/1119/614
f 2854/1119/614 2134/2264/617 703/802/618 2135/2265/619
f 2136/2266/615 2854/1119/614 2135/2265/619 158/186/620
f 700/799/621 2137/2267/622 2855/1120/623 2140/2270/624
f 2137/2267/622 701/800/625 2138/2268/626 2855/1120/623
f 2855/1120/623 2138/2268/626 118/144/627 2139/2269/628
f 2140/2270/624 2855/1120/623 2139/2269/628 119/145/629
f 120/146/630 2141/2271/631 2856/1121/632 2144/2274/633
f 2141/2271/631 698/797/634 2142/2272/635 2856/1121/632
f 2856/1121/632 2142/2272/635 699/798/636 2143/2273/637
f 2144/2274/633 2856/1121/632 2143/2273/637 596/681/638
f 121/147/639 2145/2275/640 2857/1122/641 2148/2278/642
f 2145/2275/640 696/795/643 2146/2276/644 2857/1122/641
f 2857/1122/641 2146/2276/644 697/796/645 2147/2277/646
f 2148/2278/642 2857/1122/641 2147/2277/646 584/668/647
f 695/794/648 2149/2279/649 2858/1123/650 2151/2281/651
f 2149/2279/649 696/795/643 2145/2275/640 2858/1123/650
f 2858/1123/650 2145/2275/640 121/147/639 2150/2280/652
f 2151/2281/651 2858/1123/650 2150/2280/652 122/148/653
f 162/191/654 2152/2282/655 2859/1124/656 2155/2285/657
f 2152/2282/655 693/792/658 2153/2283/659 2859/1124/656
f 2859/1124/656 2153/2283/659 694/793/660 2154/2284/661
f 2155/2285/657 2859/1124/656 2154/2284/661 385/445/662
f 719/820/585 2156/2286/663 2860/1125/664 2121/2250/586
f 2156/2286/663 720/821/665 2157/2287/666 2860/1125/664
f 2860/1125/664 2157/2287/666 124/150/667 2158/2288/668
f 2121/2250/586 2860/1125/664 2158/2288/668 125/151/589
f 846/952/669 2159/2289/670 2861/1126/671 2162/2292/672
f 2159/2289/670 95/116/673 2160/2290/674 2861/1126/671
f 2861/1126/671 2160/2290/674 440/504/675 2161/2291/676
f 2162/2292/672 2861/1126/671 2161/2291/676 845/951/677
f 97/118/678 2163/2293/679 2862/1127/680 2166/2296/681
f 2163/2293/679 96/117/682 2164/2294/683 2862/1127/680
f 2862/1127/680 2164/2294/683 466/532/684 2165/2295/685
f 2166/2296/681 2862/1127/680 2165/2295/685 465/531/686
f 98/119/687 2167/2297/688 2863/1128/689 2169/2299/690
f 2167/2297/688 97/118/678 2166/2296/681 2863/1128/689
f 2863/1128/689 2166/2296/681 465/531/686 2168/2298/691
f 2169/2299/690 2863/1128/689 2168/2298/691 464/530/692
f 99/120/693 2170/2300/694 2864/1129/695 2172/2302/696
f 2170/2300/694 98/119/687 2169/2299/690 2864/1129/695
f 2864/1129/695 2169/2299/690 464/530/692 2171/2301/697
f 2172/2302/696 2864/1129/695 2171/2301/697 463/529/698
f 100/121/699 2173/2303/700 2865/1130/701 2175/2305/702
f 2173/2303/700 99/120/693 2172/2302/696 2865/1130/701
f 2865/1130/701 2172/2302/696 463/529/698 2174/2304/703
f 2175/2305/702 2865/1130/701 2174/2304/703 462/528/704
f 366/426/705 2176/2306/706 2866/1131/707 2178/2308/708
f 2176/2306/706 100/121/699 2175/2305/702 2866/1131/707
f 2866/1131/707 2175/2305/702 462/528/704 2177/2307/709
f 2178/2308/708 2866/1131/707 2177/2307/709 461/527/710
f 130/157/711 2179/2309/712 2867/1132/713 2182/2312/714
f 2179/2309/712 768/870/715 2180/2310/716 2867/1132/713
f 2867/1132/713 2180/2310/716 769/871/717 2181/2311/718
f 2182/2312/714 2867/1132/713 2181/2311/718 321/378/719
f 102/123/720 2183/2313/721 2868/1133/722 2186/2316/723
f 2183/2313/721 305/360/724 2184/2314/725 2868/1133/722
f 2868/1133/722 2184/2314/725 547/626/726 2185/2315/727
f 2186/2316/723 2868/1133/722 2185/2315/727 548/627/728
f 103/125/729 2187/2318/730 2869/1134/731 2190/2321/732
f 2187/2318/730 306/361/733 2188/2319/734 2869/1134/731
f 2869/1134/731 2188/2319/734 629/722/735 2189/2320/736
f 2190/2321/732 2869/1134/731 2189/2320/736 630/723/737
f 783/886/738 2191/2323/739 2870/1135/740 2194/2326/741
f 2191/2323/739 784/887/742 2192/2324/743 2870/1135/740
f 2870/1135/740 2192/2324/743 136/163/744 2193/2325/745
f 2194/2326/741 2870/1135/740 2193/2325/745 308/364/746
f 106/130/747 2195/2327/748 2871/1136/749 2198/2330/750
f 2195/2327/748 379/439/751 2196/2328/752 2871/1136/749
f 2871/1136/749 2196/2328/752 380/440/753 2197/2329/754
f 2198/2330/750 2871/1136/749 2197/2329/754 310/366/755
f 311/367/756 2199/2331/757 2872/1137/758 2201/2333/759
f 2199/2331/757 107/131/760 2200/2332/761 2872/1137/758
f 2872/1137/758 2200/2332/761 106/130/747 2198/2330/750
f 2201/2333/759 2872/1137/758 2198/2330/750 310/366/755
f 108/132/762 2202/2334/763 2873/1138/764 2204/2336/765
f 2202/2334/763 107/131/760 2199/2331/757 2873/1138/764
f 2873/1138/764 2199/2331/757 311/367/756 2203/2335/766
f 2204/2336/765 2873/1138/764 2203/2335/766 312/368/767
f 313/369/768 2205/2337/769 2874/1139/770 2207/2339/771
f 2205/2337/769 109/133/772 2206/2338/773 2874/1139/770
f 2874/1139/770 2206/2338/773 108/132/762 2204/2336/765
f 2207/2339/771 2874/1139/770 2204/2336/765 312/368/767
f 110/134/774 2208/2340/775 2875/1140/776 2210/2342/777
f 2208/2340/775 109/133/772 2205/2337/769 2875/1140/776
f 2875/1140/776 2205/2337/769 313/369/768 2209/2341/778
f 2210/2342/777 2875/1140/776 2209/2341/778 314/370/779
f 111/135/780 2211/2343/781 2876/1141/782 2214/2346/783
f 2211/2343/781 831/936/784 2212/2344/785 2876/1141/782
f 2876/1141/782 2212/2344/785 832/937/786 2213/2345/787
f 2214/2346/783 2876/1141/782 2213/2345/787 315/371/788
f 117/143/789 2215/2347/790 2877/1142/791 2218/2350/792
f 2215/2347/790 709/808/793 2216/2348/794 2877/1142/791
f 2877/1142/791 2216/2348/794 710/809/795 2217/2349/796
f 2218/2350/792 2877/1142/791 2217/2349/796 316/372/797
f 318/375/798 2219/2351/799 2878/1143/800 2222/2354/801
f 2219/2351/799 113/138/802 2220/2352/803 2878/1143/800
f 2878/1143/800 2220/2352/803 606/692/804 2221/2353/805
f 2222/2354/801 2878/1143/800 2221/2353/805 607/693/806
f 319/376/807 2223/2355/808 2879/1144/809 2226/2358/810
f 2223/2355/808 114/139/811 2224/2356/812 2879/1144/809
f 2879/1144/809 2224/2356/812 524/597/813 2225/2357/814
f 2226/2358/810 2879/1144/809 2225/2357/814 525/598/815
f 320/377/816 2227/2359/817 2880/1145/818 2230/2362/819
f 2227/2359/817 724/825/820 2228/2360/821 2880/1145/818
f 2880/1145/818 2228/2360/821 725/826/822 2229/2361/823
f 2230/2362/819 2880/1145/818 2229/2361/823 123/149/824
f 41/56/825 2231/2363/826 2881/1146/827 2233/2366/828
f 2231/2363/826 116/142/603 2132/2262/606 2881/1146/827
f 2881/1146/827 2132/2262/606 115/140/611 2232/2364/829
f 2233/2366/828 2881/1146/827 2232/2364/829 13/15/830
f 112/136/831 2234/2368/832 2882/1147/833 2236/2370/834
f 2234/2368/832 117/143/789 2218/2350/792 2882/1147/833
f 2882/1147/833 2218/2350/792 316/372/797 2235/2369/835
f 2236/2370/834 2882/1147/833 2235/2369/835 317/373/836
f 388/448/837 2237/2372/838 2883/1148/839 2239/2374/840
f 2237/2372/838 389/450/612 2136/2266/615 2883/1148/839
f 2883/1148/839 2136/2266/615 158/186/620 2238/2373/841
f 2239/2374/840 2883/1148/839 2238/2373/841 159/187/842
f 119/145/629 2139/2269/628 2884/1149/843 2242/2379/844
f 2139/2269/628 118/144/627 2240/2376/845 2884/1149/843
f 2884/1149/843 2240/2376/845 53/70/846 2241/2377/847
f 2242/2379/844 2884/1149/843 2241/2377/847 12/13/848
f 30/44/236 2243/2380/849 2885/1150/850 1952/2074/237
f 2243/2380/849 120/146/630 2144/2274/633 2885/1150/850
f 2885/1150/850 2144/2274/633 596/681/638 2244/2381/851
f 1952/2074/237 2885/1150/850 2244/2381/851 597/683/238
f 2/2/83 2245/2382/852 2886/1151/853 1883/1993/84
f 2245/2382/852 121/147/639 2148/2278/642 2886/1151/853
f 2886/1151/853 2148/2278/642 584/668/647 2246/2383/854
f 1883/1993/84 2886/1151/853 2246/2383/854 515/588/85
f 122/148/653 2150/2280/652 2887/1152/855 2247/2384/856
f 2150/2280/652 121/147/639 2245/2382/852 2887/1152/855
f 2887/1152/855 2245/2382/852 2/2/83 1882/1991/80
f 2247/2384/856 2887/1152/855 1882/1991/80 43/59/79
f 161/190/436 2248/2385/857 2888/1153/858 2043/2169/437
f 2248/2385/857 162/191/654 2155/2285/657 2888/1153/858
f 2888/1153/858 2155/2285/657 385/445/662 2249/2386/859
f 2043/2169/437 2888/1153/858 2249/2386/859 386/446/440
f 320/377/816 2230/2362/819 2889/1154/860 2251/2388/861
f 2230/2362/819 123/149/824 2250/2387/862 2889/1154/860
f 2889/1154/860 2250/2387/862 114/139/811 2223/2355/808
f 2251/2388/861 2889/1154/860 2223/2355/808 319/376/807
f 125/151/589 2158/2288/668 2890/1155/863 2253/2390/864
f 2158/2288/668 124/150/667 2252/2389/865 2890/1155/863
f 2890/1155/863 2252/2389/865 31/45/332 1995/2120/329
f 2253/2390/864 2890/1155/863 1995/2120/329 4/4/328
f 125/151/589 2253/2390/864 2891/1156/866 2122/2251/590
f 2253/2390/864 4/4/328 1998/2124/331 2891/1156/866
f 2891/1156/866 1998/2124/331 530/604/336 2254/2391/867
f 2122/2251/590 2891/1156/866 2254/2391/867 531/605/591
f 126/152/598 2255/2392/868 2892/1157/869 2126/2255/599
f 2255/2392/868 21/28/319 1994/2119/322 2892/1157/869
f 2892/1157/869 1994/2119/322 612/699/327 2256/2393/870
f 2126/2255/599 2892/1157/869 2256/2393/870 613/700/600
f 10/11/269 2257/2394/871 2893/1158/872 1968/2091/270
f 2257/2394/871 128/154/570 2117/2246/573 2893/1158/872
f 2893/1158/872 2117/2246/573 541/619/578 2258/2396/873
f 1968/2091/270 2893/1158/872 2258/2396/873 542/621/271
f 35/49/265 2259/2397/874 2894/1159/875 1967/2089/266
f 2259/2397/874 129/156/579 2120/2249/582 2894/1159/875
f 2894/1159/875 2120/2249/582 128/155/570 2257/2395/871
f 1967/2089/266 2894/1159/875 2257/2395/871 10/10/269
f 102/123/720 2260/2398/876 2895/1160/877 2183/2313/721
f 2260/2398/876 130/157/711 2182/2312/714 2895/1160/877
f 2895/1160/877 2182/2312/714 321/378/719 2261/2399/878
f 2183/2313/721 2895/1160/877 2261/2399/878 305/360/724
f 402/464/373 2262/2400/879 2896/1161/880 2015/2141/374
f 2262/2400/879 403/465/501 2086/2214/504 2896/1161/880
f 2896/1161/880 2086/2214/504 146/173/509 2263/2401/881
f 2015/2141/374 2896/1161/880 2263/2401/881 147/174/377
f 132/159/518 2089/2217/517 2897/1162/882 2265/2403/883
f 2089/2217/517 131/158/516 2264/2402/884 2897/1162/882
f 2897/1162/882 2264/2402/884 47/63/140 1908/2020/137
f 2265/2403/883 2897/1162/882 1908/2020/137 9/9/136
f 132/159/518 2265/2403/883 2898/1163/885 2091/2219/521
f 2265/2403/883 9/9/136 1911/2024/139 2898/1163/885
f 2898/1163/885 1911/2024/139 573/657/144 2266/2404/886
f 2091/2219/521 2898/1163/885 2266/2404/886 574/658/522
f 133/160/529 2267/2405/887 2899/1164/888 2095/2223/530
f 2267/2405/887 26/39/187 1934/2055/190 2899/1164/888
f 2899/1164/888 1934/2055/190 585/670/195 2268/2406/889
f 2095/2223/530 2899/1164/888 2268/2406/889 586/671/531
f 135/162/542 2100/2228/541 2900/1165/890 2271/2410/891
f 2100/2228/541 134/161/540 2269/2407/892 2900/1165/890
f 2900/1165/890 2269/2407/892 20/25/893 2270/2408/894
f 2271/2410/891 2900/1165/890 2270/2408/894 49/65/895
f 150/178/551 2104/2232/550 2901/1166/896 2274/2414/897
f 2104/2232/550 399/460/549 2272/2411/898 2901/1166/896
f 2901/1166/896 2272/2411/898 400/461/899 2273/2412/900
f 2274/2414/897 2901/1166/896 2273/2412/900 149/176/901
f 308/364/746 2193/2325/745 2902/1167/902 2277/2418/903
f 2193/2325/745 136/163/744 2275/2415/904 2902/1167/902
f 2902/1167/902 2275/2415/904 104/127/905 2276/2416/906
f 2277/2418/903 2902/1167/902 2276/2416/906 307/362/907
f 138/165/560 2108/2236/559 2903/1168/908 2280/2422/909
f 2108/2236/559 137/164/558 2278/2419/910 2903/1168/908
f 2903/1168/908 2278/2419/910 37/51/911 2279/2420/912
f 2280/2422/909 2903/1168/908 2279/2420/912 19/23/913
f 25/37/278 2281/2423/914 2904/1169/915 1972/2096/279
f 2281/2423/914 127/153/561 2113/2241/564 2904/1169/915
f 2904/1169/915 2113/2241/564 623/715/569 2282/2424/916
f 1972/2096/279 2904/1169/915 2282/2424/916 624/717/280
f 814/919/917 2283/2425/918 2905/1170/919 2286/2428/920
f 2283/2425/918 412/474/921 2284/2426/922 2905/1170/919
f 2905/1170/919 2284/2426/922 200/232/923 2285/2427/924
f 2286/2428/920 2905/1170/919 2285/2427/924 813/918/925
f 437/501/926 2287/2429/927 2906/1171/928 2290/2432/929
f 2287/2429/927 438/502/930 2288/2430/931 2906/1171/928
f 2906/1171/928 2288/2430/931 201/233/932 2289/2431/933
f 2290/2432/929 2906/1171/928 2289/2431/933 202/234/934
f 203/235/935 2291/2433/936 2907/1172/937 2293/2435/938
f 2291/2433/936 436/500/939 2292/2434/940 2907/1172/937
f 2907/1172/937 2292/2434/940 437/501/926 2290/2432/929
f 2293/2435/938 2907/1172/937 2290/2432/929 202/234/934
f 435/499/941 2294/2436/942 2908/1173/943 2296/2438/944
f 2294/2436/942 436/500/939 2291/2433/936 2908/1173/943
f 2908/1173/943 2291/2433/936 203/235/935 2295/2437/945
f 2296/2438/944 2908/1173/943 2295/2437/945 204/236/946
f 205/237/947 2297/2439/948 2909/1174/949 2299/2441/950
f 2297/2439/948 434/498/951 2298/2440/952 2909/1174/949
f 2909/1174/949 2298/2440/952 435/499/941 2296/2438/944
f 2299/2441/950 2909/1174/949 2296/2438/944 204/236/946
f 367/427/953 2300/2442/954 2910/1175/955 2302/2444/956
f 2300/2442/954 433/497/957 2301/2443/958 2910/1175/955
f 2910/1175/955 2301/2443/958 434/498/951 2297/2439/948
f 2302/2444/956 2910/1175/955 2297/2439/948 205/237/947
f 431/495/959 2303/2445/960 2911/1176/961 2306/2448/962
f 2303/2445/960 763/865/963 2304/2446/964 2911/1176/961
f 2911/1176/961 2304/2446/964 764/866/965 2305/2447/966
f 2306/2448/962 2911/1176/961 2305/2447/966 338/397/967
f 430/494/968 2307/2449/969 2912/1177/970 2309/2451/971
f 2307/2449/969 431/495/959 2306/2448/962 2912/1177/970
f 2912/1177/970 2306/2448/962 338/397/967 2308/2450/972
f 2309/2451/971 2912/1177/970 2308/2450/972 322/379/973
f 430/494/968 2309/2451/971 2913/1178/974 2312/2454/975
f 2309/2451/971 322/379/973 2310/2452/976 2913/1178/974
f 2913/1178/974 2310/2452/976 568/651/977 2311/2453/978
f 2312/2454/975 2913/1178/974 2311/2453/978 569/652/979
f 429/493/980 2313/2455/981 2914/1179/982 2316/2458/983
f 2313/2455/981 323/380/984 2314/2456/985 2914/1179/982
f 2914/1179/982 2314/2456/985 650/747/986 2315/2457/987
f 2316/2458/983 2914/1179/982 2315/2457/987 651/748/988
f 324/381/989 2317/2459/990 2915/1180/991 2320/2462/992
f 2317/2459/990 325/383/993 2318/2460/994 2915/1180/991
f 2915/1180/991 2318/2460/994 427/490/995 2319/2461/996
f 2320/2462/992 2915/1180/991 2319/2461/996 428/491/997
f 788/891/998 2321/2464/999 2916/1181/1000 2323/2466/1001
f 2321/2464/999 789/892/1002 2322/2465/1003 2916/1181/1000
f 2916/1181/1000 2322/2465/1003 427/490/995 2318/2460/994
f 2323/2466/1001 2916/1181/1000 2318/2460/994 325/383/993
f 424/487/1004 2324/2467/1005 2917/1182/1006 2327/2470/1007
f 2324/2467/1005 425/488/1008 2325/2468/1009 2917/1182/1006
f 2917/1182/1006 2325/2468/1009 375/435/1010 2326/2469/1011
f 2327/2470/1007 2917/1182/1006 2326/2469/1011 327/385/1012
f 328/386/1013 2328/2471/1014 2918/1183/1015 2330/2473/1016
f 2328/2471/1014 423/486/1017 2329/2472/1018 2918/1183/1015
f 2918/1183/1015 2329/2472/1018 424/487/1004 2327/2470/1007
f 2330/2473/1016 2918/1183/1015 2327/2470/1007 327/385/1012
f 422/485/1019 2331/2474/1020 2919/1184/1021 2333/2476/1022
f 2331/2474/1020 423/486/1017 2328/2471/1014 2919/1184/1021
f 2919/1184/1021 2328/2471/1014 328/386/1013 2332/2475/1023
f 2333/2476/1022 2919/1184/1021 2332/2475/1023 329/387/1024
f 330/388/1025 2334/2477/1026 2920/1185/1027 2336/2479/1028
f 2334/2477/1026 421/484/1029 2335/2478/1030 2920/1185/1027
f 2920/1185/1027 2335/2478/1030 422/485/1019 2333/2476/1022
f 2336/2479/1028 2920/1185/1027 2333/2476/1022 329/387/1024
f 420/483/1031 2337/2480/1032 2921/1186/1033 2339/2482/1034
f 2337/2480/1032 421/484/1029 2334/2477/1026 2921/1186/1033
f 2921/1186/1033 2334/2477/1026 330/388/1025 2338/2481/1035
f 2339/2482/1034 2921/1186/1033 2338/2481/1035 331/389/1036
f 418/481/1037 2340/2483/1038 2922/1187/1039 2343/2486/1040
f 2340/2483/1038 826/931/1041 2341/2484/1042 2922/1187/1039
f 2922/1187/1039 2341/2484/1042 827/932/1043 2342/2485/1044
f 2343/2486/1040 2922/1187/1039 2342/2485/1044 332/390/1045
f 417/480/1046 2344/2487/1047 2923/1188/1048 2347/2490/1049
f 2344/2487/1047 704/803/1050 2345/2488/1051 2923/1188/1048
f 2923/1188/1048 2345/2488/1051 705/804/1052 2346/2489/1053
f 2347/2490/1049 2923/1188/1048 2346/2489/1053 333/391/1054
f 416/478/1055 2348/2491/1056 2924/1189/1057 2350/2493/1058
f 2348/2491/1056 417/480/1046 2347/2490/1049 2924/1189/1057
f 2924/1189/1057 2347/2490/1049 333/391/1054 2349/2492/1059
f 2350/2493/1058 2924/1189/1057 2349/2492/1059 334/392/1060
f 335/394/1061 2351/2495/1062 2925/1190/1063 2354/2498/1064
f 2351/2495/1062 415/477/1065 2352/2496/1066 2925/1190/1063
f 2925/1190/1063 2352/2496/1066 601/687/1067 2353/2497/1068
f 2354/2498/1064 2925/1190/1063 2353/2497/1068 602/688/1069
f 336/395/1070 2355/2499/1071 2926/1191/1072 2358/2502/1073
f 2355/2499/1071 414/476/1074 2356/2500/1075 2926/1191/1072
f 2926/1191/1072 2356/2500/1075 519/592/1076 2357/2501/1077
f 2358/2502/1073 2926/1191/1072 2357/2501/1077 520/593/1078
f 336/395/1070 2359/2503/1079 2927/1192/1080 2355/2499/1071
f 2359/2503/1079 337/396/1081 2360/2504/1082 2927/1192/1080
f 2927/1192/1080 2360/2504/1082 413/475/1083 2361/2505/1084
f 2355/2499/1071 2927/1192/1080 2361/2505/1084 414/476/1074
f 337/396/1081 2362/2506/1085 2928/1193/1086 2360/2504/1082
f 2362/2506/1085 691/790/1087 2363/2507/1088 2928/1193/1086
f 2928/1193/1086 2363/2507/1088 692/791/1089 2364/2508/1090
f 2360/2504/1082 2928/1193/1086 2364/2508/1090 413/475/1083
f 842/948/241 2365/2509/1091 2929/1194/1092 1955/2077/242
f 2365/2509/1091 843/949/1093 2366/2510/1094 2929/1194/1092
f 2929/1194/1092 2366/2510/1094 468/534/1095 2367/2511/1096
f 1955/2077/242 2929/1194/1092 2367/2511/1096 94/115/245
f 493/561/1097 2368/2512/1098 2930/1195/1099 2370/2514/1100
f 2368/2512/1098 494/562/1101 2369/2513/1102 2930/1195/1099
f 2930/1195/1099 2369/2513/1102 32/46/251 1959/2081/250
f 2370/2514/1100 2930/1195/1099 1959/2081/250 55/73/249
f 492/560/1103 2371/2515/1104 2931/1196/1105 2372/2516/1106
f 2371/2515/1104 493/561/1097 2370/2514/1100 2931/1196/1105
f 2931/1196/1105 2370/2514/1100 55/73/249 2064/2191/471
f 2372/2516/1106 2931/1196/1105 2064/2191/471 33/47/257
f 491/559/1107 2373/2517/1108 2932/1197/1109 2374/2518/1110
f 2373/2517/1108 492/560/1103 2372/2516/1106 2932/1197/1109
f 2932/1197/1109 2372/2516/1106 33/47/257 1962/2084/256
f 2374/2518/1110 2932/1197/1109 1962/2084/256 65/84/255
f 490/558/1111 2375/2519/1112 2933/1198/1113 2376/2520/1114
f 2375/2519/1112 491/559/1107 2374/2518/1110 2933/1198/1113
f 2933/1198/1113 2374/2518/1110 65/84/255 2082/2210/499
f 2376/2520/1114 2933/1198/1113 2082/2210/499 34/48/263
f 489/557/1115 2377/2521/1116 2934/1199/1117 2378/2522/1118
f 2377/2521/1116 490/558/1111 2376/2520/1114 2934/1199/1117
f 2934/1199/1117 2376/2520/1114 34/48/263 1965/2087/262
f 2378/2522/1118 2934/1199/1117 1965/2087/262 364/424/261
f 487/555/1119 2379/2523/1120 2935/1200/1121 2381/2525/1122
f 2379/2523/1120 772/874/1123 2380/2524/1124 2935/1200/1121
f 2935/1200/1121 2380/2524/1124 773/875/583 2118/2247/580
f 2381/2525/1122 2935/1200/1121 2118/2247/580 129/156/579
f 486/554/1125 2382/2526/1126 2936/1201/1127 2383/2527/1128
f 2382/2526/1126 487/555/1119 2381/2525/1122 2936/1201/1127
f 2936/1201/1127 2381/2525/1122 129/156/579 2259/2397/874
f 2383/2527/1128 2936/1201/1127 2259/2397/874 35/49/265
f 486/554/1125 2383/2527/1128 2937/1202/1129 2385/2529/1130
f 2383/2527/1128 35/49/265 1970/2093/268 2937/1202/1129
f 2937/1202/1129 1970/2093/268 543/622/273 2384/2528/1131
f 2385/2529/1130 2937/1202/1129 2384/2528/1131 544/623/1132
f 485/553/1133 2386/2530/1134 2938/1203/1135 2388/2532/1136
f 2386/2530/1134 36/50/274 1974/2098/277 2938/1203/1135
f 2938/1203/1135 1974/2098/277 625/718/282 2387/2531/1137
f 2388/2532/1136 2938/1203/1135 2387/2531/1137 626/719/1138
f 137/164/558 2389/2533/1139 2939/1204/1140 2278/2419/910
f 2389/2533/1139 483/550/1141 2390/2534/1142 2939/1204/1140
f 2939/1204/1140 2390/2534/1142 484/551/1143 2391/2535/1144
f 2278/2419/910 2939/1204/1140 2391/2535/1144 37/51/911
f 779/882/556 2392/2537/1145 2940/1205/1146 2107/2235/557
f 2392/2537/1145 780/883/1147 2393/2538/1148 2940/1205/1146
f 2940/1205/1146 2393/2538/1148 483/550/1141 2389/2533/1139
f 2107/2235/557 2940/1205/1146 2389/2533/1139 137/164/558
f 480/547/1149 2394/2539/1150 2941/1206/1151 2396/2541/1152
f 2394/2539/1150 481/548/1153 2395/2540/1154 2941/1206/1151
f 2941/1206/1151 2395/2540/1154 382/442/287 1975/2099/284
f 2396/2541/1152 2941/1206/1151 1975/2099/284 38/53/283
f 71/90/296 2397/2542/1155 2942/1207/1156 2076/2203/492
f 2397/2542/1155 479/546/1157 2398/2543/1158 2942/1207/1156
f 2942/1207/1156 2398/2543/1158 480/547/1149 2396/2541/1152
f 2076/2203/492 2942/1207/1156 2396/2541/1152 38/53/283
f 478/545/1159 2399/2544/1160 2943/1208/1161 2400/2545/1162
f 2399/2544/1160 479/546/1157 2397/2542/1155 2943/1208/1161
f 2943/1208/1161 2397/2542/1155 71/90/296 1979/2103/293
f 2400/2545/1162 2943/1208/1161 1979/2103/293 39/54/292
f 61/79/305 2401/2546/1163 2944/1209/1164 2058/2184/464
f 2401/2546/1163 477/544/1165 2402/2547/1166 2944/1209/1164
f 2944/1209/1164 2402/2547/1166 478/545/1159 2400/2545/1162
f 2058/2184/464 2944/1209/1164 2400/2545/1162 39/54/292
f 476/543/1167 2403/2548/1168 2945/1210/1169 2404/2549/1170
f 2403/2548/1168 477/544/1165 2401/2546/1163 2945/1210/1169
f 2945/1210/1169 2401/2546/1163 61/79/305 1983/2107/302
f 2404/2549/1170 2945/1210/1169 1983/2107/302 40/55/301
f 474/541/1171 2405/2550/1172 2946/1211/1173 2407/2552/1174
f 2405/2550/1172 835/940/1175 2406/2551/1176 2946/1211/1173
f 2946/1211/1173 2406/2551/1176 836/941/314 1987/2111/311
f 2407/2552/1174 2946/1211/1173 1987/2111/311 88/109/310
f 473/540/1177 2408/2553/1178 2947/1212/1179 2410/2555/1180
f 2408/2553/1178 713/812/1181 2409/2554/1182 2947/1212/1179
f 2947/1212/1179 2409/2554/1182 714/813/607 2129/2258/604
f 2410/2555/1180 2947/1212/1179 2129/2258/604 116/142/603
f 472/538/1183 2411/2556/1184 2948/1213/1185 2412/2557/1186
f 2411/2556/1184 473/540/1177 2410/2555/1180 2948/1213/1185
f 2948/1213/1185 2410/2555/1180 116/142/603 2231/2363/826
f 2412/2557/1186 2948/1213/1185 2231/2363/826 41/56/825
f 42/58/323 2413/2559/1187 2949/1214/1188 1992/2116/324
f 2413/2559/1187 471/537/1189 2414/2560/1190 2949/1214/1188
f 2949/1214/1188 2414/2560/1190 610/696/1191 2415/2561/1192
f 1992/2116/324 2949/1214/1188 2415/2561/1192 611/697/325
f 31/45/332 2416/2562/1193 2950/1215/1194 1996/2121/333
f 2416/2562/1193 470/536/1195 2417/2563/1196 2950/1215/1194
f 2950/1215/1194 2417/2563/1196 528/601/1197 2418/2564/1198
f 1996/2121/333 2950/1215/1194 2418/2564/1198 529/602/334
f 124/150/667 2419/2565/1199 2951/1216/1200 2252/2389/865
f 2419/2565/1199 469/535/1201 2420/2566/1202 2951/1216/1200
f 2951/1216/1200 2420/2566/1202 470/536/1195 2416/2562/1193
f 2252/2389/865 2951/1216/1200 2416/2562/1193 31/45/332
f 720/821/665 2421/2567/1203 2952/1217/1204 2157/2287/666
f 2421/2567/1203 721/822/1205 2422/2568/1206 2952/1217/1204
f 2952/1217/1204 2422/2568/1206 469/535/1201 2419/2565/1199
f 2157/2287/666 2952/1217/1204 2419/2565/1199 124/150/667
f 786/889/1207 2423/2569/1208 2953/1218/1209 2426/2572/1210
f 2423/2569/1208 787/890/1211 2424/2570/1212 2953/1218/1209
f 2953/1218/1209 2424/2570/1212 187/218/1213 2425/2571/1214
f 2426/2572/1210 2953/1218/1209 2425/2571/1214 286/340/1215
f 189/220/1216 2427/2573/1217 2954/1219/1218 2430/2576/1219
f 2427/2573/1217 376/436/1220 2428/2574/1221 2954/1219/1218
f 2954/1219/1218 2428/2574/1221 377/437/1222 2429/2575/1223
f 2430/2576/1219 2954/1219/1218 2429/2575/1223 288/342/1224
f 289/343/1225 2431/2577/1226 2955/1220/1227 2433/2579/1228
f 2431/2577/1226 190/221/1229 2432/2578/1230 2955/1220/1227
f 2955/1220/1227 2432/2578/1230 189/220/1216 2430/2576/1219
f 2433/2579/1228 2955/1220/1227 2430/2576/1219 288/342/1224
f 191/222/1231 2434/2580/1232 2956/1221/1233 2436/2582/1234
f 2434/2580/1232 190/221/1229 2431/2577/1226 2956/1221/1233
f 2956/1221/1233 2431/2577/1226 289/343/1225 2435/2581/1235
f 2436/2582/1234 2956/1221/1233 2435/2581/1235 290/344/1236
f 291/345/1237 2437/2583/1238 2957/1222/1239 2439/2585/1240
f 2437/2583/1238 192/223/1241 2438/2584/1242 2957/1222/1239
f 2957/1222/1239 2438/2584/1242 191/222/1231 2436/2582/1234
f 2439/2585/1240 2957/1222/1239 2436/2582/1234 290/344/1236
f 193/224/1243 2440/2586/1244 2958/1223/1245 2442/2588/1246
f 2440/2586/1244 192/223/1241 2437/2583/1238 2958/1223/1245
f 2958/1223/1245 2437/2583/1238 291/345/1237 2441/2587/1247
f 2442/2588/1246 2958/1223/1245 2441/2587/1247 292/346/1248
f 194/225/1249 2443/2589/1250 2959/1224/1251 2446/2592/1252
f 2443/2589/1250 828/933/1253 2444/2590/1254 2959/1224/1251
f 2959/1224/1251 2444/2590/1254 829/934/1255 2445/2591/1256
f 2446/2592/1252 2959/1224/1251 2445/2591/1256 293/347/1257
f 195/226/1258 2447/2593/1259 2960/1225/1260 2450/2596/1261
f 2447/2593/1259 706/805/1262 2448/2594/1263 2960/1225/1260
f 2960/1225/1260 2448/2594/1263 707/806/1264 2449/2595/1265
f 2450/2596/1261 2960/1225/1260 2449/2595/1265 294/348/1266
f 196/227/1267 2451/2597/1268 2961/1226/1269 2453/2599/1270
f 2451/2597/1268 195/226/1258 2450/2596/1261 2961/1226/1269
f 2961/1226/1269 2450/2596/1261 294/348/1266 2452/2598/1271
f 2453/2599/1270 2961/1226/1269 2452/2598/1271 295/349/1272
f 296/351/1273 2454/2601/1274 2962/1227/1275 2457/2604/1276
f 2454/2601/1274 197/229/1277 2455/2602/1278 2962/1227/1275
f 2962/1227/1275 2455/2602/1278 603/689/1279 2456/2603/1280
f 2457/2604/1276 2962/1227/1275 2456/2603/1280 604/690/1281
f 297/352/1282 2458/2605/1283 2963/1228/1284 2461/2608/1285
f 2458/2605/1283 198/230/1286 2459/2606/1287 2963/1228/1284
f 2963/1228/1284 2459/2606/1287 521/594/1288 2460/2607/1289
f 2461/2608/1285 2963/1228/1284 2460/2607/1289 522/595/1290
f 297/352/1282 2462/2609/1291 2964/1229/1292 2458/2605/1283
f 2462/2609/1291 298/353/1293 2463/2610/1294 2964/1229/1292
f 2964/1229/1292 2463/2610/1294 199/231/1295 2464/2611/1296
f 2458/2605/1283 2964/1229/1292 2464/2611/1296 198/230/1286
f 298/353/1293 2465/2612/1297 2965/1230/1298 2463/2610/1294
f 2465/2612/1297 689/788/1299 2466/2613/1300 2965/1230/1298
f 2965/1230/1298 2466/2613/1300 690/789/1301 2467/2614/1302
f 2463/2610/1294 2965/1230/1298 2467/2614/1302 199/231/1295
f 846/952/669 2468/2615/1303 2966/1231/1304 2159/2289/670
f 2468/2615/1303 813/918/925 2285/2427/924 2966/1231/1304
f 2966/1231/1304 2285/2427/924 200/232/923 2469/2616/1305
f 2159/2289/670 2966/1231/1304 2469/2616/1305 95/116/673
f 202/234/934 2289/2431/933 2967/1232/1306 2471/2618/1307
f 2289/2431/933 201/233/932 2470/2617/1308 2967/1232/1306
f 2967/1232/1306 2470/2617/1308 96/117/682 2163/2293/679
f 2471/2618/1307 2967/1232/1306 2163/2293/679 97/118/678
f 203/235/935 2293/2435/938 2968/1233/1309 2472/2619/1310
f 2293/2435/938 202/234/934 2471/2618/1307 2968/1233/1309
f 2968/1233/1309 2471/2618/1307 97/118/678 2167/2297/688
f 2472/2619/1310 2968/1233/1309 2167/2297/688 98/119/687
f 204/236/946 2295/2437/945 2969/1234/1311 2473/2620/1312
f 2295/2437/945 203/235/935 2472/2619/1310 2969/1234/1311
f 2969/1234/1311 2472/2619/1310 98/119/687 2170/2300/694
f 2473/2620/1312 2969/1234/1311 2170/2300/694 99/120/693
f 205/237/947 2299/2441/950 2970/1235/1313 2474/2621/1314
f 2299/2441/950 204/236/946 2473/2620/1312 2970/1235/1313
f 2970/1235/1313 2473/2620/1312 99/120/693 2173/2303/700
f 2474/2621/1314 2970/1235/1313 2173/2303/700 100/121/699
f 366/426/705 2475/2622/1315 2971/1236/1316 2176/2306/706
f 2475/2622/1315 367/427/953 2302/2444/956 2971/1236/1316
f 2971/1236/1316 2302/2444/956 205/237/947 2474/2621/1314
f 2176/2306/706 2971/1236/1316 2474/2621/1314 100/121/699
f 207/239/1317 2476/2623/1318 2972/1237/1319 2479/2626/1320
f 2476/2623/1318 765/867/1321 2477/2624/1322 2972/1237/1319
f 2972/1237/1319 2477/2624/1322 766/868/1323 2478/2625/1324
f 2479/2626/1320 2972/1237/1319 2478/2625/1324 299/354/1325
f 208/240/1326 2480/2627/1327 2973/1238/1328 2482/2629/1329
f 2480/2627/1327 207/239/1317 2479/2626/1320 2973/1238/1328
f 2973/1238/1328 2479/2626/1320 299/354/1325 2481/2628/1330
f 2482/2629/1329 2973/1238/1328 2481/2628/1330 300/355/1331
f 559/640/1332 2483/2630/1333 2974/1239/1334 2486/2634/1335
f 2483/2630/1333 244/292/1336 2484/2632/1337 2974/1239/1334
f 2974/1239/1334 2484/2632/1337 277/330/1338 2485/2633/1339
f 2486/2634/1335 2974/1239/1334 2485/2633/1339 558/639/1340
f 641/736/1341 2487/2635/1342 2975/1240/1343 2490/2639/1344
f 2487/2635/1342 243/290/1345 2488/2637/1346 2975/1240/1343
f 2975/1240/1343 2488/2637/1346 278/331/1347 2489/2638/1348
f 2490/2639/1344 2975/1240/1343 2489/2638/1348 640/735/1349
f 286/340/1215 2425/2571/1214 2976/1241/1350 2493/2642/1351
f 2425/2571/1214 187/218/1213 2491/2640/1352 2976/1241/1350
f 2976/1241/1350 2491/2640/1352 210/244/1353 2492/2641/1354
f 2493/2642/1351 2976/1241/1350 2492/2641/1354 285/339/1355
f 211/246/1356 2494/2643/1357 2977/1242/1358 2496/2646/1359
f 2494/2643/1357 102/124/720 2186/2317/723 2977/1242/1358
f 2977/1242/1358 2186/2317/723 548/628/728 2495/2645/1360
f 2496/2646/1359 2977/1242/1358 2495/2645/1360 549/629/1361
f 208/241/1326 2497/2647/1362 2978/1243/1363 2500/2651/1364
f 2497/2647/1362 214/250/1365 2498/2649/1366 2978/1243/1363
f 2978/1243/1363 2498/2649/1366 566/648/1367 2499/2650/1368
f 2500/2651/1364 2978/1243/1363 2499/2650/1368 567/649/1369
f 208/240/1326 2482/2629/1329 2979/1244/1370 2497/2648/1362
f 2482/2629/1329 300/355/1331 2501/2653/1371 2979/1244/1370
f 2979/1244/1370 2501/2653/1371 301/356/1372 2502/2654/1373
f 2497/2648/1362 2979/1244/1370 2502/2654/1373 214/251/1365
f 209/242/1374 2503/2655/1375 2980/1245/1376 2506/2658/1377
f 2503/2655/1375 213/249/1378 2504/2656/1379 2980/1245/1376
f 2980/1245/1376 2504/2656/1379 648/744/1380 2505/2657/1381
f 2506/2658/1377 2980/1245/1376 2505/2657/1381 649/745/1382
f 212/248/1383 2507/2660/1384 2981/1246/1385 2509/2662/1386
f 2507/2660/1384 103/126/729 2190/2322/732 2981/1246/1385
f 2981/1246/1385 2190/2322/732 630/724/737 2508/2661/1387
f 2509/2662/1386 2981/1246/1385 2508/2661/1387 631/725/1388
f 285/339/1355 2492/2641/1354 2982/1247/1389 2512/2665/1390
f 2492/2641/1354 210/244/1353 2510/2663/1391 2982/1247/1389
f 2982/1247/1389 2510/2663/1391 215/252/1392 2511/2664/1393
f 2512/2665/1390 2982/1247/1389 2511/2664/1393 284/338/1394
f 217/254/1395 2513/2666/1396 2983/1248/1397 2515/2669/1398
f 2513/2666/1396 211/246/1356 2496/2646/1359 2983/1248/1397
f 2983/1248/1397 2496/2646/1359 549/629/1361 2514/2668/1399
f 2515/2669/1398 2983/1248/1397 2514/2668/1399 550/630/1400
f 214/250/1365 2516/2670/1401 2984/1249/1402 2498/2649/1366
f 2516/2670/1401 220/258/1403 2517/2672/1404 2984/1249/1402
f 2984/1249/1402 2517/2672/1404 565/647/1405 2518/2673/1406
f 2498/2649/1366 2984/1249/1402 2518/2673/1406 566/648/1367
f 214/251/1365 2502/2654/1373 2985/1250/1407 2516/2671/1401
f 2502/2654/1373 301/356/1372 2519/2674/1408 2985/1250/1407
f 2985/1250/1407 2519/2674/1408 302/357/1409 2520/2675/1410
f 2516/2671/1401 2985/1250/1407 2520/2675/1410 220/259/1403
f 213/249/1378 2521/2676/1411 2986/1251/1412 2504/2656/1379
f 2521/2676/1411 219/257/1413 2522/2677/1414 2986/1251/1412
f 2986/1251/1412 2522/2677/1414 647/743/1415 2523/2678/1416
f 2504/2656/1379 2986/1251/1412 2523/2678/1416 648/744/1380
f 218/256/1417 2524/2679/1418 2987/1252/1419 2526/2681/1420
f 2524/2679/1418 212/248/1383 2509/2662/1386 2987/1252/1419
f 2987/1252/1419 2509/2662/1386 631/725/1388 2525/2680/1421
f 2526/2681/1420 2987/1252/1419 2525/2680/1421 632/726/1422
f 284/338/1394 2511/2664/1393 2988/1253/1423 2529/2684/1424
f 2511/2664/1393 215/252/1392 2527/2682/1425 2988/1253/1423
f 2988/1253/1423 2527/2682/1425 221/260/1426 2528/2683/1427
f 2529/2684/1424 2988/1253/1423 2528/2683/1427 283/337/1428
f 223/262/1429 2530/2685/1430 2989/1254/1431 2532/2688/1432
f 2530/2685/1430 217/254/1395 2515/2669/1398 2989/1254/1431
f 2989/1254/1431 2515/2669/1398 550/630/1400 2531/2687/1433
f 2532/2688/1432 2989/1254/1431 2531/2687/1433 551/631/1434
f 220/258/1403 2533/2689/1435 2990/1255/1436 2517/2672/1404
f 2533/2689/1435 226/266/1437 2534/2691/1438 2990/1255/1436
f 2990/1255/1436 2534/2691/1438 564/646/1439 2535/2692/1440
f 2517/2672/1404 2990/1255/1436 2535/2692/1440 565/647/1405
f 220/259/1403 2520/2675/1410 2991/1256/1441 2533/2690/1435
f 2520/2675/1410 302/357/1409 2536/2693/1442 2991/1256/1441
f 2991/1256/1441 2536/2693/1442 303/358/1443 2537/2694/1444
f 2533/2690/1435 2991/1256/1441 2537/2694/1444 226/267/1437
f 219/257/1413 2538/2695/1445 2992/1257/1446 2522/2677/1414
f 2538/2695/1445 225/265/1447 2539/2696/1448 2992/1257/1446
f 2992/1257/1446 2539/2696/1448 646/742/1449 2540/2697/1450
f 2522/2677/1414 2992/1257/1446 2540/2697/1450 647/743/1415
f 224/264/1451 2541/2698/1452 2993/1258/1453 2543/2700/1454
f 2541/2698/1452 218/256/1417 2526/2681/1420 2993/1258/1453
f 2993/1258/1453 2526/2681/1420 632/726/1422 2542/2699/1455
f 2543/2700/1454 2993/1258/1453 2542/2699/1455 633/727/1456
f 283/337/1428 2528/2683/1427 2994/1259/1457 2546/2703/1458
f 2528/2683/1427 221/260/1426 2544/2701/1459 2994/1259/1457
f 2994/1259/1457 2544/2701/1459 227/268/1460 2545/2702/1461
f 2546/2703/1458 2994/1259/1457 2545/2702/1461 282/336/1462
f 229/270/1463 2547/2704/1464 2995/1260/1465 2549/2707/1466
f 2547/2704/1464 223/262/1429 2532/2688/1432 2995/1260/1465
f 2995/1260/1465 2532/2688/1432 551/631/1434 2548/2706/1467
f 2549/2707/1466 2995/1260/1465 2548/2706/1467 552/632/1468
f 226/266/1437 2550/2708/1469 2996/1261/1470 2534/2691/1438
f 2550/2708/1469 232/274/1471 2551/2710/1472 2996/1261/1470
f 2996/1261/1470 2551/2710/1472 563/645/1473 2552/2711/1474
f 2534/2691/1438 2996/1261/1470 2552/2711/1474 564/646/1439
f 226/267/1437 2537/2694/1444 2997/1262/1475 2550/2709/1469
f 2537/2694/1444 303/358/1443 2553/2712/1476 2997/1262/1475
f 2997/1262/1475 2553/2712/1476 304/359/1477 2554/2713/1478
f 2550/2709/1469 2997/1262/1475 2554/2713/1478 232/275/1471
f 225/265/1447 2555/2714/1479 2998/1263/1480 2539/2696/1448
f 2555/2714/1479 231/273/1481 2556/2715/1482 2998/1263/1480
f 2998/1263/1480 2556/2715/1482 645/741/1483 2557/2716/1484
f 2539/2696/1448 2998/1263/1480 2557/2716/1484 646/742/1449
f 230/272/1485 2558/2717/1486 2999/1264/1487 2560/2719/1488
f 2558/2717/1486 224/264/1451 2543/2700/1454 2999/1264/1487
f 2999/1264/1487 2543/2700/1454 633/727/1456 2559/2718/1489
f 2560/2719/1488 2999/1264/1487 2559/2718/1489 634/728/1490
f 282/336/1462 2545/2702/1461 3000/1265/1491 2563/2722/1492
f 2545/2702/1461 227/268/1460 2561/2720/1493 3000/1265/1491
f 3000/1265/1491 2561/2720/1493 233/276/1494 2562/2721/1495
f 2563/2722/1492 3000/1265/1491 2562/2721/1495 281/335/1496
f 235/278/1497 2564/2723/1498 3001/1266/1499 2566/2726/1500
f 2564/2723/1498 229/270/1463 2549/2707/1466 3001/1266/1499
f 3001/1266/1499 2549/2707/1466 552/632/1468 2565/2725/1501
f 2566/2726/1500 3001/1266/1499 2565/2725/1501 553/633/1502
f 232/274/1471 2567/2727/1503 3002/1267/1504 2551/2710/1472
f 2567/2727/1503 238/282/1505 2568/2729/1506 3002/1267/1504
f 3002/1267/1504 2568/2729/1506 562/644/1507 2569/2730/1508
f 2551/2710/1472 3002/1267/1504 2569/2730/1508 563/645/1473
f 232/275/1471 2554/2713/1478 3003/1268/1509 2567/2728/1503
f 2554/2713/1478 304/359/1477 2570/2731/1510 3003/1268/1509
f 3003/1268/1509 2570/2731/1510 276/329/1511 2571/2732/1512
f 2567/2728/1503 3003/1268/1509 2571/2732/1512 238/283/1505
f 231/273/1481 2572/2733/1513 3004/1269/1514 2556/2715/1482
f 2572/2733/1513 237/281/1515 2573/2734/1516 3004/1269/1514
f 3004/1269/1514 2573/2734/1516 644/740/1517 2574/2735/1518
f 2556/2715/1482 3004/1269/1514 2574/2735/1518 645/741/1483
f 236/280/1519 2575/2736/1520 3005/1270/1521 2577/2738/1522
f 2575/2736/1520 230/272/1485 2560/2719/1488 3005/1270/1521
f 3005/1270/1521 2560/2719/1488 634/728/1490 2576/2737/1523
f 2577/2738/1522 3005/1270/1521 2576/2737/1523 635/729/1524
f 281/335/1496 2562/2721/1495 3006/1271/1525 2580/2741/1526
f 2562/2721/1495 233/276/1494 2578/2739/1527 3006/1271/1525
f 3006/1271/1525 2578/2739/1527 239/284/1528 2579/2740/1529
f 2580/2741/1526 3006/1271/1525 2579/2740/1529 280/334/1530
f 514/585/1531 2581/2742/1532 3007/1272/1533 2583/2745/1534
f 2581/2742/1532 235/278/1497 2566/2726/1500 3007/1272/1533
f 3007/1272/1533 2566/2726/1500 553/633/1502 2582/2744/1535
f 2583/2745/1534 3007/1272/1533 2582/2744/1535 554/634/1536
f 238/282/1505 2584/2746/1537 3008/1273/1538 2568/2729/1506
f 2584/2746/1537 507/577/1539 2585/2748/1540 3008/1273/1538
f 3008/1273/1538 2585/2748/1540 561/643/1541 2586/2749/1542
f 2568/2729/1506 3008/1273/1538 2586/2749/1542 562/644/1507
f 238/283/1505 2571/2732/1512 3009/1274/1543 2584/2747/1537
f 2571/2732/1512 276/329/1511 2587/2750/1544 3009/1274/1543
f 3009/1274/1543 2587/2750/1544 506/576/1545 2588/2751/1546
f 2584/2747/1537 3009/1274/1543 2588/2751/1546 507/578/1539
f 237/281/1515 2589/2752/1547 3010/1275/1548 2573/2734/1516
f 2589/2752/1547 508/579/1549 2590/2753/1550 3010/1275/1548
f 3010/1275/1548 2590/2753/1550 643/739/1551 2591/2754/1552
f 2573/2734/1516 3010/1275/1548 2591/2754/1552 644/740/1517
f 513/584/1553 2592/2755/1554 3011/1276/1555 2594/2757/1556
f 2592/2755/1554 236/280/1519 2577/2738/1522 3011/1276/1555
f 3011/1276/1555 2577/2738/1522 635/729/1524 2593/2756/1557
f 2594/2757/1556 3011/1276/1555 2593/2756/1557 636/730/1558
f 280/334/1530 2579/2740/1529 3012/1277/1559 2597/2760/1560
f 2579/2740/1529 239/284/1528 2595/2758/1561 3012/1277/1559
f 3012/1277/1559 2595/2758/1561 509/580/1562 2596/2759/1563
f 2597/2760/1560 3012/1277/1559 2596/2759/1563 510/581/1564
f 247/298/1565 2598/2761/1566 3013/1278/1567 2600/2763/1568
f 2598/2761/1566 235/279/1497 2581/2743/1532 3013/1278/1567
f 3013/1278/1567 2581/2743/1532 514/586/1531 2599/2762/1569
f 2600/2763/1568 3013/1278/1567 2599/2762/1569 505/575/1570
f 248/299/1571 2601/2764/1572 3014/1279/1573 2604/2768/1574
f 2601/2764/1572 241/286/1575 2602/2765/1576 3014/1279/1573
f 3014/1279/1573 2602/2765/1576 556/636/1577 2603/2767/1578
f 2604/2768/1574 3014/1279/1573 2603/2767/1578 557/638/1579
f 249/300/1580 2605/2769/1581 3015/1280/1582 2608/2773/1583
f 2605/2769/1581 242/288/1584 2606/2770/1585 3015/1280/1582
f 3015/1280/1582 2606/2770/1585 638/732/1586 2607/2772/1587
f 2608/2773/1583 3015/1280/1582 2607/2772/1587 639/734/1588
f 240/285/1589 2609/2774/1590 3016/1281/1591 2612/2777/1592
f 2609/2774/1590 251/303/1593 2610/2775/1594 3016/1281/1591
f 3016/1281/1591 2610/2775/1594 511/582/1595 2611/2776/1596
f 2612/2777/1592 3016/1281/1591 2611/2776/1596 512/583/1597
f 234/277/1598 2613/2778/1599 3017/1282/1600 2615/2780/1601
f 2613/2778/1599 252/304/1602 2614/2779/1603 3017/1282/1600
f 3017/1282/1600 2614/2779/1603 251/303/1593 2609/2774/1590
f 2615/2780/1601 3017/1282/1600 2609/2774/1590 240/285/1589
f 228/269/1604 2616/2781/1605 3018/1283/1606 2618/2783/1607
f 2616/2781/1605 253/305/1608 2617/2782/1609 3018/1283/1606
f 3018/1283/1606 2617/2782/1609 252/304/1602 2613/2778/1599
f 2618/2783/1607 3018/1283/1606 2613/2778/1599 234/277/1598
f 222/261/1610 2619/2784/1611 3019/1284/1612 2621/2786/1613
f 2619/2784/1611 254/306/1614 2620/2785/1615 3019/1284/1612
f 3019/1284/1612 2620/2785/1615 253/305/1608 2616/2781/1605
f 2621/2786/1613 3019/1284/1612 2616/2781/1605 228/269/1604
f 216/253/1616 2622/2787/1617 3020/1285/1618 2624/2789/1619
f 2622/2787/1617 255/307/1620 2623/2788/1621 3020/1285/1618
f 3020/1285/1618 2623/2788/1621 254/306/1614 2619/2784/1611
f 2624/2789/1619 3020/1285/1618 2619/2784/1611 222/261/1610
f 104/127/905 2625/2790/1622 3021/1286/1623 2627/2792/1624
f 2625/2790/1622 256/308/1625 2626/2791/1626 3021/1286/1623
f 3021/1286/1623 2626/2791/1626 255/307/1620 2622/2787/1617
f 2627/2792/1624 3021/1286/1623 2622/2787/1617 216/253/1616
f 136/163/744 2628/2793/1627 3022/1287/1628 2275/2415/904
f 2628/2793/1627 257/309/1629 2629/2794/1630 3022/1287/1628
f 3022/1287/1628 2629/2794/1630 256/308/1625 2625/2790/1622
f 2275/2415/904 3022/1287/1628 2625/2790/1622 104/127/905
f 784/887/742 2630/2795/1631 3023/1288/1632 2192/2324/743
f 2630/2795/1631 785/888/1633 2631/2796/1634 3023/1288/1632
f 3023/1288/1632 2631/2796/1634 257/309/1629 2628/2793/1627
f 2192/2324/743 3023/1288/1632 2628/2793/1627 136/163/744
f 259/311/1635 2632/2797/1636 3024/1289/1637 2634/2799/1638
f 2632/2797/1636 378/438/1639 2633/2798/1640 3024/1289/1637
f 3024/1289/1637 2633/2798/1640 379/439/751 2195/2327/748
f 2634/2799/1638 3024/1289/1637 2195/2327/748 106/130/747
f 107/131/760 2635/2800/1641 3025/1290/1642 2200/2332/761
f 2635/2800/1641 260/312/1643 2636/2801/1644 3025/1290/1642
f 3025/1290/1642 2636/2801/1644 259/311/1635 2634/2799/1638
f 2200/2332/761 3025/1290/1642 2634/2799/1638 106/130/747
f 261/313/1645 2637/2802/1646 3026/1291/1647 2638/2803/1648
f 2637/2802/1646 260/312/1643 2635/2800/1641 3026/1291/1647
f 3026/1291/1647 2635/2800/1641 107/131/760 2202/2334/763
f 2638/2803/1648 3026/1291/1647 2202/2334/763 108/132/762
f 109/133/772 2639/2804/1649 3027/1292/1650 2206/2338/773
f 2639/2804/1649 262/314/1651 2640/2805/1652 3027/1292/1650
f 3027/1292/1650 2640/2805/1652 261/313/1645 2638/2803/1648
f 2206/2338/773 3027/1292/1650 2638/2803/1648 108/132/762
f 263/315/1653 2641/2806/1654 3028/1293/1655 2642/2807/1656
f 2641/2806/1654 262/314/1651 2639/2804/1649 3028/1293/1655
f 3028/1293/1655 2639/2804/1649 109/133/772 2208/2340/775
f 2642/2807/1656 3028/1293/1655 2208/2340/775 110/134/774
f 264/316/1657 2643/2808/1658 3029/1294/1659 2645/2810/1660
f 2643/2808/1658 830/935/1661 2644/2809/1662 3029/1294/1659
f 3029/1294/1659 2644/2809/1662 831/936/784 2211/2343/781
f 2645/2810/1660 3029/1294/1659 2211/2343/781 111/135/780
f 265/317/1663 2646/2811/1664 3030/1295/1665 2648/2813/1666
f 2646/2811/1664 708/807/1667 2647/2812/1668 3030/1295/1665
f 3030/1295/1665 2647/2812/1668 709/808/793 2215/2347/790
f 2648/2813/1666 3030/1295/1665 2215/2347/790 117/143/789
f 266/318/1669 2649/2814/1670 3031/1296/1671 2650/2815/1672
f 2649/2814/1670 265/317/1663 2648/2813/1666 3031/1296/1671
f 3031/1296/1671 2648/2813/1666 117/143/789 2234/2368/832
f 2650/2815/1672 3031/1296/1671 2234/2368/832 112/136/831
f 113/138/802 2651/2817/1673 3032/1297/1674 2220/2352/803
f 2651/2817/1673 267/320/1675 2652/2818/1676 3032/1297/1674
f 3032/1297/1674 2652/2818/1676 605/691/1677 2653/2819/1678
f 2220/2352/803 3032/1297/1674 2653/2819/1678 606/692/804
f 114/139/811 2654/2820/1679 3033/1298/1680 2224/2356/812
f 2654/2820/1679 268/321/1681 2655/2821/1682 3033/1298/1680
f 3033/1298/1680 2655/2821/1682 523/596/1683 2656/2822/1684
f 2224/2356/812 3033/1298/1680 2656/2822/1684 524/597/813
f 114/139/811 2250/2387/862 3034/1299/1685 2654/2820/1679
f 2250/2387/862 123/149/824 2657/2823/1686 3034/1299/1685
f 3034/1299/1685 2657/2823/1686 269/322/1687 2658/2824/1688
f 2654/2820/1679 3034/1299/1685 2658/2824/1688 268/321/1681
f 123/149/824 2229/2361/823 3035/1300/1689 2657/2823/1686
f 2229/2361/823 725/826/822 2659/2825/1690 3035/1300/1689
f 3035/1300/1689 2659/2825/1690 726/827/1691 2660/2826/1692
f 2657/2823/1686 3035/1300/1689 2660/2826/1692 269/322/1687
f 270/323/1693 2661/2827/1694 3036/1301/1695 2663/2829/1696
f 2661/2827/1694 767/869/1697 2662/2828/1698 3036/1301/1695
f 3036/1301/1695 2662/2828/1698 768/870/715 2179/2309/712
f 2663/2829/1696 3036/1301/1695 2179/2309/712 130/157/711
f 271/324/1699 2664/2830/1700 3037/1302/1701 2665/2831/1702
f 2664/2830/1700 270/323/1693 2663/2829/1696 3037/1302/1701
f 3037/1302/1701 2663/2829/1696 130/157/711 2260/2398/876
f 2665/2831/1702 3037/1302/1701 2260/2398/876 102/123/720
f 272/325/1703 2666/2832/1704 3038/1303/1705 2667/2833/1706
f 2666/2832/1704 271/324/1699 2665/2831/1702 3038/1303/1705
f 3038/1303/1705 2665/2831/1702 102/123/720 2494/2644/1357
f 2667/2833/1706 3038/1303/1705 2494/2644/1357 211/247/1356
f 273/326/1707 2668/2834/1708 3039/1304/1709 2669/2835/1710
f 2668/2834/1708 272/325/1703 2667/2833/1706 3039/1304/1709
f 3039/1304/1709 2667/2833/1706 211/247/1356 2513/2667/1396
f 2669/2835/1710 3039/1304/1709 2513/2667/1396 217/255/1395
f 274/327/1711 2670/2836/1712 3040/1305/1713 2671/2837/1714
f 2670/2836/1712 273/326/1707 2669/2835/1710 3040/1305/1713
f 3040/1305/1713 2669/2835/1710 217/255/1395 2530/2686/1430
f 2671/2837/1714 3040/1305/1713 2530/2686/1430 223/263/1429
f 275/328/1715 2672/2838/1716 3041/1306/1717 2673/2839/1718
f 2672/2838/1716 274/327/1711 2671/2837/1714 3041/1306/1717
f 3041/1306/1717 2671/2837/1714 223/263/1429 2547/2705/1464
f 2673/2839/1718 3041/1306/1717 2547/2705/1464 229/271/1463
f 247/298/1565 2674/2840/1719 3042/1307/1720 2598/2761/1566
f 2674/2840/1719 275/328/1715 2673/2839/1718 3042/1307/1720
f 3042/1307/1720 2673/2839/1718 229/271/1463 2564/2724/1498
f 2598/2761/1566 3042/1307/1720 2564/2724/1498 235/279/1497
f 276/329/1511 2675/2841/1721 3043/1308/1722 2587/2750/1544
f 2675/2841/1721 247/298/1565 2600/2763/1568 3043/1308/1722
f 3043/1308/1722 2600/2763/1568 505/575/1570 2676/2842/1723
f 2587/2750/1544 3043/1308/1722 2676/2842/1723 506/576/1545
f 277/330/1338 2677/2843/1724 3044/1309/1725 2485/2633/1339
f 2677/2843/1724 248/299/1571 2604/2768/1574 3044/1309/1725
f 3044/1309/1725 2604/2768/1574 557/638/1579 2678/2844/1726
f 2485/2633/1339 3044/1309/1725 2678/2844/1726 558/639/1340
f 278/331/1347 2679/2845/1727 3045/1310/1728 2489/2638/1348
f 2679/2845/1727 249/300/1580 2608/2773/1583 3045/1310/1728
f 3045/1310/1728 2608/2773/1583 639/734/1588 2680/2846/1729
f 2489/2638/1348 3045/1310/1728 2680/2846/1729 640/735/1349
f 251/303/1593 2681/2847/1730 3046/1311/1731 2610/2775/1594
f 2681/2847/1730 280/334/1530 2597/2760/1560 3046/1311/1731
f 3046/1311/1731 2597/2760/1560 510/581/1564 2682/2848/1732
f 2610/2775/1594 3046/1311/1731 2682/2848/1732 511/582/1595
f 252/304/1602 2683/2849/1733 3047/1312/1734 2614/2779/1603
f 2683/2849/1733 281/335/1496 2580/2741/1526 3047/1312/1734
f 3047/1312/1734 2580/2741/1526 280/334/1530 2681/2847/1730
f 2614/2779/1603 3047/1312/1734 2681/2847/1730 251/303/1593
f 253/305/1608 2684/2850/1735 3048/1313/1736 2617/2782/1609
f 2684/2850/1735 282/336/1462 2563/2722/1492 3048/1313/1736
f 3048/1313/1736 2563/2722/1492 281/335/1496 2683/2849/1733
f 2617/2782/1609 3048/1313/1736 2683/2849/1733 252/304/1602
f 254/306/1614 2685/2851/1737 3049/1314/1738 2620/2785/1615
f 2685/2851/1737 283/337/1428 2546/2703/1458 3049/1314/1738
f 3049/1314/1738 2546/2703/1458 282/336/1462 2684/2850/1735
f 2620/2785/1615 3049/1314/1738 2684/2850/1735 253/305/1608
f 255/307/1620 2686/2852/1739 3050/1315/1740 2623/2788/1621
f 2686/2852/1739 284/338/1394 2529/2684/1424 3050/1315/1740
f 3050/1315/1740 2529/2684/1424 283/337/1428 2685/2851/1737
f 2623/2788/1621 3050/1315/1740 2685/2851/1737 254/306/1614
f 256/308/1625 2687/2853/1741 3051/1316/1742 2626/2791/1626
f 2687/2853/1741 285/339/1355 2512/2665/1390 3051/1316/1742
f 3051/1316/1742 2512/2665/1390 284/338/1394 2686/2852/1739
f 2626/2791/1626 3051/1316/1742 2686/2852/1739 255/307/1620
f 257/309/1629 2688/2854/1743 3052/1317/1744 2629/2794/1630
f 2688/2854/1743 286/340/1215 2493/2642/1351 3052/1317/1744
f 3052/1317/1744 2493/2642/1351 285/339/1355 2687/2853/1741
f 2629/2794/1630 3052/1317/1744 2687/2853/1741 256/308/1625
f 785/888/1633 2689/2855/1745 3053/1318/1746 2631/2796/1634
f 2689/2855/1745 786/889/1207 2426/2572/1210 3053/1318/1746
f 3053/1318/1746 2426/2572/1210 286/340/1215 2688/2854/1743
f 2631/2796/1634 3053/1318/1746 2688/2854/1743 257/309/1629
f 288/342/1224 2429/2575/1223 3054/1319/1747 2691/2857/1748
f 2429/2575/1223 377/437/1222 2690/2856/1749 3054/1319/1747
f 3054/1319/1747 2690/2856/1749 378/438/1639 2632/2797/1636
f 2691/2857/1748 3054/1319/1747 2632/2797/1636 259/311/1635
f 260/312/1643 2692/2858/1750 3055/1320/1751 2636/2801/1644
f 2692/2858/1750 289/343/1225 2433/2579/1228 3055/1320/1751
f 3055/1320/1751 2433/2579/1228 288/342/1224 2691/2857/1748
f 2636/2801/1644 3055/1320/1751 2691/2857/1748 259/311/1635
f 290/344/1236 2435/2581/1235 3056/1321/1752 2693/2859/1753
f 2435/2581/1235 289/343/1225 2692/2858/1750 3056/1321/1752
f 3056/1321/1752 2692/2858/1750 260/312/1643 2637/2802/1646
f 2693/2859/1753 3056/1321/1752 2637/2802/1646 261/313/1645
f 262/314/1651 2694/2860/1754 3057/1322/1755 2640/2805/1652
f 2694/2860/1754 291/345/1237 2439/2585/1240 3057/1322/1755
f 3057/1322/1755 2439/2585/1240 290/344/1236 2693/2859/1753
f 2640/2805/1652 3057/1322/1755 2693/2859/1753 261/313/1645
f 292/346/1248 2441/2587/1247 3058/1323/1756 2695/2861/1757
f 2441/2587/1247 291/345/1237 2694/2860/1754 3058/1323/1756
f 3058/1323/1756 2694/2860/1754 262/314/1651 2641/2806/1654
f 2695/2861/1757 3058/1323/1756 2641/2806/1654 263/315/1653
f 293/347/1257 2445/2591/1256 3059/1324/1758 2697/2863/1759
f 2445/2591/1256 829/934/1255 2696/2862/1760 3059/1324/1758
f 3059/1324/1758 2696/2862/1760 830/935/1661 2643/2808/1658
f 2697/2863/1759 3059/1324/1758 2643/2808/1658 264/316/1657
f 294/348/1266 2449/2595/1265 3060/1325/1761 2699/2865/1762
f 2449/2595/1265 707/806/1264 2698/2864/1763 3060/1325/1761
f 3060/1325/1761 2698/2864/1763 708/807/1667 2646/2811/1664
f 2699/2865/1762 3060/1325/1761 2646/2811/1664 265/317/1663
f 295/349/1272 2452/2598/1271 3061/1326/1764 2700/2866/1765
f 2452/2598/1271 294/348/1266 2699/2865/1762 3061/1326/1764
f 3061/1326/1764 2699/2865/1762 265/317/1663 2649/2814/1670
f 2700/2866/1765 3061/1326/1764 2649/2814/1670 266/318/1669
f 267/320/1675 2701/2868/1766 3062/1327/1767 2652/2818/1676
f 2701/2868/1766 296/351/1273 2457/2604/1276 3062/1327/1767
f 3062/1327/1767 2457/2604/1276 604/690/1281 2702/2869/1768
f 2652/2818/1676 3062/1327/1767 2702/2869/1768 605/691/1677
f 268/321/1681 2703/2870/1769 3063/1328/1770 2655/2821/1682
f 2703/2870/1769 297/352/1282 2461/2608/1285 3063/1328/1770
f 3063/1328/1770 2461/2608/1285 522/595/1290 2704/2871/1771
f 2655/2821/1682 3063/1328/1770 2704/2871/1771 523/596/1683
f 268/321/1681 2658/2824/1688 3064/1329/1772 2703/2870/1769
f 2658/2824/1688 269/322/1687 2705/2872/1773 3064/1329/1772
f 3064/1329/1772 2705/2872/1773 298/353/1293 2462/2609/1291
f 2703/2870/1769 3064/1329/1772 2462/2609/1291 297/352/1282
f 269/322/1687 2660/2826/1692 3065/1330/1774 2705/2872/1773
f 2660/2826/1692 726/827/1691 2706/2873/1775 3065/1330/1774
f 3065/1330/1774 2706/2873/1775 689/788/1299 2465/2612/1297
f 2705/2872/1773 3065/1330/1774 2465/2612/1297 298/353/1293
f 299/354/1325 2478/2625/1324 3066/1331/1776 2708/2875/1777
f 2478/2625/1324 766/868/1323 2707/2874/1778 3066/1331/1776
f 3066/1331/1776 2707/2874/1778 767/869/1697 2661/2827/1694
f 2708/2875/1777 3066/1331/1776 2661/2827/1694 270/323/1693
f 300/355/1331 2481/2628/1330 3067/1332/1779 2709/2876/1780
f 2481/2628/1330 299/354/1325 2708/2875/1777 3067/1332/1779
f 3067/1332/1779 2708/2875/1777 270/323/1693 2664/2830/1700
f 2709/2876/1780 3067/1332/1779 2664/2830/1700 271/324/1699
f 301/356/1372 2501/2653/1371 3068/1333/1781 2710/2877/1782
f 2501/2653/1371 300/355/1331 2709/2876/1780 3068/1333/1781
f 3068/1333/1781 2709/2876/1780 271/324/1699 2666/2832/1704
f 2710/2877/1782 3068/1333/1781 2666/2832/1704 272/325/1703
f 302/357/1409 2519/2674/1408 3069/1334/1783 2711/2878/1784
f 2519/2674/1408 301/356/1372 2710/2877/1782 3069/1334/1783
f 3069/1334/1783 2710/2877/1782 272/325/1703 2668/2834/1708
f 2711/2878/1784 3069/1334/1783 2668/2834/1708 273/326/1707
f 303/358/1443 2536/2693/1442 3070/1335/1785 2712/2879/1786
f 2536/2693/1442 302/357/1409 2711/2878/1784 3070/1335/1785
f 3070/1335/1785 2711/2878/1784 273/326/1707 2670/2836/1712
f 2712/2879/1786 3070/1335/1785 2670/2836/1712 274/327/1711
f 304/359/1477 2553/2712/1476 3071/1336/1787 2713/2880/1788
f 2553/2712/1476 303/358/1443 2712/2879/1786 3071/1336/1787
f 3071/1336/1787 2712/2879/1786 274/327/1711 2672/2838/1716
f 2713/2880/1788 3071/1336/1787 2672/2838/1716 275/328/1715
f 276/329/1511 2570/2731/1510 3072/1337/1789 2675/2841/1721
f 2570/2731/1510 304/359/1477 2713/2880/1788 3072/1337/1789
f 3072/1337/1789 2713/2880/1788 275/328/1715 2674/2840/1719
f 2675/2841/1721 3072/1337/1789 2674/2840/1719 247/298/1565
f 458/524/1790 2714/2881/1791 3073/1338/1792 2717/2884/1793
f 2714/2881/1791 171/200/1794 2715/2882/1795 3073/1338/1792
f 3073/1338/1792 2715/2882/1795 545/624/1796 2716/2883/1797
f 2717/2884/1793 3073/1338/1792 2716/2883/1797 546/625/1798
f 457/523/1799 2718/2885/1800 3074/1339/1801 2721/2888/1802
f 2718/2885/1800 172/201/1803 2719/2886/1804 3074/1339/1801
f 3074/1339/1801 2719/2886/1804 627/720/1805 2720/2887/1806
f 2721/2888/1802 3074/1339/1801 2720/2887/1806 628/721/1807
f 174/204/1808 2722/2889/1809 3075/1340/1810 2725/2893/1811
f 2722/2889/1809 455/520/1812 2723/2890/1813 3075/1340/1810
f 3075/1340/1810 2723/2890/1813 456/521/1814 2724/2891/1815
f 2725/2893/1811 3075/1340/1810 2724/2891/1815 173/202/1816
f 781/884/1817 2726/2894/1818 3076/1341/1819 2728/2896/1820
f 2726/2894/1818 782/885/1821 2727/2895/1822 3076/1341/1819
f 3076/1341/1819 2727/2895/1822 455/520/1812 2722/2889/1809
f 2728/2896/1820 3076/1341/1819 2722/2889/1809 174/204/1808
f 452/517/1823 2729/2897/1824 3077/1342/1825 2732/2900/1826
f 2729/2897/1824 453/518/1827 2730/2898/1828 3077/1342/1825
f 3077/1342/1825 2730/2898/1828 381/441/1829 2731/2899/1830
f 2732/2900/1826 3077/1342/1825 2731/2899/1830 176/206/1831
f 177/207/1832 2733/2901/1833 3078/1343/1834 2735/2903/1835
f 2733/2901/1833 451/516/1836 2734/2902/1837 3078/1343/1834
f 3078/1343/1834 2734/2902/1837 452/517/1823 2732/2900/1826
f 2735/2903/1835 3078/1343/1834 2732/2900/1826 176/206/1831
f 450/515/1838 2736/2904/1839 3079/1344/1840 2738/2906/1841
f 2736/2904/1839 451/516/1836 2733/2901/1833 3079/1344/1840
f 3079/1344/1840 2733/2901/1833 177/207/1832 2737/2905/1842
f 2738/2906/1841 3079/1344/1840 2737/2905/1842 178/208/1843
f 179/209/1844 2739/2907/1845 3080/1345/1846 2741/2909/1847
f 2739/2907/1845 449/514/1848 2740/2908/1849 3080/1345/1846
f 3080/1345/1846 2740/2908/1849 450/515/1838 2738/2906/1841
f 2741/2909/1847 3080/1345/1846 2738/2906/1841 178/208/1843
f 448/513/1850 2742/2910/1851 3081/1346/1852 2744/2912/1853
f 2742/2910/1851 449/514/1848 2739/2907/1845 3081/1346/1852
f 3081/1346/1852 2739/2907/1845 179/209/1844 2743/2911/1854
f 2744/2912/1853 3081/1346/1852 2743/2911/1854 180/210/1855
f 446/511/1856 2745/2913/1857 3082/1347/1858 2748/2916/1859
f 2745/2913/1857 833/938/1860 2746/2914/1861 3082/1347/1858
f 3082/1347/1858 2746/2914/1861 834/939/1862 2747/2915/1863
f 2748/2916/1859 3082/1347/1858 2747/2915/1863 181/211/1864
f 445/510/1865 2749/2917/1866 3083/1348/1867 2752/2920/1868
f 2749/2917/1866 711/810/1869 2750/2918/1870 3083/1348/1867
f 3083/1348/1867 2750/2918/1870 712/811/1871 2751/2919/1872
f 2752/2920/1868 3083/1348/1867 2751/2919/1872 182/212/1873
f 444/508/1874 2753/2921/1875 3084/1349/1876 2755/2923/1877
f 2753/2921/1875 445/510/1865 2752/2920/1868 3084/1349/1876
f 3084/1349/1876 2752/2920/1868 182/212/1873 2754/2922/1878
f 2755/2923/1877 3084/1349/1876 2754/2922/1878 183/213/1879
f 184/215/1880 2756/2925/1881 3085/1350/1882 2759/2928/1883
f 2756/2925/1881 443/507/1884 2757/2926/1885 3085/1350/1882
f 3085/1350/1882 2757/2926/1885 608/694/1886 2758/2927/1887
f 2759/2928/1883 3085/1350/1882 2758/2927/1887 609/695/1888
f 185/216/1889 2760/2929/1890 3086/1351/1891 2763/2932/1892
f 2760/2929/1890 442/506/1893 2761/2930/1894 3086/1351/1891
f 3086/1351/1891 2761/2930/1894 526/599/1895 2762/2931/1896
f 2763/2932/1892 3086/1351/1891 2762/2931/1896 527/600/1897
f 186/217/1898 2764/2933/1899 3087/1352/1900 2766/2935/1901
f 2764/2933/1899 441/505/1902 2765/2934/1903 3087/1352/1900
f 3087/1352/1900 2765/2934/1903 442/506/1893 2760/2929/1890
f 2766/2935/1901 3087/1352/1900 2760/2929/1890 185/216/1889
f 186/217/1898 2767/2936/1904 3088/1353/1905 2764/2933/1899
f 2767/2936/1904 722/823/1906 2768/2937/1907 3088/1353/1905
f 3088/1353/1905 2768/2937/1907 723/824/1908 925/2938/1909
f 2764/2933/1899 3088/1353/1905 925/2938/1909 441/505/1902
f 845/951/677 2161/2291/676 3089/1354/1910 928/2941/1911
f 2161/2291/676 440/504/675 926/2939/1912 3089/1354/1910
f 3089/1354/1910 926/2939/1912 163/192/1913 927/2940/1914
f 928/2941/1911 3089/1354/1910 927/2940/1914 844/950/1915
f 465/531/686 2165/2295/685 3090/1355/1916 931/2944/1917
f 2165/2295/685 466/532/684 929/2942/1918 3090/1355/1916
f 3090/1355/1916 929/2942/1918 164/193/1919 930/2943/1920
f 931/2944/1917 3090/1355/1916 930/2943/1920 165/194/1921
f 464/530/692 2168/2298/691 3091/1356/1922 933/2946/1923
f 2168/2298/691 465/531/686 931/2944/1917 3091/1356/1922
f 3091/1356/1922 931/2944/1917 165/194/1921 932/2945/1924
f 933/2946/1923 3091/1356/1922 932/2945/1924 166/195/1925
f 463/529/698 2171/2301/697 3092/1357/1926 935/2948/1927
f 2171/2301/697 464/530/692 933/2946/1923 3092/1357/1926
f 3092/1357/1926 933/2946/1923 166/195/1925 934/2947/1928
f 935/2948/1927 3092/1357/1926 934/2947/1928 167/196/1929
f 462/528/704 2174/2304/703 3093/1358/1930 937/2950/1931
f 2174/2304/703 463/529/698 935/2948/1927 3093/1358/1930
f 3093/1358/1930 935/2948/1927 167/196/1929 936/2949/1932
f 937/2950/1931 3093/1358/1930 936/2949/1932 168/197/1933
f 461/527/710 2177/2307/709 3094/1359/1934 939/2952/1935
f 2177/2307/709 462/528/704 937/2950/1931 3094/1359/1934
f 3094/1359/1934 937/2950/1931 168/197/1933 938/2951/1936
f 939/2952/1935 3094/1359/1934 938/2951/1936 365/425/1937
f 459/525/1938 940/2953/1939 3095/1360/1940 943/2956/1941
f 940/2953/1939 770/872/1942 941/2954/1943 3095/1360/1940
f 3095/1360/1940 941/2954/1943 771/873/1944 942/2955/1945
f 943/2956/1941 3095/1360/1940 942/2955/1945 170/199/1946
f 458/524/1790 944/2957/1947 3096/1361/1948 2714/2881/1791
f 944/2957/1947 459/525/1938 943/2956/1941 3096/1361/1948
f 3096/1361/1948 943/2956/1941 170/199/1946 945/2958/1949
f 2714/2881/1791 3096/1361/1948 945/2958/1949 171/200/1794
f 322/379/973 946/2959/1950 3097/1362/1951 2310/2452/976
f 946/2959/1950 208/240/1326 2500/2652/1364 3097/1362/1951
f 3097/1362/1951 2500/2652/1364 567/650/1369 947/2960/1952
f 2310/2452/976 3097/1362/1951 947/2960/1952 568/651/977
f 323/380/984 948/2961/1953 3098/1363/1954 2314/2456/985
f 948/2961/1953 209/243/1374 2506/2659/1377 3098/1363/1954
f 3098/1363/1954 2506/2659/1377 649/746/1382 949/2962/1955
f 2314/2456/985 3098/1363/1954 949/2962/1955 650/747/986
f 210/244/1353 2491/2640/1352 3099/1364/1956 951/2964/1957
f 2491/2640/1352 187/218/1213 950/2963/1958 3099/1364/1956
f 3099/1364/1956 950/2963/1958 325/383/993 2317/2459/990
f 951/2964/1957 3099/1364/1956 2317/2459/990 324/381/989
f 787/890/1211 952/2966/1959 3100/1365/1960 2424/2570/1212
f 952/2966/1959 788/891/998 2323/2466/1001 3100/1365/1960
f 3100/1365/1960 2323/2466/1001 325/383/993 950/2963/1958
f 2424/2570/1212 3100/1365/1960 950/2963/1958 187/218/1213
f 327/385/1012 2326/2469/1011 3101/1366/1961 954/2968/1962
f 2326/2469/1011 375/435/1010 953/2967/1963 3101/1366/1961
f 3101/1366/1961 953/2967/1963 376/436/1220 2427/2573/1217
f 954/2968/1962 3101/1366/1961 2427/2573/1217 189/220/1216
f 190/221/1229 955/2969/1964 3102/1367/1965 2432/2578/1230
f 955/2969/1964 328/386/1013 2330/2473/1016 3102/1367/1965
f 3102/1367/1965 2330/2473/1016 327/385/1012 954/2968/1962
f 2432/2578/1230 3102/1367/1965 954/2968/1962 189/220/1216
f 329/387/1024 2332/2475/1023 3103/1368/1966 956/2970/1967
f 2332/2475/1023 328/386/1013 955/2969/1964 3103/1368/1966
f 3103/1368/1966 955/2969/1964 190/221/1229 2434/2580/1232
f 956/2970/1967 3103/1368/1966 2434/2580/1232 191/222/1231
f 192/223/1241 957/2971/1968 3104/1369/1969 2438/2584/1242
f 957/2971/1968 330/388/1025 2336/2479/1028 3104/1369/1969
f 3104/1369/1969 2336/2479/1028 329/387/1024 956/2970/1967
f 2438/2584/1242 3104/1369/1969 956/2970/1967 191/222/1231
f 331/389/1036 2338/2481/1035 3105/1370/1970 958/2972/1971
f 2338/2481/1035 330/388/1025 957/2971/1968 3105/1370/1970
f 3105/1370/1970 957/2971/1968 192/223/1241 2440/2586/1244
f 958/2972/1971 3105/1370/1970 2440/2586/1244 193/224/1243
f 332/390/1045 2342/2485/1044 3106/1371/1972 960/2974/1973
f 2342/2485/1044 827/932/1043 959/2973/1974 3106/1371/1972
f 3106/1371/1972 959/2973/1974 828/933/1253 2443/2589/1250
f 960/2974/1973 3106/1371/1972 2443/2589/1250 194/225/1249
f 333/391/1054 2346/2489/1053 3107/1372/1975 962/2976/1976
f 2346/2489/1053 705/804/1052 961/2975/1977 3107/1372/1975
f 3107/1372/1975 961/2975/1977 706/805/1262 2447/2593/1259
f 962/2976/1976 3107/1372/1975 2447/2593/1259 195/226/1258
f 334/392/1060 2349/2492/1059 3108/1373/1978 963/2977/1979
f 2349/2492/1059 333/391/1054 962/2976/1976 3108/1373/1978
f 3108/1373/1978 962/2976/1976 195/226/1258 2451/2597/1268
f 963/2977/1979 3108/1373/1978 2451/2597/1268 196/227/1267
f 197/229/1277 964/2979/1980 3109/1374/1981 2455/2602/1278
f 964/2979/1980 335/394/1061 2354/2498/1064 3109/1374/1981
f 3109/1374/1981 2354/2498/1064 602/688/1069 965/2980/1982
f 2455/2602/1278 3109/1374/1981 965/2980/1982 603/689/1279
f 198/230/1286 966/2981/1983 3110/1375/1984 2459/2606/1287
f 966/2981/1983 336/395/1070 2358/2502/1073 3110/1375/1984
f 3110/1375/1984 2358/2502/1073 520/593/1078 967/2982/1985
f 2459/2606/1287 3110/1375/1984 967/2982/1985 521/594/1288
f 198/230/1286 2464/2611/1296 3111/1376/1986 966/2981/1983
f 2464/2611/1296 199/231/1295 968/2983/1987 3111/1376/1986
f 3111/1376/1986 968/2983/1987 337/396/1081 2359/2503/1079
f 966/2981/1983 3111/1376/1986 2359/2503/1079 336/395/1070
f 199/231/1295 2467/2614/1302 3112/1377/1988 968/2983/1987
f 2467/2614/1302 690/789/1301 969/2984/1989 3112/1377/1988
f 3112/1377/1988 969/2984/1989 691/790/1087 2362/2506/1085
f 968/2983/1987 3112/1377/1988 2362/2506/1085 337/396/1081
f 338/397/967 2305/2447/966 3113/1378/1990 971/2986/1991
f 2305/2447/966 764/866/965 970/2985/1992 3113/1378/1990
f 3113/1378/1990 970/2985/1992 765/867/1321 2476/2623/1318
f 971/2986/1991 3113/1378/1990 2476/2623/1318 207/239/1317
f 322/379/973 2308/2450/972 3114/1379/1993 946/2959/1950
f 2308/2450/972 338/397/967 971/2986/1991 3114/1379/1993
f 3114/1379/1993 971/2986/1991 207/239/1317 2480/2627/1327
f 946/2959/1950 3114/1379/1993 2480/2627/1327 208/240/1326
f 466/532/684 972/2987/1994 3115/1380/1995 929/2942/1918
f 972/2987/1994 439/503/1996 973/2988/1997 3115/1380/1995
f 3115/1380/1995 973/2988/1997 339/398/1998 974/2989/1999
f 929/2942/1918 3115/1380/1995 974/2989/1999 164/193/1919
f 466/532/684 2164/2294/683 3116/1381/2000 972/2987/1994
f 2164/2294/683 96/117/682 975/2990/2001 3116/1381/2000
f 3116/1381/2000 975/2990/2001 340/399/2002 976/2991/2003
f 972/2987/1994 3116/1381/2000 976/2991/2003 439/503/1996
f 96/117/682 2470/2617/1308 3117/1382/2004 975/2990/2001
f 2470/2617/1308 201/233/932 977/2992/2005 3117/1382/2004
f 3117/1382/2004 977/2992/2005 341/400/2006 978/2993/2007
f 975/2990/2001 3117/1382/2004 978/2993/2007 340/399/2002
f 201/233/932 2288/2430/931 3118/1383/2008 977/2992/2005
f 2288/2430/931 438/502/930 979/2994/2009 3118/1383/2008
f 3118/1383/2008 979/2994/2009 411/473/2010 980/2995/2011
f 977/2992/2005 3118/1383/2008 980/2995/2011 341/400/2006
f 410/472/350 981/2996/2012 3119/1384/2013 2004/2130/351
f 981/2996/2012 383/443/2014 982/2997/2015 3119/1384/2013
f 3119/1384/2013 982/2997/2015 342/401/2016 983/2998/2017
f 2004/2130/351 3119/1384/2013 983/2998/2017 140/167/352
f 1/1/46 984/2999/2018 3120/1385/2019 1867/1976/47
f 984/2999/2018 344/403/2020 985/3000/2021 3120/1385/2019
f 3120/1385/2019 985/3000/2021 343/402/2022 986/3001/2023
f 1867/1976/47 3120/1385/2019 986/3001/2023 44/60/50
f 344/403/2020 984/2999/2018 3121/1386/2024 988/3003/2025
f 984/2999/2018 1/1/46 1896/2007/107 3121/1386/2024
f 3121/1386/2024 1896/2007/107 581/665/111 987/3002/2026
f 988/3003/2025 3121/1386/2024 987/3002/2026 582/666/2027
f 345/404/2028 989/3004/2029 3122/1387/2030 991/3006/2031
f 989/3004/2029 29/42/214 1946/2067/217 3122/1387/2030
f 3122/1387/2030 1946/2067/217 593/678/222 990/3005/2032
f 991/3006/2031 3122/1387/2030 990/3005/2032 594/679/2033
f 11/12/10 1854/1963/13 3123/1388/2034 994/3009/2035
f 1854/1963/13 52/69/18 992/3007/2036 3123/1388/2034
f 3123/1388/2034 992/3007/2036 347/406/2037 993/3008/2038
f 994/3009/2035 3123/1388/2034 993/3008/2038 346/405/2039
f 348/407/2040 995/3010/2041 3124/1389/2042 997/3012/2043
f 995/3010/2041 391/452/2044 996/3011/2045 3124/1389/2042
f 3124/1389/2042 996/3011/2045 392/453/409 2034/2160/412
f 997/3012/2043 3124/1389/2042 2034/2160/412 156/184/417
f 349/408/2046 998/3013/2047 3125/1390/2048 1000/3015/2049
f 998/3013/2047 419/482/2050 999/3014/2051 3125/1390/2048
f 3125/1390/2048 999/3014/2051 420/483/1031 2339/2482/1034
f 1000/3015/2049 3125/1390/2048 2339/2482/1034 331/389/1036
f 350/409/2052 1001/3016/2053 3126/1391/2054 1002/3017/2055
f 1001/3016/2053 349/408/2046 1000/3015/2049 3126/1391/2054
f 3126/1391/2054 1000/3015/2049 331/389/1036 958/2972/1971
f 1002/3017/2055 3126/1391/2054 958/2972/1971 193/224/1243
f 351/410/2056 1003/3018/2057 3127/1392/2058 1004/3019/2059
f 1003/3018/2057 350/409/2052 1002/3017/2055 3127/1392/2058
f 3127/1392/2058 1002/3017/2055 193/224/1243 2442/2588/1246
f 1004/3019/2059 3127/1392/2058 2442/2588/1246 292/346/1248
f 352/411/2060 1005/3020/2061 3128/1393/2062 1006/3021/2063
f 1005/3020/2061 351/410/2056 1004/3019/2059 3128/1393/2062
f 3128/1393/2062 1004/3019/2059 292/346/1248 2695/2861/1757
f 1006/3021/2063 3128/1393/2062 2695/2861/1757 263/315/1653
f 353/412/2064 1007/3022/2065 3129/1394/2066 1008/3023/2067
f 1007/3022/2065 352/411/2060 1006/3021/2063 3129/1394/2066
f 3129/1394/2066 1006/3021/2063 263/315/1653 2642/2807/1656
f 1008/3023/2067 3129/1394/2066 2642/2807/1656 110/134/774
f 354/413/2068 1009/3024/2069 3130/1395/2070 1010/3025/2071
f 1009/3024/2069 353/412/2064 1008/3023/2067 3130/1395/2070
f 3130/1395/2070 1008/3023/2067 110/134/774 2210/2342/777
f 1010/3025/2071 3130/1395/2070 2210/2342/777 314/370/779
f 355/414/2072 1011/3026/2073 3131/1396/2074 1013/3028/2075
f 1011/3026/2073 447/512/2076 1012/3027/2077 3131/1396/2074
f 3131/1396/2074 1012/3027/2077 448/513/1850 2744/2912/1853
f 1013/3028/2075 3131/1396/2074 2744/2912/1853 180/210/1855
f 356/415/2078 1014/3029/2079 3132/1397/2080 1016/3031/2081
f 1014/3029/2079 475/542/2082 1015/3030/2083 3132/1397/2080
f 3132/1397/2080 1015/3030/2083 476/543/1167 2404/2549/1170
f 1016/3031/2081 3132/1397/2080 2404/2549/1170 40/55/301
f 357/416/2084 1017/3032/2085 3133/1398/2086 1018/3033/2087
f 1017/3032/2085 356/415/2078 1016/3031/2081 3133/1398/2086
f 3133/1398/2086 1016/3031/2081 40/55/301 1986/2110/304
f 1018/3033/2087 3133/1398/2086 1986/2110/304 14/18/309
f 22/31/164 1019/3034/2088 3134/1399/2089 1920/2035/165
f 1019/3034/2088 358/417/2090 1020/3036/2091 3134/1399/2089
f 3134/1399/2089 1020/3036/2091 615/703/2092 1021/3037/2093
f 1920/2035/165 3134/1399/2089 1021/3037/2093 616/705/166
f 3/3/101 1022/3038/2094 3135/1400/2095 1891/2002/102
f 1022/3038/2094 359/419/2096 1023/3039/2097 3135/1400/2095
f 3135/1400/2095 1023/3039/2097 533/607/2098 1024/3040/2099
f 1891/2002/102 3135/1400/2095 1024/3040/2099 534/609/103
f 32/46/251 1025/3041/2100 3136/1401/2101 1960/2082/252
f 1025/3041/2100 360/420/2102 1026/3042/2103 3136/1401/2101
f 3136/1401/2101 1026/3042/2103 359/419/2096 1022/3038/2094
f 1960/2082/252 3136/1401/2101 1022/3038/2094 3/3/101
f 494/562/1101 1027/3043/2104 3137/1402/2105 2369/2513/1102
f 1027/3043/2104 467/533/2106 1028/3044/2107 3137/1402/2105
f 3137/1402/2105 1028/3044/2107 360/420/2102 1025/3041/2100
f 2369/2513/1102 3137/1402/2105 1025/3041/2100 32/46/251
f 864/970/2108 1029/3045/2109 3138/1403/2110 1032/3048/2111
f 1029/3045/2109 738/840/2112 1030/3046/2113 3138/1403/2110
f 3138/1403/2110 1030/3046/2113 739/841/2114 1031/3047/2115
f 1032/3048/2111 3138/1403/2110 1031/3047/2115 863/969/2116
f 866/973/2117 1033/3049/2118 3139/1404/2119 1036/3053/2120
f 1033/3049/2118 736/837/2121 1034/3050/2122 3139/1404/2119
f 3139/1404/2119 1034/3050/2122 737/838/2123 1035/3051/2124
f 1036/3053/2120 3139/1404/2119 1035/3051/2124 865/971/2125
f 866/973/2117 1037/3054/2126 3140/1405/2127 1033/3049/2118
f 1037/3054/2126 867/974/2128 1038/3055/2129 3140/1405/2127
f 3140/1405/2127 1038/3055/2129 735/836/2130 1039/3056/2131
f 1033/3049/2118 3140/1405/2127 1039/3056/2131 736/837/2121
f 868/975/2132 1040/3057/2133 3141/1406/2134 1042/3059/2135
f 1040/3057/2133 734/835/2136 1041/3058/2137 3141/1406/2134
f 3141/1406/2134 1041/3058/2137 735/836/2130 1038/3055/2129
f 1042/3059/2135 3141/1406/2134 1038/3055/2129 867/974/2128
f 870/977/2138 1043/3060/2139 3142/1407/2140 1046/3063/2141
f 1043/3060/2139 732/833/2142 1044/3061/2143 3142/1407/2140
f 3142/1407/2140 1044/3061/2143 733/834/2144 1045/3062/2145
f 1046/3063/2141 3142/1407/2140 1045/3062/2145 869/976/2146
f 870/977/2138 1047/3064/2147 3143/1408/2148 1043/3060/2139
f 1047/3064/2147 871/978/2149 1048/3065/2150 3143/1408/2148
f 3143/1408/2148 1048/3065/2150 731/832/2151 1049/3066/2152
f 1043/3060/2139 3143/1408/2148 1049/3066/2152 732/833/2142
f 871/978/2149 1050/3067/2153 3144/1409/2154 1048/3065/2150
f 1050/3067/2153 872/979/2155 1051/3068/2156 3144/1409/2154
f 3144/1409/2154 1051/3068/2156 730/831/2157 1052/3069/2158
f 1048/3065/2150 3144/1409/2154 1052/3069/2158 731/832/2151
f 872/979/2155 1053/3070/2159 3145/1410/2160 1051/3068/2156
f 1053/3070/2159 873/980/2161 1054/3071/2162 3145/1410/2160
f 3145/1410/2160 1054/3071/2162 729/830/2163 1055/3072/2164
f 1051/3068/2156 3145/1410/2160 1055/3072/2164 730/831/2157
f 875/982/2165 1056/3073/2166 3146/1411/2167 1059/3076/2168
f 1056/3073/2166 727/828/2169 1057/3074/2170 3146/1411/2167
f 3146/1411/2167 1057/3074/2170 728/829/2171 1058/3075/2172
f 1059/3076/2168 3146/1411/2167 1058/3075/2172 874/981/2173
f 759/861/2174 1060/3077/2175 3147/1412/2176 1063/3080/2177
f 1060/3077/2175 760/862/2178 1061/3078/2179 3147/1412/2176
f 3147/1412/2176 1061/3078/2179 876/983/2180 1062/3079/2181
f 1063/3080/2177 3147/1412/2176 1062/3079/2181 877/984/2182
f 759/861/2174 1063/3080/2177 3148/1413/2183 1066/3083/2184
f 1063/3080/2177 877/984/2182 1064/3081/2185 3148/1413/2183
f 3148/1413/2183 1064/3081/2185 878/985/2186 1065/3082/2187
f 1066/3083/2184 3148/1413/2183 1065/3082/2187 758/860/2188
f 757/859/2189 1067/3084/2190 3149/1414/2191 1070/3087/2192
f 1067/3084/2190 879/986/2193 1068/3085/2194 3149/1414/2191
f 3149/1414/2191 1068/3085/2194 880/987/2195 1069/3086/2196
f 1070/3087/2192 3149/1414/2191 1069/3086/2196 756/858/2197
f 754/856/2198 1071/3088/2199 3150/1415/2200 1074/3091/2201
f 1071/3088/2199 755/857/2202 1072/3089/2203 3150/1415/2200
f 3150/1415/2200 1072/3089/2203 847/953/2204 1073/3090/2205
f 1074/3091/2201 3150/1415/2200 1073/3090/2205 848/954/2206
f 752/854/2207 1075/3092/2208 3151/1416/2209 1078/3095/2210
f 1075/3092/2208 753/855/2211 1076/3093/2212 3151/1416/2209
f 3151/1416/2209 1076/3093/2212 849/955/2213 1077/3094/2214
f 1078/3095/2210 3151/1416/2209 1077/3094/2214 850/956/2215
f 750/852/2216 1079/3096/2217 3152/1417/2218 1082/3099/2219
f 1079/3096/2217 751/853/2220 1080/3097/2221 3152/1417/2218
f 3152/1417/2218 1080/3097/2221 851/957/2222 1081/3098/2223
f 1082/3099/2219 3152/1417/2218 1081/3098/2223 852/958/2224
f 749/851/2225 1083/3100/2226 3153/1418/2227 1085/3102/2228
f 1083/3100/2226 750/852/2216 1082/3099/2219 3153/1418/2227
f 3153/1418/2227 1082/3099/2219 852/958/2224 1084/3101/2229
f 1085/3102/2228 3153/1418/2227 1084/3101/2229 853/959/2230
f 748/850/2231 1086/3103/2232 3154/1419/2233 1088/3105/2234
f 1086/3103/2232 749/851/2225 1085/3102/2228 3154/1419/2233
f 3154/1419/2233 1085/3102/2228 853/959/2230 1087/3104/2235
f 1088/3105/2234 3154/1419/2233 1087/3104/2235 854/960/2236
f 747/849/2237 1089/3106/2238 3155/1420/2239 1091/3108/2240
f 1089/3106/2238 748/850/2231 1088/3105/2234 3155/1420/2239
f 3155/1420/2239 1088/3105/2234 854/960/2236 1090/3107/2241
f 1091/3108/2240 3155/1420/2239 1090/3107/2241 855/961/2242
f 746/848/2243 1092/3109/2244 3156/1421/2245 1094/3111/2246
f 1092/3109/2244 747/849/2237 1091/3108/2240 3156/1421/2245
f 3156/1421/2245 1091/3108/2240 855/961/2242 1093/3110/2247
f 1094/3111/2246 3156/1421/2245 1093/3110/2247 856/962/2248
f 745/847/2249 1095/3112/2250 3157/1422/2251 1097/3114/2252
f 1095/3112/2250 746/848/2243 1094/3111/2246 3157/1422/2251
f 3157/1422/2251 1094/3111/2246 856/962/2248 1096/3113/2253
f 1097/3114/2252 3157/1422/2251 1096/3113/2253 857/963/2254
f 743/845/2255 1098/3115/2256 3158/1423/2257 1101/3118/2258
f 1098/3115/2256 744/846/2259 1099/3116/2260 3158/1423/2257
f 3158/1423/2257 1099/3116/2260 858/964/2261 1100/3117/2262
f 1101/3118/2258 3158/1423/2257 1100/3117/2262 859/965/2263
f 741/843/2264 1102/3119/2265 3159/1424/2266 1105/3122/2267
f 1102/3119/2265 742/844/2268 1103/3120/2269 3159/1424/2266
f 3159/1424/2266 1103/3120/2269 860/966/2270 1104/3121/2271
f 1105/3122/2267 3159/1424/2266 1104/3121/2271 861/967/2272
f 740/842/2273 1106/3123/2274 3160/1425/2275 1108/3125/2276
f 1106/3123/2274 741/843/2264 1105/3122/2267 3160/1425/2275
f 3160/1425/2275 1105/3122/2267 861/967/2272 1107/3124/2277
f 1108/3125/2276 3160/1425/2275 1107/3124/2277 862/968/2278
f 817/922/45 1865/1974/44 3161/1426/2279 1111/3128/2280
f 1865/1974/44 93/114/43 1109/3126/2281 3161/1426/2279
f 3161/1426/2279 1109/3126/2281 919/1028/2282 1110/3127/2283
f 1111/3128/2280 3161/1426/2279 1110/3127/2283 920/1029/2284
f 917/1026/2285 1112/3129/2286 3162/1427/2287 1114/3131/2288
f 1112/3129/2286 918/1027/2289 1113/3130/2290 3162/1427/2287
f 3162/1427/2287 1113/3130/2290 695/794/648 2151/2281/651
f 1114/3131/2288 3162/1427/2287 2151/2281/651 122/148/653
f 916/1025/2291 1115/3132/2292 3163/1428/2293 1116/3133/2294
f 1115/3132/2292 917/1026/2285 1114/3131/2288 3163/1428/2293
f 3163/1428/2293 1114/3131/2288 122/148/653 2247/2384/856
f 1116/3133/2294 3163/1428/2293 2247/2384/856 43/59/79
f 916/1025/2291 1116/3133/2294 3164/1429/2295 1118/3135/2296
f 1116/3133/2294 43/59/79 1885/1995/82 3164/1429/2295
f 3164/1429/2295 1885/1995/82 516/589/87 1117/3134/2297
f 1118/3135/2296 3164/1429/2295 1117/3134/2297 915/1024/2298
f 914/1023/2299 1119/3136/2300 3165/1430/2301 1121/3138/2302
f 1119/3136/2300 54/72/232 1954/2076/235 3165/1430/2301
f 3165/1430/2301 1954/2076/235 598/684/240 1120/3137/2303
f 1121/3138/2302 3165/1430/2301 1120/3137/2303 913/1022/2304
f 53/70/846 2240/2376/845 3166/1431/2305 1124/3141/2306
f 2240/2376/845 118/144/627 1122/3139/2307 3166/1431/2305
f 3166/1431/2305 1122/3139/2307 911/1019/2308 1123/3140/2309
f 1124/3141/2306 3166/1431/2305 1123/3140/2309 912/1020/2310
f 118/144/627 2138/2268/626 3167/1432/2311 1122/3139/2307
f 2138/2268/626 701/800/625 1125/3143/2312 3167/1432/2311
f 3167/1432/2311 1125/3143/2312 910/1018/2313 1126/3144/2314
f 1122/3139/2307 3167/1432/2311 1126/3144/2314 911/1019/2308
f 89/110/7 1848/1957/6 3168/1433/2315 1129/3147/2316
f 1848/1957/6 823/928/5 1127/3145/2317 3168/1433/2315
f 3168/1433/2315 1127/3145/2317 908/1016/2318 1128/3146/2319
f 1129/3147/2316 3168/1433/2315 1128/3146/2319 909/1017/2320
f 905/1013/2321 1130/3148/2322 3169/1434/2323 1132/3150/2324
f 1130/3148/2322 906/1014/2325 1131/3149/2326 3169/1434/2323
f 3169/1434/2323 1131/3149/2326 347/406/2037 992/3007/2036
f 1132/3150/2324 3169/1434/2323 992/3007/2036 52/69/18
f 52/69/18 1853/1962/17 3170/1435/2327 1132/3150/2324
f 1853/1962/17 60/78/16 1133/3151/2328 3170/1435/2327
f 3170/1435/2327 1133/3151/2328 904/1012/2329 1134/3152/2330
f 1132/3150/2324 3170/1435/2327 1134/3152/2330 905/1013/2321
f 903/1011/2331 1135/3153/2332 3171/1436/2333 1136/3154/2334
f 1135/3153/2332 904/1012/2329 1133/3151/2328 3171/1436/2333
f 3171/1436/2333 1133/3151/2328 60/78/16 2055/2181/457
f 1136/3154/2334 3171/1436/2333 2055/2181/457 51/68/27
f 51/68/27 1857/1966/26 3172/1437/2335 1136/3154/2334
f 1857/1966/26 70/89/25 1137/3155/2336 3172/1437/2335
f 3172/1437/2335 1137/3155/2336 902/1010/2337 1138/3156/2338
f 1136/3154/2334 3172/1437/2335 1138/3156/2338 903/1011/2331
f 901/1009/2339 1139/3157/2340 3173/1438/2341 1140/3158/2342
f 1139/3157/2340 902/1010/2337 1137/3155/2336 3173/1438/2341
f 3173/1438/2341 1137/3155/2336 70/89/25 2073/2200/485
f 1140/3158/2342 3173/1438/2341 2073/2200/485 50/67/36
f 50/67/36 1861/1970/35 3174/1439/2343 1140/3158/2342
f 1861/1970/35 373/433/34 1141/3159/2344 3174/1439/2343
f 3174/1439/2343 1141/3159/2344 900/1008/2345 1142/3160/2346
f 1140/3158/2342 3174/1439/2343 1142/3160/2346 901/1009/2339
f 898/1006/2347 1143/3161/2348 3175/1440/2349 1145/3163/2350
f 1143/3161/2348 899/1007/2351 1144/3162/2352 3175/1440/2349
f 3175/1440/2349 1144/3162/2352 754/856/2198 1074/3091/2201
f 1145/3163/2350 3175/1440/2349 1074/3091/2201 848/954/2206
f 895/1003/2353 1146/3164/2354 3176/1441/2355 1148/3166/2356
f 1146/3164/2354 896/1004/2357 1147/3165/2358 3176/1441/2355
f 3176/1441/2355 1147/3165/2358 792/895/534 2101/2229/537
f 1148/3166/2356 3176/1441/2355 2101/2229/537 135/162/542
f 894/1001/2359 1149/3167/2360 3177/1442/2361 1150/3168/2362
f 1149/3167/2360 895/1003/2353 1148/3166/2356 3177/1442/2361
f 3177/1442/2361 1148/3166/2356 135/162/542 2271/2410/891
f 1150/3168/2362 3177/1442/2361 2271/2410/891 49/65/895
f 48/64/191 1151/3170/2363 3178/1443/2364 1932/2052/192
f 1151/3170/2363 892/999/2365 1152/3171/2366 3178/1443/2364
f 3178/1443/2364 1152/3171/2366 893/1000/2367 1153/3172/2368
f 1932/2052/192 3178/1443/2364 1153/3172/2368 654/751/193
f 47/63/140 1154/3173/2369 3179/1444/2370 1909/2021/141
f 1154/3173/2369 890/997/2371 1155/3174/2372 3179/1444/2370
f 3179/1444/2370 1155/3174/2372 891/998/2373 1156/3175/2374
f 1909/2021/141 3179/1444/2370 1156/3175/2374 572/655/142
f 47/63/140 2264/2402/884 3180/1445/2375 1154/3173/2369
f 2264/2402/884 131/158/516 1157/3176/2376 3180/1445/2375
f 3180/1445/2375 1157/3176/2376 889/996/2377 1158/3177/2378
f 1154/3173/2369 3180/1445/2375 1158/3177/2378 890/997/2371
f 131/158/516 2088/2216/515 3181/1446/2379 1157/3176/2376
f 2088/2216/515 798/901/514 1159/3178/2380 3181/1446/2379
f 3181/1446/2379 1159/3178/2380 888/995/2381 1160/3179/2382
f 1157/3176/2376 3181/1446/2379 1160/3179/2382 889/996/2377
f 876/983/2180 1061/3078/2179 3182/1447/2383 1163/3182/2384
f 1061/3078/2179 760/862/2178 1161/3180/2385 3182/1447/2383
f 3182/1447/2383 1161/3180/2385 885/992/2386 1162/3181/2387
f 1163/3182/2384 3182/1447/2383 1162/3181/2387 886/993/2388
f 369/429/70 1876/1985/69 3183/1448/2389 1166/3185/2390
f 1876/1985/69 46/62/68 1164/3183/2391 3183/1448/2389
f 3183/1448/2389 1164/3183/2391 883/990/2392 1165/3184/2393
f 1166/3185/2390 3183/1448/2389 1165/3184/2393 884/991/2394
f 46/62/68 2067/2194/478 3184/1449/2395 1164/3183/2391
f 2067/2194/478 66/85/61 1167/3186/2396 3184/1449/2395
f 3184/1449/2395 1167/3186/2396 882/989/2397 1168/3187/2398
f 1164/3183/2391 3184/1449/2395 1168/3187/2398 883/990/2392
f 66/85/61 1872/1981/60 3185/1450/2399 1167/3186/2396
f 1872/1981/60 45/61/59 1169/3188/2400 3185/1450/2399
f 3185/1450/2399 1169/3188/2400 881/988/2401 1170/3189/2402
f 1167/3186/2396 3185/1450/2399 1170/3189/2402 882/989/2397
f 45/61/59 2049/2175/450 3186/1451/2403 1169/3188/2400
f 2049/2175/450 56/74/52 1171/3190/2404 3186/1451/2403
f 3186/1451/2403 1171/3190/2404 924/1033/2405 1172/3191/2406
f 1169/3188/2400 3186/1451/2403 1172/3191/2406 881/988/2401
f 56/74/52 1868/1977/51 3187/1452/2407 1171/3190/2404
f 1868/1977/51 44/60/50 1173/3192/2408 3187/1452/2407
f 3187/1452/2407 1173/3192/2408 923/1032/2409 1174/3193/2410
f 1171/3190/2404 3187/1452/2407 1174/3193/2410 924/1033/2405
f 44/60/50 986/3001/2023 3188/1453/2411 1173/3192/2408
f 986/3001/2023 343/402/2022 1175/3194/2412 3188/1453/2411
f 3188/1453/2411 1175/3194/2412 922/1031/2413 1176/3195/2414
f 1173/3192/2408 3188/1453/2411 1176/3195/2414 923/1032/2409
f 815/920/345 2001/2127/344 3189/1454/2415 1178/3197/2416
f 2001/2127/344 139/166/343 1177/3196/2417 3189/1454/2415
f 3189/1454/2415 1177/3196/2417 412/474/921 2283/2425/918
f 1178/3197/2416 3189/1454/2415 2283/2425/918 814/919/917
f 413/475/1083 2364/2508/1090 3190/1455/2418 1180/3199/2419
f 2364/2508/1090 692/791/1089 1179/3198/2420 3190/1455/2418
f 3190/1455/2418 1179/3198/2420 693/792/658 2152/2282/655
f 1180/3199/2419 3190/1455/2418 2152/2282/655 162/191/654
f 414/476/1074 2361/2505/1084 3191/1456/2421 1181/3200/2422
f 2361/2505/1084 413/475/1083 1180/3199/2419 3191/1456/2421
f 3191/1456/2421 1180/3199/2419 162/191/654 2248/2385/857
f 1181/3200/2422 3191/1456/2421 2248/2385/857 161/190/436
f 414/476/1074 1181/3200/2422 3192/1457/2423 2356/2500/1075
f 1181/3200/2422 161/190/436 2046/2172/439 3192/1457/2423
f 3192/1457/2423 2046/2172/439 518/591/444 1182/3201/2424
f 2356/2500/1075 3192/1457/2423 1182/3201/2424 519/592/1076
f 415/477/1065 1183/3202/2425 3193/1458/2426 2352/2496/1066
f 1183/3202/2425 160/189/427 2042/2168/430 3193/1458/2426
f 3193/1458/2426 2042/2168/430 600/686/435 1184/3203/2427
f 2352/2496/1066 3193/1458/2426 1184/3203/2427 601/687/1067
f 159/187/842 2238/2373/841 3194/1459/2428 1186/3205/2429
f 2238/2373/841 158/186/620 1185/3204/2430 3194/1459/2428
f 3194/1459/2428 1185/3204/2430 417/480/1046 2348/2491/1056
f 1186/3205/2429 3194/1459/2428 2348/2491/1056 416/478/1055
f 158/186/620 2135/2265/619 3195/1460/2431 1185/3204/2430
f 2135/2265/619 703/802/618 1187/3207/2432 3195/1460/2431
f 3195/1460/2431 1187/3207/2432 704/803/1050 2344/2487/1047
f 1185/3204/2430 3195/1460/2431 2344/2487/1047 417/480/1046
f 157/185/426 2037/2163/425 3196/1461/2433 1189/3209/2434
f 2037/2163/425 825/930/424 1188/3208/2435 3196/1461/2433
f 3196/1461/2433 1188/3208/2435 826/931/1041 2340/2483/1038
f 1189/3209/2434 3196/1461/2433 2340/2483/1038 418/481/1037
f 420/483/1031 999/3014/2051 3197/1462/2436 1191/3211/2437
f 999/3014/2051 419/482/2050 1190/3210/2438 3197/1462/2436
f 3197/1462/2436 1190/3210/2438 348/407/2040 997/3012/2043
f 1191/3211/2437 3197/1462/2436 997/3012/2043 156/184/417
f 156/184/417 2033/2159/416 3198/1463/2439 1191/3211/2437
f 2033/2159/416 155/183/415 1192/3212/2440 3198/1463/2439
f 3198/1463/2439 1192/3212/2440 421/484/1029 2337/2480/1032
f 1191/3211/2437 3198/1463/2439 2337/2480/1032 420/483/1031
f 422/485/1019 2335/2478/1030 3199/1464/2441 1193/3213/2442
f 2335/2478/1030 421/484/1029 1192/3212/2440 3199/1464/2441
f 3199/1464/2441 1192/3212/2440 155/183/415 2057/2183/460
f 1193/3213/2442 3199/1464/2441 2057/2183/460 154/182/408
f 154/182/408 2029/2155/407 3200/1465/2443 1193/3213/2442
f 2029/2155/407 153/181/406 1194/3214/2444 3200/1465/2443
f 3200/1465/2443 1194/3214/2444 423/486/1017 2331/2474/1020
f 1193/3213/2442 3200/1465/2443 2331/2474/1020 422/485/1019
f 424/487/1004 2329/2472/1018 3201/1466/2445 1195/3215/2446
f 2329/2472/1018 423/486/1017 1194/3214/2444 3201/1466/2445
f 3201/1466/2445 1194/3214/2444 153/181/406 2075/2202/488
f 1195/3215/2446 3201/1466/2445 2075/2202/488 152/180/399
f 152/180/399 2025/2151/398 3202/1467/2447 1195/3215/2446
f 2025/2151/398 374/434/397 1196/3216/2448 3202/1467/2447
f 3202/1467/2447 1196/3216/2448 425/488/1008 2324/2467/1005
f 1195/3215/2446 3202/1467/2447 2324/2467/1005 424/487/1004
f 851/957/2222 1080/3097/2221 3203/1468/2449 1198/3218/2450
f 1080/3097/2221 751/853/2220 1197/3217/2451 3203/1468/2449
f 3203/1468/2449 1197/3217/2451 752/854/2207 1078/3095/2210
f 1198/3218/2450 3203/1468/2449 1078/3095/2210 850/956/2215
f 427/490/995 2322/2465/1003 3204/1469/2452 1200/3220/2453
f 2322/2465/1003 789/892/1002 1199/3219/2454 3204/1469/2452
f 3204/1469/2452 1199/3219/2454 790/893/543 2105/2233/546
f 1200/3220/2453 3204/1469/2452 2105/2233/546 150/178/551
f 428/491/997 2319/2461/996 3205/1470/2455 1201/3221/2456
f 2319/2461/996 427/490/995 1200/3220/2453 3205/1470/2455
f 3205/1470/2455 1200/3220/2453 150/178/551 2274/2414/897
f 1201/3221/2456 3205/1470/2455 2274/2414/897 149/176/901
f 148/175/386 1202/3223/2457 3206/1471/2458 2020/2146/387
f 1202/3223/2457 429/493/980 2316/2458/983 3206/1471/2458
f 3206/1471/2458 2316/2458/983 651/748/988 1203/3224/2459
f 2020/2146/387 3206/1471/2458 1203/3224/2459 652/749/388
f 147/174/377 1204/3225/2460 3207/1472/2461 2016/2142/378
f 1204/3225/2460 430/494/968 2312/2454/975 3207/1472/2461
f 3207/1472/2461 2312/2454/975 569/652/979 1205/3226/2462
f 2016/2142/378 3207/1472/2461 1205/3226/2462 570/653/379
f 147/174/377 2263/2401/881 3208/1473/2463 1204/3225/2460
f 2263/2401/881 146/173/509 1206/3227/2464 3208/1473/2463
f 3208/1473/2463 1206/3227/2464 431/495/959 2307/2449/969
f 1204/3225/2460 3208/1473/2463 2307/2449/969 430/494/968
f 146/173/509 2085/2213/508 3209/1474/2465 1206/3227/2464
f 2085/2213/508 762/864/507 1207/3228/2466 3209/1474/2465
f 3209/1474/2465 1207/3228/2466 763/865/963 2303/2445/960
f 1206/3227/2464 3209/1474/2465 2303/2445/960 431/495/959
f 874/981/2173 1058/3075/2172 3210/1475/2467 1209/3230/2468
f 1058/3075/2172 728/829/2171 1208/3229/2469 3210/1475/2467
f 3210/1475/2467 1208/3229/2469 729/830/2163 1054/3071/2162
f 1209/3230/2468 3210/1475/2467 1054/3071/2162 873/980/2161
f 368/428/372 2013/2139/371 3211/1476/2470 1211/3232/2471
f 2013/2139/371 144/171/370 1210/3231/2472 3211/1476/2470
f 3211/1476/2470 1210/3231/2472 434/498/951 2301/2443/958
f 1211/3232/2471 3211/1476/2470 2301/2443/958 433/497/957
f 144/171/370 2066/2193/475 3212/1477/2473 1210/3231/2472
f 2066/2193/475 143/170/363 1212/3233/2474 3212/1477/2473
f 3212/1477/2473 1212/3233/2474 435/499/941 2298/2440/952
f 1210/3231/2472 3212/1477/2473 2298/2440/952 434/498/951
f 143/170/363 2009/2135/362 3213/1478/2475 1212/3233/2474
f 2009/2135/362 142/169/361 1213/3234/2476 3213/1478/2475
f 3213/1478/2475 1213/3234/2476 436/500/939 2294/2436/942
f 1212/3233/2474 3213/1478/2475 2294/2436/942 435/499/941
f 142/169/361 2048/2174/447 3214/1479/2477 1213/3234/2476
f 2048/2174/447 141/168/354 1214/3235/2478 3214/1479/2477
f 3214/1479/2477 1214/3235/2478 437/501/926 2292/2434/940
f 1213/3234/2476 3214/1479/2477 2292/2434/940 436/500/939
f 141/168/354 2005/2131/353 3215/1480/2479 1214/3235/2478
f 2005/2131/353 140/167/352 1215/3236/2480 3215/1480/2479
f 3215/1480/2479 1215/3236/2480 438/502/930 2287/2429/927
f 1214/3235/2478 3215/1480/2479 2287/2429/927 437/501/926
f 140/167/352 983/2998/2017 3216/1481/2481 1215/3236/2480
f 983/2998/2017 342/401/2016 1216/3237/2482 3216/1481/2481
f 3216/1481/2481 1216/3237/2482 411/473/2010 979/2994/2009
f 1215/3236/2480 3216/1481/2481 979/2994/2009 438/502/930
f 441/505/1902 925/2938/1909 3217/1482/2483 1218/3239/2484
f 925/2938/1909 723/824/1908 1217/3238/2485 3217/1482/2483
f 3217/1482/2483 1217/3238/2485 724/825/820 2227/2359/817
f 1218/3239/2484 3217/1482/2483 2227/2359/817 320/377/816
f 442/506/1893 2765/2934/1903 3218/1483/2486 1219/3240/2487
f 2765/2934/1903 441/505/1902 1218/3239/2484 3218/1483/2486
f 3218/1483/2486 1218/3239/2484 320/377/816 2251/2388/861
f 1219/3240/2487 3218/1483/2486 2251/2388/861 319/376/807
f 442/506/1893 1219/3240/2487 3219/1484/2488 2761/2930/1894
f 1219/3240/2487 319/376/807 2226/2358/810 3219/1484/2488
f 3219/1484/2488 2226/2358/810 525/598/815 1220/3241/2489
f 2761/2930/1894 3219/1484/2488 1220/3241/2489 526/599/1895
f 443/507/1884 1221/3242/2490 3220/1485/2491 2757/2926/1885
f 1221/3242/2490 318/375/798 2222/2354/801 3220/1485/2491
f 3220/1485/2491 2222/2354/801 607/693/806 1222/3243/2492
f 2757/2926/1885 3220/1485/2491 1222/3243/2492 608/694/1886
f 317/373/836 2235/2369/835 3221/1486/2493 1224/3245/2494
f 2235/2369/835 316/372/797 1223/3244/2495 3221/1486/2493
f 3221/1486/2493 1223/3244/2495 445/510/1865 2753/2921/1875
f 1224/3245/2494 3221/1486/2493 2753/2921/1875 444/508/1874
f 316/372/797 2217/2349/796 3222/1487/2496 1223/3244/2495
f 2217/2349/796 710/809/795 1225/3247/2497 3222/1487/2496
f 3222/1487/2496 1225/3247/2497 711/810/1869 2749/2917/1866
f 1223/3244/2495 3222/1487/2496 2749/2917/1866 445/510/1865
f 315/371/788 2213/2345/787 3223/1488/2498 1227/3249/2499
f 2213/2345/787 832/937/786 1226/3248/2500 3223/1488/2498
f 3223/1488/2498 1226/3248/2500 833/938/1860 2745/2913/1857
f 1227/3249/2499 3223/1488/2498 2745/2913/1857 446/511/1856
f 448/513/1850 1012/3027/2077 3224/1489/2501 1229/3251/2502
f 1012/3027/2077 447/512/2076 1228/3250/2503 3224/1489/2501
f 3224/1489/2501 1228/3250/2503 354/413/2068 1010/3025/2071
f 1229/3251/2502 3224/1489/2501 1010/3025/2071 314/370/779
f 314/370/779 2209/2341/778 3225/1490/2504 1229/3251/2502
f 2209/2341/778 313/369/768 1230/3252/2505 3225/1490/2504
f 3225/1490/2504 1230/3252/2505 449/514/1848 2742/2910/1851
f 1229/3251/2502 3225/1490/2504 2742/2910/1851 448/513/1850
f 450/515/1838 2740/2908/1849 3226/1491/2506 1231/3253/2507
f 2740/2908/1849 449/514/1848 1230/3252/2505 3226/1491/2506
f 3226/1491/2506 1230/3252/2505 313/369/768 2207/2339/771
f 1231/3253/2507 3226/1491/2506 2207/2339/771 312/368/767
f 312/368/767 2203/2335/766 3227/1492/2508 1231/3253/2507
f 2203/2335/766 311/367/756 1232/3254/2509 3227/1492/2508
f 3227/1492/2508 1232/3254/2509 451/516/1836 2736/2904/1839
f 1231/3253/2507 3227/1492/2508 2736/2904/1839 450/515/1838
f 452/517/1823 2734/2902/1837 3228/1493/2510 1233/3255/2511
f 2734/2902/1837 451/516/1836 1232/3254/2509 3228/1493/2510
f 3228/1493/2510 1232/3254/2509 311/367/756 2201/2333/759
f 1233/3255/2511 3228/1493/2510 2201/2333/759 310/366/755
f 310/366/755 2197/2329/754 3229/1494/2512 1233/3255/2511
f 2197/2329/754 380/440/753 1234/3256/2513 3229/1494/2512
f 3229/1494/2512 1234/3256/2513 453/518/1827 2729/2897/1824
f 1233/3255/2511 3229/1494/2512 2729/2897/1824 452/517/1823
f 858/964/2261 1099/3116/2260 3230/1495/2514 1236/3258/2515
f 1099/3116/2260 744/846/2259 1235/3257/2516 3230/1495/2514
f 3230/1495/2514 1235/3257/2516 745/847/2249 1097/3114/2252
f 1236/3258/2515 3230/1495/2514 1097/3114/2252 857/963/2254
f 455/520/1812 2727/2895/1822 3231/1496/2517 1238/3260/2518
f 2727/2895/1822 782/885/1821 1237/3259/2519 3231/1496/2517
f 3231/1496/2517 1237/3259/2519 783/886/738 2194/2326/741
f 1238/3260/2518 3231/1496/2517 2194/2326/741 308/364/746
f 456/521/1814 2723/2890/1813 3232/1497/2520 1239/3261/2521
f 2723/2890/1813 455/520/1812 1238/3260/2518 3232/1497/2520
f 3232/1497/2520 1238/3260/2518 308/364/746 2277/2418/903
f 1239/3261/2521 3232/1497/2520 2277/2418/903 307/362/907
f 306/361/733 1240/3263/2522 3233/1498/2523 2188/2319/734
f 1240/3263/2522 457/523/1799 2721/2888/1802 3233/1498/2523
f 3233/1498/2523 2721/2888/1802 628/721/1807 1241/3264/2524
f 2188/2319/734 3233/1498/2523 1241/3264/2524 629/722/735
f 305/360/724 1242/3265/2525 3234/1499/2526 2184/2314/725
f 1242/3265/2525 458/524/1790 2717/2884/1793 3234/1499/2526
f 3234/1499/2526 2717/2884/1793 546/625/1798 1243/3266/2527
f 2184/2314/725 3234/1499/2526 1243/3266/2527 547/626/726
f 305/360/724 2261/2399/878 3235/1500/2528 1242/3265/2525
f 2261/2399/878 321/378/719 1244/3267/2529 3235/1500/2528
f 3235/1500/2528 1244/3267/2529 459/525/1938 944/2957/1947
f 1242/3265/2525 3235/1500/2528 944/2957/1947 458/524/1790
f 321/378/719 2181/2311/718 3236/1501/2530 1244/3267/2529
f 2181/2311/718 769/871/717 1245/3268/2531 3236/1501/2530
f 3236/1501/2530 1245/3268/2531 770/872/1942 940/2953/1939
f 1244/3267/2529 3236/1501/2530 940/2953/1939 459/525/1938
f 843/949/1093 1246/3269/2532 3237/1502/2533 2366/2510/1094
f 1246/3269/2532 844/950/1915 927/2940/1914 3237/1502/2533
f 3237/1502/2533 927/2940/1914 163/192/1913 1247/3270/2534
f 2366/2510/1094 3237/1502/2533 1247/3270/2534 468/534/1095
f 469/535/1201 2422/2568/1206 3238/1503/2535 1249/3272/2536
f 2422/2568/1206 721/822/1205 1248/3271/2537 3238/1503/2535
f 3238/1503/2535 1248/3271/2537 722/823/1906 2767/2936/1904
f 1249/3272/2536 3238/1503/2535 2767/2936/1904 186/217/1898
f 470/536/1195 2420/2566/1202 3239/1504/2538 1250/3273/2539
f 2420/2566/1202 469/535/1201 1249/3272/2536 3239/1504/2538
f 3239/1504/2538 1249/3272/2536 186/217/1898 2766/2935/1901
f 1250/3273/2539 3239/1504/2538 2766/2935/1901 185/216/1889
f 470/536/1195 1250/3273/2539 3240/1505/2540 2417/2563/1196
f 1250/3273/2539 185/216/1889 2763/2932/1892 3240/1505/2540
f 3240/1505/2540 2763/2932/1892 527/600/1897 1251/3274/2541
f 2417/2563/1196 3240/1505/2540 1251/3274/2541 528/601/1197
f 471/537/1189 1252/3275/2542 3241/1506/2543 2414/2560/1190
f 1252/3275/2542 184/215/1880 2759/2928/1883 3241/1506/2543
f 3241/1506/2543 2759/2928/1883 609/695/1888 1253/3276/2544
f 2414/2560/1190 3241/1506/2543 1253/3276/2544 610/696/1191
f 183/213/1879 2754/2922/1878 3242/1507/2545 1255/3278/2546
f 2754/2922/1878 182/212/1873 1254/3277/2547 3242/1507/2545
f 3242/1507/2545 1254/3277/2547 473/540/1177 2411/2556/1184
f 1255/3278/2546 3242/1507/2545 2411/2556/1184 472/538/1183
f 182/212/1873 2751/2919/1872 3243/1508/2548 1254/3277/2547
f 2751/2919/1872 712/811/1871 1256/3280/2549 3243/1508/2548
f 3243/1508/2548 1256/3280/2549 713/812/1181 2408/2553/1178
f 1254/3277/2547 3243/1508/2548 2408/2553/1178 473/540/1177
f 181/211/1864 2747/2915/1863 3244/1509/2550 1258/3282/2551
f 2747/2915/1863 834/939/1862 1257/3281/2552 3244/1509/2550
f 3244/1509/2550 1257/3281/2552 835/940/1175 2405/2550/1172
f 1258/3282/2551 3244/1509/2550 2405/2550/1172 474/541/1171
f 476/543/1167 1015/3030/2083 3245/1510/2553 1260/3284/2554
f 1015/3030/2083 475/542/2082 1259/3283/2555 3245/1510/2553
f 3245/1510/2553 1259/3283/2555 355/414/2072 1013/3028/2075
f 1260/3284/2554 3245/1510/2553 1013/3028/2075 180/210/1855
f 180/210/1855 2743/2911/1854 3246/1511/2556 1260/3284/2554
f 2743/2911/1854 179/209/1844 1261/3285/2557 3246/1511/2556
f 3246/1511/2556 1261/3285/2557 477/544/1165 2403/2548/1168
f 1260/3284/2554 3246/1511/2556 2403/2548/1168 476/543/1167
f 478/545/1159 2402/2547/1166 3247/1512/2558 1262/3286/2559
f 2402/2547/1166 477/544/1165 1261/3285/2557 3247/1512/2558
f 3247/1512/2558 1261/3285/2557 179/209/1844 2741/2909/1847
f 1262/3286/2559 3247/1512/2558 2741/2909/1847 178/208/1843
f 178/208/1843 2737/2905/1842 3248/1513/2560 1262/3286/2559
f 2737/2905/1842 177/207/1832 1263/3287/2561 3248/1513/2560
f 3248/1513/2560 1263/3287/2561 479/546/1157 2399/2544/1160
f 1262/3286/2559 3248/1513/2560 2399/2544/1160 478/545/1159
f 480/547/1149 2398/2543/1158 3249/1514/2562 1264/3288/2563
f 2398/2543/1158 479/546/1157 1263/3287/2561 3249/1514/2562
f 3249/1514/2562 1263/3287/2561 177/207/1832 2735/2903/1835
f 1264/3288/2563 3249/1514/2562 2735/2903/1835 176/206/1831
f 176/206/1831 2731/2899/1830 3250/1515/2564 1264/3288/2563
f 2731/2899/1830 381/441/1829 1265/3289/2565 3250/1515/2564
f 3250/1515/2564 1265/3289/2565 481/548/1153 2394/2539/1150
f 1264/3288/2563 3250/1515/2564 2394/2539/1150 480/547/1149
f 860/966/2270 1103/3120/2269 3251/1516/2566 1267/3291/2567
f 1103/3120/2269 742/844/2268 1266/3290/2568 3251/1516/2566
f 3251/1516/2566 1266/3290/2568 743/845/2255 1101/3118/2258
f 1267/3291/2567 3251/1516/2566 1101/3118/2258 859/965/2263
f 483/550/1141 2393/2538/1148 3252/1517/2569 1269/3293/2570
f 2393/2538/1148 780/883/1147 1268/3292/2571 3252/1517/2569
f 3252/1517/2569 1268/3292/2571 781/884/1817 2728/2896/1820
f 1269/3293/2570 3252/1517/2569 2728/2896/1820 174/204/1808
f 484/551/1143 2390/2534/1142 3253/1518/2572 1270/3294/2573
f 2390/2534/1142 483/550/1141 1269/3293/2570 3253/1518/2572
f 3253/1518/2572 1269/3293/2570 174/204/1808 2725/2893/1811
f 1270/3294/2573 3253/1518/2572 2725/2893/1811 173/202/1816
f 172/201/1803 1271/3296/2574 3254/1519/2575 2719/2886/1804
f 1271/3296/2574 485/553/1133 2388/2532/1136 3254/1519/2575
f 3254/1519/2575 2388/2532/1136 626/719/1138 1272/3297/2576
f 2719/2886/1804 3254/1519/2575 1272/3297/2576 627/720/1805
f 171/200/1794 1273/3298/2577 3255/1520/2578 2715/2882/1795
f 1273/3298/2577 486/554/1125 2385/2529/1130 3255/1520/2578
f 3255/1520/2578 2385/2529/1130 544/623/1132 1274/3299/2579
f 2715/2882/1795 3255/1520/2578 1274/3299/2579 545/624/1796
f 171/200/1794 945/2958/1949 3256/1521/2580 1273/3298/2577
f 945/2958/1949 170/199/1946 1275/3300/2581 3256/1521/2580
f 3256/1521/2580 1275/3300/2581 487/555/1119 2382/2526/1126
f 1273/3298/2577 3256/1521/2580 2382/2526/1126 486/554/1125
f 170/199/1946 942/2955/1945 3257/1522/2582 1275/3300/2581
f 942/2955/1945 771/873/1944 1276/3301/2583 3257/1522/2582
f 3257/1522/2582 1276/3301/2583 772/874/1123 2379/2523/1120
f 1275/3300/2581 3257/1522/2582 2379/2523/1120 487/555/1119
f 869/976/2146 1045/3062/2145 3258/1523/2584 1278/3303/2585
f 1045/3062/2145 733/834/2144 1277/3302/2586 3258/1523/2584
f 3258/1523/2584 1277/3302/2586 734/835/2136 1040/3057/2133
f 1278/3303/2585 3258/1523/2584 1040/3057/2133 868/975/2132
f 365/425/1937 938/2951/1936 3259/1524/2587 1280/3305/2588
f 938/2951/1936 168/197/1933 1279/3304/2589 3259/1524/2587
f 3259/1524/2587 1279/3304/2589 490/558/1111 2377/2521/1116
f 1280/3305/2588 3259/1524/2587 2377/2521/1116 489/557/1115
f 168/197/1933 936/2949/1932 3260/1525/2590 1279/3304/2589
f 936/2949/1932 167/196/1929 1281/3306/2591 3260/1525/2590
f 3260/1525/2590 1281/3306/2591 491/559/1107 2375/2519/1112
f 1279/3304/2589 3260/1525/2590 2375/2519/1112 490/558/1111
f 167/196/1929 934/2947/1928 3261/1526/2592 1281/3306/2591
f 934/2947/1928 166/195/1925 1282/3307/2593 3261/1526/2592
f 3261/1526/2592 1282/3307/2593 492/560/1103 2373/2517/1108
f 1281/3306/2591 3261/1526/2592 2373/2517/1108 491/559/1107
f 166/195/1925 932/2945/1924 3262/1527/2594 1282/3307/2593
f 932/2945/1924 165/194/1921 1283/3308/2595 3262/1527/2594
f 3262/1527/2594 1283/3308/2595 493/561/1097 2371/2515/1104
f 1282/3307/2593 3262/1527/2594 2371/2515/1104 492/560/1103
f 165/194/1921 930/2943/1920 3263/1528/2596 1283/3308/2595
f 930/2943/1920 164/193/1919 1284/3309/2597 3263/1528/2596
f 3263/1528/2596 1284/3309/2597 494/562/1101 2368/2512/1098
f 1283/3308/2595 3263/1528/2596 2368/2512/1098 493/561/1097
f 164/193/1919 974/2989/1999 3264/1529/2598 1284/3309/2597
f 974/2989/1999 339/398/1998 1285/3310/2599 3264/1529/2598
f 3264/1529/2598 1285/3310/2599 467/533/2106 1027/3043/2104
f 1284/3309/2597 3264/1529/2598 1027/3043/2104 494/562/1101
f 496/564/2600 1286/3311/2601 3265/1530/2602 1289/3314/2603
f 1286/3311/2601 495/563/2604 1287/3312/2605 3265/1530/2602
f 3265/1530/2602 1287/3312/2605 812/917/2606 1288/3313/2607
f 1289/3314/2603 3265/1530/2602 1288/3313/2607 799/902/2608
f 496/565/2600 1289/3315/2603 3266/1531/2609 1292/3318/2610
f 1289/3315/2603 799/903/2608 1290/3316/2611 3266/1531/2609
f 3266/1531/2609 1290/3316/2611 800/904/2612 1291/3317/2613
f 1292/3318/2610 3266/1531/2609 1291/3317/2613 560/642/2614
f 497/566/2615 1293/3319/2616 3267/1532/2617 1296/3322/2618
f 1293/3319/2616 801/905/2619 1294/3320/2620 3267/1532/2617
f 3267/1532/2617 1294/3320/2620 802/906/2621 1295/3321/2622
f 1296/3322/2618 3267/1532/2617 1295/3321/2622 642/738/2623
f 499/568/2624 1297/3323/2625 3268/1533/2626 1300/3326/2627
f 1297/3323/2625 498/567/2628 1298/3324/2629 3268/1533/2626
f 3268/1533/2626 1298/3324/2629 803/907/2630 1299/3325/2631
f 1300/3326/2627 3268/1533/2626 1299/3325/2631 804/908/2632
f 500/569/2633 1301/3327/2634 3269/1534/2635 1303/3329/2636
f 1301/3327/2634 499/568/2624 1300/3326/2627 3269/1534/2635
f 3269/1534/2635 1300/3326/2627 804/908/2632 1302/3328/2637
f 1303/3329/2636 3269/1534/2635 1302/3328/2637 805/909/2638
f 501/570/2639 1304/3330/2640 3270/1535/2641 1306/3332/2642
f 1304/3330/2640 500/569/2633 1303/3329/2636 3270/1535/2641
f 3270/1535/2641 1303/3329/2636 805/909/2638 1305/3331/2643
f 1306/3332/2642 3270/1535/2641 1305/3331/2643 806/910/2644
f 808/912/2645 1307/3333/2646 3271/1536/2647 1310/3336/2648
f 1307/3333/2646 502/571/2649 1308/3334/2650 3271/1536/2647
f 3271/1536/2647 1308/3334/2650 637/731/2651 1309/3335/2652
f 1310/3336/2648 3271/1536/2647 1309/3335/2652 807/911/2653
f 810/914/2654 1311/3337/2655 3272/1537/2656 1314/3341/2657
f 1311/3337/2655 503/572/2658 1312/3339/2659 3272/1537/2656
f 3272/1537/2656 1312/3339/2659 555/635/2660 1313/3340/2661
f 1314/3341/2657 3272/1537/2656 1313/3340/2661 809/913/2662
f 504/574/2663 1315/3342/2664 3273/1538/2665 1317/3344/2666
f 1315/3342/2664 503/573/2658 1311/3338/2655 3273/1538/2665
f 3273/1538/2665 1311/3338/2655 810/915/2654 1316/3343/2667
f 1317/3344/2666 3273/1538/2665 1316/3343/2667 811/916/2668
f 495/563/2604 1318/3345/2669 3274/1539/2670 1287/3312/2605
f 1318/3345/2669 504/574/2663 1317/3344/2666 3274/1539/2670
f 3274/1539/2670 1317/3344/2666 811/916/2668 1319/3346/2671
f 1287/3312/2605 3274/1539/2670 1319/3346/2671 812/917/2606
f 506/576/1545 2676/2842/1723 3275/1540/2672 1321/3348/2673
f 2676/2842/1723 505/575/1570 1320/3347/2674 3275/1540/2672
f 3275/1540/2672 1320/3347/2674 504/574/2663 1318/3345/2669
f 1321/3348/2673 3275/1540/2672 1318/3345/2669 495/563/2604
f 507/578/1539 2588/2751/1546 3276/1541/2675 1322/3349/2676
f 2588/2751/1546 506/576/1545 1321/3348/2673 3276/1541/2675
f 3276/1541/2675 1321/3348/2673 495/563/2604 1286/3311/2601
f 1322/3349/2676 3276/1541/2675 1286/3311/2601 496/564/2600
f 507/577/1539 1322/3350/2676 3277/1542/2677 2585/2748/1540
f 1322/3350/2676 496/565/2600 1292/3318/2610 3277/1542/2677
f 3277/1542/2677 1292/3318/2610 560/642/2614 1323/3351/2678
f 2585/2748/1540 3277/1542/2677 1323/3351/2678 561/643/1541
f 508/579/1549 1324/3352/2679 3278/1543/2680 2590/2753/1550
f 1324/3352/2679 497/566/2615 1296/3322/2618 3278/1543/2680
f 3278/1543/2680 1296/3322/2618 642/738/2623 1325/3353/2681
f 2590/2753/1550 3278/1543/2680 1325/3353/2681 643/739/1551
f 510/581/1564 2596/2759/1563 3279/1544/2682 1327/3355/2683
f 2596/2759/1563 509/580/1562 1326/3354/2684 3279/1544/2682
f 3279/1544/2682 1326/3354/2684 498/567/2628 1297/3323/2625
f 1327/3355/2683 3279/1544/2682 1297/3323/2625 499/568/2624
f 511/582/1595 2682/2848/1732 3280/1545/2685 1328/3356/2686
f 2682/2848/1732 510/581/1564 1327/3355/2683 3280/1545/2685
f 3280/1545/2685 1327/3355/2683 499/568/2624 1301/3327/2634
f 1328/3356/2686 3280/1545/2685 1301/3327/2634 500/569/2633
f 512/583/1597 2611/2776/1596 3281/1546/2687 1329/3357/2688
f 2611/2776/1596 511/582/1595 1328/3356/2686 3281/1546/2687
f 3281/1546/2687 1328/3356/2686 500/569/2633 1304/3330/2640
f 1329/3357/2688 3281/1546/2687 1304/3330/2640 501/570/2639
f 502/571/2649 1330/3358/2689 3282/1547/2690 1308/3334/2650
f 1330/3358/2689 513/584/1553 2594/2757/1556 3282/1547/2690
f 3282/1547/2690 2594/2757/1556 636/730/1558 1331/3359/2691
f 1308/3334/2650 3282/1547/2690 1331/3359/2691 637/731/2651
f 503/572/2658 1332/3360/2692 3283/1548/2693 1312/3339/2659
f 1332/3360/2692 514/585/1531 2583/2745/1534 3283/1548/2693
f 3283/1548/2693 2583/2745/1534 554/634/1536 1333/3362/2694
f 1312/3339/2659 3283/1548/2693 1333/3362/2694 555/635/2660
f 505/575/1570 2599/2762/1569 3284/1549/2695 1320/3347/2674
f 2599/2762/1569 514/586/1531 1332/3361/2692 3284/1549/2695
f 3284/1549/2695 1332/3361/2692 503/573/2658 1315/3342/2664
f 1320/3347/2674 3284/1549/2695 1315/3342/2664 504/574/2663
f 516/589/87 1884/1994/86 3285/1550/2696 1335/3365/2697
f 1884/1994/86 515/587/85 1334/3363/2698 3285/1550/2696
f 3285/1550/2696 1334/3363/2698 30/43/236 1951/2072/233
f 1335/3365/2697 3285/1550/2696 1951/2072/233 54/72/232
f 915/1024/2298 1117/3134/2297 3286/1551/2699 1336/3366/2700
f 1117/3134/2297 516/589/87 1335/3365/2697 3286/1551/2699
f 3286/1551/2699 1335/3365/2697 54/72/232 1119/3136/2300
f 1336/3366/2700 3286/1551/2699 1119/3136/2300 914/1023/2299
f 518/591/444 2045/2171/443 3287/1552/2701 1338/3368/2702
f 2045/2171/443 517/590/442 1337/3367/2703 3287/1552/2701
f 3287/1552/2701 1337/3367/2703 387/447/431 2039/2165/428
f 1338/3368/2702 3287/1552/2701 2039/2165/428 160/189/427
f 519/592/1076 1182/3201/2424 3288/1553/2704 1339/3369/2705
f 1182/3201/2424 518/591/444 1338/3368/2702 3288/1553/2704
f 3288/1553/2704 1338/3368/2702 160/189/427 1183/3202/2425
f 1339/3369/2705 3288/1553/2704 1183/3202/2425 415/477/1065
f 520/593/1078 2357/2501/1077 3289/1554/2706 1340/3370/2707
f 2357/2501/1077 519/592/1076 1339/3369/2705 3289/1554/2706
f 3289/1554/2706 1339/3369/2705 415/477/1065 2351/2495/1062
f 1340/3370/2707 3289/1554/2706 2351/2495/1062 335/394/1061
f 521/594/1288 967/2982/1985 3290/1555/2708 1341/3371/2709
f 967/2982/1985 520/593/1078 1340/3370/2707 3290/1555/2708
f 3290/1555/2708 1340/3370/2707 335/394/1061 964/2979/1980
f 1341/3371/2709 3290/1555/2708 964/2979/1980 197/229/1277
f 522/595/1290 2460/2607/1289 3291/1556/2710 1342/3372/2711
f 2460/2607/1289 521/594/1288 1341/3371/2709 3291/1556/2710
f 3291/1556/2710 1341/3371/2709 197/229/1277 2454/2601/1274
f 1342/3372/2711 3291/1556/2710 2454/2601/1274 296/351/1273
f 523/596/1683 2704/2871/1771 3292/1557/2712 1343/3373/2713
f 2704/2871/1771 522/595/1290 1342/3372/2711 3292/1557/2712
f 3292/1557/2712 1342/3372/2711 296/351/1273 2701/2868/1766
f 1343/3373/2713 3292/1557/2712 2701/2868/1766 267/320/1675
f 524/597/813 2656/2822/1684 3293/1558/2714 1344/3374/2715
f 2656/2822/1684 523/596/1683 1343/3373/2713 3293/1558/2714
f 3293/1558/2714 1343/3373/2713 267/320/1675 2651/2817/1673
f 1344/3374/2715 3293/1558/2714 2651/2817/1673 113/138/802
f 525/598/815 2225/2357/814 3294/1559/2716 1345/3375/2717
f 2225/2357/814 524/597/813 1344/3374/2715 3294/1559/2716
f 3294/1559/2716 1344/3374/2715 113/138/802 2219/2351/799
f 1345/3375/2717 3294/1559/2716 2219/2351/799 318/375/798
f 526/599/1895 1220/3241/2489 3295/1560/2718 1346/3376/2719
f 1220/3241/2489 525/598/815 1345/3375/2717 3295/1560/2718
f 3295/1560/2718 1345/3375/2717 318/375/798 1221/3242/2490
f 1346/3376/2719 3295/1560/2718 1221/3242/2490 443/507/1884
f 527/600/1897 2762/2931/1896 3296/1561/2720 1347/3377/2721
f 2762/2931/1896 526/599/1895 1346/3376/2719 3296/1561/2720
f 3296/1561/2720 1346/3376/2719 443/507/1884 2756/2925/1881
f 1347/3377/2721 3296/1561/2720 2756/2925/1881 184/215/1880
f 528/601/1197 1251/3274/2541 3297/1562/2722 1348/3378/2723
f 1251/3274/2541 527/600/1897 1347/3377/2721 3297/1562/2722
f 3297/1562/2722 1347/3377/2721 184/215/1880 1252/3275/2542
f 1348/3378/2723 3297/1562/2722 1252/3275/2542 471/537/1189
f 529/602/334 2418/2564/1198 3298/1563/2724 1349/3379/2725
f 2418/2564/1198 528/601/1197 1348/3378/2723 3298/1563/2724
f 3298/1563/2724 1348/3378/2723 471/537/1189 2413/2559/1187
f 1349/3379/2725 3298/1563/2724 2413/2559/1187 42/58/323
f 530/603/336 1997/2122/335 3299/1564/2726 1350/3380/2727
f 1997/2122/335 529/602/334 1349/3379/2725 3299/1564/2726
f 3299/1564/2726 1349/3379/2725 42/58/323 1991/2115/320
f 1350/3380/2727 3299/1564/2726 1991/2115/320 21/27/319
f 531/605/591 2254/2391/867 3300/1565/2728 1351/3382/2729
f 2254/2391/867 530/604/336 1350/3381/2727 3300/1565/2728
f 3300/1565/2728 1350/3381/2727 21/28/319 2255/2392/868
f 1351/3382/2729 3300/1565/2728 2255/2392/868 126/152/598
f 718/819/593 2123/2252/592 3301/1566/2730 1352/3383/2731
f 2123/2252/592 531/605/591 1351/3382/2729 3301/1566/2730
f 3301/1566/2730 1351/3382/2729 126/152/598 2125/2254/595
f 1352/3383/2731 3301/1566/2730 2125/2254/595 717/818/594
f 840/946/96 1888/1998/95 3302/1567/2732 1354/3385/2733
f 1888/1998/95 532/606/94 1353/3384/2734 3302/1567/2732
f 3302/1567/2732 1353/3384/2734 86/107/155 1915/2028/152
f 1354/3385/2733 3302/1567/2732 1915/2028/152 839/945/151
f 534/609/103 1024/3040/2099 3303/1568/2735 1356/3387/2736
f 1024/3040/2099 533/607/2098 1355/3386/2737 3303/1568/2735
f 3303/1568/2735 1355/3386/2737 358/418/2090 1019/3035/2088
f 1356/3387/2736 3303/1568/2735 1019/3035/2088 22/30/164
f 535/610/105 1892/2003/104 3304/1569/2738 1357/3389/2739
f 1892/2003/104 534/608/103 1356/3388/2736 3304/1569/2738
f 3304/1569/2738 1356/3388/2736 22/29/164 1919/2033/161
f 1357/3389/2739 3304/1569/2738 1919/2033/161 63/81/160
f 536/611/118 2063/2190/470 3305/1570/2740 1358/3390/2741
f 2063/2190/470 535/610/105 1357/3389/2739 3305/1570/2740
f 3305/1570/2740 1357/3389/2739 63/81/160 2060/2187/465
f 1358/3390/2741 3305/1570/2740 2060/2187/465 23/33/173
f 537/612/120 1899/2010/119 3306/1571/2742 1359/3391/2743
f 1899/2010/119 536/611/118 1358/3390/2741 3306/1571/2742
f 3306/1571/2742 1358/3390/2741 23/33/173 1923/2041/170
f 1359/3391/2743 3306/1571/2742 1923/2041/170 73/93/169
f 538/613/133 2081/2209/498 3307/1572/2744 1360/3392/2745
f 2081/2209/498 537/612/120 1359/3391/2743 3307/1572/2744
f 3307/1572/2744 1359/3391/2743 73/93/169 2078/2205/493
f 1360/3392/2745 3307/1572/2744 2078/2205/493 24/35/182
f 539/616/135 1906/2018/134 3308/1573/2746 1361/3394/2747
f 1906/2018/134 538/614/133 1360/3393/2745 3308/1573/2746
f 3308/1573/2746 1360/3393/2745 24/34/182 1927/2046/179
f 1361/3394/2747 3308/1573/2746 1927/2046/179 362/422/178
f 865/972/2125 1035/3052/2124 3309/1574/2748 1363/3396/2749
f 1035/3052/2124 737/839/2123 1362/3395/2750 3309/1574/2748
f 3309/1574/2748 1362/3395/2750 738/840/2112 1029/3045/2109
f 1363/3396/2749 3309/1574/2748 1029/3045/2109 864/970/2108
f 541/619/578 2116/2245/577 3310/1575/2751 1365/3398/2752
f 2116/2245/577 775/878/576 1364/3397/2753 3310/1575/2751
f 3310/1575/2751 1364/3397/2753 776/879/565 2110/2238/562
f 1365/3398/2752 3310/1575/2751 2110/2238/562 127/153/561
f 542/621/271 2258/2396/873 3311/1576/2754 1366/3399/2755
f 2258/2396/873 541/619/578 1365/3398/2752 3311/1576/2754
f 3311/1576/2754 1365/3398/2752 127/153/561 2281/2423/914
f 1366/3399/2755 3311/1576/2754 2281/2423/914 25/37/278
f 543/622/273 1969/2092/272 3312/1577/2756 1367/3401/2757
f 1969/2092/272 542/620/271 1366/3400/2755 3312/1577/2756
f 3312/1577/2756 1366/3400/2755 25/36/278 1971/2094/275
f 1367/3401/2757 3312/1577/2756 1971/2094/275 36/50/274
f 544/623/1132 2384/2528/1131 3313/1578/2758 1368/3402/2759
f 2384/2528/1131 543/622/273 1367/3401/2757 3313/1578/2758
f 3313/1578/2758 1367/3401/2757 36/50/274 2386/2530/1134
f 1368/3402/2759 3313/1578/2758 2386/2530/1134 485/553/1133
f 545/624/1796 1274/3299/2579 3314/1579/2760 1369/3403/2761
f 1274/3299/2579 544/623/1132 1368/3402/2759 3314/1579/2760
f 3314/1579/2760 1368/3402/2759 485/553/1133 1271/3296/2574
f 1369/3403/2761 3314/1579/2760 1271/3296/2574 172/201/1803
f 546/625/1798 2716/2883/1797 3315/1580/2762 1370/3404/2763
f 2716/2883/1797 545/624/1796 1369/3403/2761 3315/1580/2762
f 3315/1580/2762 1369/3403/2761 172/201/1803 2718/2885/1800
f 1370/3404/2763 3315/1580/2762 2718/2885/1800 457/523/1799
f 547/626/726 1243/3266/2527 3316/1581/2764 1371/3405/2765
f 1243/3266/2527 546/625/1798 1370/3404/2763 3316/1581/2764
f 3316/1581/2764 1370/3404/2763 457/523/1799 1240/3263/2522
f 1371/3405/2765 3316/1581/2764 1240/3263/2522 306/361/733
f 548/627/728 2185/2315/727 3317/1582/2766 1372/3406/2767
f 2185/2315/727 547/626/726 1371/3405/2765 3317/1582/2766
f 3317/1582/2766 1371/3405/2765 306/361/733 2187/2318/730
f 1372/3406/2767 3317/1582/2766 2187/2318/730 103/125/729
f 549/629/1361 2495/2645/1360 3318/1583/2768 1373/3408/2769
f 2495/2645/1360 548/628/728 1372/3407/2767 3318/1583/2768
f 3318/1583/2768 1372/3407/2767 103/126/729 2507/2660/1384
f 1373/3408/2769 3318/1583/2768 2507/2660/1384 212/248/1383
f 550/630/1400 2514/2668/1399 3319/1584/2770 1374/3409/2771
f 2514/2668/1399 549/629/1361 1373/3408/2769 3319/1584/2770
f 3319/1584/2770 1373/3408/2769 212/248/1383 2524/2679/1418
f 1374/3409/2771 3319/1584/2770 2524/2679/1418 218/256/1417
f 551/631/1434 2531/2687/1433 3320/1585/2772 1375/3410/2773
f 2531/2687/1433 550/630/1400 1374/3409/2771 3320/1585/2772
f 3320/1585/2772 1374/3409/2771 218/256/1417 2541/2698/1452
f 1375/3410/2773 3320/1585/2772 2541/2698/1452 224/264/1451
f 552/632/1468 2548/2706/1467 3321/1586/2774 1376/3411/2775
f 2548/2706/1467 551/631/1434 1375/3410/2773 3321/1586/2774
f 3321/1586/2774 1375/3410/2773 224/264/1451 2558/2717/1486
f 1376/3411/2775 3321/1586/2774 2558/2717/1486 230/272/1485
f 553/633/1502 2565/2725/1501 3322/1587/2776 1377/3412/2777
f 2565/2725/1501 552/632/1468 1376/3411/2775 3322/1587/2776
f 3322/1587/2776 1376/3411/2775 230/272/1485 2575/2736/1520
f 1377/3412/2777 3322/1587/2776 2575/2736/1520 236/280/1519
f 554/634/1536 2582/2744/1535 3323/1588/2778 1378/3413/2779
f 2582/2744/1535 553/633/1502 1377/3412/2777 3323/1588/2778
f 3323/1588/2778 1377/3412/2777 236/280/1519 2592/2755/1554
f 1378/3413/2779 3323/1588/2778 2592/2755/1554 513/584/1553
f 555/635/2660 1333/3362/2694 3324/1589/2780 1379/3414/2781
f 1333/3362/2694 554/634/1536 1378/3413/2779 3324/1589/2780
f 3324/1589/2780 1378/3413/2779 513/584/1553 1330/3358/2689
f 1379/3414/2781 3324/1589/2780 1330/3358/2689 502/571/2649
f 809/913/2662 1313/3340/2661 3325/1590/2782 1380/3415/2783
f 1313/3340/2661 555/635/2660 1379/3414/2781 3325/1590/2782
f 3325/1590/2782 1379/3414/2781 502/571/2649 1307/3333/2646
f 1380/3415/2783 3325/1590/2782 1307/3333/2646 808/912/2645
f 557/638/1579 2603/2767/1578 3326/1591/2784 1382/3418/2785
f 2603/2767/1578 556/636/1577 1381/3416/2786 3326/1591/2784
f 3326/1591/2784 1381/3416/2786 242/288/1584 2605/2769/1581
f 1382/3418/2785 3326/1591/2784 2605/2769/1581 249/300/1580
f 558/639/1340 2678/2844/1726 3327/1592/2787 1383/3419/2788
f 2678/2844/1726 557/638/1579 1382/3418/2785 3327/1592/2787
f 3327/1592/2787 1382/3418/2785 249/300/1580 2679/2845/1727
f 1383/3419/2788 3327/1592/2787 2679/2845/1727 278/331/1347
f 243/290/1345 1384/3420/2789 3328/1593/2790 2488/2637/1346
f 1384/3420/2789 559/640/1332 2486/2634/1335 3328/1593/2790
f 3328/1593/2790 2486/2634/1335 558/639/1340 1383/3419/2788
f 2488/2637/1346 3328/1593/2790 1383/3419/2788 278/331/1347
f 560/642/2614 1291/3317/2613 3329/1594/2791 1386/3423/2792
f 1291/3317/2613 800/904/2612 1385/3422/2793 3329/1594/2791
f 3329/1594/2791 1385/3422/2793 801/905/2619 1293/3319/2616
f 1386/3423/2792 3329/1594/2791 1293/3319/2616 497/566/2615
f 561/643/1541 1323/3351/2678 3330/1595/2794 1387/3424/2795
f 1323/3351/2678 560/642/2614 1386/3423/2792 3330/1595/2794
f 3330/1595/2794 1386/3423/2792 497/566/2615 1324/3352/2679
f 1387/3424/2795 3330/1595/2794 1324/3352/2679 508/579/1549
f 562/644/1507 2586/2749/1542 3331/1596/2796 1388/3425/2797
f 2586/2749/1542 561/643/1541 1387/3424/2795 3331/1596/2796
f 3331/1596/2796 1387/3424/2795 508/579/1549 2589/2752/1547
f 1388/3425/2797 3331/1596/2796 2589/2752/1547 237/281/1515
f 563/645/1473 2569/2730/1508 3332/1597/2798 1389/3426/2799
f 2569/2730/1508 562/644/1507 1388/3425/2797 3332/1597/2798
f 3332/1597/2798 1388/3425/2797 237/281/1515 2572/2733/1513
f 1389/3426/2799 3332/1597/2798 2572/2733/1513 231/273/1481
f 564/646/1439 2552/2711/1474 3333/1598/2800 1390/3427/2801
f 2552/2711/1474 563/645/1473 1389/3426/2799 3333/1598/2800
f 3333/1598/2800 1389/3426/2799 231/273/1481 2555/2714/1479
f 1390/3427/2801 3333/1598/2800 2555/2714/1479 225/265/1447
f 565/647/1405 2535/2692/1440 3334/1599/2802 1391/3428/2803
f 2535/2692/1440 564/646/1439 1390/3427/2801 3334/1599/2802
f 3334/1599/2802 1390/3427/2801 225/265/1447 2538/2695/1445
f 1391/3428/2803 3334/1599/2802 2538/2695/1445 219/257/1413
f 566/648/1367 2518/2673/1406 3335/1600/2804 1392/3429/2805
f 2518/2673/1406 565/647/1405 1391/3428/2803 3335/1600/2804
f 3335/1600/2804 1391/3428/2803 219/257/1413 2521/2676/1411
f 1392/3429/2805 3335/1600/2804 2521/2676/1411 213/249/1378
f 567/649/1369 2499/2650/1368 3336/1601/2806 1393/3430/2807
f 2499/2650/1368 566/648/1367 1392/3429/2805 3336/1601/2806
f 3336/1601/2806 1392/3429/2805 213/249/1378 2503/2655/1375
f 1393/3430/2807 3336/1601/2806 2503/2655/1375 209/242/1374
f 568/651/977 947/2960/1952 3337/1602/2808 1394/3432/2809
f 947/2960/1952 567/650/1369 1393/3431/2807 3337/1602/2808
f 3337/1602/2808 1393/3431/2807 209/243/1374 948/2961/1953
f 1394/3432/2809 3337/1602/2808 948/2961/1953 323/380/984
f 569/652/979 2311/2453/978 3338/1603/2810 1395/3433/2811
f 2311/2453/978 568/651/977 1394/3432/2809 3338/1603/2810
f 3338/1603/2810 1394/3432/2809 323/380/984 2313/2455/981
f 1395/3433/2811 3338/1603/2810 2313/2455/981 429/493/980
f 570/653/379 1205/3226/2462 3339/1604/2812 1396/3434/2813
f 1205/3226/2462 569/652/979 1395/3433/2811 3339/1604/2812
f 3339/1604/2812 1395/3433/2811 429/493/980 1202/3223/2457
f 1396/3434/2813 3339/1604/2812 1202/3223/2457 148/175/386
f 571/654/381 2017/2143/380 3340/1605/2814 1397/3435/2815
f 2017/2143/380 570/653/379 1396/3434/2813 3340/1605/2814
f 3340/1605/2814 1396/3434/2813 148/175/386 2019/2145/383
f 1397/3435/2815 3340/1605/2814 2019/2145/383 401/463/382
f 572/655/142 1156/3175/2374 3341/1606/2816 1399/3437/2817
f 1156/3175/2374 891/998/2373 1398/3436/2818 3341/1606/2816
f 3341/1606/2816 1398/3436/2818 892/999/2365 1151/3170/2363
f 1399/3437/2817 3341/1606/2816 1151/3170/2363 48/64/191
f 573/656/144 1910/2022/143 3342/1607/2819 1400/3438/2820
f 1910/2022/143 572/655/142 1399/3437/2817 3342/1607/2819
f 3342/1607/2819 1399/3437/2817 48/64/191 1931/2051/188
f 1400/3438/2820 3342/1607/2819 1931/2051/188 26/38/187
f 574/658/522 2266/2404/886 3343/1608/2821 1401/3440/2822
f 2266/2404/886 573/657/144 1400/3439/2820 3343/1608/2821
f 3343/1608/2821 1400/3439/2820 26/39/187 2267/2405/887
f 1401/3440/2822 3343/1608/2821 2267/2405/887 133/160/529
f 796/899/524 2092/2220/523 3344/1609/2823 1402/3441/2824
f 2092/2220/523 574/658/522 1401/3440/2822 3344/1609/2823
f 3344/1609/2823 1401/3440/2822 133/160/529 2094/2222/526
f 1402/3441/2824 3344/1609/2823 2094/2222/526 795/898/525
f 758/860/2188 1065/3082/2187 3345/1610/2825 1404/3443/2826
f 1065/3082/2187 878/985/2186 1403/3442/2827 3345/1610/2825
f 3345/1610/2825 1403/3442/2827 879/986/2193 1067/3084/2190
f 1404/3443/2826 3345/1610/2825 1067/3084/2190 757/859/2189
f 577/661/150 1913/2026/149 3346/1611/2828 1406/3445/2829
f 1913/2026/149 576/660/148 1405/3444/2830 3346/1611/2828
f 3346/1611/2828 1405/3444/2830 371/431/200 1935/2056/197
f 1406/3445/2829 3346/1611/2828 1935/2056/197 27/40/196
f 578/662/124 2069/2196/480 3347/1612/2831 1407/3446/2832
f 2069/2196/480 577/661/150 1406/3445/2829 3347/1612/2831
f 3347/1612/2831 1406/3445/2829 27/40/196 2070/2197/481
f 1407/3446/2832 3347/1612/2831 2070/2197/481 68/87/209
f 579/663/126 1902/2013/125 3348/1613/2833 1408/3447/2834
f 1902/2013/125 578/662/124 1407/3446/2832 3348/1613/2833
f 3348/1613/2833 1407/3446/2832 68/87/209 1939/2060/206
f 1408/3447/2834 3348/1613/2833 1939/2060/206 28/41/205
f 580/664/109 2051/2177/452 3349/1614/2835 1409/3448/2836
f 2051/2177/452 579/663/126 1408/3447/2834 3349/1614/2835
f 3349/1614/2835 1408/3447/2834 28/41/205 2052/2178/453
f 1409/3448/2836 3349/1614/2835 2052/2178/453 58/76/218
f 581/665/111 1895/2006/110 3350/1615/2837 1410/3449/2838
f 1895/2006/110 580/664/109 1409/3448/2836 3350/1615/2837
f 3350/1615/2837 1409/3448/2836 58/76/218 1943/2064/215
f 1410/3449/2838 3350/1615/2837 1943/2064/215 29/42/214
f 582/666/2027 987/3002/2026 3351/1616/2839 1411/3450/2840
f 987/3002/2026 581/665/111 1410/3449/2838 3351/1616/2839
f 3351/1616/2839 1410/3449/2838 29/42/214 989/3004/2029
f 1411/3450/2840 3351/1616/2839 989/3004/2029 345/404/2028
f 583/667/78 1880/1989/77 3352/1617/2841 1413/3452/2842
f 1880/1989/77 819/924/76 1412/3451/2843 3352/1617/2841
f 3352/1617/2841 1412/3451/2843 820/925/227 1947/2068/224
f 1413/3452/2842 3352/1617/2841 1947/2068/224 91/112/223
f 584/668/647 2147/2277/646 3353/1618/2844 1415/3454/2845
f 2147/2277/646 697/796/645 1414/3453/2846 3353/1618/2844
f 3353/1618/2844 1414/3453/2846 698/797/634 2141/2271/631
f 1415/3454/2845 3353/1618/2844 2141/2271/631 120/146/630
f 515/588/85 2246/2383/854 3354/1619/2847 1334/3364/2698
f 2246/2383/854 584/668/647 1415/3454/2845 3354/1619/2847
f 3354/1619/2847 1415/3454/2845 120/146/630 2243/2380/849
f 1334/3364/2698 3354/1619/2847 2243/2380/849 30/44/236
f 586/671/531 2268/2406/889 3355/1620/2848 1417/3457/2849
f 2268/2406/889 585/670/195 1416/3455/2850 3355/1620/2848
f 3355/1620/2848 1416/3455/2850 20/25/893 2269/2407/892
f 1417/3457/2849 3355/1620/2848 2269/2407/892 134/161/540
f 794/897/533 2096/2224/532 3356/1621/2851 1418/3458/2852
f 2096/2224/532 586/671/531 1417/3457/2849 3356/1621/2851
f 3356/1621/2851 1417/3457/2849 134/161/540 2099/2227/539
f 1418/3458/2852 3356/1621/2851 2099/2227/539 793/896/538
f 756/858/2197 1069/3086/2196 3357/1622/2853 1420/3460/2854
f 1069/3086/2196 880/987/2195 1419/3459/2855 3357/1622/2853
f 3357/1622/2853 1419/3459/2855 847/953/2204 1072/3089/2203
f 1420/3460/2854 3357/1622/2853 1072/3089/2203 755/857/2202
f 589/674/204 1937/2058/203 3358/1623/2856 1422/3462/2857
f 1937/2058/203 588/673/202 1421/3461/2858 3358/1623/2856
f 3358/1623/2856 1421/3461/2858 372/432/32 1859/1968/29
f 1422/3462/2857 3358/1623/2856 1859/1968/29 18/22/28
f 590/675/211 2071/2198/483 3359/1624/2859 1423/3463/2860
f 2071/2198/483 589/674/204 1422/3462/2857 3359/1624/2859
f 3359/1624/2859 1422/3462/2857 18/22/28 2072/2199/486
f 1423/3463/2860 3359/1624/2859 2072/2199/486 69/88/23
f 591/676/213 1941/2062/212 3360/1625/2861 1424/3464/2862
f 1941/2062/212 590/675/211 1423/3463/2860 3360/1625/2861
f 3360/1625/2861 1423/3463/2860 69/88/23 1855/1964/20
f 1424/3464/2862 3360/1625/2861 1855/1964/20 16/20/19
f 592/677/220 2053/2179/455 3361/1626/2863 1425/3465/2864
f 2053/2179/455 591/676/213 1424/3464/2862 3361/1626/2863
f 3361/1626/2863 1424/3464/2862 16/20/19 2054/2180/458
f 1425/3465/2864 3361/1626/2863 2054/2180/458 59/77/14
f 593/678/222 1945/2066/221 3362/1627/2865 1426/3466/2866
f 1945/2066/221 592/677/220 1425/3465/2864 3362/1627/2865
f 3362/1627/2865 1425/3465/2864 59/77/14 1851/1960/11
f 1426/3466/2866 3362/1627/2865 1851/1960/11 11/12/10
f 594/679/2033 990/3005/2032 3363/1628/2867 1427/3467/2868
f 990/3005/2032 593/678/222 1426/3466/2866 3363/1628/2867
f 3363/1628/2867 1426/3466/2866 11/12/10 994/3009/2035
f 1427/3467/2868 3363/1628/2867 994/3009/2035 346/405/2039
f 595/680/231 1949/2070/230 3364/1629/2869 1429/3469/2870
f 1949/2070/230 821/926/229 1428/3468/2871 3364/1629/2869
f 3364/1629/2869 1428/3468/2871 822/927/1 1850/1959/4
f 1429/3469/2870 3364/1629/2869 1850/1959/4 90/111/9
f 596/681/638 2143/2273/637 3365/1630/2872 1431/3471/2873
f 2143/2273/637 699/798/636 1430/3470/2874 3365/1630/2872
f 3365/1630/2872 1430/3470/2874 700/799/621 2140/2270/624
f 1431/3471/2873 3365/1630/2872 2140/2270/624 119/145/629
f 597/683/238 2244/2381/851 3366/1631/2875 1432/3472/2876
f 2244/2381/851 596/681/638 1431/3471/2873 3366/1631/2875
f 3366/1631/2875 1431/3471/2873 119/145/629 2242/2379/844
f 1432/3472/2876 3366/1631/2875 2242/2379/844 12/13/848
f 598/684/240 1953/2075/239 3367/1632/2877 1433/3474/2878
f 1953/2075/239 597/682/238 1432/3473/2876 3367/1632/2877
f 3367/1632/2877 1432/3473/2876 12/14/848 2241/2378/847
f 1433/3474/2878 3367/1632/2877 2241/2378/847 53/71/846
f 913/1022/2304 1120/3137/2303 3368/1633/2879 1434/3475/2880
f 1120/3137/2303 598/684/240 1433/3474/2878 3368/1633/2879
f 3368/1633/2879 1433/3474/2878 53/71/846 1124/3142/2306
f 1434/3475/2880 3368/1633/2879 1124/3142/2306 912/1021/2310
f 600/686/435 2041/2167/434 3369/1634/2881 1436/3477/2882
f 2041/2167/434 599/685/433 1435/3476/2883 3369/1634/2881
f 3369/1634/2881 1435/3476/2883 388/449/837 2239/2375/840
f 1436/3477/2882 3369/1634/2881 2239/2375/840 159/188/842
f 601/687/1067 1184/3203/2427 3370/1635/2884 1437/3478/2885
f 1184/3203/2427 600/686/435 1436/3477/2882 3370/1635/2884
f 3370/1635/2884 1436/3477/2882 159/188/842 1186/3206/2429
f 1437/3478/2885 3370/1635/2884 1186/3206/2429 416/479/1055
f 602/688/1069 2353/2497/1068 3371/1636/2886 1438/3479/2887
f 2353/2497/1068 601/687/1067 1437/3478/2885 3371/1636/2886
f 3371/1636/2886 1437/3478/2885 416/479/1055 2350/2494/1058
f 1438/3479/2887 3371/1636/2886 2350/2494/1058 334/393/1060
f 603/689/1279 965/2980/1982 3372/1637/2888 1439/3480/2889
f 965/2980/1982 602/688/1069 1438/3479/2887 3372/1637/2888
f 3372/1637/2888 1438/3479/2887 334/393/1060 963/2978/1979
f 1439/3480/2889 3372/1637/2888 963/2978/1979 196/228/1267
f 604/690/1281 2456/2603/1280 3373/1638/2890 1440/3481/2891
f 2456/2603/1280 603/689/1279 1439/3480/2889 3373/1638/2890
f 3373/1638/2890 1439/3480/2889 196/228/1267 2453/2600/1270
f 1440/3481/2891 3373/1638/2890 2453/2600/1270 295/350/1272
f 605/691/1677 2702/2869/1768 3374/1639/2892 1441/3482/2893
f 2702/2869/1768 604/690/1281 1440/3481/2891 3374/1639/2892
f 3374/1639/2892 1440/3481/2891 295/350/1272 2700/2867/1765
f 1441/3482/2893 3374/1639/2892 2700/2867/1765 266/319/1669
f 606/692/804 2653/2819/1678 3375/1640/2894 1442/3483/2895
f 2653/2819/1678 605/691/1677 1441/3482/2893 3375/1640/2894
f 3375/1640/2894 1441/3482/2893 266/319/1669 2650/2816/1672
f 1442/3483/2895 3375/1640/2894 2650/2816/1672 112/137/831
f 607/693/806 2221/2353/805 3376/1641/2896 1443/3484/2897
f 2221/2353/805 606/692/804 1442/3483/2895 3376/1641/2896
f 3376/1641/2896 1442/3483/2895 112/137/831 2236/2371/834
f 1443/3484/2897 3376/1641/2896 2236/2371/834 317/374/836
f 608/694/1886 1222/3243/2492 3377/1642/2898 1444/3485/2899
f 1222/3243/2492 607/693/806 1443/3484/2897 3377/1642/2898
f 3377/1642/2898 1443/3484/2897 317/374/836 1224/3246/2494
f 1444/3485/2899 3377/1642/2898 1224/3246/2494 444/509/1874
f 609/695/1888 2758/2927/1887 3378/1643/2900 1445/3486/2901
f 2758/2927/1887 608/694/1886 1444/3485/2899 3378/1643/2900
f 3378/1643/2900 1444/3485/2899 444/509/1874 2755/2924/1877
f 1445/3486/2901 3378/1643/2900 2755/2924/1877 183/214/1879
f 610/696/1191 1253/3276/2544 3379/1644/2902 1446/3487/2903
f 1253/3276/2544 609/695/1888 1445/3486/2901 3379/1644/2902
f 3379/1644/2902 1445/3486/2901 183/214/1879 1255/3279/2546
f 1446/3487/2903 3379/1644/2902 1255/3279/2546 472/539/1183
f 611/697/325 2415/2561/1192 3380/1645/2904 1447/3488/2905
f 2415/2561/1192 610/696/1191 1446/3487/2903 3380/1645/2904
f 3380/1645/2904 1446/3487/2903 472/539/1183 2412/2558/1186
f 1447/3488/2905 3380/1645/2904 2412/2558/1186 41/57/825
f 612/698/327 1993/2117/326 3381/1646/2906 1448/3489/2907
f 1993/2117/326 611/697/325 1447/3488/2905 3381/1646/2906
f 3381/1646/2906 1447/3488/2905 41/57/825 2233/2367/828
f 1448/3489/2907 3381/1646/2906 2233/2367/828 13/17/830
f 613/700/600 2256/2393/870 3382/1647/2908 1449/3491/2909
f 2256/2393/870 612/699/327 1448/3490/2907 3382/1647/2908
f 3382/1647/2908 1448/3490/2907 13/16/830 2232/2365/829
f 1449/3491/2909 3382/1647/2908 2232/2365/829 115/141/611
f 716/816/602 2127/2256/601 3383/1648/2910 1450/3492/2911
f 2127/2256/601 613/700/600 1449/3491/2909 3383/1648/2910
f 3383/1648/2910 1449/3491/2909 115/141/611 2131/2261/610
f 1450/3492/2911 3383/1648/2910 2131/2261/610 715/815/609
f 838/944/159 1917/2031/158 3384/1649/2912 1452/3495/2913
f 1917/2031/158 614/702/157 1451/3494/2914 3384/1649/2912
f 3384/1649/2912 1451/3494/2914 87/108/318 1989/2113/317
f 1452/3495/2913 3384/1649/2912 1989/2113/317 837/942/316
f 616/705/166 1021/3037/2093 3385/1650/2915 1454/3497/2916
f 1021/3037/2093 615/703/2092 1453/3496/2917 3385/1650/2915
f 3385/1650/2915 1453/3496/2917 357/416/2084 1018/3033/2087
f 1454/3497/2916 3385/1650/2915 1018/3033/2087 14/18/309
f 617/707/168 1921/2037/167 3386/1651/2918 1455/3498/2919
f 1921/2037/167 616/705/166 1454/3497/2916 3386/1651/2918
f 3386/1651/2918 1454/3497/2916 14/18/309 1985/2109/308
f 1455/3498/2919 3386/1651/2918 1985/2109/308 62/80/307
f 618/708/175 2061/2188/467 3387/1652/2920 1456/3499/2921
f 2061/2188/467 617/707/168 1455/3498/2919 3387/1652/2920
f 3387/1652/2920 1455/3498/2919 62/80/307 2059/2185/463
f 1456/3499/2921 3387/1652/2920 2059/2185/463 15/19/300
f 619/709/177 1925/2043/176 3388/1653/2922 1457/3500/2923
f 1925/2043/176 618/708/175 1456/3499/2921 3388/1653/2922
f 3388/1653/2922 1456/3499/2921 15/19/300 1981/2105/299
f 1457/3500/2923 3388/1653/2922 1981/2105/299 72/91/298
f 620/711/184 2079/2207/495 3389/1654/2924 1458/3501/2925
f 2079/2207/495 619/709/177 1457/3500/2923 3389/1654/2924
f 3389/1654/2924 1457/3500/2923 72/91/298 2077/2204/491
f 1458/3501/2925 3389/1654/2924 2077/2204/491 17/21/291
f 621/713/186 1929/2049/185 3390/1655/2926 1459/3502/2927
f 1929/2049/185 620/711/184 1458/3501/2925 3390/1655/2926
f 3390/1655/2926 1458/3501/2925 17/21/291 1977/2101/290
f 1459/3502/2927 3390/1655/2926 1977/2101/290 361/421/289
f 863/969/2116 1031/3047/2115 3391/1656/2928 1461/3504/2929
f 1031/3047/2115 739/841/2114 1460/3503/2930 3391/1656/2928
f 3391/1656/2928 1460/3503/2930 740/842/2273 1108/3125/2276
f 1461/3504/2929 3391/1656/2928 1108/3125/2276 862/968/2278
f 623/715/569 2112/2240/568 3392/1657/2931 1463/3506/2932
f 2112/2240/568 777/880/567 1462/3505/2933 3392/1657/2931
f 3392/1657/2931 1462/3505/2933 778/881/552 2109/2237/555
f 1463/3506/2932 3392/1657/2931 2109/2237/555 138/165/560
f 624/717/280 2282/2424/916 3393/1658/2934 1464/3507/2935
f 2282/2424/916 623/715/569 1463/3506/2932 3393/1658/2934
f 3393/1658/2934 1463/3506/2932 138/165/560 2280/2422/909
f 1464/3507/2935 3393/1658/2934 2280/2422/909 19/23/913
f 625/718/282 1973/2097/281 3394/1659/2936 1465/3509/2937
f 1973/2097/281 624/716/280 1464/3508/2935 3394/1659/2936
f 3394/1659/2936 1464/3508/2935 19/24/913 2279/2421/912
f 1465/3509/2937 3394/1659/2936 2279/2421/912 37/52/911
f 626/719/1138 2387/2531/1137 3395/1660/2938 1466/3510/2939
f 2387/2531/1137 625/718/282 1465/3509/2937 3395/1660/2938
f 3395/1660/2938 1465/3509/2937 37/52/911 2391/2536/1144
f 1466/3510/2939 3395/1660/2938 2391/2536/1144 484/552/1143
f 627/720/1805 1272/3297/2576 3396/1661/2940 1467/3511/2941
f 1272/3297/2576 626/719/1138 1466/3510/2939 3396/1661/2940
f 3396/1661/2940 1466/3510/2939 484/552/1143 1270/3295/2573
f 1467/3511/2941 3396/1661/2940 1270/3295/2573 173/203/1816
f 628/721/1807 2720/2887/1806 3397/1662/2942 1468/3512/2943
f 2720/2887/1806 627/720/1805 1467/3511/2941 3397/1662/2942
f 3397/1662/2942 1467/3511/2941 173/203/1816 2724/2892/1815
f 1468/3512/2943 3397/1662/2942 2724/2892/1815 456/522/1814
f 629/722/735 1241/3264/2524 3398/1663/2944 1469/3513/2945
f 1241/3264/2524 628/721/1807 1468/3512/2943 3398/1663/2944
f 3398/1663/2944 1468/3512/2943 456/522/1814 1239/3262/2521
f 1469/3513/2945 3398/1663/2944 1239/3262/2521 307/363/907
f 630/723/737 2189/2320/736 3399/1664/2946 1470/3514/2947
f 2189/2320/736 629/722/735 1469/3513/2945 3399/1664/2946
f 3399/1664/2946 1469/3513/2945 307/363/907 2276/2417/906
f 1470/3514/2947 3399/1664/2946 2276/2417/906 104/128/905
f 631/725/1388 2508/2661/1387 3400/1665/2948 1471/3516/2949
f 2508/2661/1387 630/724/737 1470/3515/2947 3400/1665/2948
f 3400/1665/2948 1470/3515/2947 104/127/905 2627/2792/1624
f 1471/3516/2949 3400/1665/2948 2627/2792/1624 216/253/1616
f 632/726/1422 2525/2680/1421 3401/1666/2950 1472/3517/2951
f 2525/2680/1421 631/725/1388 1471/3516/2949 3401/1666/2950
f 3401/1666/2950 1471/3516/2949 216/253/1616 2624/2789/1619
f 1472/3517/2951 3401/1666/2950 2624/2789/1619 222/261/1610
f 633/727/1456 2542/2699/1455 3402/1667/2952 1473/3518/2953
f 2542/2699/1455 632/726/1422 1472/3517/2951 3402/1667/2952
f 3402/1667/2952 1472/3517/2951 222/261/1610 2621/2786/1613
f 1473/3518/2953 3402/1667/2952 2621/2786/1613 228/269/1604
f 634/728/1490 2559/2718/1489 3403/1668/2954 1474/3519/2955
f 2559/2718/1489 633/727/1456 1473/3518/2953 3403/1668/2954
f 3403/1668/2954 1473/3518/2953 228/269/1604 2618/2783/1607
f 1474/3519/2955 3403/1668/2954 2618/2783/1607 234/277/1598
f 635/729/1524 2576/2737/1523 3404/1669/2956 1475/3520/2957
f 2576/2737/1523 634/728/1490 1474/3519/2955 3404/1669/2956
f 3404/1669/2956 1474/3519/2955 234/277/1598 2615/2780/1601
f 1475/3520/2957 3404/1669/2956 2615/2780/1601 240/285/1589
f 636/730/1558 2593/2756/1557 3405/1670/2958 1476/3521/2959
f 2593/2756/1557 635/729/1524 1475/3520/2957 3405/1670/2958
f 3405/1670/2958 1475/3520/2957 240/285/1589 2612/2777/1592
f 1476/3521/2959 3405/1670/2958 2612/2777/1592 512/583/1597
f 637/731/2651 1331/3359/2691 3406/1671/2960 1477/3522/2961
f 1331/3359/2691 636/730/1558 1476/3521/2959 3406/1671/2960
f 3406/1671/2960 1476/3521/2959 512/583/1597 1329/3357/2688
f 1477/3522/2961 3406/1671/2960 1329/3357/2688 501/570/2639
f 807/911/2653 1309/3335/2652 3407/1672/2962 1478/3523/2963
f 1309/3335/2652 637/731/2651 1477/3522/2961 3407/1672/2962
f 3407/1672/2962 1477/3522/2961 501/570/2639 1306/3332/2642
f 1478/3523/2963 3407/1672/2962 1306/3332/2642 806/910/2644
f 639/734/1588 2607/2772/1587 3408/1673/2964 1481/3528/2965
f 2607/2772/1587 638/732/1586 1479/3524/2966 3408/1673/2964
f 3408/1673/2964 1479/3524/2966 246/296/2967 1480/3526/2968
f 1481/3528/2965 3408/1673/2964 1480/3526/2968 250/301/2969
f 640/735/1349 2680/2846/1729 3409/1674/2970 1483/3531/2971
f 2680/2846/1729 639/734/1588 1481/3528/2965 3409/1674/2970
f 3409/1674/2970 1481/3528/2965 250/301/2969 1482/3529/2972
f 1483/3531/2971 3409/1674/2970 1482/3529/2972 279/332/2973
f 245/294/2974 1484/3532/2975 3410/1675/2976 1485/3534/2977
f 1484/3532/2975 641/736/1341 2490/2639/1344 3410/1675/2976
f 3410/1675/2976 2490/2639/1344 640/735/1349 1483/3531/2971
f 1485/3534/2977 3410/1675/2976 1483/3531/2971 279/332/2973
f 642/738/2623 1295/3321/2622 3411/1676/2978 1487/3537/2979
f 1295/3321/2622 802/906/2621 1486/3536/2980 3411/1676/2978
f 3411/1676/2978 1486/3536/2980 803/907/2630 1298/3324/2629
f 1487/3537/2979 3411/1676/2978 1298/3324/2629 498/567/2628
f 643/739/1551 1325/3353/2681 3412/1677/2981 1488/3538/2982
f 1325/3353/2681 642/738/2623 1487/3537/2979 3412/1677/2981
f 3412/1677/2981 1487/3537/2979 498/567/2628 1326/3354/2684
f 1488/3538/2982 3412/1677/2981 1326/3354/2684 509/580/1562
f 644/740/1517 2591/2754/1552 3413/1678/2983 1489/3539/2984
f 2591/2754/1552 643/739/1551 1488/3538/2982 3413/1678/2983
f 3413/1678/2983 1488/3538/2982 509/580/1562 2595/2758/1561
f 1489/3539/2984 3413/1678/2983 2595/2758/1561 239/284/1528
f 645/741/1483 2574/2735/1518 3414/1679/2985 1490/3540/2986
f 2574/2735/1518 644/740/1517 1489/3539/2984 3414/1679/2985
f 3414/1679/2985 1489/3539/2984 239/284/1528 2578/2739/1527
f 1490/3540/2986 3414/1679/2985 2578/2739/1527 233/276/1494
f 646/742/1449 2557/2716/1484 3415/1680/2987 1491/3541/2988
f 2557/2716/1484 645/741/1483 1490/3540/2986 3415/1680/2987
f 3415/1680/2987 1490/3540/2986 233/276/1494 2561/2720/1493
f 1491/3541/2988 3415/1680/2987 2561/2720/1493 227/268/1460
f 647/743/1415 2540/2697/1450 3416/1681/2989 1492/3542/2990
f 2540/2697/1450 646/742/1449 1491/3541/2988 3416/1681/2989
f 3416/1681/2989 1491/3541/2988 227/268/1460 2544/2701/1459
f 1492/3542/2990 3416/1681/2989 2544/2701/1459 221/260/1426
f 648/744/1380 2523/2678/1416 3417/1682/2991 1493/3543/2992
f 2523/2678/1416 647/743/1415 1492/3542/2990 3417/1682/2991
f 3417/1682/2991 1492/3542/2990 221/260/1426 2527/2682/1425
f 1493/3543/2992 3417/1682/2991 2527/2682/1425 215/252/1392
f 649/745/1382 2505/2657/1381 3418/1683/2993 1494/3544/2994
f 2505/2657/1381 648/744/1380 1493/3543/2992 3418/1683/2993
f 3418/1683/2993 1493/3543/2992 215/252/1392 2510/2663/1391
f 1494/3544/2994 3418/1683/2993 2510/2663/1391 210/244/1353
f 650/747/986 949/2962/1955 3419/1684/2995 1495/3546/2996
f 949/2962/1955 649/746/1382 1494/3545/2994 3419/1684/2995
f 3419/1684/2995 1494/3545/2994 210/245/1353 951/2965/1957
f 1495/3546/2996 3419/1684/2995 951/2965/1957 324/382/989
f 651/748/988 2315/2457/987 3420/1685/2997 1496/3547/2998
f 2315/2457/987 650/747/986 1495/3546/2996 3420/1685/2997
f 3420/1685/2997 1495/3546/2996 324/382/989 2320/2463/992
f 1496/3547/2998 3420/1685/2997 2320/2463/992 428/492/997
f 652/749/388 1203/3224/2459 3421/1686/2999 1497/3548/3000
f 1203/3224/2459 651/748/988 1496/3547/2998 3421/1686/2999
f 3421/1686/2999 1496/3547/2998 428/492/997 1201/3222/2456
f 1497/3548/3000 3421/1686/2999 1201/3222/2456 149/177/901
f 653/750/390 2021/2147/389 3422/1687/3001 1498/3549/3002
f 2021/2147/389 652/749/388 1497/3548/3000 3422/1687/3001
f 3422/1687/3001 1497/3548/3000 149/177/901 2273/2413/900
f 1498/3549/3002 3422/1687/3001 2273/2413/900 400/462/899
f 654/751/193 1153/3172/2368 3423/1688/3003 1500/3551/3004
f 1153/3172/2368 893/1000/2367 1499/3550/3005 3423/1688/3003
f 3423/1688/3003 1499/3550/3005 894/1002/2359 1150/3169/2362
f 1500/3551/3004 3423/1688/3003 1150/3169/2362 49/66/895
f 585/669/195 1933/2053/194 3424/1689/3006 1416/3456/2850
f 1933/2053/194 654/751/193 1500/3551/3004 3424/1689/3006
f 3424/1689/3006 1500/3551/3004 49/66/895 2270/2409/894
f 1416/3456/2850 3424/1689/3006 2270/2409/894 20/26/893
f 341/400/2006 1501/3552/3007 3425/1690/3008 978/2993/2007
f 1501/3552/3007 655/752/3009 1502/3553/3010 3425/1690/3008
f 3425/1690/3008 1502/3553/3010 688/787/3011 1503/3554/3012
f 978/2993/2007 3425/1690/3008 1503/3554/3012 340/399/2002
f 656/753/3013 1504/3555/3014 3426/1691/3015 1505/3556/3016
f 1504/3555/3014 655/752/3009 1501/3552/3007 3426/1691/3015
f 3426/1691/3015 1501/3552/3007 341/400/2006 980/2995/2011
f 1505/3556/3016 3426/1691/3015 980/2995/2011 411/473/2010
f 342/401/2016 1506/3557/3017 3427/1692/3018 1216/3237/2482
f 1506/3557/3017 657/754/3019 1507/3558/3020 3427/1692/3018
f 3427/1692/3018 1507/3558/3020 656/753/3013 1505/3556/3016
f 1216/3237/2482 3427/1692/3018 1505/3556/3016 411/473/2010
f 383/443/2014 1508/3559/3021 3428/1693/3022 982/2997/2015
f 1508/3559/3021 658/755/3023 1509/3560/3024 3428/1693/3022
f 3428/1693/3022 1509/3560/3024 657/754/3019 1506/3557/3017
f 982/2997/2015 3428/1693/3022 1506/3557/3017 342/401/2016
f 343/402/2022 1510/3561/3025 3429/1694/3026 1175/3194/2412
f 1510/3561/3025 659/756/3027 1511/3562/3028 3429/1694/3026
f 3429/1694/3026 1511/3562/3028 921/1030/3029 1512/3563/3030
f 1175/3194/2412 3429/1694/3026 1512/3563/3030 922/1031/2413
f 344/403/2020 1513/3564/3031 3430/1695/3032 985/3000/2021
f 1513/3564/3031 660/757/3033 1514/3565/3034 3430/1695/3032
f 3430/1695/3032 1514/3565/3034 659/756/3027 1510/3561/3025
f 985/3000/2021 3430/1695/3032 1510/3561/3025 343/402/2022
f 661/758/3035 1515/3566/3036 3431/1696/3037 1516/3567/3038
f 1515/3566/3036 660/757/3033 1513/3564/3031 3431/1696/3037
f 3431/1696/3037 1513/3564/3031 344/403/2020 988/3003/2025
f 1516/3567/3038 3431/1696/3037 988/3003/2025 582/666/2027
f 662/759/3039 1517/3568/3040 3432/1697/3041 1518/3569/3042
f 1517/3568/3040 661/758/3035 1516/3567/3038 3432/1697/3041
f 3432/1697/3041 1516/3567/3038 582/666/2027 1411/3450/2840
f 1518/3569/3042 3432/1697/3041 1411/3450/2840 345/404/2028
f 663/760/3043 1519/3570/3044 3433/1698/3045 1520/3571/3046
f 1519/3570/3044 662/759/3039 1518/3569/3042 3433/1698/3045
f 3433/1698/3045 1518/3569/3042 345/404/2028 991/3006/2031
f 1520/3571/3046 3433/1698/3045 991/3006/2031 594/679/2033
f 664/761/3047 1521/3572/3048 3434/1699/3049 1522/3573/3050
f 1521/3572/3048 663/760/3043 1520/3571/3046 3434/1699/3049
f 3434/1699/3049 1520/3571/3046 594/679/2033 1427/3467/2868
f 1522/3573/3050 3434/1699/3049 1427/3467/2868 346/405/2039
f 346/405/2039 993/3008/2038 3435/1700/3051 1522/3573/3050
f 993/3008/2038 347/406/2037 1523/3574/3052 3435/1700/3051
f 3435/1700/3051 1523/3574/3052 665/762/3053 1524/3575/3054
f 1522/3573/3050 3435/1700/3051 1524/3575/3054 664/761/3047
f 907/1015/3055 1525/3576/3056 3436/1701/3057 1526/3577/3058
f 1525/3576/3056 665/762/3053 1523/3574/3052 3436/1701/3057
f 3436/1701/3057 1523/3574/3052 347/406/2037 1131/3149/2326
f 1526/3577/3058 3436/1701/3057 1131/3149/2326 906/1014/2325
f 667/764/3059 1527/3578/3060 3437/1702/3061 1529/3580/3062
f 1527/3578/3060 666/763/3063 1528/3579/3064 3437/1702/3061
f 3437/1702/3061 1528/3579/3064 391/452/2044 995/3010/2041
f 1529/3580/3062 3437/1702/3061 995/3010/2041 348/407/2040
f 668/765/3065 1530/3581/3066 3438/1703/3067 1531/3582/3068
f 1530/3581/3066 667/764/3059 1529/3580/3062 3438/1703/3067
f 3438/1703/3067 1529/3580/3062 348/407/2040 1190/3210/2438
f 1531/3582/3068 3438/1703/3067 1190/3210/2438 419/482/2050
f 669/766/3069 1532/3583/3070 3439/1704/3071 1533/3584/3072
f 1532/3583/3070 668/765/3065 1531/3582/3068 3439/1704/3071
f 3439/1704/3071 1531/3582/3068 419/482/2050 998/3013/2047
f 1533/3584/3072 3439/1704/3071 998/3013/2047 349/408/2046
f 670/767/3073 1534/3585/3074 3440/1705/3075 1535/3586/3076
f 1534/3585/3074 669/766/3069 1533/3584/3072 3440/1705/3075
f 3440/1705/3075 1533/3584/3072 349/408/2046 1001/3016/2053
f 1535/3586/3076 3440/1705/3075 1001/3016/2053 350/409/2052
f 671/768/3077 1536/3587/3078 3441/1706/3079 1537/3588/3080
f 1536/3587/3078 670/767/3073 1535/3586/3076 3441/1706/3079
f 3441/1706/3079 1535/3586/3076 350/409/2052 1003/3018/2057
f 1537/3588/3080 3441/1706/3079 1003/3018/2057 351/410/2056
f 672/769/3081 1538/3589/3082 3442/1707/3083 1539/3590/3084
f 1538/3589/3082 671/768/3077 1537/3588/3080 3442/1707/3083
f 3442/1707/3083 1537/3588/3080 351/410/2056 1005/3020/2061
f 1539/3590/3084 3442/1707/3083 1005/3020/2061 352/411/2060
f 673/770/3085 1540/3591/3086 3443/1708/3087 1541/3592/3088
f 1540/3591/3086 672/769/3081 1539/3590/3084 3443/1708/3087
f 3443/1708/3087 1539/3590/3084 352/411/2060 1007/3022/2065
f 1541/3592/3088 3443/1708/3087 1007/3022/2065 353/412/2064
f 674/771/3089 1542/3593/3090 3444/1709/3091 1543/3594/3092
f 1542/3593/3090 673/770/3085 1541/3592/3088 3444/1709/3091
f 3444/1709/3091 1541/3592/3088 353/412/2064 1009/3024/2069
f 1543/3594/3092 3444/1709/3091 1009/3024/2069 354/413/2068
f 675/772/3093 1544/3595/3094 3445/1710/3095 1545/3596/3096
f 1544/3595/3094 674/771/3089 1543/3594/3092 3445/1710/3095
f 3445/1710/3095 1543/3594/3092 354/413/2068 1228/3250/2503
f 1545/3596/3096 3445/1710/3095 1228/3250/2503 447/512/2076
f 676/773/3097 1546/3597/3098 3446/1711/3099 1547/3598/3100
f 1546/3597/3098 675/772/3093 1545/3596/3096 3446/1711/3099
f 3446/1711/3099 1545/3596/3096 447/512/2076 1011/3026/2073
f 1547/3598/3100 3446/1711/3099 1011/3026/2073 355/414/2072
f 677/774/3101 1548/3599/3102 3447/1712/3103 1549/3600/3104
f 1548/3599/3102 676/773/3097 1547/3598/3100 3447/1712/3103
f 3447/1712/3103 1547/3598/3100 355/414/2072 1259/3283/2555
f 1549/3600/3104 3447/1712/3103 1259/3283/2555 475/542/2082
f 678/775/3105 1550/3601/3106 3448/1713/3107 1551/3602/3108
f 1550/3601/3106 677/774/3101 1549/3600/3104 3448/1713/3107
f 3448/1713/3107 1549/3600/3104 475/542/2082 1014/3029/2079
f 1551/3602/3108 3448/1713/3107 1014/3029/2079 356/415/2078
f 679/776/3109 1552/3603/3110 3449/1714/3111 1553/3604/3112
f 1552/3603/3110 678/775/3105 1551/3602/3108 3449/1714/3111
f 3449/1714/3111 1551/3602/3108 356/415/2078 1017/3032/2085
f 1553/3604/3112 3449/1714/3111 1017/3032/2085 357/416/2084
f 615/703/2092 1554/3605/3113 3450/1715/3114 1453/3496/2917
f 1554/3605/3113 680/777/3115 1555/3606/3116 3450/1715/3114
f 3450/1715/3114 1555/3606/3116 679/776/3109 1553/3604/3112
f 1453/3496/2917 3450/1715/3114 1553/3604/3112 357/416/2084
f 358/417/2090 1556/3607/3117 3451/1716/3118 1020/3036/2091
f 1556/3607/3117 681/779/3119 1557/3609/3120 3451/1716/3118
f 3451/1716/3118 1557/3609/3120 680/777/3115 1554/3605/3113
f 1020/3036/2091 3451/1716/3118 1554/3605/3113 615/703/2092
f 533/607/2098 1558/3611/3121 3452/1717/3122 1355/3386/2737
f 1558/3611/3121 682/781/3123 1559/3612/3124 3452/1717/3122
f 3452/1717/3122 1559/3612/3124 681/780/3119 1556/3608/3117
f 1355/3386/2737 3452/1717/3122 1556/3608/3117 358/418/2090
f 359/419/2096 1560/3613/3125 3453/1718/3126 1023/3039/2097
f 1560/3613/3125 683/782/3127 1561/3614/3128 3453/1718/3126
f 3453/1718/3126 1561/3614/3128 682/781/3123 1558/3611/3121
f 1023/3039/2097 3453/1718/3126 1558/3611/3121 533/607/2098
f 360/420/2102 1562/3615/3129 3454/1719/3130 1026/3042/2103
f 1562/3615/3129 684/783/3131 1563/3616/3132 3454/1719/3130
f 3454/1719/3130 1563/3616/3132 683/782/3127 1560/3613/3125
f 1026/3042/2103 3454/1719/3130 1560/3613/3125 359/419/2096
f 360/420/2102 1028/3044/2107 3455/1720/3133 1562/3615/3129
f 1028/3044/2107 467/533/2106 1564/3617/3134 3455/1720/3133
f 3455/1720/3133 1564/3617/3134 685/784/3135 1565/3618/3136
f 1562/3615/3129 3455/1720/3133 1565/3618/3136 684/783/3131
f 467/533/2106 1285/3310/2599 3456/1721/3137 1564/3617/3134
f 1285/3310/2599 339/398/1998 1566/3619/3138 3456/1721/3137
f 3456/1721/3137 1566/3619/3138 686/785/3139 1567/3620/3140
f 1564/3617/3134 3456/1721/3137 1567/3620/3140 685/784/3135
f 439/503/1996 1568/3621/3141 3457/1722/3142 973/2988/1997
f 1568/3621/3141 687/786/3143 1569/3622/3144 3457/1722/3142
f 3457/1722/3142 1569/3622/3144 686/785/3139 1566/3619/3138
f 973/2988/1997 3457/1722/3142 1566/3619/3138 339/398/1998
f 340/399/2002 1503/3554/3012 3458/1723/3145 976/2991/2003
f 1503/3554/3012 688/787/3011 1570/3623/3146 3458/1723/3145
f 3458/1723/3145 1570/3623/3146 687/786/3143 1568/3621/3141
f 976/2991/2003 3458/1723/3145 1568/3621/3141 439/503/1996
f 200/232/923 1571/3624/3147 3459/1724/3148 1572/3625/3149
f 1571/3624/3147 691/790/1087 969/2984/1989 3459/1724/3148
f 3459/1724/3148 969/2984/1989 690/789/1301 2466/2613/1300
f 1572/3625/3149 3459/1724/3148 2466/2613/1300 689/788/1299
f 200/232/923 2284/2426/922 3460/1725/3150 1571/3624/3147
f 2284/2426/922 412/474/921 1573/3626/3151 3460/1725/3150
f 3460/1725/3150 1573/3626/3151 692/791/1089 2363/2507/1088
f 1571/3624/3147 3460/1725/3150 2363/2507/1088 691/790/1087
f 693/792/658 1179/3198/2420 3461/1726/3152 1574/3627/3153
f 1179/3198/2420 692/791/1089 1573/3626/3151 3461/1726/3152
f 3461/1726/3152 1573/3626/3151 412/474/921 1177/3196/2417
f 1574/3627/3153 3461/1726/3152 1177/3196/2417 139/166/343
f 694/793/660 2153/2283/659 3462/1727/3154 1575/3628/3155
f 2153/2283/659 693/792/658 1574/3627/3153 3462/1727/3154
f 3462/1727/3154 1574/3627/3153 139/166/343 2000/2126/342
f 1575/3628/3155 3462/1727/3154 2000/2126/342 384/444/341
f 695/794/648 1113/3130/2290 3463/1728/3156 1577/3630/3157
f 1113/3130/2290 918/1027/2289 1576/3629/3158 3463/1728/3156
f 3463/1728/3156 1576/3629/3158 919/1028/2282 1109/3126/2281
f 1577/3630/3157 3463/1728/3156 1109/3126/2281 93/114/43
f 93/114/43 1864/1973/42 3464/1729/3159 1577/3630/3157
f 1864/1973/42 92/113/41 1578/3631/3160 3464/1729/3159
f 3464/1729/3159 1578/3631/3160 696/795/643 2149/2279/649
f 1577/3630/3157 3464/1729/3159 2149/2279/649 695/794/648
f 697/796/645 2146/2276/644 3465/1730/3161 1579/3632/3162
f 2146/2276/644 696/795/643 1578/3631/3160 3465/1730/3161
f 3465/1730/3161 1578/3631/3160 92/113/41 1881/1990/74
f 1579/3632/3162 3465/1730/3161 1881/1990/74 583/667/78
f 698/797/634 1414/3453/2846 3466/1731/3163 1580/3633/3164
f 1414/3453/2846 697/796/645 1579/3632/3162 3466/1731/3163
f 3466/1731/3163 1579/3632/3162 583/667/78 1413/3452/2842
f 1580/3633/3164 3466/1731/3163 1413/3452/2842 91/112/223
f 699/798/636 2142/2272/635 3467/1732/3165 1581/3634/3166
f 2142/2272/635 698/797/634 1580/3633/3164 3467/1732/3165
f 3467/1732/3165 1580/3633/3164 91/112/223 1950/2071/226
f 1581/3634/3166 3467/1732/3165 1950/2071/226 595/680/231
f 700/799/621 1430/3470/2874 3468/1733/3167 1582/3635/3168
f 1430/3470/2874 699/798/636 1581/3634/3166 3468/1733/3167
f 3468/1733/3167 1581/3634/3166 595/680/231 1429/3469/2870
f 1582/3635/3168 3468/1733/3167 1429/3469/2870 90/111/9
f 90/111/9 1849/1958/8 3469/1734/3169 1582/3635/3168
f 1849/1958/8 89/110/7 1583/3636/3170 3469/1734/3169
f 3469/1734/3169 1583/3636/3170 701/800/625 2137/2267/622
f 1582/3635/3168 3469/1734/3169 2137/2267/622 700/799/621
f 910/1018/2313 1125/3143/2312 3470/1735/3171 1584/3637/3172
f 1125/3143/2312 701/800/625 1583/3636/3170 3470/1735/3171
f 3470/1735/3171 1583/3636/3170 89/110/7 1129/3147/2316
f 1584/3637/3172 3470/1735/3171 1129/3147/2316 909/1017/2320
f 703/802/618 2134/2264/617 3471/1736/3173 1586/3639/3174
f 2134/2264/617 702/801/616 1585/3638/3175 3471/1736/3173
f 3471/1736/3173 1585/3638/3175 390/451/418 2038/2164/421
f 1586/3639/3174 3471/1736/3173 2038/2164/421 157/185/426
f 704/803/1050 1187/3207/2432 3472/1737/3176 1587/3640/3177
f 1187/3207/2432 703/802/618 1586/3639/3174 3472/1737/3176
f 3472/1737/3176 1586/3639/3174 157/185/426 1189/3209/2434
f 1587/3640/3177 3472/1737/3176 1189/3209/2434 418/481/1037
f 705/804/1052 2345/2488/1051 3473/1738/3178 1588/3641/3179
f 2345/2488/1051 704/803/1050 1587/3640/3177 3473/1738/3178
f 3473/1738/3178 1587/3640/3177 418/481/1037 2343/2486/1040
f 1588/3641/3179 3473/1738/3178 2343/2486/1040 332/390/1045
f 706/805/1262 961/2975/1977 3474/1739/3180 1589/3642/3181
f 961/2975/1977 705/804/1052 1588/3641/3179 3474/1739/3180
f 3474/1739/3180 1588/3641/3179 332/390/1045 960/2974/1973
f 1589/3642/3181 3474/1739/3180 960/2974/1973 194/225/1249
f 707/806/1264 2448/2594/1263 3475/1740/3182 1590/3643/3183
f 2448/2594/1263 706/805/1262 1589/3642/3181 3475/1740/3182
f 3475/1740/3182 1589/3642/3181 194/225/1249 2446/2592/1252
f 1590/3643/3183 3475/1740/3182 2446/2592/1252 293/347/1257
f 708/807/1667 2698/2864/1763 3476/1741/3184 1591/3644/3185
f 2698/2864/1763 707/806/1264 1590/3643/3183 3476/1741/3184
f 3476/1741/3184 1590/3643/3183 293/347/1257 2697/2863/1759
f 1591/3644/3185 3476/1741/3184 2697/2863/1759 264/316/1657
f 709/808/793 2647/2812/1668 3477/1742/3186 1592/3645/3187
f 2647/2812/1668 708/807/1667 1591/3644/3185 3477/1742/3186
f 3477/1742/3186 1591/3644/3185 264/316/1657 2645/2810/1660
f 1592/3645/3187 3477/1742/3186 2645/2810/1660 111/135/780
f 710/809/795 2216/2348/794 3478/1743/3188 1593/3646/3189
f 2216/2348/794 709/808/793 1592/3645/3187 3478/1743/3188
f 3478/1743/3188 1592/3645/3187 111/135/780 2214/2346/783
f 1593/3646/3189 3478/1743/3188 2214/2346/783 315/371/788
f 711/810/1869 1225/3247/2497 3479/1744/3190 1594/3647/3191
f 1225/3247/2497 710/809/795 1593/3646/3189 3479/1744/3190
f 3479/1744/3190 1593/3646/3189 315/371/788 1227/3249/2499
f 1594/3647/3191 3479/1744/3190 1227/3249/2499 446/511/1856
f 712/811/1871 2750/2918/1870 3480/1745/3192 1595/3648/3193
f 2750/2918/1870 711/810/1869 1594/3647/3191 3480/1745/3192
f 3480/1745/3192 1594/3647/3191 446/511/1856 2748/2916/1859
f 1595/3648/3193 3480/1745/3192 2748/2916/1859 181/211/1864
f 713/812/1181 1256/3280/2549 3481/1746/3194 1596/3649/3195
f 1256/3280/2549 712/811/1871 1595/3648/3193 3481/1746/3194
f 3481/1746/3194 1595/3648/3193 181/211/1864 1258/3282/2551
f 1596/3649/3195 3481/1746/3194 1258/3282/2551 474/541/1171
f 714/813/607 2409/2554/1182 3482/1747/3196 1597/3650/3197
f 2409/2554/1182 713/812/1181 1596/3649/3195 3482/1747/3196
f 3482/1747/3196 1596/3649/3195 474/541/1171 2407/2552/1174
f 1597/3650/3197 3482/1747/3196 2407/2552/1174 88/109/310
f 715/814/609 2130/2259/608 3483/1748/3198 1598/3651/3199
f 2130/2259/608 714/813/607 1597/3650/3197 3483/1748/3198
f 3483/1748/3198 1597/3650/3197 88/109/310 1990/2114/313
f 1598/3651/3199 3483/1748/3198 1990/2114/313 87/108/318
f 614/702/157 1599/3652/3200 3484/1749/3201 1451/3494/2914
f 1599/3652/3200 716/817/602 1450/3493/2911 3484/1749/3201
f 3484/1749/3201 1450/3493/2911 715/814/609 1598/3651/3199
f 1451/3494/2914 3484/1749/3201 1598/3651/3199 87/108/318
f 86/107/155 1600/3654/3202 3485/1750/3203 1916/2029/156
f 1600/3654/3202 717/818/594 2128/2257/597 3485/1750/3203
f 3485/1750/3203 2128/2257/597 716/816/602 1599/3653/3200
f 1916/2029/156 3485/1750/3203 1599/3653/3200 614/701/157
f 532/606/94 1601/3655/3204 3486/1751/3205 1353/3384/2734
f 1601/3655/3204 718/819/593 1352/3383/2731 3486/1751/3205
f 3486/1751/3205 1352/3383/2731 717/818/594 1600/3654/3202
f 1353/3384/2734 3486/1751/3205 1600/3654/3202 86/107/155
f 85/106/92 1602/3656/3206 3487/1752/3207 1887/1997/93
f 1602/3656/3206 719/820/585 2124/2253/588 3487/1752/3207
f 3487/1752/3207 2124/2253/588 718/819/593 1601/3655/3204
f 1887/1997/93 3487/1752/3207 1601/3655/3204 532/606/94
f 85/106/92 1956/2078/246 3488/1753/3208 1602/3656/3206
f 1956/2078/246 94/115/245 1603/3657/3209 3488/1753/3208
f 3488/1753/3208 1603/3657/3209 720/821/665 2156/2286/663
f 1602/3656/3206 3488/1753/3208 2156/2286/663 719/820/585
f 94/115/245 2367/2511/1096 3489/1754/3210 1603/3657/3209
f 2367/2511/1096 468/534/1095 1604/3658/3211 3489/1754/3210
f 3489/1754/3210 1604/3658/3211 721/822/1205 2421/2567/1203
f 1603/3657/3209 3489/1754/3210 2421/2567/1203 720/821/665
f 722/823/1906 1248/3271/2537 3490/1755/3212 1605/3659/3213
f 1248/3271/2537 721/822/1205 1604/3658/3211 3490/1755/3212
f 3490/1755/3212 1604/3658/3211 468/534/1095 1247/3270/2534
f 1605/3659/3213 3490/1755/3212 1247/3270/2534 163/192/1913
f 723/824/1908 2768/2937/1907 3491/1756/3214 1606/3660/3215
f 2768/2937/1907 722/823/1906 1605/3659/3213 3491/1756/3214
f 3491/1756/3214 1605/3659/3213 163/192/1913 926/2939/1912
f 1606/3660/3215 3491/1756/3214 926/2939/1912 440/504/675
f 95/116/673 1607/3661/3216 3492/1757/3217 1608/3662/3218
f 1607/3661/3216 726/827/1691 2659/2825/1690 3492/1757/3217
f 3492/1757/3217 2659/2825/1690 725/826/822 2228/2360/821
f 1608/3662/3218 3492/1757/3217 2228/2360/821 724/825/820
f 727/828/2169 1609/3663/3219 3493/1758/3220 1057/3074/2170
f 1609/3663/3219 405/467/364 2014/2140/367 3493/1758/3220
f 3493/1758/3220 2014/2140/367 368/428/372 1610/3664/3221
f 1057/3074/2170 3493/1758/3220 1610/3664/3221 728/829/2171
f 729/830/2163 1208/3229/2469 3494/1759/3222 1611/3665/3223
f 1208/3229/2469 728/829/2171 1610/3664/3221 3494/1759/3222
f 3494/1759/3222 1610/3664/3221 368/428/372 1211/3232/2471
f 1611/3665/3223 3494/1759/3222 1211/3232/2471 433/497/957
f 729/830/2163 1611/3665/3223 3495/1760/3224 1055/3072/2164
f 1611/3665/3223 433/497/957 2300/2442/954 3495/1760/3224
f 3495/1760/3224 2300/2442/954 367/427/953 1612/3666/3225
f 1055/3072/2164 3495/1760/3224 1612/3666/3225 730/831/2157
f 730/831/2157 1612/3666/3225 3496/1761/3226 1052/3069/2158
f 1612/3666/3225 367/427/953 2475/2622/1315 3496/1761/3226
f 3496/1761/3226 2475/2622/1315 366/426/705 1613/3667/3227
f 1052/3069/2158 3496/1761/3226 1613/3667/3227 731/832/2151
f 731/832/2151 1613/3667/3227 3497/1762/3228 1049/3066/2152
f 1613/3667/3227 366/426/705 2178/2308/708 3497/1762/3228
f 3497/1762/3228 2178/2308/708 461/527/710 1614/3668/3229
f 1049/3066/2152 3497/1762/3228 1614/3668/3229 732/833/2142
f 733/834/2144 1044/3061/2143 3498/1763/3230 1615/3669/3231
f 1044/3061/2143 732/833/2142 1614/3668/3229 3498/1763/3230
f 3498/1763/3230 1614/3668/3229 461/527/710 939/2952/1935
f 1615/3669/3231 3498/1763/3230 939/2952/1935 365/425/1937
f 734/835/2136 1277/3302/2586 3499/1764/3232 1616/3670/3233
f 1277/3302/2586 733/834/2144 1615/3669/3231 3499/1764/3232
f 3499/1764/3232 1615/3669/3231 365/425/1937 1280/3305/2588
f 1616/3670/3233 3499/1764/3232 1280/3305/2588 489/557/1115
f 735/836/2130 1041/3058/2137 3500/1765/3234 1617/3671/3235
f 1041/3058/2137 734/835/2136 1616/3670/3233 3500/1765/3234
f 3500/1765/3234 1616/3670/3233 489/557/1115 2378/2522/1118
f 1617/3671/3235 3500/1765/3234 2378/2522/1118 364/424/261
f 736/837/2121 1039/3056/2131 3501/1766/3236 1618/3672/3237
f 1039/3056/2131 735/836/2130 1617/3671/3235 3501/1766/3236
f 3501/1766/3236 1617/3671/3235 364/424/261 1964/2086/259
f 1618/3672/3237 3501/1766/3236 1964/2086/259 363/423/127
f 737/838/2123 1034/3050/2122 3502/1767/3238 1619/3673/3239
f 1034/3050/2122 736/837/2121 1618/3672/3237 3502/1767/3238
f 3502/1767/3238 1618/3672/3237 363/423/127 1907/2019/130
f 1619/3673/3239 3502/1767/3238 1907/2019/130 539/615/135
f 738/840/2112 1362/3395/2750 3503/1768/3240 1620/3675/3241
f 1362/3395/2750 737/839/2123 1619/3674/3239 3503/1768/3240
f 3503/1768/3240 1619/3674/3239 539/616/135 1361/3394/2747
f 1620/3675/3241 3503/1768/3240 1361/3394/2747 362/422/178
f 739/841/2114 1030/3046/2113 3504/1769/3242 1621/3676/3243
f 1030/3046/2113 738/840/2112 1620/3675/3241 3504/1769/3242
f 3504/1769/3242 1620/3675/3241 362/422/178 1930/2050/181
f 1621/3676/3243 3504/1769/3242 1930/2050/181 621/713/186
f 740/842/2273 1460/3503/2930 3505/1770/3244 1622/3677/3245
f 1460/3503/2930 739/841/2114 1621/3676/3243 3505/1770/3244
f 3505/1770/3244 1621/3676/3243 621/713/186 1459/3502/2927
f 1622/3677/3245 3505/1770/3244 1459/3502/2927 361/421/289
f 361/421/289 1976/2100/288 3506/1771/3246 1622/3677/3245
f 1976/2100/288 382/442/287 1623/3678/3247 3506/1771/3246
f 3506/1771/3246 1623/3678/3247 741/843/2264 1106/3123/2274
f 1622/3677/3245 3506/1771/3246 1106/3123/2274 740/842/2273
f 382/442/287 2395/2540/1154 3507/1772/3248 1623/3678/3247
f 2395/2540/1154 481/548/1153 1624/3679/3249 3507/1772/3248
f 3507/1772/3248 1624/3679/3249 742/844/2268 1102/3119/2265
f 1623/3678/3247 3507/1772/3248 1102/3119/2265 741/843/2264
f 743/845/2255 1266/3290/2568 3508/1773/3250 1625/3680/3251
f 1266/3290/2568 742/844/2268 1624/3679/3249 3508/1773/3250
f 3508/1773/3250 1624/3679/3249 481/548/1153 1265/3289/2565
f 1625/3680/3251 3508/1773/3250 1265/3289/2565 381/441/1829
f 381/441/1829 2730/2898/1828 3509/1774/3252 1625/3680/3251
f 2730/2898/1828 453/518/1827 1626/3681/3253 3509/1774/3252
f 3509/1774/3252 1626/3681/3253 744/846/2259 1098/3115/2256
f 1625/3680/3251 3509/1774/3252 1098/3115/2256 743/845/2255
f 745/847/2249 1235/3257/2516 3510/1775/3254 1627/3682/3255
f 1235/3257/2516 744/846/2259 1626/3681/3253 3510/1775/3254
f 3510/1775/3254 1626/3681/3253 453/518/1827 1234/3256/2513
f 1627/3682/3255 3510/1775/3254 1234/3256/2513 380/440/753
f 380/440/753 2196/2328/752 3511/1776/3256 1627/3682/3255
f 2196/2328/752 379/439/751 1628/3683/3257 3511/1776/3256
f 3511/1776/3256 1628/3683/3257 746/848/2243 1095/3112/2250
f 1627/3682/3255 3511/1776/3256 1095/3112/2250 745/847/2249
f 379/439/751 2633/2798/1640 3512/1777/3258 1628/3683/3257
f 2633/2798/1640 378/438/1639 1629/3684/3259 3512/1777/3258
f 3512/1777/3258 1629/3684/3259 747/849/2237 1092/3109/2244
f 1628/3683/3257 3512/1777/3258 1092/3109/2244 746/848/2243
f 378/438/1639 2690/2856/1749 3513/1778/3260 1629/3684/3259
f 2690/2856/1749 377/437/1222 1630/3685/3261 3513/1778/3260
f 3513/1778/3260 1630/3685/3261 748/850/2231 1089/3106/2238
f 1629/3684/3259 3513/1778/3260 1089/3106/2238 747/849/2237
f 377/437/1222 2428/2574/1221 3514/1779/3262 1630/3685/3261
f 2428/2574/1221 376/436/1220 1631/3686/3263 3514/1779/3262
f 3514/1779/3262 1631/3686/3263 749/851/2225 1086/3103/2232
f 1630/3685/3261 3514/1779/3262 1086/3103/2232 748/850/2231
f 376/436/1220 953/2967/1963 3515/1780/3264 1631/3686/3263
f 953/2967/1963 375/435/1010 1632/3687/3265 3515/1780/3264
f 3515/1780/3264 1632/3687/3265 750/852/2216 1083/3100/2226
f 1631/3686/3263 3515/1780/3264 1083/3100/2226 749/851/2225
f 375/435/1010 2325/2468/1009 3516/1781/3266 1632/3687/3265
f 2325/2468/1009 425/488/1008 1633/3688/3267 3516/1781/3266
f 3516/1781/3266 1633/3688/3267 751/853/2220 1079/3096/2217
f 1632/3687/3265 3516/1781/3266 1079/3096/2217 750/852/2216
f 752/854/2207 1197/3217/2451 3517/1782/3268 1634/3689/3269
f 1197/3217/2451 751/853/2220 1633/3688/3267 3517/1782/3268
f 3517/1782/3268 1633/3688/3267 425/488/1008 1196/3216/2448
f 1634/3689/3269 3517/1782/3268 1196/3216/2448 374/434/397
f 374/434/397 2024/2150/396 3518/1783/3270 1634/3689/3269
f 2024/2150/396 397/458/395 1635/3690/3271 3518/1783/3270
f 3518/1783/3270 1635/3690/3271 753/855/2211 1075/3092/2208
f 1634/3689/3269 3518/1783/3270 1075/3092/2208 752/854/2207
f 754/856/2198 1144/3162/2352 3519/1784/3272 1637/3692/3273
f 1144/3162/2352 899/1007/2351 1636/3691/3274 3519/1784/3272
f 3519/1784/3272 1636/3691/3274 900/1008/2345 1141/3159/2344
f 1637/3692/3273 3519/1784/3272 1141/3159/2344 373/433/34
f 373/433/34 1860/1969/33 3520/1785/3275 1637/3692/3273
f 1860/1969/33 372/432/32 1638/3693/3276 3520/1785/3275
f 3520/1785/3275 1638/3693/3276 755/857/2202 1071/3088/2199
f 1637/3692/3273 3520/1785/3275 1071/3088/2199 754/856/2198
f 588/673/202 1639/3694/3277 3521/1786/3278 1421/3461/2858
f 1639/3694/3277 756/858/2197 1420/3460/2854 3521/1786/3278
f 3521/1786/3278 1420/3460/2854 755/857/2202 1638/3693/3276
f 1421/3461/2858 3521/1786/3278 1638/3693/3276 372/432/32
f 371/431/200 1640/3695/3279 3522/1787/3280 1936/2057/201
f 1640/3695/3279 757/859/2189 1070/3087/2192 3522/1787/3280
f 3522/1787/3280 1070/3087/2192 756/858/2197 1639/3694/3277
f 1936/2057/201 3522/1787/3280 1639/3694/3277 588/673/202
f 576/660/148 1641/3696/3281 3523/1788/3282 1405/3444/2830
f 1641/3696/3281 758/860/2188 1404/3443/2826 3523/1788/3282
f 3523/1788/3282 1404/3443/2826 757/859/2189 1640/3695/3279
f 1405/3444/2830 3523/1788/3282 1640/3695/3279 371/431/200
f 370/430/72 1642/3697/3283 3524/1789/3284 1912/2025/147
f 1642/3697/3283 759/861/2174 1066/3083/2184 3524/1789/3284
f 3524/1789/3284 1066/3083/2184 758/860/2188 1641/3696/3281
f 1912/2025/147 3524/1789/3284 1641/3696/3281 576/660/148
f 370/430/72 1877/1986/71 3525/1790/3285 1642/3697/3283
f 1877/1986/71 369/429/70 1643/3698/3286 3525/1790/3285
f 3525/1790/3285 1643/3698/3286 760/862/2178 1060/3077/2175
f 1642/3697/3283 3525/1790/3285 1060/3077/2175 759/861/2174
f 885/992/2386 1161/3180/2385 3526/1791/3287 1644/3699/3288
f 1161/3180/2385 760/862/2178 1643/3698/3286 3526/1791/3287
f 3526/1791/3287 1643/3698/3286 369/429/70 1166/3185/2390
f 1644/3699/3288 3526/1791/3287 1166/3185/2390 884/991/2394
f 761/863/505 1645/3700/3289 3527/1792/3290 2084/2212/506
f 1645/3700/3289 404/466/3291 1646/3701/3292 3527/1792/3290
f 3527/1792/3290 1646/3701/3292 145/172/3293 1647/3702/3294
f 2084/2212/506 3527/1792/3290 1647/3702/3294 762/864/507
f 763/865/963 1207/3228/2466 3528/1793/3295 1649/3704/3296
f 1207/3228/2466 762/864/507 1647/3702/3294 3528/1793/3295
f 3528/1793/3295 1647/3702/3294 145/172/3293 1648/3703/3297
f 1649/3704/3296 3528/1793/3295 1648/3703/3297 432/496/3298
f 764/866/965 2304/2446/964 3529/1794/3299 1651/3706/3300
f 2304/2446/964 763/865/963 1649/3704/3296 3529/1794/3299
f 3529/1794/3299 1649/3704/3296 432/496/3298 1650/3705/3301
f 1651/3706/3300 3529/1794/3299 1650/3705/3301 206/238/3302
f 766/868/1323 1652/3707/3303 3530/1795/3304 2707/2874/1778
f 1652/3707/3303 206/238/3302 1653/3708/3305 3530/1795/3304
f 3530/1795/3304 1653/3708/3305 101/122/3306 1654/3709/3307
f 2707/2874/1778 3530/1795/3304 1654/3709/3307 767/869/1697
f 769/871/717 1655/3710/3308 3531/1796/3309 1245/3268/2531
f 1655/3710/3308 101/122/3306 1656/3711/3310 3531/1796/3309
f 3531/1796/3309 1656/3711/3310 460/526/3311 1657/3712/3312
f 1245/3268/2531 3531/1796/3309 1657/3712/3312 770/872/1942
f 771/873/1944 941/2954/1943 3532/1797/3313 1659/3714/3314
f 941/2954/1943 770/872/1942 1657/3712/3312 3532/1797/3313
f 3532/1797/3313 1657/3712/3312 460/526/3311 1658/3713/3315
f 1659/3714/3314 3532/1797/3313 1658/3713/3315 169/198/3316
f 772/874/1123 1276/3301/2583 3533/1798/3317 1661/3716/3318
f 1276/3301/2583 771/873/1944 1659/3714/3314 3533/1798/3317
f 3533/1798/3317 1659/3714/3314 169/198/3316 1660/3715/3319
f 1661/3716/3318 3533/1798/3317 1660/3715/3319 488/556/3320
f 773/875/583 2380/2524/1124 3534/1799/3321 1663/3718/3322
f 2380/2524/1124 772/874/1123 1661/3716/3318 3534/1799/3321
f 3534/1799/3321 1661/3716/3318 488/556/3320 1662/3717/3323
f 1663/3718/3322 3534/1799/3321 1662/3717/3323 75/95/3324
f 774/877/574 2119/2248/584 3535/1800/3325 1665/3720/3326
f 2119/2248/584 773/875/583 1663/3718/3322 3535/1800/3325
f 3535/1800/3325 1663/3718/3322 75/95/3324 1664/3719/3327
f 1665/3720/3326 3535/1800/3325 1664/3719/3327 84/104/3328
f 775/878/576 2115/2244/575 3536/1801/3329 1667/3724/3330
f 2115/2244/575 774/876/574 1665/3721/3326 3536/1801/3329
f 3536/1801/3329 1665/3721/3326 84/105/3328 1666/3722/3331
f 1667/3724/3330 3536/1801/3329 1666/3722/3331 540/617/3332
f 776/879/565 1364/3397/2753 3537/1802/3333 1669/3726/3334
f 1364/3397/2753 775/878/576 1667/3724/3330 3537/1802/3333
f 3537/1802/3333 1667/3724/3330 540/617/3332 1668/3725/3335
f 1669/3726/3334 3537/1802/3333 1668/3725/3335 83/103/3336
f 777/880/567 2111/2239/566 3538/1803/3337 1671/3728/3338
f 2111/2239/566 776/879/565 1669/3726/3334 3538/1803/3337
f 3538/1803/3337 1669/3726/3334 83/103/3336 1670/3727/3339
f 1671/3728/3338 3538/1803/3337 1670/3727/3339 622/714/3340
f 778/881/552 1462/3505/2933 3539/1804/3341 1673/3730/3342
f 1462/3505/2933 777/880/567 1671/3728/3338 3539/1804/3341
f 3539/1804/3341 1671/3728/3338 622/714/3340 1672/3729/3343
f 1673/3730/3342 3539/1804/3341 1672/3729/3343 82/102/3344
f 82/102/3344 1674/3731/3345 3540/1805/3346 1673/3730/3342
f 1674/3731/3345 81/101/3347 1675/3732/3348 3540/1805/3346
f 3540/1805/3346 1675/3732/3348 779/882/556 2106/2234/553
f 1673/3730/3342 3540/1805/3346 2106/2234/553 778/881/552
f 81/101/3347 1676/3733/3349 3541/1806/3350 1675/3732/3348
f 1676/3733/3349 482/549/3351 1677/3734/3352 3541/1806/3350
f 3541/1806/3350 1677/3734/3352 780/883/1147 2392/2537/1145
f 1675/3732/3348 3541/1806/3350 2392/2537/1145 779/882/556
f 781/884/1817 1268/3292/2571 3542/1807/3353 1679/3736/3354
f 1268/3292/2571 780/883/1147 1677/3734/3352 3542/1807/3353
f 3542/1807/3353 1677/3734/3352 482/549/3351 1678/3735/3355
f 1679/3736/3354 3542/1807/3353 1678/3735/3355 175/205/3356
f 175/205/3356 1680/3737/3357 3543/1808/3358 1679/3736/3354
f 1680/3737/3357 454/519/3359 1681/3738/3360 3543/1808/3358
f 3543/1808/3358 1681/3738/3360 782/885/1821 2726/2894/1818
f 1679/3736/3354 3543/1808/3358 2726/2894/1818 781/884/1817
f 783/886/738 1237/3259/2519 3544/1809/3361 1683/3740/3362
f 1237/3259/2519 782/885/1821 1681/3738/3360 3544/1809/3361
f 3544/1809/3361 1681/3738/3360 454/519/3359 1682/3739/3363
f 1683/3740/3362 3544/1809/3361 1682/3739/3363 309/365/3364
f 309/365/3364 1684/3741/3365 3545/1810/3366 1683/3740/3362
f 1684/3741/3365 105/129/3367 1685/3742/3368 3545/1810/3366
f 3545/1810/3366 1685/3742/3368 784/887/742 2191/2323/739
f 1683/3740/3362 3545/1810/3366 2191/2323/739 783/886/738
f 105/129/3367 1686/3743/3369 3546/1811/3370 1685/3742/3368
f 1686/3743/3369 258/310/3371 1687/3744/3372 3546/1811/3370
f 3546/1811/3370 1687/3744/3372 785/888/1633 2630/2795/1631
f 1685/3742/3368 3546/1811/3370 2630/2795/1631 784/887/742
f 258/310/3371 1688/3745/3373 3547/1812/3374 1687/3744/3372
f 1688/3745/3373 287/341/3375 1689/3746/3376 3547/1812/3374
f 3547/1812/3374 1689/3746/3376 786/889/1207 2689/2855/1745
f 1687/3744/3372 3547/1812/3374 2689/2855/1745 785/888/1633
f 287/341/3375 1690/3747/3377 3548/1813/3378 1689/3746/3376
f 1690/3747/3377 188/219/3379 1691/3748/3380 3548/1813/3378
f 3548/1813/3378 1691/3748/3380 787/890/1211 2423/2569/1208
f 1689/3746/3376 3548/1813/3378 2423/2569/1208 786/889/1207
f 188/219/3379 1692/3749/3381 3549/1814/3382 1691/3748/3380
f 1692/3749/3381 326/384/3383 1693/3750/3384 3549/1814/3382
f 3549/1814/3382 1693/3750/3384 788/891/998 952/2966/1959
f 1691/3748/3380 3549/1814/3382 952/2966/1959 787/890/1211
f 326/384/3383 1694/3751/3385 3550/1815/3386 1693/3750/3384
f 1694/3751/3385 426/489/3387 1695/3752/3388 3550/1815/3386
f 3550/1815/3386 1695/3752/3388 789/892/1002 2321/2464/999
f 1693/3750/3384 3550/1815/3386 2321/2464/999 788/891/998
f 790/893/543 1199/3219/2454 3551/1816/3389 1697/3754/3390
f 1199/3219/2454 789/892/1002 1695/3752/3388 3551/1816/3389
f 3551/1816/3389 1695/3752/3388 426/489/3387 1696/3753/3391
f 1697/3754/3390 3551/1816/3389 1696/3753/3391 151/179/3392
f 151/179/3392 1698/3755/3393 3552/1817/3394 1697/3754/3390
f 1698/3755/3393 398/459/3395 1699/3756/3396 3552/1817/3394
f 3552/1817/3394 1699/3756/3396 791/894/547 2102/2230/544
f 1697/3754/3390 3552/1817/3394 2102/2230/544 790/893/543
f 792/895/534 1147/3165/2358 3553/1818/3397 1702/3759/3398
f 1147/3165/2358 896/1004/2357 1700/3757/3399 3553/1818/3397
f 3553/1818/3397 1700/3757/3399 897/1005/3400 1701/3758/3401
f 1702/3759/3398 3553/1818/3397 1701/3758/3401 80/100/3402
f 80/100/3402 1703/3760/3403 3554/1819/3404 1702/3759/3398
f 1703/3760/3403 79/99/3405 1704/3761/3406 3554/1819/3404
f 3554/1819/3404 1704/3761/3406 793/896/538 2098/2226/535
f 1702/3759/3398 3554/1819/3404 2098/2226/535 792/895/534
f 587/672/3407 1705/3762/3408 3555/1820/3409 1706/3763/3410
f 1705/3762/3408 794/897/533 1418/3458/2852 3555/1820/3409
f 3555/1820/3409 1418/3458/2852 793/896/538 1704/3761/3406
f 1706/3763/3410 3555/1820/3409 1704/3761/3406 79/99/3405
f 78/98/3411 1707/3764/3412 3556/1821/3413 1708/3765/3414
f 1707/3764/3412 795/898/525 2097/2225/528 3556/1821/3413
f 3556/1821/3413 2097/2225/528 794/897/533 1705/3762/3408
f 1708/3765/3414 3556/1821/3413 1705/3762/3408 587/672/3407
f 575/659/3415 1709/3766/3416 3557/1822/3417 1710/3767/3418
f 1709/3766/3416 796/899/524 1402/3441/2824 3557/1822/3417
f 3557/1822/3417 1402/3441/2824 795/898/525 1707/3764/3412
f 1710/3767/3418 3557/1822/3417 1707/3764/3412 78/98/3411
f 77/97/3419 1711/3768/3420 3558/1823/3421 1712/3769/3422
f 1711/3768/3420 797/900/510 2093/2221/520 3558/1823/3421
f 3558/1823/3421 2093/2221/520 796/899/524 1709/3766/3416
f 1712/3769/3422 3558/1823/3421 1709/3766/3416 575/659/3415
f 77/97/3419 1713/3770/3423 3559/1824/3424 1711/3768/3420
f 1713/3770/3423 76/96/3425 1714/3771/3426 3559/1824/3424
f 3559/1824/3424 1714/3771/3426 798/901/514 2087/2215/511
f 1711/3768/3420 3559/1824/3424 2087/2215/511 797/900/510
f 888/995/2381 1159/3178/2380 3560/1825/3427 1716/3773/3428
f 1159/3178/2380 798/901/514 1714/3771/3426 3560/1825/3427
f 3560/1825/3427 1714/3771/3426 76/96/3425 1715/3772/3429
f 1716/3773/3428 3560/1825/3427 1715/3772/3429 887/994/3430
f 799/903/2608 1717/3774/3431 3561/1826/3432 1290/3316/2611
f 1717/3774/3431 244/293/1336 2483/2631/1333 3561/1826/3432
f 3561/1826/3432 2483/2631/1333 559/641/1332 1718/3776/3433
f 1290/3316/2611 3561/1826/3432 1718/3776/3433 800/904/2612
f 801/905/2619 1385/3422/2793 3562/1827/3434 1719/3777/3435
f 1385/3422/2793 800/904/2612 1718/3776/3433 3562/1827/3434
f 3562/1827/3434 1718/3776/3433 559/641/1332 1384/3421/2789
f 1719/3777/3435 3562/1827/3434 1384/3421/2789 243/291/1345
f 802/906/2621 1294/3320/2620 3563/1828/3436 1720/3778/3437
f 1294/3320/2620 801/905/2619 1719/3777/3435 3563/1828/3436
f 3563/1828/3436 1719/3777/3435 243/291/1345 2487/2636/1342
f 1720/3778/3437 3563/1828/3436 2487/2636/1342 641/737/1341
f 803/907/2630 1486/3536/2980 3564/1829/3438 1721/3779/3439
f 1486/3536/2980 802/906/2621 1720/3778/3437 3564/1829/3438
f 3564/1829/3438 1720/3778/3437 641/737/1341 1484/3533/2975
f 1721/3779/3439 3564/1829/3438 1484/3533/2975 245/295/2974
f 804/908/2632 1299/3325/2631 3565/1830/3440 1722/3780/3441
f 1299/3325/2631 803/907/2630 1721/3779/3439 3565/1830/3440
f 3565/1830/3440 1721/3779/3439 245/295/2974 1485/3535/2977
f 1722/3780/3441 3565/1830/3440 1485/3535/2977 279/333/2973
f 805/909/2638 1302/3328/2637 3566/1831/3442 1723/3781/3443
f 1302/3328/2637 804/908/2632 1722/3780/3441 3566/1831/3442
f 3566/1831/3442 1722/3780/3441 279/333/2973 1482/3530/2972
f 1723/3781/3443 3566/1831/3442 1482/3530/2972 250/302/2969
f 806/910/2644 1305/3331/2643 3567/1832/3444 1724/3782/3445
f 1305/3331/2643 805/909/2638 1723/3781/3443 3567/1832/3444
f 3567/1832/3444 1723/3781/3443 250/302/2969 1480/3527/2968
f 1724/3782/3445 3567/1832/3444 1480/3527/2968 246/297/2967
f 638/733/1586 1725/3783/3446 3568/1833/3447 1479/3525/2966
f 1725/3783/3446 807/911/2653 1478/3523/2963 3568/1833/3447
f 3568/1833/3447 1478/3523/2963 806/910/2644 1724/3782/3445
f 1479/3525/2966 3568/1833/3447 1724/3782/3445 246/297/2967
f 242/289/1584 1726/3784/3448 3569/1834/3449 2606/2771/1585
f 1726/3784/3448 808/912/2645 1310/3336/2648 3569/1834/3449
f 3569/1834/3449 1310/3336/2648 807/911/2653 1725/3783/3446
f 2606/2771/1585 3569/1834/3449 1725/3783/3446 638/733/1586
f 556/637/1577 1727/3785/3450 3570/1835/3451 1381/3417/2786
f 1727/3785/3450 809/913/2662 1380/3415/2783 3570/1835/3451
f 3570/1835/3451 1380/3415/2783 808/912/2645 1726/3784/3448
f 1381/3417/2786 3570/1835/3451 1726/3784/3448 242/289/1584
f 241/287/1575 1728/3786/3452 3571/1836/3453 2602/2766/1576
f 1728/3786/3452 810/914/2654 1314/3341/2657 3571/1836/3453
f 3571/1836/3453 1314/3341/2657 809/913/2662 1727/3785/3450
f 2602/2766/1576 3571/1836/3453 1727/3785/3450 556/637/1577
f 811/916/2668 1316/3343/2667 3572/1837/3454 1729/3788/3455
f 1316/3343/2667 810/915/2654 1728/3787/3452 3572/1837/3454
f 3572/1837/3454 1728/3787/3452 241/286/1575 2601/2764/1572
f 1729/3788/3455 3572/1837/3454 2601/2764/1572 248/299/1571
f 812/917/2606 1319/3346/2671 3573/1838/3456 1730/3789/3457
f 1319/3346/2671 811/916/2668 1729/3788/3455 3573/1838/3456
f 3573/1838/3456 1729/3788/3455 248/299/1571 2677/2843/1724
f 1730/3789/3457 3573/1838/3456 2677/2843/1724 277/330/1338
f 799/902/2608 1288/3313/2607 3574/1839/3458 1717/3775/3431
f 1288/3313/2607 812/917/2606 1730/3789/3457 3574/1839/3458
f 3574/1839/3458 1730/3789/3457 277/330/1338 2484/2632/1337
f 1717/3775/3431 3574/1839/3458 2484/2632/1337 244/292/1336
f 768/870/715 2662/2828/1698 3575/1840/3459 2180/2310/716
f 2662/2828/1698 767/869/1697 1654/3709/3307 3575/1840/3459
f 3575/1840/3459 1654/3709/3307 101/122/3306 1655/3710/3308
f 2180/2310/716 3575/1840/3459 1655/3710/3308 769/871/717
f 765/867/1321 970/2985/1992 3576/1841/3460 2477/2624/1322
f 970/2985/1992 764/866/965 1651/3706/3300 3576/1841/3460
f 3576/1841/3460 1651/3706/3300 206/238/3302 1652/3707/3303
f 2477/2624/1322 3576/1841/3460 1652/3707/3303 766/868/1323
f 440/504/675 2160/2290/674 3577/1842/3461 1606/3660/3215
f 2160/2290/674 95/116/673 1608/3662/3218 3577/1842/3461
f 3577/1842/3461 1608/3662/3218 724/825/820 1217/3238/2485
f 1606/3660/3215 3577/1842/3461 1217/3238/2485 723/824/1908
f 95/116/673 2469/2616/1305 3578/1843/3462 1607/3661/3216
f 2469/2616/1305 200/232/923 1572/3625/3149 3578/1843/3462
f 3578/1843/3462 1572/3625/3149 689/788/1299 2706/2873/1775
f 1607/3661/3216 3578/1843/3462 2706/2873/1775 726/827/1691
f 656/753/3013 1731/3790/3463 3579/1844/3464 1504/3555/3014
f 1731/3790/3463 814/919/917 2286/2428/920 3579/1844/3464
f 3579/1844/3464 2286/2428/920 813/918/925 1732/3791/3465
f 1504/3555/3014 3579/1844/3464 1732/3791/3465 655/752/3009
f 657/754/3019 1733/3792/3466 3580/1845/3467 1507/3558/3020
f 1733/3792/3466 815/920/345 1178/3197/2416 3580/1845/3467
f 3580/1845/3467 1178/3197/2416 814/919/917 1731/3790/3463
f 1507/3558/3020 3580/1845/3467 1731/3790/3463 656/753/3013
f 658/755/3023 1734/3793/3468 3581/1846/3469 1509/3560/3024
f 1734/3793/3468 816/921/337 2002/2128/340 3581/1846/3469
f 3581/1846/3469 2002/2128/340 815/920/345 1733/3792/3466
f 1509/3560/3024 3581/1846/3469 1733/3792/3466 657/754/3019
f 659/756/3027 1735/3794/3470 3582/1847/3471 1511/3562/3028
f 1735/3794/3470 817/922/45 1111/3128/2280 3582/1847/3471
f 3582/1847/3471 1111/3128/2280 920/1029/2284 1736/3795/3472
f 1511/3562/3028 3582/1847/3471 1736/3795/3472 921/1030/3029
f 660/757/3033 1737/3796/3473 3583/1848/3474 1514/3565/3034
f 1737/3796/3473 818/923/37 1866/1975/40 3583/1848/3474
f 3583/1848/3474 1866/1975/40 817/922/45 1735/3794/3470
f 1514/3565/3034 3583/1848/3474 1735/3794/3470 659/756/3027
f 819/924/76 1879/1988/75 3584/1849/3475 1738/3797/3476
f 1879/1988/75 818/923/37 1737/3796/3473 3584/1849/3475
f 3584/1849/3475 1737/3796/3473 660/757/3033 1515/3566/3036
f 1738/3797/3476 3584/1849/3475 1515/3566/3036 661/758/3035
f 820/925/227 1412/3451/2843 3585/1850/3477 1739/3798/3478
f 1412/3451/2843 819/924/76 1738/3797/3476 3585/1850/3477
f 3585/1850/3477 1738/3797/3476 661/758/3035 1517/3568/3040
f 1739/3798/3478 3585/1850/3477 1517/3568/3040 662/759/3039
f 821/926/229 1948/2069/228 3586/1851/3479 1740/3799/3480
f 1948/2069/228 820/925/227 1739/3798/3478 3586/1851/3479
f 3586/1851/3479 1739/3798/3478 662/759/3039 1519/3570/3044
f 1740/3799/3480 3586/1851/3479 1519/3570/3044 663/760/3043
f 822/927/1 1428/3468/2871 3587/1852/3481 1741/3800/3482
f 1428/3468/2871 821/926/229 1740/3799/3480 3587/1852/3481
f 3587/1852/3481 1740/3799/3480 663/760/3043 1521/3572/3048
f 1741/3800/3482 3587/1852/3481 1521/3572/3048 664/761/3047
f 664/761/3047 1524/3575/3054 3588/1853/3483 1741/3800/3482
f 1524/3575/3054 665/762/3053 1742/3801/3484 3588/1853/3483
f 3588/1853/3483 1742/3801/3484 823/928/5 1847/1956/2
f 1741/3800/3482 3588/1853/3483 1847/1956/2 822/927/1
f 908/1016/2318 1127/3145/2317 3589/1854/3485 1743/3802/3486
f 1127/3145/2317 823/928/5 1742/3801/3484 3589/1854/3485
f 3589/1854/3485 1742/3801/3484 665/762/3053 1525/3576/3056
f 1743/3802/3486 3589/1854/3485 1525/3576/3056 907/1015/3055
f 825/930/424 2036/2162/423 3590/1855/3487 1745/3804/3488
f 2036/2162/423 824/929/422 1744/3803/3489 3590/1855/3487
f 3590/1855/3487 1744/3803/3489 666/763/3063 1527/3578/3060
f 1745/3804/3488 3590/1855/3487 1527/3578/3060 667/764/3059
f 826/931/1041 1188/3208/2435 3591/1856/3490 1746/3805/3491
f 1188/3208/2435 825/930/424 1745/3804/3488 3591/1856/3490
f 3591/1856/3490 1745/3804/3488 667/764/3059 1530/3581/3066
f 1746/3805/3491 3591/1856/3490 1530/3581/3066 668/765/3065
f 827/932/1043 2341/2484/1042 3592/1857/3492 1747/3806/3493
f 2341/2484/1042 826/931/1041 1746/3805/3491 3592/1857/3492
f 3592/1857/3492 1746/3805/3491 668/765/3065 1532/3583/3070
f 1747/3806/3493 3592/1857/3492 1532/3583/3070 669/766/3069
f 828/933/1253 959/2973/1974 3593/1858/3494 1748/3807/3495
f 959/2973/1974 827/932/1043 1747/3806/3493 3593/1858/3494
f 3593/1858/3494 1747/3806/3493 669/766/3069 1534/3585/3074
f 1748/3807/3495 3593/1858/3494 1534/3585/3074 670/767/3073
f 829/934/1255 2444/2590/1254 3594/1859/3496 1749/3808/3497
f 2444/2590/1254 828/933/1253 1748/3807/3495 3594/1859/3496
f 3594/1859/3496 1748/3807/3495 670/767/3073 1536/3587/3078
f 1749/3808/3497 3594/1859/3496 1536/3587/3078 671/768/3077
f 830/935/1661 2696/2862/1760 3595/1860/3498 1750/3809/3499
f 2696/2862/1760 829/934/1255 1749/3808/3497 3595/1860/3498
f 3595/1860/3498 1749/3808/3497 671/768/3077 1538/3589/3082
f 1750/3809/3499 3595/1860/3498 1538/3589/3082 672/769/3081
f 831/936/784 2644/2809/1662 3596/1861/3500 1751/3810/3501
f 2644/2809/1662 830/935/1661 1750/3809/3499 3596/1861/3500
f 3596/1861/3500 1750/3809/3499 672/769/3081 1540/3591/3086
f 1751/3810/3501 3596/1861/3500 1540/3591/3086 673/770/3085
f 832/937/786 2212/2344/785 3597/1862/3502 1752/3811/3503
f 2212/2344/785 831/936/784 1751/3810/3501 3597/1862/3502
f 3597/1862/3502 1751/3810/3501 673/770/3085 1542/3593/3090
f 1752/3811/3503 3597/1862/3502 1542/3593/3090 674/771/3089
f 833/938/1860 1226/3248/2500 3598/1863/3504 1753/3812/3505
f 1226/3248/2500 832/937/786 1752/3811/3503 3598/1863/3504
f 3598/1863/3504 1752/3811/3503 674/771/3089 1544/3595/3094
f 1753/3812/3505 3598/1863/3504 1544/3595/3094 675/772/3093
f 834/939/1862 2746/2914/1861 3599/1864/3506 1754/3813/3507
f 2746/2914/1861 833/938/1860 1753/3812/3505 3599/1864/3506
f 3599/1864/3506 1753/3812/3505 675/772/3093 1546/3597/3098
f 1754/3813/3507 3599/1864/3506 1546/3597/3098 676/773/3097
f 835/940/1175 1257/3281/2552 3600/1865/3508 1755/3814/3509
f 1257/3281/2552 834/939/1862 1754/3813/3507 3600/1865/3508
f 3600/1865/3508 1754/3813/3507 676/773/3097 1548/3599/3102
f 1755/3814/3509 3600/1865/3508 1548/3599/3102 677/774/3101
f 836/941/314 2406/2551/1176 3601/1866/3510 1756/3815/3511
f 2406/2551/1176 835/940/1175 1755/3814/3509 3601/1866/3510
f 3601/1866/3510 1755/3814/3509 677/774/3101 1550/3601/3106
f 1756/3815/3511 3601/1866/3510 1550/3601/3106 678/775/3105
f 837/942/316 1988/2112/315 3602/1867/3512 1757/3816/3513
f 1988/2112/315 836/941/314 1756/3815/3511 3602/1867/3512
f 3602/1867/3512 1756/3815/3511 678/775/3105 1552/3603/3110
f 1757/3816/3513 3602/1867/3512 1552/3603/3110 679/776/3109
f 680/777/3115 1758/3817/3514 3603/1868/3515 1555/3606/3116
f 1758/3817/3514 838/944/159 1452/3495/2913 3603/1868/3515
f 3603/1868/3515 1452/3495/2913 837/942/316 1757/3816/3513
f 1555/3606/3116 3603/1868/3515 1757/3816/3513 679/776/3109
f 681/780/3119 1759/3819/3516 3604/1869/3517 1557/3610/3120
f 1759/3819/3516 839/945/151 1918/2032/154 3604/1869/3517
f 3604/1869/3517 1918/2032/154 838/943/159 1758/3818/3514
f 1557/3610/3120 3604/1869/3517 1758/3818/3514 680/778/3115
f 682/781/3123 1760/3820/3518 3605/1870/3519 1559/3612/3124
f 1760/3820/3518 840/946/96 1354/3385/2733 3605/1870/3519
f 3605/1870/3519 1354/3385/2733 839/945/151 1759/3819/3516
f 1559/3612/3124 3605/1870/3519 1759/3819/3516 681/780/3119
f 683/782/3127 1761/3821/3520 3606/1871/3521 1561/3614/3128
f 1761/3821/3520 841/947/88 1889/1999/91 3606/1871/3521
f 3606/1871/3521 1889/1999/91 840/946/96 1760/3820/3518
f 1561/3614/3128 3606/1871/3521 1760/3820/3518 682/781/3123
f 684/783/3131 1762/3822/3522 3607/1872/3523 1563/3616/3132
f 1762/3822/3522 842/948/241 1957/2079/244 3607/1872/3523
f 3607/1872/3523 1957/2079/244 841/947/88 1761/3821/3520
f 1563/3616/3132 3607/1872/3523 1761/3821/3520 683/782/3127
f 684/783/3131 1565/3618/3136 3608/1873/3524 1762/3822/3522
f 1565/3618/3136 685/784/3135 1763/3823/3525 3608/1873/3524
f 3608/1873/3524 1763/3823/3525 843/949/1093 2365/2509/1091
f 1762/3822/3522 3608/1873/3524 2365/2509/1091 842/948/241
f 685/784/3135 1567/3620/3140 3609/1874/3526 1763/3823/3525
f 1567/3620/3140 686/785/3139 1764/3824/3527 3609/1874/3526
f 3609/1874/3526 1764/3824/3527 844/950/1915 1246/3269/2532
f 1763/3823/3525 3609/1874/3526 1246/3269/2532 843/949/1093
f 687/786/3143 1765/3825/3528 3610/1875/3529 1569/3622/3144
f 1765/3825/3528 845/951/677 928/2941/1911 3610/1875/3529
f 3610/1875/3529 928/2941/1911 844/950/1915 1764/3824/3527
f 1569/3622/3144 3610/1875/3529 1764/3824/3527 686/785/3139
f 688/787/3011 1766/3826/3530 3611/1876/3531 1570/3623/3146
f 1766/3826/3530 846/952/669 2162/2292/672 3611/1876/3531
f 3611/1876/3531 2162/2292/672 845/951/677 1765/3825/3528
f 1570/3623/3146 3611/1876/3531 1765/3825/3528 687/786/3143
f 655/752/3009 1732/3791/3465 3612/1877/3532 1502/3553/3010
f 1732/3791/3465 813/918/925 2468/2615/1303 3612/1877/3532
f 3612/1877/3532 2468/2615/1303 846/952/669 1766/3826/3530
f 1502/3553/3010 3612/1877/3532 1766/3826/3530 688/787/3011
f 848/954/2206 1073/3090/2205 3613/1878/3533 1768/3828/3534
f 1073/3090/2205 847/953/2204 1767/3827/3535 3613/1878/3533
f 3613/1878/3533 1767/3827/3535 79/99/3405 1703/3760/3403
f 1768/3828/3534 3613/1878/3533 1703/3760/3403 80/100/3402
f 897/1005/3400 1769/3829/3536 3614/1879/3537 1701/3758/3401
f 1769/3829/3536 898/1006/2347 1145/3163/2350 3614/1879/3537
f 3614/1879/3537 1145/3163/2350 848/954/2206 1768/3828/3534
f 1701/3758/3401 3614/1879/3537 1768/3828/3534 80/100/3402
f 850/956/2215 1077/3094/2214 3615/1880/3538 1771/3831/3539
f 1077/3094/2214 849/955/2213 1770/3830/3540 3615/1880/3538
f 3615/1880/3538 1770/3830/3540 398/459/3395 1698/3755/3393
f 1771/3831/3539 3615/1880/3538 1698/3755/3393 151/179/3392
f 426/489/3387 1772/3832/3541 3616/1881/3542 1696/3753/3391
f 1772/3832/3541 851/957/2222 1198/3218/2450 3616/1881/3542
f 3616/1881/3542 1198/3218/2450 850/956/2215 1771/3831/3539
f 1696/3753/3391 3616/1881/3542 1771/3831/3539 151/179/3392
f 852/958/2224 1081/3098/2223 3617/1882/3543 1773/3833/3544
f 1081/3098/2223 851/957/2222 1772/3832/3541 3617/1882/3543
f 3617/1882/3543 1772/3832/3541 426/489/3387 1694/3751/3385
f 1773/3833/3544 3617/1882/3543 1694/3751/3385 326/384/3383
f 853/959/2230 1084/3101/2229 3618/1883/3545 1774/3834/3546
f 1084/3101/2229 852/958/2224 1773/3833/3544 3618/1883/3545
f 3618/1883/3545 1773/3833/3544 326/384/3383 1692/3749/3381
f 1774/3834/3546 3618/1883/3545 1692/3749/3381 188/219/3379
f 854/960/2236 1087/3104/2235 3619/1884/3547 1775/3835/3548
f 1087/3104/2235 853/959/2230 1774/3834/3546 3619/1884/3547
f 3619/1884/3547 1774/3834/3546 188/219/3379 1690/3747/3377
f 1775/3835/3548 3619/1884/3547 1690/3747/3377 287/341/3375
f 855/961/2242 1090/3107/2241 3620/1885/3549 1776/3836/3550
f 1090/3107/2241 854/960/2236 1775/3835/3548 3620/1885/3549
f 3620/1885/3549 1775/3835/3548 287/341/3375 1688/3745/3373
f 1776/3836/3550 3620/1885/3549 1688/3745/3373 258/310/3371
f 856/962/2248 1093/3110/2247 3621/1886/3551 1777/3837/3552
f 1093/3110/2247 855/961/2242 1776/3836/3550 3621/1886/3551
f 3621/1886/3551 1776/3836/3550 258/310/3371 1686/3743/3369
f 1777/3837/3552 3621/1886/3551 1686/3743/3369 105/129/3367
f 857/963/2254 1096/3113/2253 3622/1887/3553 1778/3838/3554
f 1096/3113/2253 856/962/2248 1777/3837/3552 3622/1887/3553
f 3622/1887/3553 1777/3837/3552 105/129/3367 1684/3741/3365
f 1778/3838/3554 3622/1887/3553 1684/3741/3365 309/365/3364
f 454/519/3359 1779/3839/3555 3623/1888/3556 1682/3739/3363
f 1779/3839/3555 858/964/2261 1236/3258/2515 3623/1888/3556
f 3623/1888/3556 1236/3258/2515 857/963/2254 1778/3838/3554
f 1682/3739/3363 3623/1888/3556 1778/3838/3554 309/365/3364
f 859/965/2263 1100/3117/2262 3624/1889/3557 1780/3840/3558
f 1100/3117/2262 858/964/2261 1779/3839/3555 3624/1889/3557
f 3624/1889/3557 1779/3839/3555 454/519/3359 1680/3737/3357
f 1780/3840/3558 3624/1889/3557 1680/3737/3357 175/205/3356
f 482/549/3351 1781/3841/3559 3625/1890/3560 1678/3735/3355
f 1781/3841/3559 860/966/2270 1267/3291/2567 3625/1890/3560
f 3625/1890/3560 1267/3291/2567 859/965/2263 1780/3840/3558
f 1678/3735/3355 3625/1890/3560 1780/3840/3558 175/205/3356
f 861/967/2272 1104/3121/2271 3626/1891/3561 1782/3842/3562
f 1104/3121/2271 860/966/2270 1781/3841/3559 3626/1891/3561
f 3626/1891/3561 1781/3841/3559 482/549/3351 1676/3733/3349
f 1782/3842/3562 3626/1891/3561 1676/3733/3349 81/101/3347
f 862/968/2278 1107/3124/2277 3627/1892/3563 1783/3843/3564
f 1107/3124/2277 861/967/2272 1782/3842/3562 3627/1892/3563
f 3627/1892/3563 1782/3842/3562 81/101/3347 1674/3731/3345
f 1783/3843/3564 3627/1892/3563 1674/3731/3345 82/102/3344
f 622/714/3340 1784/3844/3565 3628/1893/3566 1672/3729/3343
f 1784/3844/3565 863/969/2116 1461/3504/2929 3628/1893/3566
f 3628/1893/3566 1461/3504/2929 862/968/2278 1783/3843/3564
f 1672/3729/3343 3628/1893/3566 1783/3843/3564 82/102/3344
f 83/103/3336 1785/3845/3567 3629/1894/3568 1670/3727/3339
f 1785/3845/3567 864/970/2108 1032/3048/2111 3629/1894/3568
f 3629/1894/3568 1032/3048/2111 863/969/2116 1784/3844/3565
f 1670/3727/3339 3629/1894/3568 1784/3844/3565 622/714/3340
f 540/617/3332 1786/3846/3569 3630/1895/3570 1668/3725/3335
f 1786/3846/3569 865/972/2125 1363/3396/2749 3630/1895/3570
f 3630/1895/3570 1363/3396/2749 864/970/2108 1785/3845/3567
f 1668/3725/3335 3630/1895/3570 1785/3845/3567 83/103/3336
f 84/104/3328 1787/3848/3571 3631/1896/3572 1666/3723/3331
f 1787/3848/3571 866/973/2117 1036/3053/2120 3631/1896/3572
f 3631/1896/3572 1036/3053/2120 865/971/2125 1786/3847/3569
f 1666/3723/3331 3631/1896/3572 1786/3847/3569 540/618/3332
f 84/104/3328 1664/3719/3327 3632/1897/3573 1787/3848/3571
f 1664/3719/3327 75/95/3324 1788/3849/3574 3632/1897/3573
f 3632/1897/3573 1788/3849/3574 867/974/2128 1037/3054/2126
f 1787/3848/3571 3632/1897/3573 1037/3054/2126 866/973/2117
f 488/556/3320 1789/3850/3575 3633/1898/3576 1662/3717/3323
f 1789/3850/3575 868/975/2132 1042/3059/2135 3633/1898/3576
f 3633/1898/3576 1042/3059/2135 867/974/2128 1788/3849/3574
f 1662/3717/3323 3633/1898/3576 1788/3849/3574 75/95/3324
f 169/198/3316 1790/3851/3577 3634/1899/3578 1660/3715/3319
f 1790/3851/3577 869/976/2146 1278/3303/2585 3634/1899/3578
f 3634/1899/3578 1278/3303/2585 868/975/2132 1789/3850/3575
f 1660/3715/3319 3634/1899/3578 1789/3850/3575 488/556/3320
f 460/526/3311 1791/3852/3579 3635/1900/3580 1658/3713/3315
f 1791/3852/3579 870/977/2138 1046/3063/2141 3635/1900/3580
f 3635/1900/3580 1046/3063/2141 869/976/2146 1790/3851/3577
f 1658/3713/3315 3635/1900/3580 1790/3851/3577 169/198/3316
f 460/526/3311 1656/3711/3310 3636/1901/3581 1791/3852/3579
f 1656/3711/3310 101/122/3306 1792/3853/3582 3636/1901/3581
f 3636/1901/3581 1792/3853/3582 871/978/2149 1047/3064/2147
f 1791/3852/3579 3636/1901/3581 1047/3064/2147 870/977/2138
f 101/122/3306 1653/3708/3305 3637/1902/3583 1792/3853/3582
f 1653/3708/3305 206/238/3302 1793/3854/3584 3637/1902/3583
f 3637/1902/3583 1793/3854/3584 872/979/2155 1050/3067/2153
f 1792/3853/3582 3637/1902/3583 1050/3067/2153 871/978/2149
f 206/238/3302 1650/3705/3301 3638/1903/3585 1793/3854/3584
f 1650/3705/3301 432/496/3298 1794/3855/3586 3638/1903/3585
f 3638/1903/3585 1794/3855/3586 873/980/2161 1053/3070/2159
f 1793/3854/3584 3638/1903/3585 1053/3070/2159 872/979/2155
f 145/172/3293 1795/3856/3587 3639/1904/3588 1648/3703/3297
f 1795/3856/3587 874/981/2173 1209/3230/2468 3639/1904/3588
f 3639/1904/3588 1209/3230/2468 873/980/2161 1794/3855/3586
f 1648/3703/3297 3639/1904/3588 1794/3855/3586 432/496/3298
f 404/466/3291 1796/3857/3589 3640/1905/3590 1646/3701/3292
f 1796/3857/3589 875/982/2165 1059/3076/2168 3640/1905/3590
f 3640/1905/3590 1059/3076/2168 874/981/2173 1795/3856/3587
f 1646/3701/3292 3640/1905/3590 1795/3856/3587 145/172/3293
f 76/96/3425 1797/3858/3591 3641/1906/3592 1715/3772/3429
f 1797/3858/3591 876/983/2180 1163/3182/2384 3641/1906/3592
f 3641/1906/3592 1163/3182/2384 886/993/2388 1798/3859/3593
f 1715/3772/3429 3641/1906/3592 1798/3859/3593 887/994/3430
f 877/984/2182 1062/3079/2181 3642/1907/3594 1799/3860/3595
f 1062/3079/2181 876/983/2180 1797/3858/3591 3642/1907/3594
f 3642/1907/3594 1797/3858/3591 76/96/3425 1713/3770/3423
f 1799/3860/3595 3642/1907/3594 1713/3770/3423 77/97/3419
f 878/985/2186 1064/3081/2185 3643/1908/3596 1800/3861/3597
f 1064/3081/2185 877/984/2182 1799/3860/3595 3643/1908/3596
f 3643/1908/3596 1799/3860/3595 77/97/3419 1712/3769/3422
f 1800/3861/3597 3643/1908/3596 1712/3769/3422 575/659/3415
f 879/986/2193 1403/3442/2827 3644/1909/3598 1801/3862/3599
f 1403/3442/2827 878/985/2186 1800/3861/3597 3644/1909/3598
f 3644/1909/3598 1800/3861/3597 575/659/3415 1710/3767/3418
f 1801/3862/3599 3644/1909/3598 1710/3767/3418 78/98/3411
f 880/987/2195 1068/3085/2194 3645/1910/3600 1802/3863/3601
f 1068/3085/2194 879/986/2193 1801/3862/3599 3645/1910/3600
f 3645/1910/3600 1801/3862/3599 78/98/3411 1708/3765/3414
f 1802/3863/3601 3645/1910/3600 1708/3765/3414 587/672/3407
f 847/953/2204 1419/3459/2855 3646/1911/3602 1767/3827/3535
f 1419/3459/2855 880/987/2195 1802/3863/3601 3646/1911/3602
f 3646/1911/3602 1802/3863/3601 587/672/3407 1706/3763/3410
f 1767/3827/3535 3646/1911/3602 1706/3763/3410 79/99/3405
f 882/989/2397 1170/3189/2402 3647/1912/3603 1804/3865/3604
f 1170/3189/2402 881/988/2401 1803/3864/3605 3647/1912/3603
f 3647/1912/3603 1803/3864/3605 408/470/359 2007/2133/356
f 1804/3865/3604 3647/1912/3603 2007/2133/356 407/469/355
f 883/990/2392 1168/3187/2398 3648/1913/3606 1805/3866/3607
f 1168/3187/2398 882/989/2397 1804/3865/3604 3648/1913/3606
f 3648/1913/3606 1804/3865/3604 407/469/355 2065/2192/473
f 1805/3866/3607 3648/1913/3606 2065/2192/473 406/468/368
f 884/991/2394 1165/3184/2393 3649/1914/3608 1806/3867/3609
f 1165/3184/2393 883/990/2392 1805/3866/3607 3649/1914/3608
f 3649/1914/3608 1805/3866/3607 406/468/368 2011/2137/365
f 1806/3867/3609 3649/1914/3608 2011/2137/365 405/467/364
f 727/828/2169 1807/3868/3610 3650/1915/3611 1609/3663/3219
f 1807/3868/3610 885/992/2386 1644/3699/3288 3650/1915/3611
f 3650/1915/3611 1644/3699/3288 884/991/2394 1806/3867/3609
f 1609/3663/3219 3650/1915/3611 1806/3867/3609 405/467/364
f 886/993/2388 1162/3181/2387 3651/1916/3612 1808/3869/3613
f 1162/3181/2387 885/992/2386 1807/3868/3610 3651/1916/3612
f 3651/1916/3612 1807/3868/3610 727/828/2169 1056/3073/2166
f 1808/3869/3613 3651/1916/3612 1056/3073/2166 875/982/2165
f 887/994/3430 1798/3859/3593 3652/1917/3614 1809/3870/3615
f 1798/3859/3593 886/993/2388 1808/3869/3613 3652/1917/3614
f 3652/1917/3614 1808/3869/3613 875/982/2165 1796/3857/3589
f 1809/3870/3615 3652/1917/3614 1796/3857/3589 404/466/3291
f 761/863/505 1810/3871/3616 3653/1918/3617 1645/3700/3289
f 1810/3871/3616 888/995/2381 1716/3773/3428 3653/1918/3617
f 3653/1918/3617 1716/3773/3428 887/994/3430 1809/3870/3615
f 1645/3700/3289 3653/1918/3617 1809/3870/3615 404/466/3291
f 889/996/2377 1160/3179/2382 3654/1919/3618 1811/3872/3619
f 1160/3179/2382 888/995/2381 1810/3871/3616 3654/1919/3618
f 3654/1919/3618 1810/3871/3616 761/863/505 2083/2211/502
f 1811/3872/3619 3654/1919/3618 2083/2211/502 403/465/501
f 890/997/2371 1158/3177/2378 3655/1920/3620 1812/3873/3621
f 1158/3177/2378 889/996/2377 1811/3872/3619 3655/1920/3620
f 3655/1920/3620 1811/3872/3619 403/465/501 2262/2400/879
f 1812/3873/3621 3655/1920/3620 2262/2400/879 402/464/373
f 891/998/2373 1155/3174/2372 3656/1921/3622 1813/3874/3623
f 1155/3174/2372 890/997/2371 1812/3873/3621 3656/1921/3622
f 3656/1921/3622 1812/3873/3621 402/464/373 2018/2144/376
f 1813/3874/3623 3656/1921/3622 2018/2144/376 571/654/381
f 892/999/2365 1398/3436/2818 3657/1922/3624 1814/3875/3625
f 1398/3436/2818 891/998/2373 1813/3874/3623 3657/1922/3624
f 3657/1922/3624 1813/3874/3623 571/654/381 1397/3435/2815
f 1814/3875/3625 3657/1922/3624 1397/3435/2815 401/463/382
f 893/1000/2367 1152/3171/2366 3658/1923/3626 1815/3876/3627
f 1152/3171/2366 892/999/2365 1814/3875/3625 3658/1923/3626
f 3658/1923/3626 1814/3875/3625 401/463/382 2022/2148/385
f 1815/3876/3627 3658/1923/3626 2022/2148/385 653/750/390
f 894/1002/2359 1499/3550/3005 3659/1924/3628 1816/3877/3629
f 1499/3550/3005 893/1000/2367 1815/3876/3627 3659/1924/3628
f 3659/1924/3628 1815/3876/3627 653/750/390 1498/3549/3002
f 1816/3877/3629 3659/1924/3628 1498/3549/3002 400/462/899
f 400/461/899 2272/2411/898 3660/1925/3630 1816/3878/3629
f 2272/2411/898 399/460/549 1817/3879/3631 3660/1925/3630
f 3660/1925/3630 1817/3879/3631 895/1003/2353 1149/3167/2360
f 1816/3878/3629 3660/1925/3630 1149/3167/2360 894/1001/2359
f 399/460/549 2103/2231/548 3661/1926/3632 1817/3879/3631
f 2103/2231/548 791/894/547 1818/3880/3633 3661/1926/3632
f 3661/1926/3632 1818/3880/3633 896/1004/2357 1146/3164/2354
f 1817/3879/3631 3661/1926/3632 1146/3164/2354 895/1003/2353
f 897/1005/3400 1700/3757/3399 3662/1927/3634 1819/3881/3635
f 1700/3757/3399 896/1004/2357 1818/3880/3633 3662/1927/3634
f 3662/1927/3634 1818/3880/3633 791/894/547 1699/3756/3396
f 1819/3881/3635 3662/1927/3634 1699/3756/3396 398/459/3395
f 398/459/3395 1770/3830/3540 3663/1928/3636 1819/3881/3635
f 1770/3830/3540 849/955/2213 1820/3882/3637 3663/1928/3636
f 3663/1928/3636 1820/3882/3637 898/1006/2347 1769/3829/3536
f 1819/3881/3635 3663/1928/3636 1769/3829/3536 897/1005/3400
f 849/955/2213 1076/3093/2212 3664/1929/3638 1820/3882/3637
f 1076/3093/2212 753/855/2211 1821/3883/3639 3664/1929/3638
f 3664/1929/3638 1821/3883/3639 899/1007/2351 1143/3161/2348
f 1820/3882/3637 3664/1929/3638 1143/3161/2348 898/1006/2347
f 900/1008/2345 1636/3691/3274 3665/1930/3640 1822/3884/3641
f 1636/3691/3274 899/1007/2351 1821/3883/3639 3665/1930/3640
f 3665/1930/3640 1821/3883/3639 753/855/2211 1635/3690/3271
f 1822/3884/3641 3665/1930/3640 1635/3690/3271 397/458/395
f 901/1009/2339 1142/3160/2346 3666/1931/3642 1823/3885/3643
f 1142/3160/2346 900/1008/2345 1822/3884/3641 3666/1931/3642
f 3666/1931/3642 1822/3884/3641 397/458/395 2023/2149/392
f 1823/3885/3643 3666/1931/3642 2023/2149/392 396/457/391
f 396/457/391 2074/2201/489 3667/1932/3644 1823/3885/3643
f 2074/2201/489 395/456/404 1824/3886/3645 3667/1932/3644
f 3667/1932/3644 1824/3886/3645 902/1010/2337 1139/3157/2340
f 1823/3885/3643 3667/1932/3644 1139/3157/2340 901/1009/2339
f 903/1011/2331 1138/3156/2338 3668/1933/3646 1825/3887/3647
f 1138/3156/2338 902/1010/2337 1824/3886/3645 3668/1933/3646
f 3668/1933/3646 1824/3886/3645 395/456/404 2027/2153/401
f 1825/3887/3647 3668/1933/3646 2027/2153/401 394/455/400
f 394/455/400 2056/2182/461 3669/1934/3648 1825/3887/3647
f 2056/2182/461 393/454/413 1826/3888/3649 3669/1934/3648
f 3669/1934/3648 1826/3888/3649 904/1012/2329 1135/3153/2332
f 1825/3887/3647 3669/1934/3648 1135/3153/2332 903/1011/2331
f 905/1013/2321 1134/3152/2330 3670/1935/3650 1827/3889/3651
f 1134/3152/2330 904/1012/2329 1826/3888/3649 3670/1935/3650
f 3670/1935/3650 1826/3888/3649 393/454/413 2031/2157/410
f 1827/3889/3651 3670/1935/3650 2031/2157/410 392/453/409
f 392/453/409 996/3011/2045 3671/1936/3652 1827/3889/3651
f 996/3011/2045 391/452/2044 1828/3890/3653 3671/1936/3652
f 3671/1936/3652 1828/3890/3653 906/1014/2325 1130/3148/2322
f 1827/3889/3651 3671/1936/3652 1130/3148/2322 905/1013/2321
f 666/763/3063 1829/3891/3654 3672/1937/3655 1528/3579/3064
f 1829/3891/3654 907/1015/3055 1526/3577/3058 3672/1937/3655
f 3672/1937/3655 1526/3577/3058 906/1014/2325 1828/3890/3653
f 1528/3579/3064 3672/1937/3655 1828/3890/3653 391/452/2044
f 824/929/422 1830/3892/3656 3673/1938/3657 1744/3803/3489
f 1830/3892/3656 908/1016/2318 1743/3802/3486 3673/1938/3657
f 3673/1938/3657 1743/3802/3486 907/1015/3055 1829/3891/3654
f 1744/3803/3489 3673/1938/3657 1829/3891/3654 666/763/3063
f 909/1017/2320 1128/3146/2319 3674/1939/3658 1831/3893/3659
f 1128/3146/2319 908/1016/2318 1830/3892/3656 3674/1939/3658
f 3674/1939/3658 1830/3892/3656 824/929/422 2035/2161/419
f 1831/3893/3659 3674/1939/3658 2035/2161/419 390/451/418
f 702/801/616 1832/3894/3660 3675/1940/3661 1585/3638/3175
f 1832/3894/3660 910/1018/2313 1584/3637/3172 3675/1940/3661
f 3675/1940/3661 1584/3637/3172 909/1017/2320 1831/3893/3659
f 1585/3638/3175 3675/1940/3661 1831/3893/3659 390/451/418
f 911/1019/2308 1126/3144/2314 3676/1941/3662 1833/3895/3663
f 1126/3144/2314 910/1018/2313 1832/3894/3660 3676/1941/3662
f 3676/1941/3662 1832/3894/3660 702/801/616 2133/2263/613
f 1833/3895/3663 3676/1941/3662 2133/2263/613 389/450/612
f 912/1020/2310 1123/3140/2309 3677/1942/3664 1834/3896/3665
f 1123/3140/2309 911/1019/2308 1833/3895/3663 3677/1942/3664
f 3677/1942/3664 1833/3895/3663 389/450/612 2237/2372/838
f 1834/3896/3665 3677/1942/3664 2237/2372/838 388/448/837
f 599/685/433 1835/3898/3666 3678/1943/3667 1435/3476/2883
f 1835/3898/3666 913/1022/2304 1434/3475/2880 3678/1943/3667
f 3678/1943/3667 1434/3475/2880 912/1021/2310 1834/3897/3665
f 1435/3476/2883 3678/1943/3667 1834/3897/3665 388/449/837
f 387/447/431 1836/3899/3668 3679/1944/3669 2040/2166/432
f 1836/3899/3668 914/1023/2299 1121/3138/2302 3679/1944/3669
f 3679/1944/3669 1121/3138/2302 913/1022/2304 1835/3898/3666
f 2040/2166/432 3679/1944/3669 1835/3898/3666 599/685/433
f 517/590/442 1837/3900/3670 3680/1945/3671 1337/3367/2703
f 1837/3900/3670 915/1024/2298 1336/3366/2700 3680/1945/3671
f 3680/1945/3671 1336/3366/2700 914/1023/2299 1836/3899/3668
f 1337/3367/2703 3680/1945/3671 1836/3899/3668 387/447/431
f 386/446/440 1838/3901/3672 3681/1946/3673 2044/2170/441
f 1838/3901/3672 916/1025/2291 1118/3135/2296 3681/1946/3673
f 3681/1946/3673 1118/3135/2296 915/1024/2298 1837/3900/3670
f 2044/2170/441 3681/1946/3673 1837/3900/3670 517/590/442
f 386/446/440 2249/2386/859 3682/1947/3674 1838/3901/3672
f 2249/2386/859 385/445/662 1839/3902/3675 3682/1947/3674
f 3682/1947/3674 1839/3902/3675 917/1026/2285 1115/3132/2292
f 1838/3901/3672 3682/1947/3674 1115/3132/2292 916/1025/2291
f 385/445/662 2154/2284/661 3683/1948/3676 1839/3902/3675
f 2154/2284/661 694/793/660 1840/3903/3677 3683/1948/3676
f 3683/1948/3676 1840/3903/3677 918/1027/2289 1112/3129/2286
f 1839/3902/3675 3683/1948/3676 1112/3129/2286 917/1026/2285
f 919/1028/2282 1576/3629/3158 3684/1949/3678 1841/3904/3679
f 1576/3629/3158 918/1027/2289 1840/3903/3677 3684/1949/3678
f 3684/1949/3678 1840/3903/3677 694/793/660 1575/3628/3155
f 1841/3904/3679 3684/1949/3678 1575/3628/3155 384/444/341
f 920/1029/2284 1110/3127/2283 3685/1950/3680 1842/3905/3681
f 1110/3127/2283 919/1028/2282 1841/3904/3679 3685/1950/3680
f 3685/1950/3680 1841/3904/3679 384/444/341 1999/2125/338
f 1842/3905/3681 3685/1950/3680 1999/2125/338 816/921/337
f 921/1030/3029 1736/3795/3472 3686/1951/3682 1843/3906/3683
f 1736/3795/3472 920/1029/2284 1842/3905/3681 3686/1951/3682
f 3686/1951/3682 1842/3905/3681 816/921/337 1734/3793/3468
f 1843/3906/3683 3686/1951/3682 1734/3793/3468 658/755/3023
f 922/1031/2413 1512/3563/3030 3687/1952/3684 1844/3907/3685
f 1512/3563/3030 921/1030/3029 1843/3906/3683 3687/1952/3684
f 3687/1952/3684 1843/3906/3683 658/755/3023 1508/3559/3021
f 1844/3907/3685 3687/1952/3684 1508/3559/3021 383/443/2014
f 923/1032/2409 1176/3195/2414 3688/1953/3686 1845/3908/3687
f 1176/3195/2414 922/1031/2413 1844/3907/3685 3688/1953/3686
f 3688/1953/3686 1844/3907/3685 383/443/2014 981/2996/2012
f 1845/3908/3687 3688/1953/3686 981/2996/2012 410/472/350
f 924/1033/2405 1174/3193/2410 3689/1954/3688 1846/3909/3689
f 1174/3193/2410 923/1032/2409 1845/3908/3687 3689/1954/3688
f 3689/1954/3688 1845/3908/3687 410/472/350 2003/2129/347
f 1846/3909/3689 3689/1954/3688 2003/2129/347 409/471/346
f 881/988/2401 1172/3191/2406 3690/1955/3690 1803/3864/3605
f 1172/3191/2406 924/1033/2405 1846/3909/3689 3690/1955/3690
f 3690/1955/3690 1846/3909/3689 409/471/346 2047/2173/445
f 1803/3864/3605 3690/1955/3690 2047/2173/445 408/470/359
g default
v 0.631141 2.735050 0.603854
v 0.567485 2.769005 0.579546
v 0.492945 2.756415 0.588559
v 0.451186 2.704656 0.625614
v 0.466670 2.644047 0.669004
v 0.530326 2.610093 0.693312
v 0.604865 2.622682 0.684299
v 0.646624 2.674442 0.647244
v 0.623435 2.741673 0.622111
v 0.565743 2.772445 0.600081
v 0.498189 2.761035 0.608249
v 0.460343 2.714125 0.641832
v 0.474376 2.659196 0.681157
v 0.532067 2.628423 0.703187
v 0.599622 2.639834 0.695018
v 0.637467 2.686743 0.661436
v 0.605948 2.739355 0.639317
v 0.561793 2.762908 0.622455
v 0.510089 2.754175 0.628707
v 0.481123 2.718272 0.654410
v 0.491863 2.676230 0.684508
v 0.536018 2.652678 0.701370
v 0.587722 2.661410 0.695118
v 0.616688 2.697313 0.669415
v 0.580380 2.728118 0.653509
v 0.556016 2.741113 0.644205
v 0.527487 2.736295 0.647655
v 0.511504 2.716484 0.661838
v 0.517430 2.693287 0.678444
v 0.541794 2.680291 0.687749
v 0.570324 2.685110 0.684299
v 0.586306 2.704920 0.670116
v 0.548905 2.711151 0.666605
v 0.481561 2.696418 0.670056
v 0.533754 2.639865 0.703927
v 0.511178 2.661030 0.695391
v 0.594540 2.650132 0.696577
v 0.562894 2.653035 0.701114
v 0.628594 2.692342 0.666358
v 0.606416 2.677116 0.683875
v 0.616249 2.719168 0.653769
v 0.559029 2.753001 0.633590
v 0.570190 2.737081 0.647084
v 0.593715 2.734499 0.646835
v 0.518413 2.746141 0.638501
v 0.541013 2.741592 0.643855
v 0.495659 2.717938 0.658692
v 0.516458 2.728005 0.653582
v 0.504095 2.684912 0.682335
v 0.510911 2.704281 0.670566
v 0.538782 2.666410 0.695581
v 0.527620 2.684316 0.684859
v 0.579398 2.673271 0.690669
v 0.556798 2.679805 0.688089
v 0.602152 2.701474 0.670479
v 0.581352 2.693391 0.678362
v 0.586899 2.717116 0.661378
v 0.553006 2.728621 0.653956
v 0.567055 2.721127 0.659321
v 0.536554 2.725842 0.655945
v 0.527337 2.714418 0.664124
v 0.530755 2.701041 0.673700
v 0.544804 2.693547 0.679065
v 0.561257 2.696326 0.677076
v 0.570473 2.707749 0.668898
v 0.603295 2.756964 0.588166
v 0.566777 2.771666 0.589653
v 0.598199 2.761533 0.607894
v 0.628011 2.739005 0.613036
v 0.528738 2.768490 0.579914
v 0.495075 2.759556 0.598323
v 0.530628 2.771979 0.600415
v 0.465995 2.733774 0.604768
v 0.454906 2.709767 0.633968
v 0.473763 2.740516 0.622940
v 0.451819 2.673151 0.648168
v 0.469800 2.651465 0.675706
v 0.460916 2.685572 0.662274
v 0.494515 2.622133 0.684692
v 0.531033 2.618803 0.699089
v 0.499612 2.639336 0.695375
v 0.569072 2.610607 0.692944
v 0.602735 2.630913 0.690420
v 0.567183 2.628890 0.702854
v 0.631815 2.645324 0.668090
v 0.642905 2.680702 0.654775
v 0.624047 2.660353 0.680328
v 0.645991 2.705947 0.624689
v 0.636894 2.715296 0.640995
v 0.564057 2.769458 0.611151
v 0.586633 2.754556 0.628435
v 0.615968 2.741768 0.630974
v 0.503270 2.759191 0.618501
v 0.534916 2.762551 0.622711
v 0.469216 2.716981 0.648719
v 0.491394 2.738469 0.639951
v 0.481843 2.667555 0.684104
v 0.601225 2.760084 0.597945
v 0.529506 2.771172 0.590007
v 0.469150 2.737776 0.613915
v 0.455514 2.679461 0.655664
v 0.496585 2.630385 0.690797
v 0.568305 2.619297 0.698735
v 0.628660 2.652692 0.674827
v 0.642296 2.711008 0.633079
v 0.593260 2.759638 0.618180
v 0.532459 2.769038 0.611451
v 0.481292 2.740727 0.631719
v 0.469732 2.691289 0.667112
v 0.504550 2.649684 0.696897
v 0.565351 2.640285 0.703626
v 0.616518 2.668596 0.683358
v 0.628078 2.718034 0.647965
v 0.578542 2.746440 0.638287
v 0.537916 2.752721 0.633790
v 0.503728 2.733804 0.647333
v 0.496003 2.700770 0.670982
v 0.519268 2.672972 0.690883
v 0.559894 2.666691 0.695380
v 0.594083 2.685608 0.681837
v 0.601807 2.718641 0.658188
v 0.562781 2.728268 0.654177
v 0.543760 2.731209 0.652072
v 0.527753 2.722352 0.658413
v 0.524136 2.706886 0.669485
v 0.535029 2.693870 0.678803
v 0.554050 2.690930 0.680908
v 0.570058 2.699787 0.674567
v 0.573674 2.715253 0.663495
vt 4.462739 0.303743
vt 4.455319 0.305640
vt 4.449423 0.301939
vt 4.447830 0.295495
vt 4.450957 0.289782
vt 4.457139 0.287673
vt 4.463291 0.290391
vt 4.466120 0.297039
vt 4.461166 0.301875
vt 4.455752 0.303355
vt 4.451203 0.300672
vt 4.449907 0.295761
vt 4.452296 0.291365
vt 4.457059 0.289774
vt 4.461742 0.291940
vt 4.463688 0.296959
vt 4.459917 0.300392
vt 4.456019 0.301488
vt 4.452665 0.299567
vt 4.451677 0.295962
vt 4.453434 0.292712
vt 4.456958 0.291552
vt 4.460389 0.293177
vt 4.461750 0.296845
vt 4.458396 0.298590
vt 4.456307 0.299198
vt 4.454459 0.298176
vt 4.453891 0.296197
vt 4.454857 0.294396
vt 4.456812 0.293766
vt 4.458688 0.294682
vt 4.459391 0.296683
vt 4.456600 0.296461
vt 4.458816 0.303931
vt 4.452772 0.303131
vt 4.449342 0.298526
vt 4.450030 0.292982
vt 4.454280 0.289414
vt 4.459906 0.289706
vt 4.463970 0.293979
vt 4.463699 0.300033
vt 4.458345 0.302274
vt 4.453642 0.301687
vt 4.450911 0.298103
vt 4.451432 0.293733
vt 4.454788 0.290922
vt 4.459221 0.291180
vt 4.462362 0.294550
vt 4.462111 0.299249
vt 4.457748 0.300231
vt 4.454699 0.299881
vt 4.452876 0.297556
vt 4.453199 0.294674
vt 4.455419 0.292821
vt 4.458341 0.293015
vt 4.460359 0.295239
vt 4.460164 0.298276
vt 4.457139 0.298210
vt 4.455725 0.298060
vt 4.454858 0.296981
vt 4.455002 0.295625
vt 4.456050 0.294752
vt 4.457425 0.294854
vt 4.458353 0.295901
vt 4.458250 0.297306
vt 4.459029 0.304692
vt 4.455629 0.304166
vt 4.458591 0.303137
vt 4.461712 0.302523
vt 4.452371 0.303790
vt 4.450568 0.301146
vt 4.453190 0.302441
vt 4.448627 0.298717
vt 4.449145 0.295672
vt 4.450092 0.298325
vt 4.449393 0.292638
vt 4.451806 0.290785
vt 4.450700 0.293341
vt 4.454048 0.288728
vt 4.457098 0.289007
vt 4.454524 0.290134
vt 4.460215 0.289032
vt 4.462323 0.291399
vt 4.459580 0.290411
vt 4.464705 0.293715
vt 4.464534 0.297004
vt 4.463201 0.294254
vt 4.464429 0.300391
vt 4.462937 0.299657
vt 4.455882 0.302472
vt 4.458067 0.301315
vt 4.460574 0.301172
vt 4.451895 0.300153
vt 4.454140 0.300843
vt 4.450740 0.295857
vt 4.451829 0.297850
vt 4.452832 0.291999
vt 4.452255 0.294173
vt 4.457013 0.290612
vt 4.455083 0.291807
vt 4.461106 0.292526
vt 4.458813 0.292039
vt 4.462770 0.296907
vt 4.461425 0.294876
vt 4.461195 0.298793
vt 4.456164 0.300373
vt 4.457427 0.299153
vt 4.459174 0.299512
vt 4.453540 0.298895
vt 4.455249 0.298915
vt 4.452749 0.296078
vt 4.453928 0.297255
vt 4.454123 0.293527
vt 4.454152 0.295178
vt 4.456890 0.292626
vt 4.455754 0.293842
vt 4.459566 0.293912
vt 4.457860 0.293992
vt 4.460598 0.296769
vt 4.459292 0.295595
vt 4.459141 0.297760
vt 4.456436 0.298036
vt 4.457632 0.297684
vt 4.455369 0.297452
vt 4.455036 0.296311
vt 4.455593 0.295269
vt 4.456725 0.294906
vt 4.457806 0.295439
vt 4.458203 0.296592
vn 0.770874 0.636883 -0.011526
vn 0.511651 0.843977 -0.160981
vn 0.492960 0.866282 -0.080907
vn 0.742725 0.666633 0.062921
vn 0.174170 0.955182 -0.239358
vn 0.167812 0.973299 -0.156616
vn 0.141543 0.985153 0.097158
vn 0.415803 0.895031 0.161328
vn 0.626505 0.726472 0.282366
vn -0.189702 0.952407 -0.238609
vn -0.182783 0.970749 -0.155684
vn -0.524575 0.837151 -0.154915
vn -0.505422 0.859588 -0.075215
vn -0.426327 0.889236 0.165848
vn -0.154182 0.983145 0.098257
vn -0.779956 0.625816 -0.004803
vn -0.751474 0.656083 0.069588
vn -0.916008 0.351979 0.192459
vn -0.882561 0.392126 0.259467
vn -0.744469 0.494908 0.448144
vn -0.633839 0.717743 0.288260
vn -0.913311 0.055524 0.403459
vn -0.879950 0.106628 0.462945
vn -0.770875 -0.216178 0.599182
vn -0.742733 -0.155289 0.651331
vn -0.626510 0.033151 0.778708
vn -0.742209 0.254282 0.620053
vn -0.511650 -0.424401 0.747059
vn -0.492975 -0.355787 0.793972
vn -0.174162 -0.534465 0.827052
vn -0.167804 -0.461967 0.870878
vn -0.141550 -0.225532 0.963898
vn -0.415811 -0.135749 0.899263
vn 0.189718 -0.532832 0.824680
vn 0.182786 -0.460244 0.868772
vn 0.524574 -0.416436 0.742565
vn 0.505412 -0.348242 0.789485
vn 0.426339 -0.129603 0.895231
vn 0.154178 -0.223851 0.962351
vn 0.779951 -0.206245 0.590880
vn 0.751465 -0.145587 0.643510
vn 0.916005 0.068766 0.395229
vn 0.882560 0.119237 0.454831
vn 0.744467 0.264723 0.612936
vn 0.633842 0.041556 0.772345
vn 0.913300 0.364053 0.182618
vn 0.879946 0.403880 0.250153
vn 0.742214 0.505005 0.440555
vn 0.292296 0.854873 0.428667
vn 0.440362 0.736317 0.513730
vn 0.099492 0.918143 0.383555
vn 0.061158 0.811584 0.581026
vn 0.179621 0.772647 0.608895
vn 0.270710 0.699806 0.661051
vn -0.108385 0.916812 0.384329
vn -0.299656 0.850722 0.431832
vn -0.184210 0.770134 0.610705
vn -0.066602 0.810712 0.581644
vn -0.445562 0.730244 0.517898
vn -0.523278 0.573559 0.630246
vn -0.321676 0.599753 0.732680
vn -0.273798 0.696063 0.663725
vn -0.521749 0.404454 0.751129
vn -0.440355 0.249008 0.862602
vn -0.270707 0.400236 0.875517
vn -0.320617 0.495864 0.807046
vn -0.292293 0.130286 0.947412
vn -0.099490 0.067185 0.992768
vn -0.061163 0.288459 0.955537
vn -0.179617 0.327386 0.927662
vn 0.108383 0.068337 0.991758
vn 0.299663 0.134597 0.944503
vn 0.184216 0.329900 0.925867
vn 0.066600 0.289319 0.954913
vn 0.445571 0.254905 0.858190
vn 0.523274 0.411767 0.746078
vn 0.321679 0.500288 0.803887
vn 0.273810 0.403965 0.872835
vn 0.521748 0.580696 0.624956
vn 0.320612 0.604169 0.729512
vn 0.096496 0.692635 0.714804
vn 0.145709 0.653623 0.742661
vn 0.032919 0.713781 0.699595
vn 0.016194 0.649174 0.760467
vn 0.047890 0.639251 0.767506
vn 0.071679 0.619582 0.781652
vn -0.035781 0.713086 0.700163
vn -0.099153 0.691478 0.715560
vn -0.048777 0.638203 0.768321
vn -0.017758 0.649394 0.760244
vn -0.147094 0.651494 0.744257
vn -0.173145 0.599765 0.781219
vn -0.085176 0.593086 0.800621
vn -0.073004 0.618828 0.782127
vn -0.172248 0.543941 0.821255
vn -0.145712 0.492373 0.858101
vn -0.071679 0.540257 0.838442
vn -0.085487 0.565449 0.820341
vn -0.096496 0.453428 0.886054
vn -0.032920 0.432212 0.901171
vn -0.016195 0.510662 0.859629
vn -0.047892 0.520526 0.852502
vn 0.035782 0.432976 0.900695
vn 0.099157 0.454515 0.885203
vn 0.048778 0.521635 0.851773
vn 0.017759 0.510381 0.859765
vn 0.147098 0.494568 0.856601
vn 0.173144 0.546232 0.819543
vn 0.085173 0.566752 0.819474
vn 0.073003 0.540945 0.837884
vn 0.172243 0.602124 0.779601
vn 0.085485 0.594327 0.799667
vn 0.015746 0.601391 0.798800
vn 0.017605 0.591719 0.805952
vn 0.003977 0.598989 0.800747
vn 0.000000 0.582112 0.813109
vn -0.005838 0.604726 0.796412
vn -0.011980 0.596294 0.802677
vn -0.024006 0.594676 0.803607
vn -0.020921 0.585215 0.810609
vn -0.028108 0.577125 0.816172
vn -0.017605 0.572240 0.819897
vn -0.015747 0.562352 0.826748
vn -0.003977 0.564969 0.825102
vn 0.005839 0.559018 0.829135
vn 0.011980 0.567665 0.823172
vn 0.024005 0.569068 0.821940
vn 0.020921 0.578745 0.815240
vn 0.028108 0.586618 0.809376
s 1
g group19 group17 journals4 group14 group16 pSphere2
usemtl aiStandardSurface3SG
f 3691/3910/3691 3756/3975/3692 3788/3943/3693 3759/3978/3694
f 3756/3975/3692 3692/3911/3695 3757/3976/3696 3788/3943/3693
f 3788/3943/3693 3757/3976/3696 3700/3919/3697 3758/3977/3698
f 3759/3978/3694 3788/3943/3693 3758/3977/3698 3699/3918/3699
f 3692/3911/3695 3760/3979/3700 3789/3944/3701 3757/3976/3696
f 3760/3979/3700 3693/3912/3702 3761/3980/3703 3789/3944/3701
f 3789/3944/3701 3761/3980/3703 3701/3920/3704 3762/3981/3705
f 3757/3976/3696 3789/3944/3701 3762/3981/3705 3700/3919/3697
f 3693/3912/3702 3763/3982/3706 3790/3945/3707 3761/3980/3703
f 3763/3982/3706 3694/3913/3708 3764/3983/3709 3790/3945/3707
f 3790/3945/3707 3764/3983/3709 3702/3921/3710 3765/3984/3711
f 3761/3980/3703 3790/3945/3707 3765/3984/3711 3701/3920/3704
f 3694/3913/3708 3766/3985/3712 3791/3946/3713 3764/3983/3709
f 3766/3985/3712 3695/3914/3714 3767/3986/3715 3791/3946/3713
f 3791/3946/3713 3767/3986/3715 3703/3922/3716 3768/3987/3717
f 3764/3983/3709 3791/3946/3713 3768/3987/3717 3702/3921/3710
f 3695/3914/3714 3769/3988/3718 3792/3947/3719 3767/3986/3715
f 3769/3988/3718 3696/3915/3720 3770/3989/3721 3792/3947/3719
f 3792/3947/3719 3770/3989/3721 3704/3923/3722 3771/3990/3723
f 3767/3986/3715 3792/3947/3719 3771/3990/3723 3703/3922/3716
f 3696/3915/3720 3772/3991/3724 3793/3948/3725 3770/3989/3721
f 3772/3991/3724 3697/3916/3726 3773/3992/3727 3793/3948/3725
f 3793/3948/3725 3773/3992/3727 3705/3924/3728 3774/3993/3729
f 3770/3989/3721 3793/3948/3725 3774/3993/3729 3704/3923/3722
f 3697/3916/3726 3775/3994/3730 3794/3949/3731 3773/3992/3727
f 3775/3994/3730 3698/3917/3732 3776/3995/3733 3794/3949/3731
f 3794/3949/3731 3776/3995/3733 3706/3925/3734 3777/3996/3735
f 3773/3992/3727 3794/3949/3731 3777/3996/3735 3705/3924/3728
f 3698/3917/3732 3778/3997/3736 3795/3950/3737 3776/3995/3733
f 3778/3997/3736 3691/3910/3691 3759/3978/3694 3795/3950/3737
f 3795/3950/3737 3759/3978/3694 3699/3918/3699 3779/3998/3738
f 3776/3995/3733 3795/3950/3737 3779/3998/3738 3706/3925/3734
f 3699/3918/3699 3758/3977/3698 3796/3951/3739 3782/4001/3740
f 3758/3977/3698 3700/3919/3697 3780/3999/3741 3796/3951/3739
f 3796/3951/3739 3780/3999/3741 3708/3927/3742 3781/4000/3743
f 3782/4001/3740 3796/3951/3739 3781/4000/3743 3707/3926/3744
f 3700/3919/3697 3762/3981/3705 3797/3952/3745 3780/3999/3741
f 3762/3981/3705 3701/3920/3704 3783/4002/3746 3797/3952/3745
f 3797/3952/3745 3783/4002/3746 3709/3928/3747 3784/4003/3748
f 3780/3999/3741 3797/3952/3745 3784/4003/3748 3708/3927/3742
f 3701/3920/3704 3765/3984/3711 3798/3953/3749 3783/4002/3746
f 3765/3984/3711 3702/3921/3710 3785/4004/3750 3798/3953/3749
f 3798/3953/3749 3785/4004/3750 3710/3929/3751 3786/4005/3752
f 3783/4002/3746 3798/3953/3749 3786/4005/3752 3709/3928/3747
f 3702/3921/3710 3768/3987/3717 3799/3954/3753 3785/4004/3750
f 3768/3987/3717 3703/3922/3716 3787/4006/3754 3799/3954/3753
f 3799/3954/3753 3787/4006/3754 3711/3930/3755 3724/4007/3756
f 3785/4004/3750 3799/3954/3753 3724/4007/3756 3710/3929/3751
f 3703/3922/3716 3771/3990/3723 3800/3955/3757 3787/4006/3754
f 3771/3990/3723 3704/3923/3722 3725/4008/3758 3800/3955/3757
f 3800/3955/3757 3725/4008/3758 3712/3931/3759 3726/4009/3760
f 3787/4006/3754 3800/3955/3757 3726/4009/3760 3711/3930/3755
f 3704/3923/3722 3774/3993/3729 3801/3956/3761 3725/4008/3758
f 3774/3993/3729 3705/3924/3728 3727/4010/3762 3801/3956/3761
f 3801/3956/3761 3727/4010/3762 3713/3932/3763 3728/4011/3764
f 3725/4008/3758 3801/3956/3761 3728/4011/3764 3712/3931/3759
f 3705/3924/3728 3777/3996/3735 3802/3957/3765 3727/4010/3762
f 3777/3996/3735 3706/3925/3734 3729/4012/3766 3802/3957/3765
f 3802/3957/3765 3729/4012/3766 3714/3933/3767 3730/4013/3768
f 3727/4010/3762 3802/3957/3765 3730/4013/3768 3713/3932/3763
f 3706/3925/3734 3779/3998/3738 3803/3958/3769 3729/4012/3766
f 3779/3998/3738 3699/3918/3699 3782/4001/3740 3803/3958/3769
f 3803/3958/3769 3782/4001/3740 3707/3926/3744 3731/4014/3770
f 3729/4012/3766 3803/3958/3769 3731/4014/3770 3714/3933/3767
f 3707/3926/3744 3781/4000/3743 3804/3959/3771 3734/4017/3772
f 3781/4000/3743 3708/3927/3742 3732/4015/3773 3804/3959/3771
f 3804/3959/3771 3732/4015/3773 3716/3935/3774 3733/4016/3775
f 3734/4017/3772 3804/3959/3771 3733/4016/3775 3715/3934/3776
f 3708/3927/3742 3784/4003/3748 3805/3960/3777 3732/4015/3773
f 3784/4003/3748 3709/3928/3747 3735/4018/3778 3805/3960/3777
f 3805/3960/3777 3735/4018/3778 3717/3936/3779 3736/4019/3780
f 3732/4015/3773 3805/3960/3777 3736/4019/3780 3716/3935/3774
f 3709/3928/3747 3786/4005/3752 3806/3961/3781 3735/4018/3778
f 3786/4005/3752 3710/3929/3751 3737/4020/3782 3806/3961/3781
f 3806/3961/3781 3737/4020/3782 3718/3937/3783 3738/4021/3784
f 3735/4018/3778 3806/3961/3781 3738/4021/3784 3717/3936/3779
f 3710/3929/3751 3724/4007/3756 3807/3962/3785 3737/4020/3782
f 3724/4007/3756 3711/3930/3755 3739/4022/3786 3807/3962/3785
f 3807/3962/3785 3739/4022/3786 3719/3938/3787 3740/4023/3788
f 3737/4020/3782 3807/3962/3785 3740/4023/3788 3718/3937/3783
f 3711/3930/3755 3726/4009/3760 3808/3963/3789 3739/4022/3786
f 3726/4009/3760 3712/3931/3759 3741/4024/3790 3808/3963/3789
f 3808/3963/3789 3741/4024/3790 3720/3939/3791 3742/4025/3792
f 3739/4022/3786 3808/3963/3789 3742/4025/3792 3719/3938/3787
f 3712/3931/3759 3728/4011/3764 3809/3964/3793 3741/4024/3790
f 3728/4011/3764 3713/3932/3763 3743/4026/3794 3809/3964/3793
f 3809/3964/3793 3743/4026/3794 3721/3940/3795 3744/4027/3796
f 3741/4024/3790 3809/3964/3793 3744/4027/3796 3720/3939/3791
f 3713/3932/3763 3730/4013/3768 3810/3965/3797 3743/4026/3794
f 3730/4013/3768 3714/3933/3767 3745/4028/3798 3810/3965/3797
f 3810/3965/3797 3745/4028/3798 3722/3941/3799 3746/4029/3800
f 3743/4026/3794 3810/3965/3797 3746/4029/3800 3721/3940/3795
f 3714/3933/3767 3731/4014/3770 3811/3966/3801 3745/4028/3798
f 3731/4014/3770 3707/3926/3744 3734/4017/3772 3811/3966/3801
f 3811/3966/3801 3734/4017/3772 3715/3934/3776 3747/4030/3802
f 3745/4028/3798 3811/3966/3801 3747/4030/3802 3722/3941/3799
f 3715/3934/3776 3733/4016/3775 3812/3967/3803 3749/4032/3804
f 3716/3935/3774 3748/4031/3805 3812/3967/3803 3733/4016/3775
f 3723/3942/3806 3749/4032/3804 3812/3967/3803 3748/4031/3805
f 3716/3935/3774 3736/4019/3780 3813/3968/3807 3748/4031/3805
f 3717/3936/3779 3750/4033/3808 3813/3968/3807 3736/4019/3780
f 3723/3942/3806 3748/4031/3805 3813/3968/3807 3750/4033/3808
f 3717/3936/3779 3738/4021/3784 3814/3969/3809 3750/4033/3808
f 3718/3937/3783 3751/4034/3810 3814/3969/3809 3738/4021/3784
f 3723/3942/3806 3750/4033/3808 3814/3969/3809 3751/4034/3810
f 3718/3937/3783 3740/4023/3788 3815/3970/3811 3751/4034/3810
f 3719/3938/3787 3752/4035/3812 3815/3970/3811 3740/4023/3788
f 3723/3942/3806 3751/4034/3810 3815/3970/3811 3752/4035/3812
f 3719/3938/3787 3742/4025/3792 3816/3971/3813 3752/4035/3812
f 3720/3939/3791 3753/4036/3814 3816/3971/3813 3742/4025/3792
f 3723/3942/3806 3752/4035/3812 3816/3971/3813 3753/4036/3814
f 3720/3939/3791 3744/4027/3796 3817/3972/3815 3753/4036/3814
f 3721/3940/3795 3754/4037/3816 3817/3972/3815 3744/4027/3796
f 3723/3942/3806 3753/4036/3814 3817/3972/3815 3754/4037/3816
f 3721/3940/3795 3746/4029/3800 3818/3973/3817 3754/4037/3816
f 3722/3941/3799 3755/4038/3818 3818/3973/3817 3746/4029/3800
f 3723/3942/3806 3754/4037/3816 3818/3973/3817 3755/4038/3818
f 3722/3941/3799 3747/4030/3802 3819/3974/3819 3755/4038/3818
f 3715/3934/3776 3749/4032/3804 3819/3974/3819 3747/4030/3802
f 3723/3942/3806 3755/4038/3818 3819/3974/3819 3749/4032/3804
g default
v -2.977512 0.846410 1.604483
v -2.984833 0.815094 1.626903
v -2.946320 0.809141 1.631165
v -2.907807 0.803187 1.635428
v -2.907807 0.826007 1.667304
v -2.907807 0.848828 1.699180
v -2.900485 0.880143 1.676761
v -2.893162 0.911458 1.654343
v -2.931676 0.917412 1.650080
v -2.970188 0.923367 1.645817
v -2.970188 0.900546 1.613941
v -2.970188 0.877726 1.582064
v 0.351597 0.299292 1.996170
v 0.390110 0.293337 2.000433
v 0.397433 0.324652 1.978014
v 0.404755 0.355968 1.955594
v 0.404755 0.378789 1.987471
v 0.404755 0.401609 2.019347
v 0.366242 0.407563 2.015085
v 0.327729 0.413517 2.010822
v 0.320407 0.382202 2.033241
v 0.313084 0.350887 2.055660
v 0.313084 0.328066 2.023783
v 0.313084 0.305246 1.991907
v -1.955082 5.048244 -1.403640
v -1.993595 5.054198 -1.407903
v -2.000918 5.022882 -1.385484
v -2.008240 4.991567 -1.363065
v -2.008240 5.014387 -1.331188
v -2.008240 5.037208 -1.299312
v -1.969727 5.031254 -1.295050
v -1.931214 5.025300 -1.290787
v -1.923891 5.056615 -1.313206
v -1.916569 5.087930 -1.335625
v -1.916569 5.065110 -1.367501
v -1.916569 5.042289 -1.399377
v 1.374026 4.501125 -1.011954
v 1.381349 4.532440 -1.034373
v 1.342835 4.538394 -1.038635
v 1.304322 4.544348 -1.042898
v 1.304322 4.567169 -1.011021
v 1.304322 4.589989 -0.979145
v 1.297000 4.558674 -0.956726
v 1.289677 4.527358 -0.934307
v 1.328190 4.521405 -0.930045
v 1.366704 4.515450 -0.925782
v 1.366704 4.492630 -0.957658
v 1.366704 4.469809 -0.989535
v -1.969727 4.848671 -1.550086
v -2.008240 4.854625 -1.554349
v -2.008240 4.877446 -1.522472
v -2.008240 4.900267 -1.490595
v -2.000918 4.931582 -1.513014
v -1.993595 4.962897 -1.535433
v -1.955082 4.956943 -1.531171
v -1.916569 4.950989 -1.526908
v -1.916569 4.928169 -1.558784
v -1.916569 4.905348 -1.590661
v -1.923891 4.874033 -1.568243
v -1.931214 4.842717 -1.545824
v 1.366704 4.355689 -1.148942
v 1.366704 4.332868 -1.180819
v 1.328190 4.338822 -1.185081
v 1.289677 4.344776 -1.189344
v 1.297000 4.376091 -1.211763
v 1.304322 4.407407 -1.234182
v 1.304322 4.430228 -1.202305
v 1.304322 4.453049 -1.170428
v 1.342835 4.447094 -1.166166
v 1.381349 4.441141 -1.161903
v 1.374026 4.409825 -1.139484
v 1.366704 4.378509 -1.117065
v -2.946320 0.717841 1.503634
v -2.984833 0.723795 1.499372
v -2.977512 0.755110 1.476953
v -2.970188 0.786426 1.454534
v -2.970188 0.763605 1.422658
v -2.970188 0.740784 1.390781
v -2.931676 0.734830 1.395043
v -2.893162 0.728876 1.399306
v -2.900485 0.697561 1.421725
v -2.907807 0.666246 1.444143
v -2.907807 0.689067 1.476020
v -2.907807 0.711887 1.507897
v 0.397433 0.233352 1.850483
v 0.390110 0.202038 1.872902
v 0.351597 0.207992 1.868639
v 0.313084 0.213946 1.864377
v 0.313084 0.191125 1.832500
v 0.313084 0.168304 1.800623
v 0.320407 0.199620 1.778204
v 0.327729 0.230935 1.755786
v 0.366242 0.224981 1.760048
v 0.404755 0.219027 1.764311
v 0.404755 0.241848 1.796188
v 0.404755 0.264668 1.828064
v -2.977512 0.869231 1.636360
v -2.984833 0.837914 1.658779
v -2.946320 0.831962 1.663041
v -2.946320 0.854782 1.694917
v -2.938998 0.886097 1.672499
v -2.977512 0.892051 1.668236
v -2.984833 0.860735 1.690656
v 0.351597 0.322112 2.028046
v 0.390110 0.316158 2.032309
v 0.397433 0.347473 2.009890
v 0.397433 0.370293 2.041767
v 0.358919 0.376248 2.037503
v 0.351597 0.344932 2.059922
v 0.390110 0.338978 2.064185
v -1.955082 5.071064 -1.371764
v -1.993595 5.077018 -1.376026
v -2.000918 5.045703 -1.353607
v -2.000918 5.068523 -1.321731
v -1.962404 5.062569 -1.317469
v -1.955082 5.093884 -1.339887
v -1.993595 5.099838 -1.344150
v 1.374026 4.523945 -0.980077
v 1.381349 4.555261 -1.002496
v 1.342835 4.561215 -1.006759
v 1.342835 4.584035 -0.974883
v 1.335513 4.552720 -0.952464
v 1.374026 4.546766 -0.948201
v 1.381349 4.578081 -0.970620
v -1.962404 4.879987 -1.572505
v -2.000918 4.885941 -1.576768
v -2.000918 4.908762 -1.544891
v -1.993595 4.940077 -1.567309
v -1.955082 4.934123 -1.563047
v -1.955082 4.911302 -1.594924
v -1.993595 4.917256 -1.599186
v 1.374026 4.387004 -1.171361
v 1.374026 4.364183 -1.203238
v 1.335513 4.370137 -1.207500
v 1.342835 4.401453 -1.229919
v 1.342835 4.424274 -1.198042
v 1.381349 4.418320 -1.193780
v 1.381349 4.395499 -1.225657
v -2.946320 0.695020 1.471758
v -2.984833 0.700975 1.467495
v -2.977512 0.732290 1.445077
v -2.977512 0.709469 1.413200
v -2.938998 0.703515 1.417462
v -2.946320 0.672199 1.439881
v -2.984833 0.678154 1.435618
v 0.397433 0.210532 1.818607
v 0.390110 0.179217 1.841025
v 0.351597 0.185172 1.836763
v 0.351597 0.162351 1.804886
v 0.358919 0.193666 1.782467
v 0.397433 0.187711 1.786730
v 0.390110 0.156396 1.809148
v 0.873820 4.624096 -1.003563
v 0.881142 4.655412 -1.025982
v 0.881142 4.632591 -1.057858
v 0.881142 4.609771 -1.089734
v 0.881142 4.518471 -1.217265
v 0.881142 4.495651 -1.249141
v 0.881142 4.472830 -1.281018
v 0.873820 4.441514 -1.258599
v 0.866497 4.410198 -1.236180
v -0.095451 0.296358 1.708949
v -0.102773 0.265043 1.731367
v -0.110096 0.233727 1.753787
v -0.110096 0.256548 1.785664
v -0.110096 0.279369 1.817540
v -0.110096 0.370668 1.945071
v -0.110096 0.393489 1.976947
v -0.110096 0.416309 2.008823
v -0.102773 0.447625 1.986404
v -0.095451 0.478940 1.963985
v 0.866497 4.592781 -0.981144
v -1.589398 5.037351 -1.299415
v -1.589398 5.014530 -1.331291
v -1.589398 4.991710 -1.363167
v -1.589398 4.900410 -1.490698
v -1.589398 4.877589 -1.522574
v -1.589398 4.854768 -1.554451
v -1.596721 4.823453 -1.532032
v -1.604043 4.792138 -1.509613
v -2.565991 0.678296 1.435516
v -2.573314 0.646981 1.457935
v -2.580636 0.615666 1.480354
v -2.580636 0.638487 1.512231
v -2.580636 0.661308 1.544107
v -2.580636 0.752607 1.671638
v -2.580636 0.775427 1.703514
v -2.580636 0.798248 1.735391
v -2.573314 0.829564 1.712971
v -2.565991 0.860879 1.690553
v -1.604043 4.974720 -1.254577
v -1.596721 5.006036 -1.276996
v 0.165694 4.766018 -1.105166
v 0.165694 4.743198 -1.137042
v 0.165694 4.720377 -1.168918
v 0.165694 4.629077 -1.296449
v 0.165694 4.606257 -1.328325
v 0.165694 4.583436 -1.360202
v 0.158372 4.552120 -1.337783
v 0.151049 4.520805 -1.315364
v -0.810899 0.406964 1.629765
v -0.818221 0.375649 1.652184
v -0.825544 0.344333 1.674603
v -0.825544 0.367154 1.706480
v -0.825544 0.389975 1.738356
v -0.825544 0.481274 1.865887
v -0.825544 0.504095 1.897763
v -0.825544 0.526915 1.929640
v -0.818221 0.558231 1.907221
v -0.810899 0.589546 1.884802
v 0.151049 4.703387 -1.060328
v 0.158372 4.734703 -1.082747
v -0.867417 4.893287 -1.196278
v -0.860095 4.924603 -1.218697
v -0.860095 4.901782 -1.250574
v -0.860095 4.878961 -1.282450
v -0.860095 4.787662 -1.409980
v -0.860095 4.764841 -1.441857
v -0.860095 4.742020 -1.473734
v -0.867417 4.710705 -1.451315
v -0.874740 4.679389 -1.428896
v -1.836688 0.565548 1.516233
v -1.844010 0.534233 1.538652
v -1.851333 0.502918 1.561071
v -1.851333 0.525739 1.592948
v -1.851333 0.548558 1.624825
v -1.851333 0.639859 1.752355
v -1.851333 0.662679 1.784232
v -1.851333 0.685499 1.816108
v -1.844010 0.716815 1.793689
v -1.836688 0.748131 1.771270
v -0.874740 4.861972 -1.173859
v -0.375448 4.849678 -1.165058
v -0.375448 4.826857 -1.196934
v -0.375448 4.804037 -1.228810
v -0.375448 4.712737 -1.356341
v -0.375448 4.689916 -1.388217
v -0.375448 4.667095 -1.420094
v -0.382771 4.635780 -1.397675
v -0.390094 4.604464 -1.375256
v -1.352042 0.490623 1.569873
v -1.359364 0.459309 1.592291
v -1.366687 0.427992 1.614711
v -1.366687 0.450813 1.646588
v -1.366687 0.473634 1.678464
v -1.366687 0.564934 1.805995
v -1.366687 0.587754 1.837871
v -1.366687 0.610575 1.869747
v -1.359364 0.641890 1.847329
v -1.352042 0.673205 1.824909
v -0.390094 4.787046 -1.120220
v -0.382771 4.818362 -1.142639
v -0.840288 2.861757 0.258109
v -1.324934 2.936682 0.204470
v -2.054238 3.049430 0.123753
v -2.381408 3.100009 0.087542
v -2.419922 3.105964 0.083280
v -2.458434 3.111918 0.079017
v -2.458434 3.089098 0.047141
v -2.458434 3.066277 0.015264
v -2.458434 2.974977 -0.112266
v -2.458434 2.952157 -0.144142
v -2.458434 2.929336 -0.176019
v -2.419922 2.923381 -0.171757
v -2.381408 2.917427 -0.167494
v -2.054238 2.866847 -0.131284
v -1.324934 2.754100 -0.050567
v -0.840288 2.679174 0.003073
v -0.299146 2.595515 0.062965
v 0.416303 2.484909 0.142149
v 0.839482 2.419486 0.188986
v 0.877995 2.413532 0.193248
v 0.916509 2.407578 0.197511
v 0.916509 2.430399 0.229388
v 0.916509 2.453219 0.261264
v 0.916509 2.544519 0.388795
v 0.916509 2.567340 0.420671
v 0.916509 2.590160 0.452547
v 0.877995 2.596115 0.448284
v 0.839482 2.602069 0.444022
v 0.416303 2.667491 0.397185
v -0.299146 2.778097 0.318002
v -0.687454 3.515363 -0.209812
v -1.172100 3.590288 -0.263452
v -1.901404 3.703037 -0.344169
v -2.228574 3.753616 -0.380379
v -2.267087 3.759570 -0.384642
v -2.305600 3.765524 -0.388905
v -2.305600 3.742704 -0.420781
v -2.305600 3.719884 -0.452657
v -2.305600 3.628583 -0.580188
v -2.305600 3.605763 -0.612064
v -2.305600 3.582942 -0.643941
v -2.267087 3.576988 -0.639678
v -2.228574 3.571034 -0.635416
v -1.901404 3.520454 -0.599206
v -1.172100 3.407706 -0.518488
v -0.687454 3.332781 -0.464849
v -0.146312 3.249121 -0.404956
v 0.569137 3.138515 -0.325773
v 0.992316 3.073093 -0.278936
v 1.030830 3.067139 -0.274674
v 1.069343 3.061184 -0.270411
v 1.069343 3.084005 -0.238534
v 1.069343 3.106826 -0.206658
v 1.069343 3.198126 -0.079127
v 1.069343 3.220946 -0.047251
v 1.069343 3.243767 -0.015374
v 1.030830 3.249721 -0.019637
v 0.992316 3.255675 -0.023900
v 0.569137 3.321098 -0.070736
v -0.146312 3.431704 -0.149920
v -0.554182 4.085309 -0.617841
v -1.038828 4.160234 -0.671480
v -1.768132 4.272982 -0.752197
v -2.095302 4.323562 -0.788408
v -2.133816 4.329516 -0.792671
v -2.172328 4.335471 -0.796933
v -2.172328 4.312650 -0.828810
v -2.172328 4.289830 -0.860686
v -2.172328 4.198529 -0.988216
v -2.172328 4.175709 -1.020093
v -2.172328 4.152888 -1.051970
v -2.133816 4.146934 -1.047707
v -2.095302 4.140980 -1.043444
v -1.768132 4.090400 -1.007234
v -1.038828 3.977652 -0.926517
v -0.554182 3.902726 -0.872877
v -0.013040 3.819067 -0.812985
v 0.702408 3.708461 -0.733801
v 1.125588 3.643038 -0.686964
v 1.164101 3.637085 -0.682702
v 1.202615 3.631130 -0.678439
v 1.202615 3.653951 -0.646562
v 1.202615 3.676772 -0.614686
v 1.202615 3.768072 -0.487156
v 1.202615 3.790892 -0.455279
v 1.202615 3.813713 -0.423403
v 1.164101 3.819667 -0.427666
v 1.125588 3.825621 -0.431928
v 0.702408 3.891043 -0.478765
v -0.013040 4.001650 -0.557949
v -1.015574 1.929553 0.539733
v -1.500220 2.004478 0.486093
v -2.229523 2.117226 0.405376
v -2.556694 2.167806 0.369166
v -2.595208 2.173760 0.364903
v -2.633720 2.179714 0.360640
v -2.633720 2.202535 0.392517
v -2.633720 2.225355 0.424394
v -2.633720 2.316655 0.551924
v -2.633720 2.339476 0.583800
v -2.633720 2.362296 0.615677
v -2.595208 2.356342 0.619939
v -2.556694 2.350388 0.624202
v -2.229523 2.299808 0.660412
v -1.500220 2.187061 0.741129
v -1.015574 2.112135 0.794769
v -0.474432 2.028476 0.854661
v 0.241017 1.917870 0.933845
v 0.664196 1.852447 0.980681
v 0.702710 1.846493 0.984944
v 0.741223 1.840539 0.989206
v 0.741223 1.817719 0.957330
v 0.741223 1.794898 0.925454
v 0.741223 1.703598 0.797923
v 0.741223 1.680778 0.766047
v 0.741223 1.657957 0.734170
v 0.702710 1.663910 0.729908
v 0.664196 1.669865 0.725645
v 0.241017 1.735288 0.678808
v -0.474432 1.845894 0.599625
v -1.182687 1.397462 1.306409
v -1.667333 1.472387 1.252769
v -2.396637 1.585135 1.172053
v -2.723808 1.635715 1.135842
v -2.762321 1.641668 1.131579
v -2.800834 1.647624 1.127316
v -2.800834 1.624803 1.095440
v -2.800834 1.601983 1.063564
v -2.800834 1.510683 0.936033
v -2.800834 1.487862 0.904157
v -2.800834 1.465041 0.872280
v -2.762321 1.459086 0.876543
v -2.723808 1.453132 0.880805
v -2.396637 1.402552 0.917016
v -1.667333 1.289805 0.997733
v -1.182687 1.214880 1.051372
v -0.641545 1.131221 1.111264
v 0.073904 1.020614 1.190449
v 0.497083 0.955192 1.237285
v 0.535596 0.949237 1.241548
v 0.574109 0.943283 1.245810
v 0.574109 0.966104 1.277687
v 0.574109 0.988924 1.309564
v 0.574109 1.080224 1.437094
v 0.574109 1.103045 1.468971
v 0.574109 1.125865 1.500847
v 0.535596 1.131820 1.496584
v 0.497083 1.137774 1.492321
v 0.073904 1.203196 1.445485
v -0.641545 1.313803 1.366301
vt 3.806855 0.471050
vt 3.809967 0.471050
vt 3.809967 0.483499
vt 3.806855 0.483499
vt 3.813079 0.471050
vt 3.831752 0.464826
vt 3.819302 0.461715
vt 3.831752 0.461715
vt 3.819302 0.458603
vt 3.831752 0.458603
vt 3.806855 0.458603
vt 3.806855 0.461715
vt 3.546617 0.461715
vt 3.546617 0.458603
vt 3.806855 0.464826
vt 3.546617 0.464826
vt 3.806855 0.467938
vt 3.546617 0.467938
vt 3.546617 0.471050
vt 3.816190 0.458603
vt 3.816190 0.049818
vt 3.819302 0.049818
vt 3.813079 0.458603
vt 3.813079 0.049818
vt 3.809967 0.458603
vt 3.809967 0.049818
vt 3.806855 0.049818
vt 3.534170 0.458603
vt 3.534170 0.461715
vt 3.521720 0.461715
vt 3.521720 0.458603
vt 3.534170 0.464826
vt 3.540393 0.483499
vt 3.543505 0.471050
vt 3.543505 0.483499
vt 3.546617 0.483499
vt 3.543505 0.458603
vt 3.543505 0.049818
vt 3.546617 0.049818
vt 3.540393 0.458603
vt 3.540393 0.049818
vt 3.537282 0.458603
vt 3.537281 0.049818
vt 3.534170 0.049818
vt 3.819302 0.046707
vt 3.831752 0.046707
vt 3.831752 0.049818
vt 3.819302 0.043595
vt 3.813078 0.024922
vt 3.809967 0.037371
vt 3.809967 0.024922
vt 3.806855 0.037371
vt 3.806855 0.024922
vt 3.806855 0.040483
vt 3.546617 0.040483
vt 3.546617 0.037371
vt 3.806855 0.043595
vt 3.546617 0.043595
vt 3.806855 0.046707
vt 3.546617 0.046707
vt 3.543505 0.037371
vt 3.543505 0.024922
vt 3.546617 0.024922
vt 3.540393 0.037371
vt 3.521720 0.043595
vt 3.534170 0.046707
vt 3.521720 0.046707
vt 3.521720 0.049818
vt 3.834863 0.049818
vt 3.834863 0.458603
vt 3.837975 0.049818
vt 3.466140 0.479272
vt 3.462762 0.479272
vt 3.462762 0.035545
vt 3.466140 0.035545
vt 3.459383 0.479272
vt 3.459384 0.035545
vt 3.459383 0.482650
vt 3.176898 0.482650
vt 3.176898 0.479272
vt 3.546617 0.018698
vt 3.806855 0.021810
vt 3.546617 0.021810
vt 3.459384 0.486028
vt 3.176898 0.486028
vt 3.173519 0.479272
vt 3.173519 0.035545
vt 3.515496 0.458603
vt 3.518609 0.049818
vt 3.518608 0.458603
vt 3.806855 0.486611
vt 3.546617 0.486611
vt 3.806855 0.489723
vt 3.176898 0.035545
vt 3.170141 0.479272
vt 3.170141 0.035545
vt 3.816190 0.461715
vt 3.813078 0.467938
vt 3.809967 0.467938
vt 3.809967 0.464826
vt 3.809967 0.461715
vt 3.813079 0.461715
vt 3.813078 0.464826
vt 3.543505 0.467938
vt 3.537281 0.464826
vt 3.537282 0.461715
vt 3.540393 0.461715
vt 3.543505 0.461715
vt 3.543505 0.464826
vt 3.540393 0.464826
vt 3.809967 0.040483
vt 3.816190 0.043595
vt 3.816190 0.046707
vt 3.813079 0.046707
vt 3.809967 0.046707
vt 3.809967 0.043595
vt 3.813079 0.043595
vt 3.537282 0.046707
vt 3.540393 0.040483
vt 3.543505 0.040483
vt 3.543505 0.043595
vt 3.543505 0.046707
vt 3.540393 0.046707
vt 3.540393 0.043595
vt 3.459384 0.028789
vt 3.837975 0.046707
vt 3.834863 0.046707
vt 3.813079 0.021810
vt 3.809967 0.021810
vt 3.459384 0.032167
vt 3.837975 0.043595
vt 3.518608 0.046707
vt 3.176898 0.032167
vt 3.176898 0.028789
vt 3.543505 0.018699
vt 3.543505 0.021810
vt 3.518609 0.043595
vt 3.462762 0.482650
vt 3.809967 0.486611
vt 3.834863 0.464826
vt 3.834863 0.461715
vt 3.466141 0.482650
vt 3.462762 0.486028
vt 3.809967 0.489723
vt 3.837975 0.464826
vt 3.518609 0.461715
vt 3.540393 0.486611
vt 3.543505 0.486611
vt 3.466140 0.486028
vt 3.170141 0.482650
vt 3.515496 0.461715
vt 3.540393 0.489723
vt 3.813079 0.486611
vt 3.813079 0.483499
vt 3.816190 0.464826
vt 3.819302 0.464826
vt 3.837975 0.461715
vt 3.813079 0.489723
vt 3.837975 0.458603
vt 3.173520 0.482650
vt 3.173519 0.486028
vt 3.543505 0.489723
vt 3.515496 0.464826
vt 3.170141 0.486028
vt 3.466140 0.032167
vt 3.518609 0.464826
vt 3.462762 0.032167
vt 3.546617 0.489723
vt 3.521720 0.464826
vt 3.462762 0.028789
vt 3.466140 0.028789
vt 3.173519 0.028789
vt 3.173520 0.032167
vt 3.515497 0.043595
vt 3.540393 0.018699
vt 3.540393 0.021810
vt 3.515496 0.046707
vt 3.540393 0.024922
vt 3.170141 0.032167
vt 3.515496 0.049818
vt 3.834863 0.043595
vt 3.170141 0.028789
vt 3.813079 0.018698
vt 3.809967 0.018699
vt 3.806855 0.018699
vt 3.831752 0.043595
vt 3.537282 0.043595
vt 3.534170 0.043595
vt 3.813079 0.040483
vt 3.813079 0.037371
vt 3.540393 0.467938
vt 3.540393 0.471050
vt 3.580808 0.046707
vt 3.580808 0.043595
vt 3.580808 0.040483
vt 3.580809 0.037371
vt 3.580809 0.024922
vt 3.580808 0.021810
vt 3.214013 0.486028
vt 3.580809 0.018698
vt 3.214013 0.482650
vt 3.214013 0.479272
vt 3.214013 0.035545
vt 3.214013 0.032167
vt 3.580809 0.489723
vt 3.214013 0.028789
vt 3.580809 0.486611
vt 3.580809 0.483499
vt 3.580808 0.471050
vt 3.580808 0.467938
vt 3.580808 0.464826
vt 3.580809 0.461715
vt 3.580808 0.458603
vt 3.580809 0.049818
vt 3.780420 0.043595
vt 3.780420 0.040483
vt 3.780421 0.037371
vt 3.780421 0.024922
vt 3.780420 0.021810
vt 3.430690 0.486028
vt 3.780420 0.018699
vt 3.430690 0.482650
vt 3.430690 0.479272
vt 3.430690 0.035545
vt 3.430690 0.032167
vt 3.780420 0.489723
vt 3.430690 0.028789
vt 3.780421 0.486611
vt 3.780420 0.483499
vt 3.780420 0.471050
vt 3.780420 0.467938
vt 3.780420 0.464826
vt 3.780420 0.461715
vt 3.780421 0.458603
vt 3.780420 0.049818
vt 3.780421 0.046707
vt 3.638614 0.043595
vt 3.638615 0.040483
vt 3.638614 0.037371
vt 3.638614 0.024922
vt 3.638614 0.021810
vt 3.276761 0.486028
vt 3.638614 0.018698
vt 3.276761 0.482650
vt 3.276761 0.479272
vt 3.276761 0.035545
vt 3.276761 0.032167
vt 3.638614 0.489723
vt 3.276760 0.028789
vt 3.638614 0.486611
vt 3.638614 0.483499
vt 3.638614 0.471050
vt 3.638615 0.467938
vt 3.638614 0.464826
vt 3.638614 0.461715
vt 3.638614 0.458603
vt 3.638614 0.049818
vt 3.638614 0.046707
vt 3.721494 0.046707
vt 3.721494 0.043595
vt 3.721494 0.040483
vt 3.721495 0.037371
vt 3.721494 0.024922
vt 3.721494 0.021810
vt 3.366727 0.486028
vt 3.721495 0.018698
vt 3.366727 0.482650
vt 3.366726 0.479272
vt 3.366726 0.035545
vt 3.366727 0.032167
vt 3.721495 0.489723
vt 3.366727 0.028789
vt 3.721494 0.486611
vt 3.721494 0.483499
vt 3.721494 0.471050
vt 3.721494 0.467938
vt 3.721494 0.464826
vt 3.721494 0.461715
vt 3.721494 0.458603
vt 3.721495 0.049818
vt 3.682337 0.043595
vt 3.682337 0.040483
vt 3.682337 0.037371
vt 3.682337 0.024922
vt 3.682337 0.021810
vt 3.324221 0.486028
vt 3.682337 0.018699
vt 3.324221 0.482650
vt 3.324221 0.479272
vt 3.324221 0.035545
vt 3.324221 0.032167
vt 3.682337 0.489723
vt 3.324221 0.028789
vt 3.682337 0.486611
vt 3.682337 0.483499
vt 3.682337 0.471050
vt 3.682337 0.467938
vt 3.682337 0.464826
vt 3.682337 0.461715
vt 3.682337 0.458603
vt 3.682337 0.049818
vt 3.682337 0.046707
vt 3.682337 0.241131
vt 3.721495 0.241131
vt 3.780420 0.241131
vt 3.806855 0.241131
vt 3.809967 0.241131
vt 3.813079 0.241131
vt 3.816190 0.241131
vt 3.819302 0.241131
vt 3.831752 0.241131
vt 3.834863 0.241131
vt 3.837975 0.241131
vt 3.466140 0.271606
vt 3.462762 0.271606
vt 3.459384 0.271606
vt 3.430690 0.271606
vt 3.366726 0.271606
vt 3.324221 0.271606
vt 3.276761 0.271606
vt 3.214013 0.271606
vt 3.176898 0.271606
vt 3.173519 0.271606
vt 3.170141 0.271606
vt 3.515496 0.241131
vt 3.518608 0.241131
vt 3.521720 0.241131
vt 3.534170 0.241131
vt 3.537282 0.241131
vt 3.540393 0.241131
vt 3.543505 0.241131
vt 3.546617 0.241131
vt 3.580809 0.241131
vt 3.638614 0.241131
vt 3.682337 0.176183
vt 3.721494 0.176183
vt 3.780420 0.176183
vt 3.806855 0.176183
vt 3.809967 0.176183
vt 3.813079 0.176183
vt 3.816190 0.176183
vt 3.819302 0.176183
vt 3.831752 0.176183
vt 3.834863 0.176183
vt 3.837975 0.176183
vt 3.466140 0.342106
vt 3.462762 0.342106
vt 3.459384 0.342106
vt 3.430690 0.342106
vt 3.366727 0.342106
vt 3.324221 0.342106
vt 3.276761 0.342106
vt 3.214013 0.342106
vt 3.176898 0.342106
vt 3.173519 0.342106
vt 3.170141 0.342106
vt 3.515496 0.176183
vt 3.518609 0.176183
vt 3.521720 0.176183
vt 3.534170 0.176183
vt 3.537281 0.176183
vt 3.540393 0.176183
vt 3.543505 0.176183
vt 3.546617 0.176183
vt 3.580808 0.176183
vt 3.638614 0.176183
vt 3.682337 0.119549
vt 3.721495 0.119549
vt 3.780420 0.119549
vt 3.806855 0.119549
vt 3.809967 0.119549
vt 3.813079 0.119549
vt 3.816190 0.119549
vt 3.819302 0.119549
vt 3.831752 0.119549
vt 3.834863 0.119549
vt 3.837975 0.119549
vt 3.466141 0.403581
vt 3.462762 0.403581
vt 3.459384 0.403581
vt 3.430690 0.403581
vt 3.366727 0.403581
vt 3.324221 0.403581
vt 3.276761 0.403581
vt 3.214013 0.403581
vt 3.176898 0.403581
vt 3.173520 0.403581
vt 3.170141 0.403581
vt 3.515496 0.119549
vt 3.518608 0.119549
vt 3.521720 0.119549
vt 3.534170 0.119549
vt 3.537282 0.119549
vt 3.540393 0.119549
vt 3.543505 0.119549
vt 3.546617 0.119549
vt 3.580809 0.119549
vt 3.638614 0.119549
vt 3.324221 0.190751
vt 3.366727 0.190751
vt 3.430690 0.190751
vt 3.459383 0.190751
vt 3.462762 0.190751
vt 3.837975 0.315619
vt 3.466140 0.190751
vt 3.834863 0.315619
vt 3.831752 0.315619
vt 3.819302 0.315619
vt 3.816190 0.315619
vt 3.813079 0.315619
vt 3.809967 0.315619
vt 3.806855 0.315619
vt 3.780420 0.315619
vt 3.721494 0.315619
vt 3.682337 0.315619
vt 3.638614 0.315619
vt 3.580808 0.315619
vt 3.546617 0.315619
vt 3.543505 0.315619
vt 3.540393 0.315619
vt 3.537281 0.315619
vt 3.534170 0.315619
vt 3.521720 0.315619
vt 3.518608 0.315619
vt 3.170141 0.190751
vt 3.515496 0.315619
vt 3.173519 0.190751
vt 3.176898 0.190751
vt 3.214013 0.190751
vt 3.276761 0.190751
vt 3.682337 0.386635
vt 3.721495 0.386635
vt 3.780420 0.386635
vt 3.806855 0.386635
vt 3.809967 0.386635
vt 3.813079 0.386635
vt 3.816190 0.386635
vt 3.819302 0.386635
vt 3.831752 0.386635
vt 3.834863 0.386635
vt 3.837975 0.386635
vt 3.466140 0.113664
vt 3.462762 0.113664
vt 3.459384 0.113664
vt 3.430690 0.113664
vt 3.366727 0.113664
vt 3.324221 0.113664
vt 3.276761 0.113664
vt 3.214013 0.113664
vt 3.176898 0.113664
vt 3.173519 0.113664
vt 3.170141 0.113664
vt 3.515496 0.386635
vt 3.518608 0.386635
vt 3.521720 0.386635
vt 3.534170 0.386635
vt 3.537281 0.386635
vt 3.540393 0.386635
vt 3.543505 0.386635
vt 3.546617 0.386635
vt 3.580809 0.386635
vt 3.638615 0.386635
vn -0.186784 -0.798802 0.571863
vn -0.186775 -0.798803 0.571865
vn -0.186777 -0.798802 0.571865
vn -0.186783 -0.798802 0.571863
vn -0.826729 -0.457457 0.327493
vn -0.826733 -0.457452 0.327490
vn -0.982401 0.151874 -0.108728
vn -0.982401 0.151875 -0.108728
vn -0.982401 0.151877 -0.108730
vn -0.982401 0.151877 -0.108730
vn 0.000000 0.582111 0.813109
vn 0.000000 0.582111 0.813109
vn 0.000000 0.582110 0.813110
vn 0.000000 0.582111 0.813109
vn -0.132077 -0.153215 0.979327
vn -0.132076 -0.153217 0.979327
vn -0.186786 -0.798799 0.571866
vn -0.186785 -0.798799 0.571866
vn -0.186785 -0.798801 0.571864
vn -0.982401 0.151877 -0.108730
vn -0.982401 0.151877 -0.108730
vn -0.982401 0.151877 -0.108730
vn -0.982401 0.151877 -0.108730
vn -0.694670 0.519004 0.498064
vn -0.694667 0.519006 0.498068
vn 0.000000 0.582111 0.813109
vn 0.000000 0.582111 0.813109
vn 0.000000 0.582111 0.813109
vn 0.000000 0.582111 0.813109
vn 0.982401 -0.151876 0.108729
vn 0.982401 -0.151874 0.108728
vn 0.982401 -0.151875 0.108728
vn 0.982401 -0.151876 0.108729
vn 0.562576 -0.672237 0.481255
vn 0.562576 -0.672236 0.481255
vn -0.186798 -0.798799 0.571862
vn -0.186795 -0.798800 0.571863
vn -0.186785 -0.798800 0.571864
vn -0.186785 -0.798800 0.571864
vn 0.000000 0.582111 0.813109
vn 0.000000 0.582111 0.813109
vn 0.000000 0.582111 0.813109
vn 0.000000 0.582111 0.813109
vn 0.694661 0.304222 0.651839
vn 0.694661 0.304223 0.651840
vn 0.982401 -0.151877 0.108730
vn 0.982401 -0.151877 0.108730
vn 0.982401 -0.151877 0.108730
vn 0.982401 -0.151877 0.108730
vn -0.982401 0.151877 -0.108727
vn -0.982401 0.151876 -0.108729
vn -0.982401 0.151877 -0.108729
vn -0.982401 0.151877 -0.108727
vn -0.562585 0.672230 -0.481254
vn -0.562585 0.672230 -0.481254
vn 0.186788 0.798799 -0.571866
vn 0.186788 0.798799 -0.571866
vn 0.186785 0.798799 -0.571866
vn 0.186785 0.798799 -0.571866
vn 0.186785 0.798799 -0.571866
vn 0.186784 0.798799 -0.571867
vn 0.186784 0.798799 -0.571866
vn 0.132078 0.976451 0.170582
vn 0.132077 0.976452 0.170582
vn 0.000000 0.582111 0.813109
vn 0.000000 0.582112 0.813109
vn 0.000000 0.582111 0.813109
vn 0.000000 0.582111 0.813109
vn 0.186785 0.798801 -0.571865
vn 0.186785 0.798800 -0.571865
vn 0.186784 0.798800 -0.571866
vn 0.186785 0.798800 -0.571865
vn 0.826739 0.457444 -0.327487
vn 0.826738 0.457445 -0.327487
vn 0.982401 -0.151875 0.108729
vn 0.982401 -0.151875 0.108729
vn 0.982401 -0.151876 0.108729
vn 0.982401 -0.151876 0.108729
vn -0.982401 0.151877 -0.108730
vn -0.982401 0.151877 -0.108730
vn -0.982401 0.151877 -0.108730
vn -0.982401 0.151877 -0.108730
vn -0.694677 -0.304211 -0.651828
vn -0.694679 -0.304209 -0.651827
vn 0.000000 -0.582111 -0.813109
vn 0.000000 -0.582111 -0.813109
vn 0.000000 -0.582111 -0.813109
vn 0.000000 -0.582111 -0.813109
vn 0.000000 -0.582111 -0.813109
vn 0.000000 -0.582111 -0.813109
vn 0.000000 -0.582111 -0.813109
vn 0.000000 -0.582111 -0.813109
vn 0.132079 0.153237 -0.979323
vn 0.132078 0.153235 -0.979323
vn 0.186785 0.798799 -0.571866
vn 0.186785 0.798799 -0.571866
vn 0.186784 0.798800 -0.571866
vn 0.000000 -0.582111 -0.813109
vn 0.000000 -0.582111 -0.813109
vn 0.000000 -0.582111 -0.813109
vn 0.000000 -0.582111 -0.813109
vn 0.694669 -0.519005 -0.498065
vn 0.694669 -0.519005 -0.498065
vn 0.982401 -0.151877 0.108730
vn 0.982401 -0.151877 0.108730
vn 0.982401 -0.151877 0.108730
vn 0.982401 -0.151877 0.108730
vn -0.186783 -0.798800 0.571867
vn -0.186785 -0.798801 0.571864
vn -0.186786 -0.798802 0.571863
vn -0.132077 -0.976453 -0.170572
vn -0.132078 -0.976453 -0.170572
vn 0.000000 -0.582111 -0.813109
vn 0.000000 -0.582111 -0.813109
vn 0.000000 -0.582111 -0.813109
vn 0.000000 -0.582111 -0.813109
vn 0.000000 0.582111 0.813109
vn 0.000000 0.582111 0.813109
vn 0.000000 -0.582111 -0.813109
vn 0.000000 -0.582111 -0.813109
vn -0.982401 0.151877 -0.108730
vn -0.982402 0.151874 -0.108727
vn -0.826732 -0.457452 0.327493
vn -0.186775 -0.798801 0.571868
vn -0.132068 -0.153210 0.979329
vn 0.000000 0.582111 0.813109
vn 0.000000 0.582111 0.813109
vn -0.694666 0.519006 0.498067
vn -0.694670 0.519002 0.498066
vn -0.675021 -0.037420 0.736849
vn -0.186785 -0.798799 0.571866
vn -0.186798 -0.798797 0.571865
vn 0.562573 -0.672236 0.481259
vn 0.982401 -0.151874 0.108728
vn 0.982401 -0.151876 0.108729
vn 0.694660 0.304224 0.651840
vn 0.694666 0.304221 0.651835
vn 0.000000 0.582111 0.813109
vn 0.000000 0.582111 0.813109
vn 0.000000 0.582111 0.813109
vn 0.000000 0.582110 0.813110
vn -0.132076 -0.153217 0.979327
vn -0.132086 -0.153216 0.979325
vn 0.459338 -0.212789 0.862398
vn 0.186788 0.798799 -0.571866
vn -0.562584 0.672230 -0.481254
vn -0.982401 0.151876 -0.108729
vn -0.982401 0.151876 -0.108729
vn -0.694666 0.519006 0.498069
vn -0.694659 0.519009 0.498075
vn 0.000000 0.582111 0.813109
vn 0.000000 0.582111 0.813109
vn 0.132078 0.976450 0.170588
vn -0.459347 0.884955 0.076512
vn 0.982401 -0.151876 0.108729
vn 0.982401 -0.151876 0.108729
vn 0.826739 0.457443 -0.327487
vn 0.186785 0.798799 -0.571866
vn 0.186785 0.798799 -0.571866
vn 0.132077 0.976451 0.170587
vn 0.132077 0.976451 0.170583
vn 0.000000 0.582112 0.813109
vn 0.000000 0.582111 0.813109
vn 0.000000 0.582111 0.813109
vn 0.000000 0.582111 0.813109
vn 0.694657 0.304226 0.651843
vn 0.694661 0.304224 0.651839
vn 0.675031 0.709583 0.202054
vn 0.000000 -0.582111 -0.813109
vn 0.000000 -0.582111 -0.813109
vn -0.694675 -0.304213 -0.651829
vn -0.694671 -0.304215 -0.651832
vn -0.982401 0.151876 -0.108729
vn -0.982401 0.151877 -0.108730
vn -0.562584 0.672230 -0.481255
vn 0.186788 0.798799 -0.571866
vn 0.132079 0.153232 -0.979324
vn -0.459350 0.212800 -0.862388
vn 0.982401 -0.151876 0.108729
vn 0.982401 -0.151875 0.108728
vn 0.694665 -0.519006 -0.498069
vn 0.694670 -0.519004 -0.498066
vn 0.000000 -0.582111 -0.813109
vn 0.000000 -0.582111 -0.813109
vn 0.000000 -0.582111 -0.813109
vn 0.000000 -0.582111 -0.813109
vn 0.132078 0.153224 -0.979325
vn 0.132074 0.153226 -0.979325
vn 0.186786 0.798799 -0.571866
vn 0.186781 0.798800 -0.571867
vn 0.826739 0.457443 -0.327487
vn 0.675035 0.037427 -0.736836
vn -0.186784 -0.798800 0.571867
vn -0.826733 -0.457451 0.327493
vn -0.982401 0.151876 -0.108729
vn -0.982401 0.151877 -0.108730
vn -0.694674 -0.304212 -0.651830
vn -0.694676 -0.304211 -0.651829
vn 0.000000 -0.582111 -0.813109
vn 0.000000 -0.582111 -0.813110
vn -0.132079 -0.976453 -0.170572
vn -0.675028 -0.709587 -0.202048
vn 0.982401 -0.151876 0.108729
vn 0.982401 -0.151876 0.108729
vn 0.562566 -0.672240 0.481262
vn -0.186785 -0.798799 0.571866
vn -0.186785 -0.798799 0.571866
vn -0.132077 -0.976452 -0.170580
vn -0.132079 -0.976453 -0.170574
vn 0.000000 -0.582111 -0.813109
vn 0.000000 -0.582111 -0.813109
vn 0.000000 -0.582111 -0.813109
vn 0.000000 -0.582111 -0.813109
vn 0.694671 -0.519004 -0.498064
vn 0.694675 -0.519001 -0.498060
vn 0.459336 -0.884963 -0.076490
vn 0.132077 0.976451 0.170584
vn 0.000000 0.582112 0.813108
vn 0.186785 0.798799 -0.571866
vn 0.186785 0.798801 -0.571864
vn 0.186785 0.798801 -0.571864
vn 0.186785 0.798799 -0.571866
vn 0.132078 0.153226 -0.979325
vn 0.000000 -0.582111 -0.813109
vn 0.000000 -0.582111 -0.813109
vn 0.000000 -0.582111 -0.813109
vn 0.000000 -0.582111 -0.813109
vn 0.000000 -0.582111 -0.813109
vn 0.000000 -0.582111 -0.813109
vn -0.132077 -0.976452 -0.170580
vn -0.186785 -0.798799 0.571866
vn -0.186785 -0.798801 0.571864
vn -0.186785 -0.798801 0.571864
vn -0.186784 -0.798799 0.571866
vn -0.132076 -0.153217 0.979327
vn 0.000000 0.582111 0.813110
vn 0.000000 0.582111 0.813109
vn 0.000000 0.582111 0.813109
vn 0.000000 0.582111 0.813109
vn 0.000000 0.582111 0.813109
vn 0.132077 0.976451 0.170583
vn 0.186785 0.798798 -0.571868
vn 0.186785 0.798799 -0.571866
vn 0.186785 0.798800 -0.571866
vn 0.186785 0.798799 -0.571866
vn 0.132078 0.153233 -0.979324
vn 0.000000 -0.582111 -0.813109
vn 0.000000 -0.582111 -0.813109
vn 0.000000 -0.582111 -0.813109
vn 0.000000 -0.582111 -0.813109
vn 0.000000 -0.582111 -0.813109
vn 0.000000 -0.582111 -0.813109
vn -0.132078 -0.976452 -0.170577
vn -0.186785 -0.798802 0.571862
vn -0.186785 -0.798801 0.571863
vn -0.186785 -0.798800 0.571865
vn -0.186785 -0.798799 0.571866
vn -0.132077 -0.153220 0.979326
vn 0.000000 0.582110 0.813110
vn 0.000000 0.582111 0.813109
vn 0.000000 0.582111 0.813109
vn 0.000000 0.582111 0.813109
vn 0.000000 0.582111 0.813109
vn 0.000000 0.582112 0.813109
vn 0.186785 0.798799 -0.571866
vn 0.132077 0.976451 0.170583
vn 0.186785 0.798800 -0.571865
vn 0.186785 0.798800 -0.571865
vn 0.186785 0.798799 -0.571866
vn 0.132078 0.153229 -0.979324
vn 0.000000 -0.582111 -0.813109
vn 0.000000 -0.582111 -0.813109
vn 0.000000 -0.582111 -0.813109
vn 0.000000 -0.582111 -0.813109
vn 0.000000 -0.582111 -0.813110
vn 0.000000 -0.582111 -0.813109
vn -0.132077 -0.976451 -0.170582
vn -0.186784 -0.798799 0.571866
vn -0.186785 -0.798801 0.571864
vn -0.186785 -0.798801 0.571864
vn -0.186785 -0.798799 0.571866
vn -0.132077 -0.153219 0.979326
vn 0.000000 0.582111 0.813109
vn 0.000000 0.582111 0.813109
vn 0.000000 0.582111 0.813109
vn 0.000000 0.582111 0.813109
vn 0.000000 0.582112 0.813109
vn 0.000000 0.582111 0.813109
vn 0.000000 0.582111 0.813109
vn 0.132077 0.976451 0.170584
vn 0.186785 0.798799 -0.571867
vn 0.186785 0.798800 -0.571866
vn 0.186785 0.798800 -0.571866
vn 0.186785 0.798799 -0.571866
vn 0.132078 0.153231 -0.979324
vn 0.000000 -0.582111 -0.813109
vn 0.000000 -0.582111 -0.813109
vn 0.000000 -0.582111 -0.813109
vn 0.000000 -0.582111 -0.813109
vn 0.000000 -0.582111 -0.813109
vn 0.000000 -0.582111 -0.813110
vn -0.132077 -0.976451 -0.170585
vn -0.186785 -0.798801 0.571864
vn -0.186784 -0.798801 0.571865
vn -0.186785 -0.798800 0.571865
vn -0.186785 -0.798799 0.571866
vn -0.132077 -0.153221 0.979326
vn 0.000000 0.582111 0.813109
vn 0.000000 0.582111 0.813109
vn 0.000000 0.582111 0.813109
vn 0.000000 0.582111 0.813109
vn 0.000000 0.582111 0.813109
vn 0.000000 0.582111 0.813109
vn 0.000000 0.582111 0.813109
vn 0.000000 0.582111 0.813109
vn 0.000000 0.582111 0.813109
vn 0.000000 0.582111 0.813109
vn -0.694664 0.519007 0.498070
vn -0.982401 0.151877 -0.108730
vn -0.982401 0.151877 -0.108730
vn -0.982401 0.151877 -0.108730
vn -0.982401 0.151877 -0.108730
vn -0.694673 -0.304214 -0.651831
vn 0.000000 -0.582111 -0.813109
vn 0.000000 -0.582111 -0.813109
vn 0.000000 -0.582111 -0.813109
vn 0.000000 -0.582111 -0.813109
vn 0.000000 -0.582111 -0.813109
vn 0.000000 -0.582111 -0.813109
vn 0.000000 -0.582111 -0.813109
vn 0.000000 -0.582111 -0.813109
vn 0.000000 -0.582111 -0.813109
vn 0.694667 -0.519005 -0.498067
vn 0.982401 -0.151877 0.108730
vn 0.982401 -0.151877 0.108730
vn 0.982401 -0.151877 0.108730
vn 0.982401 -0.151877 0.108730
vn 0.694659 0.304224 0.651841
vn 0.000000 0.582111 0.813109
vn 0.000000 0.582111 0.813109
vn 0.000000 0.582111 0.813109
vn 0.000000 0.582111 0.813109
vn 0.000000 0.582111 0.813109
vn 0.000000 0.582111 0.813109
vn 0.000000 0.582111 0.813109
vn 0.000000 0.582111 0.813109
vn 0.000000 0.582111 0.813109
vn -0.694666 0.519006 0.498068
vn -0.982401 0.151877 -0.108730
vn -0.982401 0.151877 -0.108729
vn -0.982401 0.151877 -0.108729
vn -0.982401 0.151877 -0.108730
vn -0.694674 -0.304213 -0.651830
vn 0.000000 -0.582111 -0.813109
vn 0.000000 -0.582111 -0.813109
vn 0.000000 -0.582111 -0.813109
vn 0.000000 -0.582111 -0.813109
vn 0.000000 -0.582111 -0.813109
vn 0.000000 -0.582111 -0.813109
vn 0.000000 -0.582111 -0.813109
vn 0.000000 -0.582111 -0.813109
vn 0.000000 -0.582111 -0.813109
vn 0.694667 -0.519006 -0.498068
vn 0.982401 -0.151877 0.108730
vn 0.982401 -0.151877 0.108730
vn 0.982401 -0.151877 0.108730
vn 0.982401 -0.151877 0.108730
vn 0.694658 0.304225 0.651842
vn 0.000000 0.582111 0.813109
vn 0.000000 0.582111 0.813109
vn 0.000000 0.582111 0.813109
vn 0.000000 0.582111 0.813109
vn 0.000000 -0.582111 -0.813109
vn 0.000000 -0.582111 -0.813109
vn 0.000000 -0.582111 -0.813109
vn 0.000000 -0.582111 -0.813109
vn 0.000000 -0.582111 -0.813109
vn -0.694677 -0.304211 -0.651828
vn -0.982401 0.151877 -0.108730
vn -0.982401 0.151877 -0.108730
vn -0.982401 0.151877 -0.108730
vn -0.982401 0.151877 -0.108730
vn -0.694670 0.519005 0.498065
vn 0.000000 0.582111 0.813109
vn 0.000000 0.582111 0.813109
vn 0.000000 0.582111 0.813109
vn 0.000000 0.582111 0.813109
vn 0.000000 0.582111 0.813109
vn 0.000000 0.582111 0.813109
vn 0.000000 0.582111 0.813109
vn 0.000000 0.582111 0.813109
vn 0.000000 0.582111 0.813109
vn 0.694661 0.304223 0.651839
vn 0.982401 -0.151877 0.108730
vn 0.982401 -0.151877 0.108730
vn 0.982401 -0.151877 0.108730
vn 0.982401 -0.151877 0.108730
vn 0.694670 -0.519004 -0.498064
vn 0.000000 -0.582111 -0.813109
vn 0.000000 -0.582111 -0.813109
vn 0.000000 -0.582111 -0.813109
vn 0.000000 -0.582111 -0.813109
s 1
g group19 group17 journals4 group14 group16 pCube11
usemtl aiStandardSurface2SG
f 3823/4039/3820 3822/4040/3821 3892/4041/3822 3903/4042/3823
f 3822/4040/3821 3821/4043/3824 3893/4192/3825 3892/4041/3822
f 3821/4194/3824 3820/4045/3826 3894/4046/3827 3893/4044/3825
f 3820/4045/3826 3831/4047/3828 3895/4048/3829 3894/4046/3827
f 3827/4049/3830 3826/4050/3831 4008/4271/3832 4009/4272/3833
f 3826/4050/3831 3825/4053/3834 4007/4270/3835 4008/4271/3832
f 3825/4053/3834 3824/4055/3836 4006/4269/3837 4007/4270/3835
f 3824/4055/3836 3823/4039/3820 4005/4268/3838 4006/4269/3837
f 4170/4446/3839 4171/4447/3840 4078/4347/3841 4079/4348/3842
f 4171/4447/3840 4172/4448/3843 4077/4346/3844 4078/4347/3841
f 4172/4448/3843 4173/4449/3845 4076/4345/3846 4077/4346/3844
f 4173/4449/3845 4174/4450/3847 4075/4344/3848 4076/4345/3846
f 3835/4066/3849 3834/4067/3850 3904/4068/3851 3915/4069/3852
f 3834/4067/3850 3833/4070/3853 3905/4207/3854 3904/4068/3851
f 3833/4230/3853 3832/4072/3855 3906/4073/3856 3905/4071/3854
f 3832/4072/3855 3843/4057/3857 3907/4074/3858 3906/4073/3856
f 4180/4456/3859 4181/4457/3860 4098/4369/3861 4099/4370/3862
f 4181/4457/3860 4182/4458/3863 4097/4368/3864 4098/4369/3861
f 4182/4458/3863 4183/4459/3865 4096/4367/3866 4097/4368/3864
f 4183/4459/3865 4184/4460/3867 4095/4366/3868 4096/4367/3866
f 3847/4060/3869 3846/4083/3870 3872/4084/3871 3871/4085/3872
f 3846/4083/3870 3845/4086/3873 3873/4224/3874 3872/4084/3871
f 3845/4228/3873 3844/4088/3875 3874/4089/3876 3873/4087/3874
f 3844/4088/3875 3855/4090/3877 3875/4091/3878 3874/4089/3876
f 3855/4090/3877 3854/4092/3879 3993/4254/3880 3994/4255/3881
f 3854/4092/3879 3853/4095/3882 3992/4253/3883 3993/4254/3880
f 3853/4095/3882 3852/4097/3884 4011/4274/3885 3992/4253/3883
f 3852/4097/3884 3851/4065/3886 4010/4273/3887 4011/4274/3885
f 3859/4094/3888 3858/4099/3889 3888/4100/3890 3887/4101/3891
f 3858/4099/3889 3857/4102/3892 3889/4216/3893 3888/4100/3890
f 3857/4226/3892 3856/4104/3894 3890/4105/3895 3889/4103/3893
f 3856/4104/3894 3867/4082/3896 3891/4106/3897 3890/4105/3895
f 4080/4349/3898 4081/4350/3899 4168/4444/3900 4169/4445/3901
f 4081/4350/3899 4082/4351/3902 4167/4442/3903 4168/4444/3900
f 4082/4352/3902 4083/4353/3904 4166/4441/3905 4167/4443/3903
f 4083/4353/3904 4084/4354/3906 4165/4440/3907 4166/4441/3905
f 3879/4114/3908 3878/4116/3909 3998/4260/3910 3999/4261/3911
f 3878/4116/3909 3877/4122/3912 3997/4258/3913 3998/4260/3910
f 3877/4223/3912 3876/4120/3914 3996/4257/3915 3997/4259/3913
f 3876/4120/3914 3875/4091/3878 3995/4256/3916 3996/4257/3915
f 4090/4360/3917 4091/4361/3918 4188/4465/3919 4189/4466/3920
f 4091/4361/3918 4092/4362/3921 4187/4463/3922 4188/4465/3919
f 4092/4363/3921 4093/4364/3923 4186/4462/3924 4187/4464/3922
f 4093/4364/3923 4094/4365/3925 4185/4461/3926 4186/4462/3924
f 3903/4042/3823 3902/4129/3927 4003/4266/3928 4004/4267/3929
f 3902/4129/3927 3901/4131/3930 4002/4264/3931 4003/4266/3928
f 3901/4163/3930 3900/4168/3932 4001/4263/3933 4002/4265/3931
f 3900/4168/3932 3899/4115/3934 4000/4262/3935 4001/4263/3933
f 4174/4450/3847 4175/4451/3936 4074/4343/3937 4075/4344/3848
f 3855/4090/3877 3994/4255/3881 3995/4256/3916 3875/4091/3878
f 4084/4354/3906 4085/4355/3938 4164/4439/3939 4165/4440/3907
f 3903/4042/3823 4004/4267/3929 4005/4268/3838 3823/4039/3820
f 4184/4460/3867 4185/4461/3926 4094/4365/3925 4095/4366/3868
f 4169/4445/3901 4170/4446/3839 4079/4348/3842 4080/4349/3898
f 3830/4058/3940 3831/4047/3828 3820/4045/3826 3916/4135/3941
f 3916/4135/3941 3820/4045/3826 3821/4194/3824 3917/4193/3942
f 3917/4136/3942 3821/4043/3824 3822/4040/3821 3918/4137/3943
f 3822/4040/3821 3823/4039/3820 3824/4055/3836 3918/4137/3943
f 3918/4137/3943 3824/4055/3836 3825/4053/3834 3919/4138/3944
f 3919/4138/3944 3825/4053/3834 3826/4050/3831 3920/4139/3945
f 3826/4050/3831 3827/4049/3830 3828/4063/3946 3920/4139/3945
f 3920/4139/3945 3828/4063/3946 3829/4061/3947 3921/4140/3948
f 3921/4140/3948 3829/4061/3947 3830/4058/3940 3916/4135/3941
f 3921/4140/3948 3916/4135/3941 3917/4193/3942 3922/4141/3949
f 3917/4136/3942 3918/4137/3943 3919/4138/3944 3922/4141/3949
f 3919/4138/3944 3920/4139/3945 3921/4140/3948 3922/4141/3949
f 3842/4056/3950 3843/4057/3857 3832/4072/3855 3923/4142/3951
f 3923/4142/3951 3832/4072/3855 3833/4230/3853 3924/4229/3952
f 3924/4143/3952 3833/4070/3853 3834/4067/3850 3925/4144/3953
f 3834/4067/3850 3835/4066/3849 3836/4080/3954 3925/4144/3953
f 3925/4144/3953 3836/4080/3954 3837/4078/3955 3926/4145/3956
f 3926/4145/3956 3837/4078/3955 3838/4075/3957 3927/4146/3958
f 3838/4075/3957 3839/4052/3959 3840/4051/3960 3927/4146/3958
f 3927/4146/3958 3840/4051/3960 3841/4054/3961 3928/4147/3962
f 3928/4147/3962 3841/4054/3961 3842/4056/3950 3923/4142/3951
f 3928/4147/3962 3923/4142/3951 3924/4229/3952 3929/4148/3963
f 3924/4143/3952 3925/4144/3953 3926/4145/3956 3929/4148/3963
f 3926/4145/3956 3927/4146/3958 3928/4147/3962 3929/4148/3963
f 3854/4092/3879 3855/4090/3877 3844/4088/3875 3930/4149/3964
f 3930/4149/3964 3844/4088/3875 3845/4228/3873 3931/4227/3965
f 3931/4150/3965 3845/4086/3873 3846/4083/3870 3932/4151/3966
f 3846/4083/3870 3847/4060/3869 3848/4059/3967 3932/4151/3966
f 3932/4151/3966 3848/4059/3967 3849/4062/3968 3933/4152/3969
f 3933/4152/3969 3849/4062/3968 3850/4064/3970 3934/4153/3971
f 3850/4064/3970 3851/4065/3886 3852/4097/3884 3934/4153/3971
f 3934/4153/3971 3852/4097/3884 3853/4095/3882 3935/4154/3972
f 3935/4154/3972 3853/4095/3882 3854/4092/3879 3930/4149/3964
f 3935/4154/3972 3930/4149/3964 3931/4227/3965 3936/4155/3973
f 3931/4150/3965 3932/4151/3966 3933/4152/3969 3936/4155/3973
f 3933/4152/3969 3934/4153/3971 3935/4154/3972 3936/4155/3973
f 3866/4081/3974 3867/4082/3896 3856/4104/3894 3937/4156/3975
f 3937/4156/3975 3856/4104/3894 3857/4226/3892 3938/4225/3976
f 3938/4157/3976 3857/4102/3892 3858/4099/3889 3939/4158/3977
f 3858/4099/3889 3859/4094/3888 3860/4093/3978 3939/4158/3977
f 3939/4158/3977 3860/4093/3978 3861/4096/3979 3940/4159/3980
f 3940/4159/3980 3861/4096/3979 3862/4098/3981 3941/4160/3982
f 3862/4098/3981 3863/4077/3983 3864/4076/3984 3941/4160/3982
f 3941/4160/3982 3864/4076/3984 3865/4079/3985 3942/4161/3986
f 3942/4161/3986 3865/4079/3985 3866/4081/3974 3937/4156/3975
f 3942/4161/3986 3937/4156/3975 3938/4225/3976 3943/4162/3987
f 3938/4157/3976 3939/4158/3977 3940/4159/3980 3943/4162/3987
f 3940/4159/3980 3941/4160/3982 3942/4161/3986 3943/4162/3987
f 3878/4116/3909 3879/4114/3908 3868/4111/3988 3944/4176/3989
f 3944/4176/3989 3868/4111/3988 3869/4110/3990 3945/4180/3991
f 3945/4164/3991 3869/4109/3990 3870/4107/3992 3946/4165/3993
f 3870/4107/3992 3871/4085/3872 3872/4084/3871 3946/4165/3993
f 3946/4165/3993 3872/4084/3871 3873/4224/3874 3947/4219/3994
f 3947/4166/3994 3873/4087/3874 3874/4089/3876 3948/4167/3995
f 3874/4089/3876 3875/4091/3878 3876/4120/3914 3948/4167/3995
f 3948/4167/3995 3876/4120/3914 3877/4223/3912 3949/4222/3996
f 3949/4181/3996 3877/4122/3912 3878/4116/3909 3944/4176/3989
f 3949/4181/3996 3944/4176/3989 3945/4180/3991 3950/4187/3997
f 3945/4164/3991 3946/4165/3993 3947/4219/3994 3950/4169/3997
f 3947/4166/3994 3948/4167/3995 3949/4222/3996 3950/4221/3997
f 3890/4105/3895 3891/4106/3897 3880/4127/3998 3951/4170/3999
f 3951/4170/3999 3880/4127/3998 3881/4218/4000 3952/4215/4001
f 3952/4188/4001 3881/4133/4000 3882/4124/4002 3953/4198/4003
f 3882/4124/4002 3883/4118/4004 3884/4117/4005 3953/4198/4003
f 3953/4198/4003 3884/4117/4005 3885/4123/4006 3954/4199/4007
f 3954/4173/4007 3885/4119/4006 3886/4121/4008 3955/4174/4009
f 3886/4121/4008 3887/4101/3891 3888/4100/3890 3955/4174/4009
f 3955/4174/4009 3888/4100/3890 3889/4216/3893 3956/4214/4010
f 3956/4175/4010 3889/4103/3893 3890/4105/3895 3951/4170/3999
f 3956/4175/4010 3951/4170/3999 3952/4215/4001 3957/4212/4011
f 3952/4188/4001 3953/4198/4003 3954/4199/4007 3957/4202/4011
f 3954/4173/4007 3955/4174/4009 3956/4214/4010 3957/4213/4011
f 3902/4129/3927 3903/4042/3823 3892/4041/3822 3958/4177/4012
f 3958/4177/4012 3892/4041/3822 3893/4192/3825 3959/4191/4013
f 3959/4178/4013 3893/4044/3825 3894/4046/3827 3960/4179/4014
f 3894/4046/3827 3895/4048/3829 3896/4108/4015 3960/4179/4014
f 3960/4179/4014 3896/4108/4015 3897/4197/4016 3961/4195/4017
f 3961/4203/4017 3897/4113/4016 3898/4112/4018 3962/4205/4019
f 3898/4112/4018 3899/4115/3934 3900/4168/3932 3962/4205/4019
f 3962/4205/4019 3900/4168/3932 3901/4163/3930 3963/4208/4020
f 3963/4182/4020 3901/4131/3930 3902/4129/3927 3958/4177/4012
f 3963/4182/4020 3958/4177/4012 3959/4191/4013 3964/4196/4021
f 3959/4178/4013 3960/4179/4014 3961/4195/4017 3964/4183/4021
f 3961/4203/4017 3962/4205/4019 3963/4208/4020 3964/4209/4021
f 3914/4128/4022 3915/4069/3852 3904/4068/3851 3965/4184/4023
f 3965/4184/4023 3904/4068/3851 3905/4207/3854 3966/4204/4024
f 3966/4185/4024 3905/4071/3854 3906/4073/3856 3967/4186/4025
f 3906/4073/3856 3907/4074/3858 3908/4130/4026 3967/4186/4025
f 3967/4186/4025 3908/4130/4026 3909/4206/4027 3968/4200/4028
f 3968/4210/4028 3909/4172/4027 3910/4171/4029 3969/4211/4030
f 3910/4171/4029 3911/4132/4031 3912/4125/4032 3969/4211/4030
f 3969/4211/4030 3912/4125/4032 3913/4134/4033 3970/4217/4034
f 3970/4189/4034 3913/4126/4033 3914/4128/4022 3965/4184/4023
f 3970/4189/4034 3965/4184/4023 3966/4204/4024 3971/4201/4035
f 3966/4185/4024 3967/4186/4025 3968/4200/4028 3971/4190/4035
f 3968/4210/4028 3969/4211/4030 3970/4217/4034 3971/4220/4035
f 3973/4232/4036 3972/4231/4037 3862/4098/3981 3861/4096/3979
f 3974/4233/4038 3973/4232/4036 3861/4096/3979 3860/4093/3978
f 3975/4234/4039 3974/4233/4038 3860/4093/3978 3859/4094/3888
f 3976/4235/4040 3975/4234/4039 3859/4094/3888 3887/4101/3891
f 3977/4236/4041 3976/4235/4040 3887/4101/3891 3886/4121/4008
f 3978/4238/4042 3977/4236/4041 3886/4121/4008 3885/4119/4006
f 3979/4239/4043 3978/4237/4042 3885/4123/4006 3884/4117/4005
f 3980/4240/4044 3979/4239/4043 3884/4117/4005 3883/4118/4004
f 4190/4467/4045 4089/4359/4046 4090/4360/3917 4189/4466/3920
f 3982/4242/4047 3981/4241/4048 3911/4132/4031 3910/4171/4029
f 3983/4244/4049 3982/4242/4047 3910/4171/4029 3909/4172/4027
f 3984/4245/4050 3983/4243/4049 3909/4206/4027 3908/4130/4026
f 3985/4246/4051 3984/4245/4050 3908/4130/4026 3907/4074/3858
f 3986/4247/4052 3985/4246/4051 3907/4074/3858 3843/4057/3857
f 3987/4248/4053 3986/4247/4052 3843/4057/3857 3842/4056/3950
f 3988/4249/4054 3987/4248/4053 3842/4056/3950 3841/4054/3961
f 3989/4250/4055 3988/4249/4054 3841/4054/3961 3840/4051/3960
f 3990/4251/4056 3989/4250/4055 3840/4051/3960 3839/4052/3959
f 4100/4371/4057 4179/4455/4058 4180/4456/3859 4099/4370/3862
f 3972/4231/4037 3991/4252/4059 3863/4077/3983 3862/4098/3981
f 3993/4254/3880 3992/4253/3883 4033/4298/4060 4034/4299/4061
f 3994/4255/3881 3993/4254/3880 4034/4299/4061 4035/4300/4062
f 3995/4256/3916 3994/4255/3881 4035/4300/4062 4036/4301/4063
f 3996/4257/3915 3995/4256/3916 4036/4301/4063 4037/4302/4064
f 3997/4259/3913 3996/4257/3915 4037/4302/4064 4038/4304/4065
f 3998/4260/3910 3997/4258/3913 4038/4303/4065 4039/4305/4066
f 3999/4261/3911 3998/4260/3910 4039/4305/4066 4040/4306/4067
f 4164/4439/3939 4085/4355/3938 4086/4356/4068 4163/4438/4069
f 4001/4263/3933 4000/4262/3935 4041/4307/4070 4042/4308/4071
f 4002/4265/3931 4001/4263/3933 4042/4308/4071 4043/4310/4072
f 4003/4266/3928 4002/4264/3931 4043/4309/4072 4044/4311/4073
f 4004/4267/3929 4003/4266/3928 4044/4311/4073 4045/4312/4074
f 4005/4268/3838 4004/4267/3929 4045/4312/4074 4046/4313/4075
f 4006/4269/3837 4005/4268/3838 4046/4313/4075 4047/4314/4076
f 4007/4270/3835 4006/4269/3837 4047/4314/4076 4048/4315/4077
f 4008/4271/3832 4007/4270/3835 4048/4315/4077 4049/4316/4078
f 4009/4272/3833 4008/4271/3832 4049/4316/4078 4050/4317/4079
f 4074/4343/3937 4175/4451/3936 4176/4452/4080 4073/4342/4081
f 4011/4274/3885 4010/4273/3887 4051/4318/4082 4032/4297/4083
f 3992/4253/3883 4011/4274/3885 4032/4297/4083 4033/4298/4060
f 4013/4276/4084 4012/4275/4085 3973/4232/4036 3974/4233/4038
f 4014/4277/4086 4013/4276/4084 3974/4233/4038 3975/4234/4039
f 4015/4278/4087 4014/4277/4086 3975/4234/4039 3976/4235/4040
f 4016/4279/4088 4015/4278/4087 3976/4235/4040 3977/4236/4041
f 4017/4281/4089 4016/4279/4088 3977/4236/4041 3978/4238/4042
f 4018/4282/4090 4017/4280/4089 3978/4237/4042 3979/4239/4043
f 4019/4283/4091 4018/4282/4090 3979/4239/4043 3980/4240/4044
f 4191/4468/4092 4088/4358/4093 4089/4359/4046 4190/4467/4045
f 4021/4285/4094 4020/4284/4095 3981/4241/4048 3982/4242/4047
f 4022/4287/4096 4021/4285/4094 3982/4242/4047 3983/4244/4049
f 4023/4288/4097 4022/4286/4096 3983/4243/4049 3984/4245/4050
f 4024/4289/4098 4023/4288/4097 3984/4245/4050 3985/4246/4051
f 4025/4290/4099 4024/4289/4098 3985/4246/4051 3986/4247/4052
f 4026/4291/4100 4025/4290/4099 3986/4247/4052 3987/4248/4053
f 4027/4292/4101 4026/4291/4100 3987/4248/4053 3988/4249/4054
f 4028/4293/4102 4027/4292/4101 3988/4249/4054 3989/4250/4055
f 4029/4294/4103 4028/4293/4102 3989/4250/4055 3990/4251/4056
f 4101/4372/4104 4178/4454/4105 4179/4455/4058 4100/4371/4057
f 4031/4296/4106 4030/4295/4107 3991/4252/4059 3972/4231/4037
f 4012/4275/4085 4031/4296/4106 3972/4231/4037 3973/4232/4036
f 4033/4298/4060 4032/4297/4083 4071/4340/4108 4052/4319/4109
f 4034/4299/4061 4033/4298/4060 4052/4319/4109 4053/4320/4110
f 4035/4300/4062 4034/4299/4061 4053/4320/4110 4054/4321/4111
f 4036/4301/4063 4035/4300/4062 4054/4321/4111 4055/4322/4112
f 4037/4302/4064 4036/4301/4063 4055/4322/4112 4056/4323/4113
f 4038/4304/4065 4037/4302/4064 4056/4323/4113 4057/4325/4114
f 4039/4305/4066 4038/4303/4065 4057/4324/4114 4058/4326/4115
f 4040/4306/4067 4039/4305/4066 4058/4326/4115 4059/4327/4116
f 4163/4438/4069 4086/4356/4068 4087/4357/4117 4162/4437/4118
f 4042/4308/4071 4041/4307/4070 4060/4328/4119 4061/4329/4120
f 4043/4310/4072 4042/4308/4071 4061/4329/4120 4062/4331/4121
f 4044/4311/4073 4043/4309/4072 4062/4330/4121 4063/4332/4122
f 4045/4312/4074 4044/4311/4073 4063/4332/4122 4064/4333/4123
f 4046/4313/4075 4045/4312/4074 4064/4333/4123 4065/4334/4124
f 4047/4314/4076 4046/4313/4075 4065/4334/4124 4066/4335/4125
f 4048/4315/4077 4047/4314/4076 4066/4335/4125 4067/4336/4126
f 4049/4316/4078 4048/4315/4077 4067/4336/4126 4068/4337/4127
f 4050/4317/4079 4049/4316/4078 4068/4337/4127 4069/4338/4128
f 4073/4342/4081 4176/4452/4080 4177/4453/4129 4072/4341/4130
f 4032/4297/4083 4051/4318/4082 4070/4339/4131 4071/4340/4108
f 4053/4320/4110 4052/4319/4109 4012/4275/4085 4013/4276/4084
f 4054/4321/4111 4053/4320/4110 4013/4276/4084 4014/4277/4086
f 4055/4322/4112 4054/4321/4111 4014/4277/4086 4015/4278/4087
f 4056/4323/4113 4055/4322/4112 4015/4278/4087 4016/4279/4088
f 4057/4325/4114 4056/4323/4113 4016/4279/4088 4017/4281/4089
f 4058/4326/4115 4057/4324/4114 4017/4280/4089 4018/4282/4090
f 4059/4327/4116 4058/4326/4115 4018/4282/4090 4019/4283/4091
f 4191/4468/4092 4162/4437/4118 4087/4357/4117 4088/4358/4093
f 4061/4329/4120 4060/4328/4119 4020/4284/4095 4021/4285/4094
f 4062/4331/4121 4061/4329/4120 4021/4285/4094 4022/4287/4096
f 4063/4332/4122 4062/4330/4121 4022/4286/4096 4023/4288/4097
f 4064/4333/4123 4063/4332/4122 4023/4288/4097 4024/4289/4098
f 4065/4334/4124 4064/4333/4123 4024/4289/4098 4025/4290/4099
f 4066/4335/4125 4065/4334/4124 4025/4290/4099 4026/4291/4100
f 4067/4336/4126 4066/4335/4125 4026/4291/4100 4027/4292/4101
f 4068/4337/4127 4067/4336/4126 4027/4292/4101 4028/4293/4102
f 4069/4338/4128 4068/4337/4127 4028/4293/4102 4029/4294/4103
f 4101/4372/4104 4072/4341/4130 4177/4453/4129 4178/4454/4105
f 4071/4340/4108 4070/4339/4131 4030/4295/4107 4031/4296/4106
f 4052/4319/4109 4071/4340/4108 4031/4296/4106 4012/4275/4085
f 4103/4374/4132 4073/4342/4081 4072/4341/4130 4102/4373/4133
f 4104/4375/4134 4074/4343/3937 4073/4342/4081 4103/4374/4132
f 4075/4344/3848 4074/4343/3937 4104/4375/4134 4105/4376/4135
f 4076/4345/3846 4075/4344/3848 4105/4376/4135 4106/4377/4136
f 4077/4346/3844 4076/4345/3846 4106/4377/4136 4107/4378/4137
f 4078/4347/3841 4077/4346/3844 4107/4378/4137 4108/4379/4138
f 4079/4348/3842 4078/4347/3841 4108/4379/4138 4109/4380/4139
f 4080/4349/3898 4079/4348/3842 4109/4380/4139 4110/4381/4140
f 4110/4381/4140 4111/4382/4141 4081/4350/3899 4080/4349/3898
f 4111/4382/4141 4112/4383/4142 4082/4351/3902 4081/4350/3899
f 4112/4384/4142 4113/4385/4143 4083/4353/3904 4082/4352/3902
f 4113/4385/4143 4114/4386/4144 4084/4354/3906 4083/4353/3904
f 4114/4386/4144 4115/4387/4145 4085/4355/3938 4084/4354/3906
f 4086/4356/4068 4085/4355/3938 4115/4387/4145 4116/4388/4146
f 4087/4357/4117 4086/4356/4068 4116/4388/4146 4117/4389/4147
f 4088/4358/4093 4087/4357/4117 4117/4389/4147 4118/4390/4148
f 4089/4359/4046 4088/4358/4093 4118/4390/4148 4119/4391/4149
f 4090/4360/3917 4089/4359/4046 4119/4391/4149 4120/4392/4150
f 4120/4392/4150 4121/4393/4151 4091/4361/3918 4090/4360/3917
f 4121/4393/4151 4122/4394/4152 4092/4362/3921 4091/4361/3918
f 4122/4395/4152 4123/4396/4153 4093/4364/3923 4092/4363/3921
f 4123/4396/4153 4124/4397/4154 4094/4365/3925 4093/4364/3923
f 4095/4366/3868 4094/4365/3925 4124/4397/4154 4125/4398/4155
f 4096/4367/3866 4095/4366/3868 4125/4398/4155 4126/4399/4156
f 4097/4368/3864 4096/4367/3866 4126/4399/4156 4127/4400/4157
f 4098/4369/3861 4097/4368/3864 4127/4400/4157 4128/4401/4158
f 4099/4370/3862 4098/4369/3861 4128/4401/4158 4129/4402/4159
f 4130/4403/4160 4100/4371/4057 4099/4370/3862 4129/4402/4159
f 4131/4404/4161 4101/4372/4104 4100/4371/4057 4130/4403/4160
f 4131/4404/4161 4102/4373/4133 4072/4341/4130 4101/4372/4104
f 4133/4406/4162 4103/4374/4132 4102/4373/4133 4132/4405/4163
f 4134/4407/4164 4104/4375/4134 4103/4374/4132 4133/4406/4162
f 4105/4376/4135 4104/4375/4134 4134/4407/4164 4135/4408/4165
f 4106/4377/4136 4105/4376/4135 4135/4408/4165 4136/4409/4166
f 4107/4378/4137 4106/4377/4136 4136/4409/4166 4137/4410/4167
f 4108/4379/4138 4107/4378/4137 4137/4410/4167 4138/4411/4168
f 4109/4380/4139 4108/4379/4138 4138/4411/4168 4139/4412/4169
f 4110/4381/4140 4109/4380/4139 4139/4412/4169 4140/4413/4170
f 4140/4413/4170 4141/4414/4171 4111/4382/4141 4110/4381/4140
f 4141/4414/4171 4142/4415/4172 4112/4383/4142 4111/4382/4141
f 4142/4416/4172 4143/4417/4173 4113/4385/4143 4112/4384/4142
f 4143/4417/4173 4144/4418/4174 4114/4386/4144 4113/4385/4143
f 4144/4418/4174 4145/4419/4175 4115/4387/4145 4114/4386/4144
f 4116/4388/4146 4115/4387/4145 4145/4419/4175 4146/4420/4176
f 4117/4389/4147 4116/4388/4146 4146/4420/4176 4147/4421/4177
f 4118/4390/4148 4117/4389/4147 4147/4421/4177 4148/4422/4178
f 4119/4391/4149 4118/4390/4148 4148/4422/4178 4149/4423/4179
f 4120/4392/4150 4119/4391/4149 4149/4423/4179 4150/4424/4180
f 4150/4424/4180 4151/4425/4181 4121/4393/4151 4120/4392/4150
f 4151/4425/4181 4152/4426/4182 4122/4394/4152 4121/4393/4151
f 4152/4427/4182 4153/4428/4183 4123/4396/4153 4122/4395/4152
f 4153/4428/4183 4154/4429/4184 4124/4397/4154 4123/4396/4153
f 4125/4398/4155 4124/4397/4154 4154/4429/4184 4155/4430/4185
f 4126/4399/4156 4125/4398/4155 4155/4430/4185 4156/4431/4186
f 4127/4400/4157 4126/4399/4156 4156/4431/4186 4157/4432/4187
f 4128/4401/4158 4127/4400/4157 4157/4432/4187 4158/4433/4188
f 4129/4402/4159 4128/4401/4158 4158/4433/4188 4159/4434/4189
f 4160/4435/4190 4130/4403/4160 4129/4402/4159 4159/4434/4189
f 4161/4436/4191 4131/4404/4161 4130/4403/4160 4160/4435/4190
f 4161/4436/4191 4132/4405/4163 4102/4373/4133 4131/4404/4161
f 4051/4318/4082 4133/4406/4162 4132/4405/4163 4070/4339/4131
f 4010/4273/3887 4134/4407/4164 4133/4406/4162 4051/4318/4082
f 4135/4408/4165 4134/4407/4164 4010/4273/3887 3851/4065/3886
f 4136/4409/4166 4135/4408/4165 3851/4065/3886 3850/4064/3970
f 4137/4410/4167 4136/4409/4166 3850/4064/3970 3849/4062/3968
f 4138/4411/4168 4137/4410/4167 3849/4062/3968 3848/4059/3967
f 4139/4412/4169 4138/4411/4168 3848/4059/3967 3847/4060/3869
f 4140/4413/4170 4139/4412/4169 3847/4060/3869 3871/4085/3872
f 3871/4085/3872 3870/4107/3992 4141/4414/4171 4140/4413/4170
f 3870/4107/3992 3869/4109/3990 4142/4415/4172 4141/4414/4171
f 3869/4110/3990 3868/4111/3988 4143/4417/4173 4142/4416/4172
f 3868/4111/3988 3879/4114/3908 4144/4418/4174 4143/4417/4173
f 3879/4114/3908 3999/4261/3911 4145/4419/4175 4144/4418/4174
f 4146/4420/4176 4145/4419/4175 3999/4261/3911 4040/4306/4067
f 4147/4421/4177 4146/4420/4176 4040/4306/4067 4059/4327/4116
f 4148/4422/4178 4147/4421/4177 4059/4327/4116 4019/4283/4091
f 4149/4423/4179 4148/4422/4178 4019/4283/4091 3980/4240/4044
f 4150/4424/4180 4149/4423/4179 3980/4240/4044 3883/4118/4004
f 3883/4118/4004 3882/4124/4002 4151/4425/4181 4150/4424/4180
f 3882/4124/4002 3881/4133/4000 4152/4426/4182 4151/4425/4181
f 3881/4218/4000 3880/4127/3998 4153/4428/4183 4152/4427/4182
f 3880/4127/3998 3891/4106/3897 4154/4429/4184 4153/4428/4183
f 4155/4430/4185 4154/4429/4184 3891/4106/3897 3867/4082/3896
f 4156/4431/4186 4155/4430/4185 3867/4082/3896 3866/4081/3974
f 4157/4432/4187 4156/4431/4186 3866/4081/3974 3865/4079/3985
f 4158/4433/4188 4157/4432/4187 3865/4079/3985 3864/4076/3984
f 4159/4434/4189 4158/4433/4188 3864/4076/3984 3863/4077/3983
f 3991/4252/4059 4160/4435/4190 4159/4434/4189 3863/4077/3983
f 4030/4295/4107 4161/4436/4191 4160/4435/4190 3991/4252/4059
f 4070/4339/4131 4132/4405/4163 4161/4436/4191 4030/4295/4107
f 4041/4307/4070 4206/4484/4192 4207/4485/4193 4060/4328/4119
f 4000/4262/3935 4205/4483/4194 4206/4484/4192 4041/4307/4070
f 4204/4482/4195 4205/4483/4194 4000/4262/3935 3899/4115/3934
f 4203/4481/4196 4204/4482/4195 3899/4115/3934 3898/4112/4018
f 4202/4480/4197 4203/4481/4196 3898/4112/4018 3897/4113/4016
f 4201/4478/4198 4202/4479/4197 3897/4197/4016 3896/4108/4015
f 4200/4477/4199 4201/4478/4198 3896/4108/4015 3895/4048/3829
f 3895/4048/3829 3831/4047/3828 4199/4476/4200 4200/4477/4199
f 3831/4047/3828 3830/4058/3940 4198/4475/4201 4199/4476/4200
f 3830/4058/3940 3829/4061/3947 4197/4474/4202 4198/4475/4201
f 3829/4061/3947 3828/4063/3946 4196/4473/4203 4197/4474/4202
f 3828/4063/3946 3827/4049/3830 4195/4472/4204 4196/4473/4203
f 3827/4049/3830 4009/4272/3833 4194/4471/4205 4195/4472/4204
f 4193/4470/4206 4194/4471/4205 4009/4272/3833 4050/4317/4079
f 4192/4469/4207 4193/4470/4206 4050/4317/4079 4069/4338/4128
f 4221/4500/4208 4192/4469/4207 4069/4338/4128 4029/4294/4103
f 4220/4499/4209 4221/4500/4208 4029/4294/4103 3990/4251/4056
f 4219/4498/4210 4220/4499/4209 3990/4251/4056 3839/4052/3959
f 3839/4052/3959 3838/4075/3957 4218/4497/4211 4219/4498/4210
f 3838/4075/3957 3837/4078/3955 4217/4496/4212 4218/4497/4211
f 3837/4078/3955 3836/4080/3954 4216/4495/4213 4217/4496/4212
f 3836/4080/3954 3835/4066/3849 4215/4494/4214 4216/4495/4213
f 3835/4066/3849 3915/4069/3852 4214/4493/4215 4215/4494/4214
f 4213/4492/4216 4214/4493/4215 3915/4069/3852 3914/4128/4022
f 4212/4491/4217 4213/4492/4216 3914/4128/4022 3913/4126/4033
f 4211/4489/4218 4212/4490/4217 3913/4134/4033 3912/4125/4032
f 4210/4488/4219 4211/4489/4218 3912/4125/4032 3911/4132/4031
f 3981/4241/4048 4209/4487/4220 4210/4488/4219 3911/4132/4031
f 4020/4284/4095 4208/4486/4221 4209/4487/4220 3981/4241/4048
f 4060/4328/4119 4207/4485/4193 4208/4486/4221 4020/4284/4095
f 4177/4453/4129 4176/4452/4080 4193/4470/4206 4192/4469/4207
f 4176/4452/4080 4175/4451/3936 4194/4471/4205 4193/4470/4206
f 4195/4472/4204 4194/4471/4205 4175/4451/3936 4174/4450/3847
f 4196/4473/4203 4195/4472/4204 4174/4450/3847 4173/4449/3845
f 4197/4474/4202 4196/4473/4203 4173/4449/3845 4172/4448/3843
f 4198/4475/4201 4197/4474/4202 4172/4448/3843 4171/4447/3840
f 4199/4476/4200 4198/4475/4201 4171/4447/3840 4170/4446/3839
f 4200/4477/4199 4199/4476/4200 4170/4446/3839 4169/4445/3901
f 4169/4445/3901 4168/4444/3900 4201/4478/4198 4200/4477/4199
f 4168/4444/3900 4167/4442/3903 4202/4479/4197 4201/4478/4198
f 4167/4443/3903 4166/4441/3905 4203/4481/4196 4202/4480/4197
f 4166/4441/3905 4165/4440/3907 4204/4482/4195 4203/4481/4196
f 4165/4440/3907 4164/4439/3939 4205/4483/4194 4204/4482/4195
f 4206/4484/4192 4205/4483/4194 4164/4439/3939 4163/4438/4069
f 4207/4485/4193 4206/4484/4192 4163/4438/4069 4162/4437/4118
f 4208/4486/4221 4207/4485/4193 4162/4437/4118 4191/4468/4092
f 4209/4487/4220 4208/4486/4221 4191/4468/4092 4190/4467/4045
f 4210/4488/4219 4209/4487/4220 4190/4467/4045 4189/4466/3920
f 4189/4466/3920 4188/4465/3919 4211/4489/4218 4210/4488/4219
f 4188/4465/3919 4187/4463/3922 4212/4490/4217 4211/4489/4218
f 4187/4464/3922 4186/4462/3924 4213/4492/4216 4212/4491/4217
f 4186/4462/3924 4185/4461/3926 4214/4493/4215 4213/4492/4216
f 4215/4494/4214 4214/4493/4215 4185/4461/3926 4184/4460/3867
f 4216/4495/4213 4215/4494/4214 4184/4460/3867 4183/4459/3865
f 4217/4496/4212 4216/4495/4213 4183/4459/3865 4182/4458/3863
f 4218/4497/4211 4217/4496/4212 4182/4458/3863 4181/4457/3860
f 4219/4498/4210 4218/4497/4211 4181/4457/3860 4180/4456/3859
f 4180/4456/3859 4179/4455/4058 4220/4499/4209 4219/4498/4210
f 4179/4455/4058 4178/4454/4105 4221/4500/4208 4220/4499/4209
f 4178/4454/4105 4177/4453/4129 4192/4469/4207 4221/4500/4208
