# 3ds Max Wavefront OBJ Exporter v0.97b - (c)2007 guruware
# File Created: 27.04.2020 21:05:38

mtllib TableComp.mtl

#
# object tableleg001
#

v  -71.8978 0.0000 -42.8720
v  -71.8978 0.0000 -45.3720
v  -66.8978 0.0000 -45.3720
v  -66.8978 0.0000 -42.8720
v  -71.8978 120.0000 -42.8720
v  -66.8978 120.0000 -42.8720
v  -66.8978 120.0000 -45.3720
v  -71.8978 120.0000 -45.3720
# 8 vertices

vn -0.5774 -0.5774 0.5774
vn -0.5774 -0.5774 -0.5774
vn 0.5774 -0.5774 -0.5774
vn 0.5774 -0.5774 0.5774
vn -0.5774 0.5774 0.5774
vn 0.5774 0.5774 0.5774
vn 0.5774 0.5774 -0.5774
vn -0.5774 0.5774 -0.5774
# 8 vertex normals

vt 1.0000 0.0000 0.0000
vt 1.0000 1.0000 0.0000
vt 0.0000 1.0000 0.0000
vt 0.0000 0.0000 0.0000
# 4 texture coords

o tableleg001
g tableleg001
usemtl wire_086086086
s 2
f 1/1/1 2/2/2 3/3/3 4/4/4 
s 4
f 5/4/5 6/1/6 7/2/7 8/3/8 
s 8
f 1/4/1 4/1/4 6/2/6 5/3/5 
s 16
f 4/4/4 3/1/3 7/2/7 6/3/6 
s 32
f 3/4/3 2/1/2 8/2/8 7/3/7 
s 64
f 2/4/2 1/1/1 5/2/5 8/3/8 
# 6 polygons

#
# object tableleg002
#

v  -71.8978 0.0000 30.3053
v  -71.8978 0.0000 27.8053
v  -66.8978 0.0000 27.8053
v  -66.8978 0.0000 30.3053
v  -71.8978 120.0000 30.3053
v  -66.8978 120.0000 30.3053
v  -66.8978 120.0000 27.8053
v  -71.8978 120.0000 27.8053
# 8 vertices

vn -0.5774 -0.5774 0.5774
vn -0.5774 -0.5774 -0.5774
vn 0.5774 -0.5774 -0.5774
vn 0.5774 -0.5774 0.5774
vn -0.5774 0.5774 0.5774
vn 0.5774 0.5774 0.5774
vn 0.5774 0.5774 -0.5774
vn -0.5774 0.5774 -0.5774
# 8 vertex normals

vt 1.0000 0.0000 0.0000
vt 1.0000 1.0000 0.0000
vt 0.0000 1.0000 0.0000
vt 0.0000 0.0000 0.0000
# 4 texture coords

o tableleg002
g tableleg002
usemtl wire_086086086
s 2
f 9/5/9 10/6/10 11/7/11 12/8/12 
s 4
f 13/8/13 14/5/14 15/6/15 16/7/16 
s 8
f 9/8/9 12/5/12 14/6/14 13/7/13 
s 16
f 12/8/12 11/5/11 15/6/15 14/7/14 
s 32
f 11/8/11 10/5/10 16/6/16 15/7/15 
s 64
f 10/8/10 9/5/9 13/6/13 16/7/16 
# 6 polygons

#
# object tableleg003
#

v  72.7926 0.0000 -42.8720
v  72.7926 0.0000 -45.3720
v  77.7926 0.0000 -45.3720
v  77.7926 0.0000 -42.8720
v  72.7926 120.0000 -42.8720
v  77.7926 120.0000 -42.8720
v  77.7926 120.0000 -45.3720
v  72.7926 120.0000 -45.3720
# 8 vertices

vn -0.5774 -0.5774 0.5774
vn -0.5774 -0.5774 -0.5774
vn 0.5774 -0.5774 -0.5774
vn 0.5774 -0.5774 0.5774
vn -0.5774 0.5774 0.5774
vn 0.5774 0.5774 0.5774
vn 0.5774 0.5774 -0.5774
vn -0.5774 0.5774 -0.5774
# 8 vertex normals

vt 1.0000 0.0000 0.0000
vt 1.0000 1.0000 0.0000
vt 0.0000 1.0000 0.0000
vt 0.0000 0.0000 0.0000
# 4 texture coords

o tableleg003
g tableleg003
usemtl wire_086086086
s 2
f 17/9/17 18/10/18 19/11/19 20/12/20 
s 4
f 21/12/21 22/9/22 23/10/23 24/11/24 
s 8
f 17/12/17 20/9/20 22/10/22 21/11/21 
s 16
f 20/12/20 19/9/19 23/10/23 22/11/22 
s 32
f 19/12/19 18/9/18 24/10/24 23/11/23 
s 64
f 18/12/18 17/9/17 21/10/21 24/11/24 
# 6 polygons

#
# object tableleg004
#

v  72.7926 0.0000 30.3053
v  72.7926 0.0000 27.8053
v  77.7926 0.0000 27.8053
v  77.7926 0.0000 30.3053
v  72.7926 120.0000 30.3053
v  77.7926 120.0000 30.3053
v  77.7926 120.0000 27.8053
v  72.7926 120.0000 27.8053
# 8 vertices

vn -0.5774 -0.5774 0.5774
vn -0.5774 -0.5774 -0.5774
vn 0.5774 -0.5774 -0.5774
vn 0.5774 -0.5774 0.5774
vn -0.5774 0.5774 0.5774
vn 0.5774 0.5774 0.5774
vn 0.5774 0.5774 -0.5774
vn -0.5774 0.5774 -0.5774
# 8 vertex normals

vt 1.0000 0.0000 0.0000
vt 1.0000 1.0000 0.0000
vt 0.0000 1.0000 0.0000
vt 0.0000 0.0000 0.0000
# 4 texture coords

o tableleg004
g tableleg004
usemtl wire_086086086
s 2
f 25/13/25 26/14/26 27/15/27 28/16/28 
s 4
f 29/16/29 30/13/30 31/14/31 32/15/32 
s 8
f 25/16/25 28/13/28 30/14/30 29/15/29 
s 16
f 28/16/28 27/13/27 31/14/31 30/15/30 
s 32
f 27/16/27 26/13/26 32/14/32 31/15/31 
s 64
f 26/16/26 25/13/25 29/14/29 32/15/32 
# 6 polygons

#
# object tablesupport001
#

v  -71.8977 0.0000 30.2760
v  -71.8977 0.0000 -45.3257
v  -66.8977 0.0000 -45.3257
v  -66.8977 0.0000 30.2760
v  -71.8977 2.5000 30.2760
v  -66.8977 2.5000 30.2760
v  -66.8977 2.5000 -45.3257
v  -71.8977 2.5000 -45.3257
# 8 vertices

vn -0.5774 -0.5774 0.5774
vn -0.5774 -0.5774 -0.5774
vn 0.5774 -0.5774 -0.5774
vn 0.5774 -0.5774 0.5774
vn -0.5774 0.5774 0.5774
vn 0.5774 0.5774 0.5774
vn 0.5774 0.5774 -0.5774
vn -0.5774 0.5774 -0.5774
# 8 vertex normals

vt 1.0000 0.0000 0.0000
vt 1.0000 1.0000 0.0000
vt 0.0000 1.0000 0.0000
vt 0.0000 0.0000 0.0000
# 4 texture coords

o tablesupport001
g tablesupport001
usemtl wire_086086086
s 2
f 33/17/33 34/18/34 35/19/35 36/20/36 
s 4
f 37/20/37 38/17/38 39/18/39 40/19/40 
s 8
f 33/20/33 36/17/36 38/18/38 37/19/37 
s 16
f 36/20/36 35/17/35 39/18/39 38/19/38 
s 32
f 35/20/35 34/17/34 40/18/40 39/19/39 
s 64
f 34/20/34 33/17/33 37/18/37 40/19/40 
# 6 polygons

#
# object tablesupport002
#

v  72.7926 0.0000 30.2760
v  72.7926 0.0000 -45.3257
v  77.7926 0.0000 -45.3257
v  77.7926 0.0000 30.2760
v  72.7926 2.5000 30.2760
v  77.7926 2.5000 30.2760
v  77.7926 2.5000 -45.3257
v  72.7926 2.5000 -45.3257
# 8 vertices

vn -0.5774 -0.5774 0.5774
vn -0.5774 -0.5774 -0.5774
vn 0.5774 -0.5774 -0.5774
vn 0.5774 -0.5774 0.5774
vn -0.5774 0.5774 0.5774
vn 0.5774 0.5774 0.5774
vn 0.5774 0.5774 -0.5774
vn -0.5774 0.5774 -0.5774
# 8 vertex normals

vt 1.0000 0.0000 0.0000
vt 1.0000 1.0000 0.0000
vt 0.0000 1.0000 0.0000
vt 0.0000 0.0000 0.0000
# 4 texture coords

o tablesupport002
g tablesupport002
usemtl wire_086086086
s 2
f 41/21/41 42/22/42 43/23/43 44/24/44 
s 4
f 45/24/45 46/21/46 47/22/47 48/23/48 
s 8
f 41/24/41 44/21/44 46/22/46 45/23/45 
s 16
f 44/24/44 43/21/43 47/22/47 46/23/46 
s 32
f 43/24/43 42/21/42 48/22/48 47/23/47 
s 64
f 42/24/42 41/21/41 45/22/45 48/23/48 
# 6 polygons

#
# object Tabletop001
#

v  -72.0544 119.9992 32.4581
v  -72.0544 119.9992 -47.5419
v  77.9456 119.9992 -47.5419
v  77.9456 119.9992 32.4581
v  -72.0544 124.9992 30.4581
v  77.9456 124.9992 30.4581
v  77.9456 124.9992 -45.5419
v  -72.0544 124.9992 -45.5419
v  77.9456 122.9992 32.4581
v  -72.0544 122.9992 32.4581
v  77.9456 122.9992 -47.5419
v  77.9456 123.1942 -47.5369
v  77.9456 123.3792 -47.5219
v  77.9456 123.5542 -47.4969
v  77.9456 123.7192 -47.4619
v  77.9456 123.8742 -47.4169
v  77.9456 124.0192 -47.3619
v  77.9456 124.1542 -47.2969
v  77.9456 124.2792 -47.2219
v  77.9456 124.3942 -47.1369
v  77.9456 124.4992 -47.0419
v  77.9456 124.5942 -46.9369
v  77.9456 124.6792 -46.8219
v  77.9456 124.7542 -46.6969
v  77.9456 124.8192 -46.5619
v  77.9456 124.8742 -46.4169
v  77.9456 124.9192 -46.2619
v  77.9456 124.9542 -46.0969
v  77.9456 124.9792 -45.9219
v  77.9456 124.9942 -45.7369
v  77.9456 124.9942 30.6531
v  77.9456 124.9792 30.8381
v  77.9456 124.9542 31.0131
v  77.9456 124.9192 31.1781
v  77.9456 124.8742 31.3331
v  77.9456 124.8192 31.4781
v  77.9456 124.7542 31.6131
v  77.9456 124.6792 31.7381
v  77.9456 124.5942 31.8531
v  77.9456 124.4992 31.9581
v  77.9456 124.3942 32.0531
v  77.9456 124.2792 32.1381
v  77.9456 124.1542 32.2131
v  77.9456 124.0192 32.2781
v  77.9456 123.8742 32.3331
v  77.9456 123.7192 32.3781
v  77.9456 123.5542 32.4131
v  77.9456 123.3792 32.4381
v  77.9456 123.1942 32.4531
v  -72.0544 122.9992 -47.5419
v  -72.0544 123.1942 32.4531
v  -72.0544 123.3792 32.4381
v  -72.0544 123.5542 32.4131
v  -72.0544 123.7192 32.3781
v  -72.0544 123.8742 32.3331
v  -72.0544 124.0192 32.2781
v  -72.0544 124.1542 32.2131
v  -72.0544 124.2792 32.1381
v  -72.0544 124.3942 32.0531
v  -72.0544 124.4992 31.9581
v  -72.0544 124.5942 31.8531
v  -72.0544 124.6792 31.7381
v  -72.0544 124.7542 31.6131
v  -72.0544 124.8192 31.4781
v  -72.0544 124.8742 31.3331
v  -72.0544 124.9192 31.1781
v  -72.0544 124.9542 31.0131
v  -72.0544 124.9792 30.8381
v  -72.0544 124.9942 30.6531
v  -72.0544 124.9942 -45.7369
v  -72.0544 124.9792 -45.9219
v  -72.0544 124.9542 -46.0969
v  -72.0544 124.9192 -46.2619
v  -72.0544 124.8742 -46.4169
v  -72.0544 124.8192 -46.5619
v  -72.0544 124.7542 -46.6969
v  -72.0544 124.6792 -46.8219
v  -72.0544 124.5942 -46.9369
v  -72.0544 124.4992 -47.0419
v  -72.0544 124.3942 -47.1369
v  -72.0544 124.2792 -47.2219
v  -72.0544 124.1542 -47.2969
v  -72.0544 124.0192 -47.3619
v  -72.0544 123.8742 -47.4169
v  -72.0544 123.7192 -47.4619
v  -72.0544 123.5542 -47.4969
v  -72.0544 123.3792 -47.5219
v  -72.0544 123.1942 -47.5369
# 88 vertices

vn -0.5774 -0.5774 0.5774
vn -0.5774 -0.5774 -0.5774
vn 0.5774 -0.5774 -0.5774
vn 0.5774 -0.5774 0.5774
vn -0.7042 0.7099 0.0091
vn 0.7042 0.7099 0.0091
vn 0.7042 0.7099 -0.0091
vn -0.7042 0.7099 -0.0091
vn 0.7042 0.0091 0.7099
vn -0.7042 0.0091 0.7099
vn 0.7042 0.0091 -0.7099
vn 0.7010 0.0380 -0.7122
vn 0.7004 0.0793 -0.7093
vn 0.6997 0.1247 -0.7035
vn 0.6989 0.1740 -0.6937
vn 0.6983 0.2269 -0.6789
vn 0.6976 0.2827 -0.6584
vn 0.6969 0.3404 -0.6312
vn 0.6965 0.3983 -0.5969
vn 0.6962 0.4547 -0.5555
vn 0.6960 0.5077 -0.5077
vn 0.6961 0.5555 -0.4547
vn 0.6965 0.5969 -0.3983
vn 0.6969 0.6312 -0.3404
vn 0.6975 0.6584 -0.2827
vn 0.6982 0.6790 -0.2269
vn 0.6989 0.6937 -0.1740
vn 0.6996 0.7035 -0.1247
vn 0.7003 0.7094 -0.0794
vn 0.7010 0.7122 -0.0380
vn 0.7010 0.7122 0.0380
vn 0.7003 0.7094 0.0794
vn 0.6996 0.7035 0.1247
vn 0.6989 0.6937 0.1740
vn 0.6982 0.6790 0.2269
vn 0.6975 0.6584 0.2827
vn 0.6969 0.6312 0.3404
vn 0.6965 0.5969 0.3983
vn 0.6961 0.5555 0.4547
vn 0.6960 0.5077 0.5077
vn 0.6962 0.4547 0.5555
vn 0.6965 0.3983 0.5969
vn 0.6969 0.3404 0.6312
vn 0.6976 0.2827 0.6584
vn 0.6983 0.2269 0.6789
vn 0.6989 0.1740 0.6937
vn 0.6997 0.1247 0.7035
vn 0.7004 0.0793 0.7093
vn 0.7010 0.0380 0.7122
vn -0.7042 0.0091 -0.7099
vn -0.7010 0.0380 0.7122
vn -0.7004 0.0793 0.7093
vn -0.6997 0.1247 0.7035
vn -0.6989 0.1740 0.6937
vn -0.6983 0.2269 0.6789
vn -0.6976 0.2827 0.6584
vn -0.6969 0.3404 0.6312
vn -0.6965 0.3983 0.5969
vn -0.6962 0.4547 0.5555
vn -0.6960 0.5077 0.5077
vn -0.6961 0.5555 0.4547
vn -0.6965 0.5969 0.3983
vn -0.6969 0.6312 0.3404
vn -0.6975 0.6584 0.2827
vn -0.6982 0.6790 0.2269
vn -0.6989 0.6937 0.1740
vn -0.6996 0.7035 0.1247
vn -0.7003 0.7094 0.0794
vn -0.7010 0.7122 0.0380
vn -0.7010 0.7122 -0.0380
vn -0.7003 0.7094 -0.0794
vn -0.6996 0.7035 -0.1247
vn -0.6989 0.6937 -0.1740
vn -0.6982 0.6790 -0.2269
vn -0.6975 0.6584 -0.2827
vn -0.6969 0.6312 -0.3404
vn -0.6965 0.5969 -0.3983
vn -0.6961 0.5555 -0.4547
vn -0.6960 0.5077 -0.5077
vn -0.6962 0.4547 -0.5555
vn -0.6965 0.3983 -0.5969
vn -0.6969 0.3404 -0.6312
vn -0.6976 0.2827 -0.6584
vn -0.6983 0.2269 -0.6789
vn -0.6989 0.1740 -0.6937
vn -0.6997 0.1247 -0.7035
vn -0.7004 0.0793 -0.7093
vn -0.7010 0.0380 -0.7122
# 88 vertex normals

vt 1.0000 0.0000 0.0000
vt 1.0000 1.0000 0.0000
vt 0.0000 1.0000 0.0000
vt 0.0000 0.0000 0.0000
vt 0.0000 0.0250 0.0000
vt 1.0000 0.0250 0.0000
vt 1.0000 0.9750 0.0000
vt 0.0000 0.9750 0.0000
vt 1.0000 0.6000 0.0000
vt 0.0000 0.6000 0.0000
vt 1.0000 0.6400 0.0000
vt 1.0000 0.6800 0.0000
vt 1.0000 0.7200 0.0000
vt 1.0000 0.7600 0.0000
vt 1.0000 0.8000 0.0000
vt 1.0000 0.8400 0.0000
vt 1.0000 0.8800 0.0000
vt 1.0000 0.9200 0.0000
vt 1.0000 0.9600 0.0000
vt 0.9975 1.0000 0.0000
vt 0.9950 1.0000 0.0000
vt 0.9925 1.0000 0.0000
vt 0.9900 1.0000 0.0000
vt 0.9875 1.0000 0.0000
vt 0.9850 1.0000 0.0000
vt 0.9825 1.0000 0.0000
vt 0.9800 1.0000 0.0000
vt 0.9775 1.0000 0.0000
vt 0.9750 1.0000 0.0000
vt 0.0250 1.0000 0.0000
vt 0.0225 1.0000 0.0000
vt 0.0200 1.0000 0.0000
vt 0.0175 1.0000 0.0000
vt 0.0150 1.0000 0.0000
vt 0.0125 1.0000 0.0000
vt 0.0100 1.0000 0.0000
vt 0.0075 1.0000 0.0000
vt 0.0050 1.0000 0.0000
vt 0.0025 1.0000 0.0000
vt 0.0000 0.9600 0.0000
vt 0.0000 0.9200 0.0000
vt 0.0000 0.8800 0.0000
vt 0.0000 0.8400 0.0000
vt 0.0000 0.8000 0.0000
vt 0.0000 0.7600 0.0000
vt 0.0000 0.7200 0.0000
vt 0.0000 0.6800 0.0000
vt 0.0000 0.6400 0.0000
vt 0.0000 0.0225 0.0000
vt 1.0000 0.0225 0.0000
vt 0.0000 0.0200 0.0000
vt 1.0000 0.0200 0.0000
vt 0.0000 0.0175 0.0000
vt 1.0000 0.0175 0.0000
vt 0.0000 0.0150 0.0000
vt 1.0000 0.0150 0.0000
vt 0.0000 0.0125 0.0000
vt 1.0000 0.0125 0.0000
vt 0.0000 0.0100 0.0000
vt 1.0000 0.0100 0.0000
vt 0.0000 0.0075 0.0000
vt 1.0000 0.0075 0.0000
vt 0.0000 0.0050 0.0000
vt 1.0000 0.0050 0.0000
vt 0.0000 0.0025 0.0000
vt 1.0000 0.0025 0.0000
vt 1.0000 0.9775 0.0000
vt 0.0000 0.9775 0.0000
vt 1.0000 0.9800 0.0000
vt 0.0000 0.9800 0.0000
vt 1.0000 0.9825 0.0000
vt 0.0000 0.9825 0.0000
vt 1.0000 0.9850 0.0000
vt 0.0000 0.9850 0.0000
vt 1.0000 0.9875 0.0000
vt 0.0000 0.9875 0.0000
vt 1.0000 0.9900 0.0000
vt 0.0000 0.9900 0.0000
vt 1.0000 0.9925 0.0000
vt 0.0000 0.9925 0.0000
vt 1.0000 0.9950 0.0000
vt 0.0000 0.9950 0.0000
vt 1.0000 0.9975 0.0000
vt 0.0000 0.9975 0.0000
# 84 texture coords

o Tabletop001
g Tabletop001
usemtl wire_056028012
s 1
f 49/25/49 50/26/50 51/27/51 52/28/52 
s 2
f 53/29/53 54/30/54 55/31/55 56/32/56 
f 49/28/49 52/25/52 57/33/57 58/34/58 
s 4
f 52/28/52 51/25/51 59/33/59 60/35/60 61/36/61 62/37/62 63/38/63 64/39/64 65/40/65 66/41/66 67/42/67 68/43/68 69/26/69 70/44/70 71/45/71 72/46/72 73/47/73 74/48/74 75/49/75 76/50/76 77/51/77 78/52/78 55/53/55 54/54/54 79/55/79 80/56/80 81/57/81 82/58/82 83/59/83 84/60/84 85/61/85 86/62/86 87/63/87 88/27/88 89/64/89 90/65/90 91/66/91 92/67/92 93/68/93 94/69/94 95/70/95 96/71/96 97/72/97 57/34/57 
s 2
f 51/28/51 50/25/50 98/33/98 59/34/59 
s 4
f 50/28/50 49/25/49 58/33/58 99/35/99 100/36/100 101/37/101 102/38/102 103/39/103 104/40/104 105/41/105 106/42/106 107/43/107 108/26/108 109/44/109 110/45/110 111/46/111 112/47/112 113/48/113 114/49/114 115/50/115 116/51/116 117/52/117 53/53/53 56/54/56 118/55/118 119/56/119 120/57/120 121/58/121 122/59/122 123/60/123 124/61/124 125/62/125 126/63/126 127/27/127 128/64/128 129/65/129 130/66/130 131/67/131 132/68/132 133/69/133 134/70/134 135/71/135 136/72/136 98/34/98 
s 2
f 54/30/54 53/29/53 117/73/117 79/74/79 
f 79/74/79 117/73/117 116/75/116 80/76/80 
f 80/76/80 116/75/116 115/77/115 81/78/81 
f 81/78/81 115/77/115 114/79/114 82/80/82 
f 82/80/82 114/79/114 113/81/113 83/82/83 
f 83/82/83 113/81/113 112/83/112 84/84/84 
f 84/84/84 112/83/112 111/85/111 85/86/85 
f 85/86/85 111/85/111 110/87/110 86/88/86 
f 86/88/86 110/87/110 109/89/109 87/90/87 
f 87/90/87 109/89/109 108/28/108 88/25/88 
f 58/34/58 57/33/57 97/35/97 99/72/99 
f 99/72/99 97/35/97 96/36/96 100/71/100 
f 100/71/100 96/36/96 95/37/95 101/70/101 
f 101/70/101 95/37/95 94/38/94 102/69/102 
f 102/69/102 94/38/94 93/39/93 103/68/103 
f 103/68/103 93/39/93 92/40/92 104/67/104 
f 104/67/104 92/40/92 91/41/91 105/66/105 
f 105/66/105 91/41/91 90/42/90 106/65/106 
f 106/65/106 90/42/90 89/43/89 107/64/107 
f 107/64/107 89/43/89 88/26/88 108/27/108 
f 56/32/56 55/31/55 78/91/78 118/92/118 
f 118/92/118 78/91/78 77/93/77 119/94/119 
f 119/94/119 77/93/77 76/95/76 120/96/120 
f 120/96/120 76/95/76 75/97/75 121/98/121 
f 121/98/121 75/97/75 74/99/74 122/100/122 
f 122/100/122 74/99/74 73/101/73 123/102/123 
f 123/102/123 73/101/73 72/103/72 124/104/124 
f 124/104/124 72/103/72 71/105/71 125/106/125 
f 125/106/125 71/105/71 70/107/70 126/108/126 
f 126/108/126 70/107/70 69/26/69 127/27/127 
f 59/34/59 98/33/98 136/35/136 60/72/60 
f 60/72/60 136/35/136 135/36/135 61/71/61 
f 61/71/61 135/36/135 134/37/134 62/70/62 
f 62/70/62 134/37/134 133/38/133 63/69/63 
f 63/69/63 133/38/133 132/39/132 64/68/64 
f 64/68/64 132/39/132 131/40/131 65/67/65 
f 65/67/65 131/40/131 130/41/130 66/66/66 
f 66/66/66 130/41/130 129/42/129 67/65/67 
f 67/65/67 129/42/129 128/43/128 68/64/68 
f 68/64/68 128/43/128 127/26/127 69/27/69 
# 46 polygons

#
# object Monitor001
#

v  -32.4797 138.4319 -5.9117
v  -32.4797 138.4319 -7.9117
v  32.5203 138.4319 -7.9117
v  32.5203 138.4319 -5.9117
v  -32.4797 171.4319 -5.9117
v  32.5203 171.4319 -5.9117
v  32.5203 171.4319 -7.9117
v  -32.4797 171.4319 -7.9117
v  -31.4797 139.4319 -6.4117
v  31.5203 139.4319 -6.4117
v  31.5203 170.4319 -6.4117
v  -31.4797 170.4319 -6.4117
v  31.5203 139.4319 -5.9117
v  -31.4797 139.4319 -5.9117
v  31.5203 170.4319 -5.9117
v  -31.4797 170.4319 -5.9117
# 16 vertices

vn -0.5774 -0.5774 0.5774
vn -0.5774 -0.5774 -0.5774
vn 0.5774 -0.5774 -0.5774
vn 0.5774 -0.5774 0.5774
vn -0.5774 0.5774 0.5774
vn 0.5774 0.5774 0.5774
vn 0.5774 0.5774 -0.5774
vn -0.5774 0.5774 -0.5774
vn -0.3015 0.3015 0.9045
vn 0.3015 0.3015 0.9045
vn -0.3015 -0.3015 0.9045
vn 0.3015 -0.3015 0.9045
# 12 vertex normals

vt 1.0000 0.0000 0.0000
vt 1.0000 1.0000 0.0000
vt 0.0000 1.0000 0.0000
vt 0.0000 0.0000 0.0000
# 4 texture coords

o Monitor001
g Monitor001
usemtl wire_012012012
s 2
f 137/109/137 138/110/138 139/111/139 140/112/140 
s 4
f 141/112/141 142/109/142 143/110/143 144/111/144 
s 8
f 145/112/142 146/109/141 147/110/137 148/111/140 
s 16
f 140/112/140 139/109/139 143/110/143 142/111/142 
s 32
f 139/112/139 138/109/138 144/110/144 143/111/143 
s 64
f 138/112/138 137/109/137 141/110/141 144/111/144 
s off
f 137/112/137 140/109/140 149/109/145 150/112/146 
f 140/109/140 142/110/142 151/110/147 149/109/145 
f 142/110/142 141/111/141 152/111/148 151/110/147 
f 141/111/141 137/112/137 150/112/146 152/111/148 
f 150/112/146 149/109/145 146/109/141 145/112/142 
f 149/109/145 151/110/147 147/110/137 146/109/141 
f 151/110/147 152/111/148 148/111/140 147/110/137 
f 152/111/148 150/112/146 145/112/142 148/111/140 
# 14 polygons

#
# object Base001
#

v  -19.0240 124.9987 -3.8649
v  -19.0240 124.9987 -18.8649
v  18.9760 124.9987 -18.8649
v  18.9760 124.9987 -3.8649
v  -19.0240 125.9987 -3.8649
v  18.9760 125.9987 -3.8649
v  18.9760 125.9987 -18.8649
v  -19.0240 125.9987 -18.8649
# 8 vertices

vn -0.5774 -0.5774 0.5774
vn -0.5774 -0.5774 -0.5774
vn 0.5774 -0.5774 -0.5774
vn 0.5774 -0.5774 0.5774
vn -0.5774 0.5774 0.5774
vn 0.5774 0.5774 0.5774
vn 0.5774 0.5774 -0.5774
vn -0.5774 0.5774 -0.5774
# 8 vertex normals

vt 1.0000 0.0000 0.0000
vt 1.0000 1.0000 0.0000
vt 0.0000 1.0000 0.0000
vt 0.0000 0.0000 0.0000
# 4 texture coords

o Base001
g Base001
usemtl wire_012012012
s 2
f 153/113/149 154/114/150 155/115/151 156/116/152 
s 4
f 157/116/153 158/113/154 159/114/155 160/115/156 
s 8
f 153/116/149 156/113/152 158/114/154 157/115/153 
s 16
f 156/116/152 155/113/151 159/114/155 158/115/154 
s 32
f 155/116/151 154/113/150 160/114/156 159/115/155 
s 64
f 154/116/150 153/113/149 157/114/153 160/115/156 
# 6 polygons

#
# object Box002
#

v  -6.7534 125.0468 -17.9406
v  -6.7534 125.5438 -18.8083
v  6.7466 125.5438 -18.8083
v  6.7466 125.0468 -17.9406
v  -6.7534 142.4013 -7.9997
v  6.7466 142.4013 -7.9997
v  6.7466 142.8983 -8.8674
v  -6.7534 142.8983 -8.8674
# 8 vertices

vn -0.5774 -0.7880 0.2140
vn -0.5774 -0.2140 -0.7880
vn 0.5774 -0.2140 -0.7880
vn 0.5774 -0.7880 0.2140
vn -0.5774 0.2140 0.7880
vn 0.5774 0.2140 0.7880
vn 0.5774 0.7880 -0.2140
vn -0.5774 0.7880 -0.2140
# 8 vertex normals

vt 1.0000 0.0000 0.0000
vt 1.0000 1.0000 0.0000
vt 0.0000 1.0000 0.0000
vt 0.0000 0.0000 0.0000
# 4 texture coords

o Box002
g Box002
usemtl wire_012012012
s 2
f 161/117/157 162/118/158 163/119/159 164/120/160 
s 4
f 165/120/161 166/117/162 167/118/163 168/119/164 
s 8
f 161/120/157 164/117/160 166/118/162 165/119/161 
s 16
f 164/120/160 163/117/159 167/118/163 166/119/162 
s 32
f 163/120/159 162/117/158 168/118/164 167/119/163 
s 64
f 162/120/158 161/117/157 165/118/161 168/119/164 
# 6 polygons

#
# object Box003
#

v  -6.7534 138.4319 -7.9116
v  -6.7534 138.4319 -8.9116
v  6.7466 138.4319 -8.9116
v  6.7466 138.4319 -7.9116
v  -6.7534 151.9319 -7.9116
v  6.7466 151.9319 -7.9116
v  6.7466 151.9319 -8.9116
v  -6.7534 151.9319 -8.9116
# 8 vertices

vn -0.5774 -0.5774 0.5774
vn -0.5774 -0.5774 -0.5774
vn 0.5774 -0.5774 -0.5774
vn 0.5774 -0.5774 0.5774
vn -0.5774 0.5774 0.5774
vn 0.5774 0.5774 0.5774
vn 0.5774 0.5774 -0.5774
vn -0.5774 0.5774 -0.5774
# 8 vertex normals

vt 1.0000 0.0000 0.0000
vt 1.0000 1.0000 0.0000
vt 0.0000 1.0000 0.0000
vt 0.0000 0.0000 0.0000
# 4 texture coords

o Box003
g Box003
usemtl wire_012012012
s 2
f 169/121/165 170/122/166 171/123/167 172/124/168 
s 4
f 173/124/169 174/121/170 175/122/171 176/123/172 
s 8
f 169/124/165 172/121/168 174/122/170 173/123/169 
s 16
f 172/124/168 171/121/167 175/122/171 174/123/170 
s 32
f 171/124/167 170/121/166 176/122/172 175/123/171 
s 64
f 170/124/166 169/121/165 173/122/169 176/123/172 
# 6 polygons

#
# object Cylinder001
#

v  6.7463 126.0151 -17.8476
v  6.7463 126.6578 -17.0815
v  6.7463 126.3571 -16.9079
v  6.7463 126.0151 -16.8476
v  6.7463 126.9999 -17.6739
v  6.7463 126.8811 -17.3476
v  6.7463 126.8811 -18.3476
v  6.7463 126.9999 -18.0212
v  6.7463 126.3571 -18.7873
v  6.7463 126.6578 -18.6136
v  6.7463 125.6730 -18.7873
v  6.7463 126.0151 -18.8476
v  6.7463 125.1490 -18.3476
v  6.7463 125.3723 -18.6136
v  6.7463 125.0302 -17.6739
v  6.7463 125.0302 -18.0212
v  6.7463 125.3723 -17.0815
v  6.7463 125.1490 -17.3476
v  6.7463 125.6730 -16.9079
v  4.0463 126.3571 -16.9079
v  4.0463 126.0151 -16.8476
v  4.0463 126.6578 -17.0815
v  4.0463 126.8811 -17.3476
v  4.0463 126.9999 -17.6739
v  4.0463 126.9999 -18.0212
v  4.0463 126.8811 -18.3476
v  4.0463 126.6578 -18.6136
v  4.0463 126.3571 -18.7873
v  4.0463 126.0151 -18.8476
v  4.0463 125.6730 -18.7873
v  4.0463 125.3723 -18.6136
v  4.0463 125.1490 -18.3476
v  4.0463 125.0302 -18.0212
v  4.0463 125.0302 -17.6739
v  4.0463 125.1490 -17.3476
v  4.0463 125.3723 -17.0815
v  4.0463 125.6730 -16.9079
v  1.3463 126.3571 -16.9079
v  1.3463 126.0151 -16.8476
v  1.3463 126.6578 -17.0815
v  1.3463 126.8811 -17.3476
v  1.3463 126.9999 -17.6739
v  1.3463 126.9999 -18.0212
v  1.3463 126.8811 -18.3476
v  1.3463 126.6578 -18.6136
v  1.3463 126.3571 -18.7873
v  1.3463 126.0151 -18.8476
v  1.3463 125.6730 -18.7873
v  1.3463 125.3723 -18.6136
v  1.3463 125.1490 -18.3476
v  1.3463 125.0302 -18.0212
v  1.3463 125.0302 -17.6739
v  1.3463 125.1490 -17.3476
v  1.3463 125.3723 -17.0815
v  1.3463 125.6730 -16.9079
v  -1.3537 126.3571 -16.9079
v  -1.3537 126.0151 -16.8476
v  -1.3537 126.6578 -17.0815
v  -1.3537 126.8811 -17.3476
v  -1.3537 126.9999 -17.6739
v  -1.3537 126.9999 -18.0212
v  -1.3537 126.8811 -18.3476
v  -1.3537 126.6578 -18.6136
v  -1.3537 126.3571 -18.7873
v  -1.3537 126.0151 -18.8476
v  -1.3537 125.6730 -18.7873
v  -1.3537 125.3723 -18.6136
v  -1.3537 125.1490 -18.3476
v  -1.3537 125.0302 -18.0212
v  -1.3537 125.0302 -17.6739
v  -1.3537 125.1490 -17.3476
v  -1.3537 125.3723 -17.0815
v  -1.3537 125.6730 -16.9079
v  -4.0537 126.3571 -16.9079
v  -4.0537 126.0151 -16.8476
v  -4.0537 126.6578 -17.0815
v  -4.0537 126.8811 -17.3476
v  -4.0537 126.9999 -17.6739
v  -4.0537 126.9999 -18.0212
v  -4.0537 126.8811 -18.3476
v  -4.0537 126.6578 -18.6136
v  -4.0537 126.3571 -18.7873
v  -4.0537 126.0151 -18.8476
v  -4.0537 125.6730 -18.7873
v  -4.0537 125.3723 -18.6136
v  -4.0537 125.1490 -18.3476
v  -4.0537 125.0302 -18.0212
v  -4.0537 125.0302 -17.6739
v  -4.0537 125.1490 -17.3476
v  -4.0537 125.3723 -17.0815
v  -4.0537 125.6730 -16.9079
v  -6.7537 126.3571 -16.9079
v  -6.7537 126.0151 -16.8476
v  -6.7537 126.6578 -17.0815
v  -6.7537 126.8811 -17.3476
v  -6.7537 126.9999 -17.6739
v  -6.7537 126.9999 -18.0212
v  -6.7537 126.8811 -18.3476
v  -6.7537 126.6578 -18.6136
v  -6.7537 126.3571 -18.7873
v  -6.7537 126.0151 -18.8476
v  -6.7537 125.6730 -18.7873
v  -6.7537 125.3723 -18.6136
v  -6.7537 125.1490 -18.3476
v  -6.7537 125.0302 -18.0212
v  -6.7537 125.0302 -17.6739
v  -6.7537 125.1490 -17.3476
v  -6.7537 125.3723 -17.0815
v  -6.7537 125.6730 -16.9079
v  -6.7537 126.0151 -17.8476
# 110 vertices

vn 1.0000 0.0000 0.0000
vn 0.6700 0.4772 0.5687
vn 0.6701 0.2539 0.6975
vn 0.6701 -0.0000 0.7423
vn 0.6700 0.7311 0.1289
vn 0.6700 0.6429 0.3712
vn 0.6700 0.6429 -0.3712
vn 0.6700 0.7311 -0.1289
vn 0.6701 0.2539 -0.6975
vn 0.6700 0.4772 -0.5687
vn 0.6700 -0.2539 -0.6976
vn 0.6701 -0.0000 -0.7423
vn 0.6700 -0.6429 -0.3712
vn 0.6700 -0.4772 -0.5687
vn 0.6700 -0.7311 0.1289
vn 0.6700 -0.7311 -0.1289
vn 0.6700 -0.4772 0.5687
vn 0.6700 -0.6429 0.3712
vn 0.6701 -0.2539 0.6975
vn -0.0000 0.3420 0.9397
vn -0.0000 -0.0000 1.0000
vn -0.0000 0.6428 0.7660
vn -0.0000 0.8660 0.5000
vn -0.0000 0.9848 0.1736
vn -0.0000 0.9848 -0.1736
vn -0.0000 0.8660 -0.5000
vn 0.0000 0.6428 -0.7660
vn 0.0000 0.3420 -0.9397
vn 0.0000 -0.0000 -1.0000
vn 0.0000 -0.3420 -0.9397
vn 0.0000 -0.6428 -0.7660
vn 0.0000 -0.8660 -0.5000
vn 0.0000 -0.9848 -0.1736
vn 0.0000 -0.9848 0.1736
vn 0.0000 -0.8660 0.5000
vn -0.0000 -0.6428 0.7660
vn -0.0000 -0.3420 0.9397
vn -0.6701 0.2539 0.6975
vn -0.6701 -0.0000 0.7423
vn -0.6700 0.4772 0.5687
vn -0.6700 0.6429 0.3712
vn -0.6700 0.7311 0.1289
vn -0.6700 0.7311 -0.1289
vn -0.6700 0.6429 -0.3712
vn -0.6700 0.4772 -0.5687
vn -0.6701 0.2539 -0.6975
vn -0.6701 -0.0000 -0.7423
vn -0.6700 -0.2539 -0.6976
vn -0.6700 -0.4772 -0.5687
vn -0.6700 -0.6429 -0.3712
vn -0.6700 -0.7311 -0.1289
vn -0.6700 -0.7311 0.1289
vn -0.6700 -0.6429 0.3712
vn -0.6700 -0.4772 0.5687
vn -0.6701 -0.2539 0.6975
vn -1.0000 -0.0000 -0.0000
# 56 vertex normals

vt 0.5000 0.0000 0.0000
vt 0.8611 0.0000 1.0000
vt 0.8056 0.0000 1.0000
vt 0.7500 0.0000 1.0000
vt 0.9722 0.0000 1.0000
vt 0.9167 0.0000 1.0000
vt 0.0833 0.0000 1.0000
vt 0.0278 0.0000 1.0000
vt -0.0278 0.0000 1.0000
vt 0.1944 0.0000 1.0000
vt 0.1389 0.0000 1.0000
vt 0.3056 0.0000 1.0000
vt 0.2500 0.0000 1.0000
vt 0.4167 0.0000 1.0000
vt 0.3611 0.0000 1.0000
vt 0.5278 0.0000 1.0000
vt 0.4722 0.0000 1.0000
vt 0.6389 0.0000 1.0000
vt 0.5833 0.0000 1.0000
vt 0.6944 0.0000 1.0000
vt 0.8056 0.2000 1.0000
vt 0.7500 0.2000 1.0000
vt 0.8611 0.2000 1.0000
vt 0.9167 0.2000 1.0000
vt 0.9722 0.2000 1.0000
vt 0.0278 0.2000 1.0000
vt -0.0278 0.2000 1.0000
vt 0.0833 0.2000 1.0000
vt 0.1389 0.2000 1.0000
vt 0.1944 0.2000 1.0000
vt 0.2500 0.2000 1.0000
vt 0.3056 0.2000 1.0000
vt 0.3611 0.2000 1.0000
vt 0.4167 0.2000 1.0000
vt 0.4722 0.2000 1.0000
vt 0.5278 0.2000 1.0000
vt 0.5833 0.2000 1.0000
vt 0.6389 0.2000 1.0000
vt 0.6944 0.2000 1.0000
vt 0.8056 0.4000 1.0000
vt 0.7500 0.4000 1.0000
vt 0.8611 0.4000 1.0000
vt 0.9167 0.4000 1.0000
vt 0.9722 0.4000 1.0000
vt 0.0278 0.4000 1.0000
vt -0.0278 0.4000 1.0000
vt 0.0833 0.4000 1.0000
vt 0.1389 0.4000 1.0000
vt 0.1944 0.4000 1.0000
vt 0.2500 0.4000 1.0000
vt 0.3056 0.4000 1.0000
vt 0.3611 0.4000 1.0000
vt 0.4167 0.4000 1.0000
vt 0.4722 0.4000 1.0000
vt 0.5278 0.4000 1.0000
vt 0.5833 0.4000 1.0000
vt 0.6389 0.4000 1.0000
vt 0.6944 0.4000 1.0000
vt 0.8056 0.6000 1.0000
vt 0.7500 0.6000 1.0000
vt 0.8611 0.6000 1.0000
vt 0.9167 0.6000 1.0000
vt 0.9722 0.6000 1.0000
vt 0.0278 0.6000 1.0000
vt -0.0278 0.6000 1.0000
vt 0.0833 0.6000 1.0000
vt 0.1389 0.6000 1.0000
vt 0.1944 0.6000 1.0000
vt 0.2500 0.6000 1.0000
vt 0.3056 0.6000 1.0000
vt 0.3611 0.6000 1.0000
vt 0.4167 0.6000 1.0000
vt 0.4722 0.6000 1.0000
vt 0.5278 0.6000 1.0000
vt 0.5833 0.6000 1.0000
vt 0.6389 0.6000 1.0000
vt 0.6944 0.6000 1.0000
vt 0.8056 0.8000 1.0000
vt 0.7500 0.8000 1.0000
vt 0.8611 0.8000 1.0000
vt 0.9167 0.8000 1.0000
vt 0.9722 0.8000 1.0000
vt 0.0278 0.8000 1.0000
vt -0.0278 0.8000 1.0000
vt 0.0833 0.8000 1.0000
vt 0.1389 0.8000 1.0000
vt 0.1944 0.8000 1.0000
vt 0.2500 0.8000 1.0000
vt 0.3056 0.8000 1.0000
vt 0.3611 0.8000 1.0000
vt 0.4167 0.8000 1.0000
vt 0.4722 0.8000 1.0000
vt 0.5278 0.8000 1.0000
vt 0.5833 0.8000 1.0000
vt 0.6389 0.8000 1.0000
vt 0.6944 0.8000 1.0000
vt 0.8056 1.0000 1.0000
vt 0.7500 1.0000 1.0000
vt 0.8611 1.0000 1.0000
vt 0.9167 1.0000 1.0000
vt 0.9722 1.0000 1.0000
vt 0.0278 1.0000 1.0000
vt -0.0278 1.0000 1.0000
vt 0.0833 1.0000 1.0000
vt 0.1389 1.0000 1.0000
vt 0.1944 1.0000 1.0000
vt 0.2500 1.0000 1.0000
vt 0.3056 1.0000 1.0000
vt 0.3611 1.0000 1.0000
vt 0.4167 1.0000 1.0000
vt 0.4722 1.0000 1.0000
vt 0.5278 1.0000 1.0000
vt 0.5833 1.0000 1.0000
vt 0.6389 1.0000 1.0000
vt 0.6944 1.0000 1.0000
vt 0.5000 1.0000 0.0000
vt -0.0197 1.0000 0.8794
# 117 texture coords

o Cylinder001
g Cylinder001
usemtl wire_012012012
s 1
f 177/125/173 178/126/174 179/127/175 180/128/176 
f 177/125/173 181/129/177 182/130/178 178/126/174 
f 177/125/173 183/131/179 184/132/180 181/133/177 
f 177/125/173 185/134/181 186/135/182 183/131/179 
f 177/125/173 187/136/183 188/137/184 185/134/181 
f 177/125/173 189/138/185 190/139/186 187/136/183 
f 177/125/173 191/140/187 192/141/188 189/138/185 
f 177/125/173 193/142/189 194/143/190 191/140/187 
f 177/125/173 180/128/176 195/144/191 193/142/189 
s 8
f 180/128/176 179/127/175 196/145/192 197/146/193 
f 179/127/175 178/126/174 198/147/194 196/145/192 
f 178/126/174 182/130/178 199/148/195 198/147/194 
f 182/130/178 181/129/177 200/149/196 199/148/195 
f 181/133/177 184/132/180 201/150/197 200/151/196 
f 184/132/180 183/131/179 202/152/198 201/150/197 
f 183/131/179 186/135/182 203/153/199 202/152/198 
f 186/135/182 185/134/181 204/154/200 203/153/199 
f 185/134/181 188/137/184 205/155/201 204/154/200 
f 188/137/184 187/136/183 206/156/202 205/155/201 
f 187/136/183 190/139/186 207/157/203 206/156/202 
f 190/139/186 189/138/185 208/158/204 207/157/203 
f 189/138/185 192/141/188 209/159/205 208/158/204 
f 192/141/188 191/140/187 210/160/206 209/159/205 
f 191/140/187 194/143/190 211/161/207 210/160/206 
f 194/143/190 193/142/189 212/162/208 211/161/207 
f 193/142/189 195/144/191 213/163/209 212/162/208 
f 195/144/191 180/128/176 197/146/193 213/163/209 
f 197/146/193 196/145/192 214/164/192 215/165/193 
f 196/145/192 198/147/194 216/166/194 214/164/192 
f 198/147/194 199/148/195 217/167/195 216/166/194 
f 199/148/195 200/149/196 218/168/196 217/167/195 
f 200/151/196 201/150/197 219/169/197 218/170/196 
f 201/150/197 202/152/198 220/171/198 219/169/197 
f 202/152/198 203/153/199 221/172/199 220/171/198 
f 203/153/199 204/154/200 222/173/200 221/172/199 
f 204/154/200 205/155/201 223/174/201 222/173/200 
f 205/155/201 206/156/202 224/175/202 223/174/201 
f 206/156/202 207/157/203 225/176/203 224/175/202 
f 207/157/203 208/158/204 226/177/204 225/176/203 
f 208/158/204 209/159/205 227/178/205 226/177/204 
f 209/159/205 210/160/206 228/179/206 227/178/205 
f 210/160/206 211/161/207 229/180/207 228/179/206 
f 211/161/207 212/162/208 230/181/208 229/180/207 
f 212/162/208 213/163/209 231/182/209 230/181/208 
f 213/163/209 197/146/193 215/165/193 231/182/209 
f 215/165/193 214/164/192 232/183/192 233/184/193 
f 214/164/192 216/166/194 234/185/194 232/183/192 
f 216/166/194 217/167/195 235/186/195 234/185/194 
f 217/167/195 218/168/196 236/187/196 235/186/195 
f 218/170/196 219/169/197 237/188/197 236/189/196 
f 219/169/197 220/171/198 238/190/198 237/188/197 
f 220/171/198 221/172/199 239/191/199 238/190/198 
f 221/172/199 222/173/200 240/192/200 239/191/199 
f 222/173/200 223/174/201 241/193/201 240/192/200 
f 223/174/201 224/175/202 242/194/202 241/193/201 
f 224/175/202 225/176/203 243/195/203 242/194/202 
f 225/176/203 226/177/204 244/196/204 243/195/203 
f 226/177/204 227/178/205 245/197/205 244/196/204 
f 227/178/205 228/179/206 246/198/206 245/197/205 
f 228/179/206 229/180/207 247/199/207 246/198/206 
f 229/180/207 230/181/208 248/200/208 247/199/207 
f 230/181/208 231/182/209 249/201/209 248/200/208 
f 231/182/209 215/165/193 233/184/193 249/201/209 
f 233/184/193 232/183/192 250/202/192 251/203/193 
f 232/183/192 234/185/194 252/204/194 250/202/192 
f 234/185/194 235/186/195 253/205/195 252/204/194 
f 235/186/195 236/187/196 254/206/196 253/205/195 
f 236/189/196 237/188/197 255/207/197 254/208/196 
f 237/188/197 238/190/198 256/209/198 255/207/197 
f 238/190/198 239/191/199 257/210/199 256/209/198 
f 239/191/199 240/192/200 258/211/200 257/210/199 
f 240/192/200 241/193/201 259/212/201 258/211/200 
f 241/193/201 242/194/202 260/213/202 259/212/201 
f 242/194/202 243/195/203 261/214/203 260/213/202 
f 243/195/203 244/196/204 262/215/204 261/214/203 
f 244/196/204 245/197/205 263/216/205 262/215/204 
f 245/197/205 246/198/206 264/217/206 263/216/205 
f 246/198/206 247/199/207 265/218/207 264/217/206 
f 247/199/207 248/200/208 266/219/208 265/218/207 
f 248/200/208 249/201/209 267/220/209 266/219/208 
f 249/201/209 233/184/193 251/203/193 267/220/209 
f 251/203/193 250/202/192 268/221/210 269/222/211 
f 250/202/192 252/204/194 270/223/212 268/221/210 
f 252/204/194 253/205/195 271/224/213 270/223/212 
f 253/205/195 254/206/196 272/225/214 271/224/213 
f 254/208/196 255/207/197 273/226/215 272/227/214 
f 255/207/197 256/209/198 274/228/216 273/226/215 
f 256/209/198 257/210/199 275/229/217 274/228/216 
f 257/210/199 258/211/200 276/230/218 275/229/217 
f 258/211/200 259/212/201 277/231/219 276/230/218 
f 259/212/201 260/213/202 278/232/220 277/231/219 
f 260/213/202 261/214/203 279/233/221 278/232/220 
f 261/214/203 262/215/204 280/234/222 279/233/221 
f 262/215/204 263/216/205 281/235/223 280/234/222 
f 263/216/205 264/217/206 282/236/224 281/235/223 
f 264/217/206 265/218/207 283/237/225 282/236/224 
f 265/218/207 266/219/208 284/238/226 283/237/225 
f 266/219/208 267/220/209 285/239/227 284/238/226 
f 267/220/209 251/203/193 269/222/211 285/239/227 
s 1
f 286/240/228 285/239/227 269/222/211 268/221/210 
f 286/240/228 268/221/210 270/223/212 271/224/213 
f 286/240/228 271/241/213 272/227/214 273/226/215 
f 286/240/228 273/226/215 274/228/216 275/229/217 
f 286/240/228 275/229/217 276/230/218 277/231/219 
f 286/240/228 277/231/219 278/232/220 279/233/221 
f 286/240/228 279/233/221 280/234/222 281/235/223 
f 286/240/228 281/235/223 282/236/224 283/237/225 
f 286/240/228 283/237/225 284/238/226 285/239/227 
# 108 polygons

#
# object Keyboard001
#

v  -19.0240 124.9987 18.2687
v  -19.0240 124.9987 3.2687
v  18.9760 124.9987 3.2687
v  18.9760 124.9987 18.2687
v  -18.0240 126.3002 16.6847
v  17.9760 126.3002 16.6847
v  17.9760 127.0919 4.2794
v  -18.0240 127.0919 4.2794
v  18.9760 125.3987 18.2687
v  -19.0240 125.3987 18.2687
v  18.9760 126.9560 3.2687
v  18.9760 126.0369 17.6699
v  18.9760 126.0186 17.8103
v  18.9760 125.9827 17.9319
v  18.9760 125.9293 18.0348
v  18.9760 125.8583 18.1190
v  18.9760 125.7697 18.1845
v  18.9760 125.6636 18.2313
v  18.9760 125.5399 18.2594
v  -19.0240 126.9560 3.2687
v  -19.0240 125.5399 18.2594
v  -19.0240 125.6636 18.2313
v  -19.0240 125.7697 18.1845
v  -19.0240 125.8583 18.1190
v  -19.0240 125.9293 18.0348
v  -19.0240 125.9827 17.9319
v  -19.0240 126.0186 17.8103
v  -19.0240 126.0369 17.6699
v  17.9760 126.1006 16.6720
v  -18.0240 126.1006 16.6720
v  17.9760 126.8923 4.2667
v  -18.0240 126.8923 4.2667
# 32 vertices

vn -0.5774 -0.5774 0.5774
vn -0.5774 -0.5774 -0.5774
vn 0.5774 -0.5774 -0.5774
vn 0.5774 -0.5774 0.5774
vn -0.5774 0.5393 0.6130
vn 0.5774 0.5393 0.6130
vn 0.5774 0.6129 -0.5395
vn -0.5774 0.6129 -0.5395
vn 0.6998 0.0236 0.7140
vn -0.6998 0.0236 0.7140
vn 0.5741 0.5971 -0.5602
vn 0.6998 0.7110 0.0690
vn 0.6899 0.7082 0.1498
vn 0.6862 0.6748 0.2718
vn 0.6830 0.6070 0.4062
vn 0.6818 0.5005 0.5335
vn 0.6830 0.3667 0.6316
vn 0.6862 0.2283 0.6907
vn 0.6899 0.1044 0.7163
vn -0.5741 0.5971 -0.5602
vn -0.6899 0.1044 0.7163
vn -0.6862 0.2283 0.6907
vn -0.6830 0.3667 0.6316
vn -0.6818 0.5005 0.5335
vn -0.6830 0.6070 0.4062
vn -0.6862 0.6748 0.2718
vn -0.6899 0.7082 0.1498
vn -0.6998 0.7110 0.0690
vn 0.3015 0.8835 0.3585
vn -0.3015 0.8835 0.3585
vn 0.3015 0.9219 -0.2433
vn -0.3015 0.9219 -0.2433
# 32 vertex normals

vt 1.0000 0.0000 0.0000
vt 1.0000 1.0000 0.0000
vt 0.0000 1.0000 0.0000
vt 0.0000 0.0000 0.0000
vt 0.0000 0.0399 0.0000
vt 1.0000 0.0399 0.0000
vt 1.0000 0.4000 0.0000
vt 0.0000 0.4000 0.0000
vt 0.0399 1.0000 0.0000
vt 0.0299 1.0000 0.0000
vt 0.0200 1.0000 0.0000
vt 0.0100 1.0000 0.0000
vt 0.0000 0.8500 0.0000
vt 0.0000 0.7000 0.0000
vt 0.0000 0.5500 0.0000
vt 1.0000 0.5500 0.0000
vt 1.0000 0.7000 0.0000
vt 1.0000 0.8500 0.0000
vt 0.9900 1.0000 0.0000
vt 0.9800 1.0000 0.0000
vt 0.9701 1.0000 0.0000
vt 0.9601 1.0000 0.0000
vt 0.0000 0.0299 0.0000
vt 1.0000 0.0299 0.0000
vt 0.0000 0.0200 0.0000
vt 1.0000 0.0200 0.0000
vt 0.0000 0.0100 0.0000
vt 1.0000 0.0100 0.0000
# 28 texture coords

o Keyboard001
g Keyboard001
usemtl wire_012012012
s 1
f 287/242/229 288/243/230 289/244/231 290/245/232 
s 2
f 291/246/233 292/247/234 293/243/235 294/244/236 
f 287/245/229 290/242/232 295/248/237 296/249/238 
s 4
f 290/245/232 289/242/231 297/243/239 298/250/240 299/251/241 300/252/242 301/253/243 302/244/244 303/254/245 304/255/246 305/256/247 295/249/237 
s 8
f 289/245/231 288/242/230 306/243/248 297/244/239 
s 4
f 288/245/230 287/242/229 296/248/238 307/257/249 308/258/250 309/259/251 310/243/252 311/260/253 312/261/254 313/262/255 314/263/256 306/244/248 
s 2
f 298/247/240 314/246/256 313/264/255 299/265/241 
f 299/265/241 313/264/255 312/266/254 300/267/242 
f 300/267/242 312/266/254 311/268/253 301/269/243 
f 301/269/243 311/268/253 310/245/252 302/242/244 
f 296/249/238 295/248/237 305/257/247 307/256/249 
f 307/256/249 305/257/247 304/258/246 308/255/250 
f 308/255/250 304/258/246 303/259/245 309/254/251 
f 309/254/251 303/259/245 302/243/244 310/244/252 
s off
f 314/246/256 298/247/240 315/247/257 316/246/258 
f 298/247/240 297/243/239 317/243/259 315/247/257 
f 297/243/239 306/244/248 318/244/260 317/243/259 
f 306/244/248 314/246/256 316/246/258 318/244/260 
f 316/246/258 315/247/257 292/247/234 291/246/233 
f 315/247/257 317/243/259 293/243/235 292/247/234 
f 317/243/259 318/244/260 294/244/236 293/243/235 
f 318/244/260 316/246/258 291/246/233 294/244/236 
# 22 polygons

#
# object mouse001
#

v  29.7240 124.9987 5.3718
v  29.7240 124.9987 13.3510
v  25.1683 124.9987 13.3510
v  25.1683 124.9987 5.3718
v  29.6041 126.3002 6.2144
v  25.2882 126.3002 6.2144
v  25.2882 127.0919 12.8133
v  29.6041 127.0919 12.8133
v  25.1683 125.3987 5.3718
v  29.7240 125.3987 5.3718
v  25.1683 126.3560 13.3510
v  25.1683 126.9178 13.0324
v  25.1683 126.0369 5.6903
v  25.1683 126.0186 5.6156
v  25.1683 125.9827 5.5509
v  25.1683 125.9293 5.4962
v  25.1683 125.8583 5.4514
v  25.1683 125.7697 5.4166
v  25.1683 125.6636 5.3917
v  25.1683 125.5399 5.3767
v  29.7240 126.3560 13.3510
v  29.7240 125.5399 5.3767
v  29.7240 125.6636 5.3917
v  29.7240 125.7697 5.4166
v  29.7240 125.8583 5.4514
v  29.7240 125.9293 5.4962
v  29.7240 125.9827 5.5509
v  29.7240 126.0186 5.6156
v  29.7240 126.0369 5.6903
v  29.7240 126.9178 13.0324
v  25.2882 126.1006 6.2212
v  29.6041 126.1006 6.2212
v  25.2192 126.9290 13.1257
v  25.2882 126.8923 12.8201
v  29.6731 126.9290 13.1257
v  29.6041 126.8923 12.8201
v  25.1691 126.4962 13.3474
v  25.1715 126.6168 13.3369
v  25.1755 126.7178 13.3193
v  25.1810 126.7993 13.2947
v  29.7113 126.7993 13.2947
v  29.7168 126.7178 13.3193
v  29.7208 126.6168 13.3369
v  29.7232 126.4962 13.3474
v  25.1882 126.8611 13.2630
v  25.1969 126.9033 13.2243
v  25.2073 126.9259 13.1785
v  29.6850 126.9259 13.1785
v  29.6954 126.9033 13.2243
v  29.7041 126.8611 13.2630
# 50 vertices

vn 0.5774 -0.5774 -0.5774
vn 0.5774 -0.5774 0.5774
vn -0.5774 -0.5774 0.5774
vn -0.5774 -0.5774 -0.5774
vn 0.5774 0.5393 -0.6130
vn -0.5774 0.5393 -0.6130
vn -0.5774 0.6129 0.5395
vn 0.5774 0.6129 0.5395
vn -0.6998 0.0236 -0.7140
vn 0.6998 0.0236 -0.7140
vn -0.7029 0.0250 0.7108
vn -0.6937 0.7173 0.0653
vn -0.6998 0.7110 -0.0690
vn -0.6899 0.7082 -0.1498
vn -0.6862 0.6748 -0.2718
vn -0.6830 0.6070 -0.4062
vn -0.6818 0.5005 -0.5335
vn -0.6830 0.3667 -0.6316
vn -0.6862 0.2283 -0.6907
vn -0.6899 0.1044 -0.7163
vn 0.7029 0.0250 0.7108
vn 0.6899 0.1044 -0.7163
vn 0.6862 0.2283 -0.6907
vn 0.6830 0.3667 -0.6316
vn 0.6818 0.5005 -0.5335
vn 0.6830 0.6070 -0.4062
vn 0.6862 0.6748 -0.2718
vn 0.6899 0.7082 -0.1498
vn 0.6998 0.7110 -0.0690
vn 0.6937 0.7173 0.0653
vn -0.3015 0.8835 -0.3585
vn 0.3015 0.8835 -0.3585
vn -0.0052 0.9999 -0.0158
vn -0.3015 0.9219 0.2433
vn 0.0052 0.9999 -0.0158
vn 0.3015 0.9219 0.2433
vn -0.9117 0.1322 0.3891
vn -0.8878 0.2893 0.3579
vn -0.8389 0.4640 0.2846
vn -0.3816 0.6815 0.6244
vn 0.3816 0.6815 0.6244
vn 0.8389 0.4640 0.2846
vn 0.8878 0.2893 0.3579
vn 0.9117 0.1322 0.3891
vn -0.6725 0.7399 -0.0172
vn -0.5890 0.7812 -0.2067
vn -0.5272 0.7635 -0.3730
vn 0.5272 0.7635 -0.3730
vn 0.5890 0.7812 -0.2067
vn 0.6725 0.7399 -0.0172
# 50 vertex normals

vt 1.0000 0.0000 0.0000
vt 1.0000 1.0000 0.0000
vt 0.0000 1.0000 0.0000
vt 0.0000 0.0000 0.0000
vt 0.0000 0.0399 0.0000
vt 1.0000 0.0399 0.0000
vt 1.0000 0.4000 0.0000
vt 0.0000 0.4000 0.0000
vt 1.0000 0.6935 0.0000
vt 0.9601 1.0000 0.0000
vt 0.0399 1.0000 0.0000
vt 0.0299 1.0000 0.0000
vt 0.0200 1.0000 0.0000
vt 0.0100 1.0000 0.0000
vt 0.0000 0.8500 0.0000
vt 0.0000 0.7000 0.0000
vt 0.0000 0.5500 0.0000
vt 0.0000 0.6935 0.0000
vt 1.0000 0.5500 0.0000
vt 1.0000 0.7000 0.0000
vt 1.0000 0.8500 0.0000
vt 0.9900 1.0000 0.0000
vt 0.9800 1.0000 0.0000
vt 0.9701 1.0000 0.0000
vt 0.0000 0.0299 0.0000
vt 1.0000 0.0299 0.0000
vt 0.0000 0.0200 0.0000
vt 1.0000 0.0200 0.0000
vt 0.0000 0.0100 0.0000
vt 1.0000 0.0100 0.0000
vt 1.0000 0.9601 0.0000
vt 0.0000 0.9601 0.0000
vt 1.0000 0.7701 0.0000
vt 1.0000 0.8467 0.0000
vt 1.0000 0.9234 0.0000
vt 0.0000 0.9234 0.0000
vt 0.0000 0.8467 0.0000
vt 0.0000 0.7701 0.0000
# 38 texture coords

o mouse001
g mouse001
usemtl wire_012012012
s 1
f 319/270/261 320/271/262 321/272/263 322/273/264 
f 323/274/265 324/275/266 325/271/267 326/272/268 
s 2
f 319/273/261 322/270/264 327/276/269 328/277/270 
s 4
f 322/273/264 321/270/263 329/278/271 330/279/272 331/280/273 332/281/274 333/282/275 334/283/276 335/272/277 336/284/278 337/285/279 338/286/280 327/277/269 
s 2
f 321/273/263 320/270/262 339/278/281 329/287/271 
s 4
f 320/273/262 319/270/261 328/276/270 340/288/282 341/289/283 342/290/284 343/271/285 344/291/286 345/292/287 346/293/288 347/279/289 348/280/290 339/287/281 
s 2
f 331/275/273 347/274/289 346/294/288 332/295/274 
f 332/295/274 346/294/288 345/296/287 333/297/275 
f 333/297/275 345/296/287 344/298/286 334/299/276 
f 334/299/276 344/298/286 343/273/285 335/270/277 
f 328/277/270 327/276/269 338/288/280 340/286/282 
f 340/286/282 338/288/280 337/289/279 341/285/283 
f 341/285/283 337/289/279 336/290/278 342/284/284 
f 342/284/284 336/290/278 335/271/277 343/272/285 
f 347/274/289 331/275/273 349/275/291 350/274/292 
f 331/275/273 330/300/272 351/271/293 352/271/294 349/275/291 
f 351/271/293 353/272/295 354/272/296 352/271/294 
f 353/272/295 348/301/290 347/274/289 350/274/292 354/272/296 
s 4
f 350/274/292 349/275/291 324/275/266 323/274/265 
s 8
f 349/275/291 352/271/294 325/271/267 324/275/266 
s 4
f 352/271/294 354/272/296 326/272/268 325/271/267 
s 8
f 354/272/296 350/274/292 323/274/265 326/272/268 
s 4
f 329/278/271 355/302/297 356/303/298 357/304/299 358/271/300 330/279/272 
f 348/280/290 359/272/301 360/305/302 361/306/303 362/307/304 339/287/281 
s 2
f 330/300/272 358/271/300 363/271/305 364/271/306 365/271/307 351/271/293 
f 353/272/295 366/272/308 367/272/309 368/272/310 359/272/301 348/301/290 
f 329/287/271 339/278/281 362/302/304 355/307/297 
f 355/307/297 362/302/304 361/303/303 356/306/298 
f 356/306/298 361/303/303 360/304/302 357/305/299 
f 357/305/299 360/304/302 359/271/301 358/272/300 
f 353/272/295 351/271/293 365/271/307 366/272/308 
f 366/272/308 365/271/307 364/271/306 367/272/309 
f 367/272/309 364/271/306 363/271/305 368/272/310 
f 368/272/310 363/271/305 358/271/300 359/272/301 
# 34 polygons

#
# object Cylinder002
#

v  27.7443 126.3298 7.4931
v  27.7443 125.8718 6.9472
v  27.7443 126.0861 6.8234
v  27.7443 126.3298 6.7805
v  27.7443 125.6281 7.3693
v  27.7443 125.7127 7.1368
v  27.7443 125.7127 7.8494
v  27.7443 125.6281 7.6168
v  27.7443 126.0861 8.1627
v  27.7443 125.8718 8.0390
v  27.7443 126.5736 8.1627
v  27.7443 126.3298 8.2057
v  27.7443 126.9470 7.8494
v  27.7443 126.7879 8.0390
v  27.7443 127.0316 7.3693
v  27.7443 127.0316 7.6168
v  27.7443 126.7879 6.9472
v  27.7443 126.9470 7.1368
v  27.7443 126.5736 6.8234
v  27.6343 126.0861 6.8234
v  27.6343 126.3298 6.7805
v  27.6343 125.8718 6.9472
v  27.6343 125.7127 7.1368
v  27.6343 125.6281 7.3693
v  27.6343 125.6281 7.6168
v  27.6343 125.7127 7.8494
v  27.6343 125.8718 8.0390
v  27.6343 126.0861 8.1627
v  27.6343 126.3298 8.2057
v  27.6343 126.5736 8.1627
v  27.6343 126.7879 8.0390
v  27.6343 126.9470 7.8494
v  27.6343 127.0316 7.6168
v  27.6343 127.0316 7.3693
v  27.6343 126.9470 7.1368
v  27.6343 126.7879 6.9472
v  27.6343 126.5736 6.8234
v  27.5243 126.0861 6.8234
v  27.5243 126.3298 6.7805
v  27.5243 125.8718 6.9472
v  27.5243 125.7127 7.1368
v  27.5243 125.6281 7.3693
v  27.5243 125.6281 7.6168
v  27.5243 125.7127 7.8494
v  27.5243 125.8718 8.0390
v  27.5243 126.0861 8.1627
v  27.5243 126.3298 8.2057
v  27.5243 126.5736 8.1627
v  27.5243 126.7879 8.0390
v  27.5243 126.9470 7.8494
v  27.5243 127.0316 7.6168
v  27.5243 127.0316 7.3693
v  27.5243 126.9470 7.1368
v  27.5243 126.7879 6.9472
v  27.5243 126.5736 6.8234
v  27.4142 126.0861 6.8234
v  27.4142 126.3298 6.7805
v  27.4142 125.8718 6.9472
v  27.4142 125.7127 7.1368
v  27.4142 125.6281 7.3693
v  27.4142 125.6281 7.6168
v  27.4142 125.7127 7.8494
v  27.4142 125.8718 8.0390
v  27.4142 126.0861 8.1627
v  27.4142 126.3298 8.2057
v  27.4142 126.5736 8.1627
v  27.4142 126.7879 8.0390
v  27.4142 126.9470 7.8494
v  27.4142 127.0316 7.6168
v  27.4142 127.0316 7.3693
v  27.4142 126.9470 7.1368
v  27.4142 126.7879 6.9472
v  27.4142 126.5736 6.8234
v  27.3042 126.0861 6.8234
v  27.3042 126.3298 6.7805
v  27.3042 125.8718 6.9472
v  27.3042 125.7127 7.1368
v  27.3042 125.6281 7.3693
v  27.3042 125.6281 7.6168
v  27.3042 125.7127 7.8494
v  27.3042 125.8718 8.0390
v  27.3042 126.0861 8.1627
v  27.3042 126.3298 8.2057
v  27.3042 126.5736 8.1627
v  27.3042 126.7879 8.0390
v  27.3042 126.9470 7.8494
v  27.3042 127.0316 7.6168
v  27.3042 127.0316 7.3693
v  27.3042 126.9470 7.1368
v  27.3042 126.7879 6.9472
v  27.3042 126.5736 6.8234
v  27.1942 126.0861 6.8234
v  27.1942 126.3298 6.7805
v  27.1942 125.8718 6.9472
v  27.1942 125.7127 7.1368
v  27.1942 125.6281 7.3693
v  27.1942 125.6281 7.6168
v  27.1942 125.7127 7.8494
v  27.1942 125.8718 8.0390
v  27.1942 126.0861 8.1627
v  27.1942 126.3298 8.2057
v  27.1942 126.5736 8.1627
v  27.1942 126.7879 8.0390
v  27.1942 126.9470 7.8494
v  27.1942 127.0316 7.6168
v  27.1942 127.0316 7.3693
v  27.1942 126.9470 7.1368
v  27.1942 126.7879 6.9472
v  27.1942 126.5736 6.8234
v  27.1942 126.3298 7.4931
# 110 vertices

vn 1.0000 -0.0000 -0.0000
vn 0.6700 -0.4772 -0.5687
vn 0.6701 -0.2539 -0.6975
vn 0.6701 0.0000 -0.7423
vn 0.6701 -0.7310 -0.1289
vn 0.6701 -0.6428 -0.3712
vn 0.6700 -0.6429 0.3712
vn 0.6700 -0.7311 0.1289
vn 0.6701 -0.2539 0.6975
vn 0.6700 -0.4772 0.5687
vn 0.6700 0.2539 0.6976
vn 0.6701 0.0000 0.7423
vn 0.6700 0.6429 0.3712
vn 0.6700 0.4772 0.5687
vn 0.6700 0.7311 -0.1289
vn 0.6700 0.7311 0.1289
vn 0.6700 0.4772 -0.5687
vn 0.6700 0.6429 -0.3712
vn 0.6701 0.2539 -0.6975
vn -0.0000 -0.3420 -0.9397
vn -0.0000 0.0000 -1.0000
vn -0.0000 -0.6428 -0.7660
vn -0.0000 -0.8660 -0.5000
vn -0.0000 -0.9848 -0.1736
vn -0.0000 -0.9848 0.1736
vn 0.0000 -0.8660 0.5000
vn 0.0000 -0.6428 0.7660
vn 0.0000 -0.3420 0.9397
vn 0.0000 0.0000 1.0000
vn 0.0000 0.3420 0.9397
vn 0.0000 0.6428 0.7660
vn 0.0000 0.8660 0.5000
vn 0.0000 0.9848 0.1736
vn 0.0000 0.9848 -0.1736
vn -0.0000 0.8660 -0.5000
vn -0.0000 0.6428 -0.7660
vn -0.0000 0.3420 -0.9397
vn -0.6701 -0.2539 -0.6975
vn -0.6701 0.0000 -0.7423
vn -0.6700 -0.4772 -0.5687
vn -0.6701 -0.6428 -0.3712
vn -0.6701 -0.7310 -0.1289
vn -0.6700 -0.7311 0.1289
vn -0.6700 -0.6429 0.3712
vn -0.6700 -0.4772 0.5687
vn -0.6701 -0.2539 0.6975
vn -0.6701 0.0000 0.7423
vn -0.6700 0.2539 0.6976
vn -0.6700 0.4772 0.5687
vn -0.6700 0.6429 0.3712
vn -0.6700 0.7311 0.1289
vn -0.6700 0.7311 -0.1289
vn -0.6700 0.6429 -0.3712
vn -0.6700 0.4772 -0.5687
vn -0.6701 0.2539 -0.6975
vn -1.0000 0.0000 0.0000
# 56 vertex normals

vt 0.5000 0.0000 0.0000
vt 0.6389 0.0000 1.0000
vt 0.6944 0.0000 1.0000
vt 0.7500 0.0000 1.0000
vt 0.5278 0.0000 1.0000
vt 0.5833 0.0000 1.0000
vt 0.4167 0.0000 1.0000
vt 0.4722 0.0000 1.0000
vt 0.3056 0.0000 1.0000
vt 0.3611 0.0000 1.0000
vt 0.1944 0.0000 1.0000
vt 0.2500 0.0000 1.0000
vt 0.0833 0.0000 1.0000
vt 0.1389 0.0000 1.0000
vt -0.0278 0.0000 1.0000
vt 0.0278 0.0000 1.0000
vt 0.8611 0.0000 1.0000
vt 0.9167 0.0000 1.0000
vt 0.9722 0.0000 1.0000
vt 0.8056 0.0000 1.0000
vt 0.6944 0.2000 1.0000
vt 0.7500 0.2000 1.0000
vt 0.6389 0.2000 1.0000
vt 0.5833 0.2000 1.0000
vt 0.5278 0.2000 1.0000
vt 0.4722 0.2000 1.0000
vt 0.4167 0.2000 1.0000
vt 0.3611 0.2000 1.0000
vt 0.3056 0.2000 1.0000
vt 0.2500 0.2000 1.0000
vt 0.1944 0.2000 1.0000
vt 0.1389 0.2000 1.0000
vt 0.0833 0.2000 1.0000
vt 0.0278 0.2000 1.0000
vt -0.0278 0.2000 1.0000
vt 0.9167 0.2000 1.0000
vt 0.9722 0.2000 1.0000
vt 0.8611 0.2000 1.0000
vt 0.8056 0.2000 1.0000
vt 0.6944 0.4000 1.0000
vt 0.7500 0.4000 1.0000
vt 0.6389 0.4000 1.0000
vt 0.5833 0.4000 1.0000
vt 0.5278 0.4000 1.0000
vt 0.4722 0.4000 1.0000
vt 0.4167 0.4000 1.0000
vt 0.3611 0.4000 1.0000
vt 0.3056 0.4000 1.0000
vt 0.2500 0.4000 1.0000
vt 0.1944 0.4000 1.0000
vt 0.1389 0.4000 1.0000
vt 0.0833 0.4000 1.0000
vt 0.0278 0.4000 1.0000
vt -0.0278 0.4000 1.0000
vt 0.9167 0.4000 1.0000
vt 0.9722 0.4000 1.0000
vt 0.8611 0.4000 1.0000
vt 0.8056 0.4000 1.0000
vt 0.6944 0.6000 1.0000
vt 0.7500 0.6000 1.0000
vt 0.6389 0.6000 1.0000
vt 0.5833 0.6000 1.0000
vt 0.5278 0.6000 1.0000
vt 0.4722 0.6000 1.0000
vt 0.4167 0.6000 1.0000
vt 0.3611 0.6000 1.0000
vt 0.3056 0.6000 1.0000
vt 0.2500 0.6000 1.0000
vt 0.1944 0.6000 1.0000
vt 0.1389 0.6000 1.0000
vt 0.0833 0.6000 1.0000
vt 0.0278 0.6000 1.0000
vt -0.0278 0.6000 1.0000
vt 0.9167 0.6000 1.0000
vt 0.9722 0.6000 1.0000
vt 0.8611 0.6000 1.0000
vt 0.8056 0.6000 1.0000
vt 0.6944 0.8000 1.0000
vt 0.7500 0.8000 1.0000
vt 0.6389 0.8000 1.0000
vt 0.5833 0.8000 1.0000
vt 0.5278 0.8000 1.0000
vt 0.4722 0.8000 1.0000
vt 0.4167 0.8000 1.0000
vt 0.3611 0.8000 1.0000
vt 0.3056 0.8000 1.0000
vt 0.2500 0.8000 1.0000
vt 0.1944 0.8000 1.0000
vt 0.1389 0.8000 1.0000
vt 0.0833 0.8000 1.0000
vt 0.0278 0.8000 1.0000
vt -0.0278 0.8000 1.0000
vt 0.9167 0.8000 1.0000
vt 0.9722 0.8000 1.0000
vt 0.8611 0.8000 1.0000
vt 0.8056 0.8000 1.0000
vt 0.6944 1.0000 1.0000
vt 0.7500 1.0000 1.0000
vt 0.6389 1.0000 1.0000
vt 0.5833 1.0000 1.0000
vt 0.5278 1.0000 1.0000
vt 0.4722 1.0000 1.0000
vt 0.4167 1.0000 1.0000
vt 0.3611 1.0000 1.0000
vt 0.3056 1.0000 1.0000
vt 0.2500 1.0000 1.0000
vt 0.1944 1.0000 1.0000
vt 0.1389 1.0000 1.0000
vt 0.0833 1.0000 1.0000
vt 0.0278 1.0000 1.0000
vt -0.0278 1.0000 1.0000
vt 0.9167 1.0000 1.0000
vt 0.9722 1.0000 1.0000
vt 0.8611 1.0000 1.0000
vt 0.8056 1.0000 1.0000
vt 0.5000 1.0000 0.0000
vt -0.0197 1.0000 0.8794
# 117 texture coords

o Cylinder002
g Cylinder002
usemtl wire_012012012
s 1
f 369/308/311 370/309/312 371/310/313 372/311/314 
f 369/308/311 373/312/315 374/313/316 370/309/312 
f 369/308/311 375/314/317 376/315/318 373/312/315 
f 369/308/311 377/316/319 378/317/320 375/314/317 
f 369/308/311 379/318/321 380/319/322 377/316/319 
f 369/308/311 381/320/323 382/321/324 379/318/321 
f 369/308/311 383/322/325 384/323/326 381/320/323 
f 369/308/311 385/324/327 386/325/328 383/326/325 
f 369/308/311 372/311/314 387/327/329 385/324/327 
s 8
f 372/311/314 371/310/313 388/328/330 389/329/331 
f 371/310/313 370/309/312 390/330/332 388/328/330 
f 370/309/312 374/313/316 391/331/333 390/330/332 
f 374/313/316 373/312/315 392/332/334 391/331/333 
f 373/312/315 376/315/318 393/333/335 392/332/334 
f 376/315/318 375/314/317 394/334/336 393/333/335 
f 375/314/317 378/317/320 395/335/337 394/334/336 
f 378/317/320 377/316/319 396/336/338 395/335/337 
f 377/316/319 380/319/322 397/337/339 396/336/338 
f 380/319/322 379/318/321 398/338/340 397/337/339 
f 379/318/321 382/321/324 399/339/341 398/338/340 
f 382/321/324 381/320/323 400/340/342 399/339/341 
f 381/320/323 384/323/326 401/341/343 400/340/342 
f 384/323/326 383/322/325 402/342/344 401/341/343 
f 383/326/325 386/325/328 403/343/345 402/344/344 
f 386/325/328 385/324/327 404/345/346 403/343/345 
f 385/324/327 387/327/329 405/346/347 404/345/346 
f 387/327/329 372/311/314 389/329/331 405/346/347 
f 389/329/331 388/328/330 406/347/330 407/348/331 
f 388/328/330 390/330/332 408/349/332 406/347/330 
f 390/330/332 391/331/333 409/350/333 408/349/332 
f 391/331/333 392/332/334 410/351/334 409/350/333 
f 392/332/334 393/333/335 411/352/335 410/351/334 
f 393/333/335 394/334/336 412/353/336 411/352/335 
f 394/334/336 395/335/337 413/354/337 412/353/336 
f 395/335/337 396/336/338 414/355/338 413/354/337 
f 396/336/338 397/337/339 415/356/339 414/355/338 
f 397/337/339 398/338/340 416/357/340 415/356/339 
f 398/338/340 399/339/341 417/358/341 416/357/340 
f 399/339/341 400/340/342 418/359/342 417/358/341 
f 400/340/342 401/341/343 419/360/343 418/359/342 
f 401/341/343 402/342/344 420/361/344 419/360/343 
f 402/344/344 403/343/345 421/362/345 420/363/344 
f 403/343/345 404/345/346 422/364/346 421/362/345 
f 404/345/346 405/346/347 423/365/347 422/364/346 
f 405/346/347 389/329/331 407/348/331 423/365/347 
f 407/348/331 406/347/330 424/366/330 425/367/331 
f 406/347/330 408/349/332 426/368/332 424/366/330 
f 408/349/332 409/350/333 427/369/333 426/368/332 
f 409/350/333 410/351/334 428/370/334 427/369/333 
f 410/351/334 411/352/335 429/371/335 428/370/334 
f 411/352/335 412/353/336 430/372/336 429/371/335 
f 412/353/336 413/354/337 431/373/337 430/372/336 
f 413/354/337 414/355/338 432/374/338 431/373/337 
f 414/355/338 415/356/339 433/375/339 432/374/338 
f 415/356/339 416/357/340 434/376/340 433/375/339 
f 416/357/340 417/358/341 435/377/341 434/376/340 
f 417/358/341 418/359/342 436/378/342 435/377/341 
f 418/359/342 419/360/343 437/379/343 436/378/342 
f 419/360/343 420/361/344 438/380/344 437/379/343 
f 420/363/344 421/362/345 439/381/345 438/382/344 
f 421/362/345 422/364/346 440/383/346 439/381/345 
f 422/364/346 423/365/347 441/384/347 440/383/346 
f 423/365/347 407/348/331 425/367/331 441/384/347 
f 425/367/331 424/366/330 442/385/330 443/386/331 
f 424/366/330 426/368/332 444/387/332 442/385/330 
f 426/368/332 427/369/333 445/388/333 444/387/332 
f 427/369/333 428/370/334 446/389/334 445/388/333 
f 428/370/334 429/371/335 447/390/335 446/389/334 
f 429/371/335 430/372/336 448/391/336 447/390/335 
f 430/372/336 431/373/337 449/392/337 448/391/336 
f 431/373/337 432/374/338 450/393/338 449/392/337 
f 432/374/338 433/375/339 451/394/339 450/393/338 
f 433/375/339 434/376/340 452/395/340 451/394/339 
f 434/376/340 435/377/341 453/396/341 452/395/340 
f 435/377/341 436/378/342 454/397/342 453/396/341 
f 436/378/342 437/379/343 455/398/343 454/397/342 
f 437/379/343 438/380/344 456/399/344 455/398/343 
f 438/382/344 439/381/345 457/400/345 456/401/344 
f 439/381/345 440/383/346 458/402/346 457/400/345 
f 440/383/346 441/384/347 459/403/347 458/402/346 
f 441/384/347 425/367/331 443/386/331 459/403/347 
f 443/386/331 442/385/330 460/404/348 461/405/349 
f 442/385/330 444/387/332 462/406/350 460/404/348 
f 444/387/332 445/388/333 463/407/351 462/406/350 
f 445/388/333 446/389/334 464/408/352 463/407/351 
f 446/389/334 447/390/335 465/409/353 464/408/352 
f 447/390/335 448/391/336 466/410/354 465/409/353 
f 448/391/336 449/392/337 467/411/355 466/410/354 
f 449/392/337 450/393/338 468/412/356 467/411/355 
f 450/393/338 451/394/339 469/413/357 468/412/356 
f 451/394/339 452/395/340 470/414/358 469/413/357 
f 452/395/340 453/396/341 471/415/359 470/414/358 
f 453/396/341 454/397/342 472/416/360 471/415/359 
f 454/397/342 455/398/343 473/417/361 472/416/360 
f 455/398/343 456/399/344 474/418/362 473/417/361 
f 456/401/344 457/400/345 475/419/363 474/420/362 
f 457/400/345 458/402/346 476/421/364 475/419/363 
f 458/402/346 459/403/347 477/422/365 476/421/364 
f 459/403/347 443/386/331 461/405/349 477/422/365 
s 1
f 478/423/366 477/422/365 461/405/349 460/404/348 
f 478/423/366 460/404/348 462/406/350 463/407/351 
f 478/423/366 463/407/351 464/408/352 465/409/353 
f 478/423/366 465/409/353 466/410/354 467/411/355 
f 478/423/366 467/411/355 468/412/356 469/413/357 
f 478/423/366 469/413/357 470/414/358 471/415/359 
f 478/423/366 471/415/359 472/416/360 473/417/361 
f 478/423/366 473/417/361 474/418/362 475/424/363 
f 478/423/366 475/419/363 476/421/364 477/422/365 
# 108 polygons

#
# object Box001
#

v  49.5755 128.5497 1.2612
v  48.3104 128.8393 2.3068
v  47.2254 128.5123 1.0845
v  48.4906 128.2228 0.0389
v  46.1405 128.1853 -0.1377
v  47.4057 127.8958 -1.1833
v  45.0556 127.8584 -1.3599
v  46.3208 127.5688 -2.4055
v  47.0452 129.1288 3.3524
v  45.9603 128.8018 2.1301
v  44.8753 128.4749 0.9079
v  43.7904 128.1479 -0.3143
v  45.7800 129.4184 4.3980
v  44.6951 129.0914 3.1757
v  43.6102 128.7644 1.9535
v  42.5252 128.4374 0.7313
v  49.5971 133.3750 -0.0489
v  48.5028 133.0447 -1.2836
v  47.2470 133.3376 -0.2255
v  48.3320 133.6646 0.9967
v  47.4178 132.7177 -2.5059
v  46.1621 133.0106 -1.4477
v  46.3424 132.3941 -3.7155
v  45.0772 132.6836 -2.6699
v  45.9819 133.6271 0.8201
v  47.0668 133.9541 2.0423
v  44.8969 133.3002 -0.4021
v  43.8120 132.9732 -1.6243
v  44.7167 133.9167 1.8657
v  45.8016 134.2436 3.0879
v  43.6318 133.5897 0.6435
v  42.5468 133.2627 -0.5787
v  48.4978 129.8312 -0.3977
v  49.5827 130.1582 0.8245
v  47.4129 129.5042 -1.6200
v  46.3280 129.1772 -2.8422
v  48.5050 131.4396 -0.8344
v  49.5899 131.7666 0.3878
v  46.3352 130.7857 -3.2789
v  47.4201 131.1126 -2.0566
v  45.0628 129.4668 -1.7966
v  43.7976 129.7563 -0.7510
v  42.5324 130.0459 0.2946
v  45.0700 131.0752 -2.2333
v  43.8048 131.3647 -1.1877
v  42.5396 131.6543 -0.1421
v  43.6174 130.3728 1.5168
v  44.7023 130.6998 2.7391
v  45.7872 131.0268 3.9613
v  43.6246 131.9813 1.0802
v  44.7095 132.3082 2.3024
v  45.7944 132.6352 3.5246
v  47.0524 130.7372 2.9157
v  48.3176 130.4477 1.8701
v  47.0596 132.3457 2.4790
v  48.3248 132.0561 1.4334
v  47.5439 129.7365 -1.5257
v  48.3685 129.9850 -0.5968
v  47.5494 130.9589 -1.8576
v  48.3740 131.2074 -0.9287
v  47.6750 129.9687 -1.4314
v  48.2392 130.1387 -0.7959
v  47.6787 130.8051 -1.6585
v  48.2429 130.9751 -1.0230
v  49.1932 129.6213 -2.6862
v  49.7574 129.7913 -2.0506
v  49.1969 130.4576 -2.9132
v  49.7611 130.6277 -2.2777
v  49.7038 129.7666 -2.9056
v  50.0076 129.8582 -2.5634
v  49.7058 130.2170 -3.0278
v  50.0096 130.3086 -2.6856
v  49.4281 128.5185 -3.6906
v  51.0338 129.0025 -1.8817
v  49.4387 130.8990 -4.3369
v  51.0444 131.3829 -2.5280
v  50.8381 128.5410 -3.5846
v  51.1419 128.6326 -3.2424
v  50.1935 129.7602 -4.7022
v  50.1915 129.3099 -4.5799
v  51.1526 131.0130 -3.8887
v  50.8488 130.9215 -4.2309
v  51.7972 129.7938 -2.7711
v  51.7992 130.2442 -2.8933
v  54.0985 125.7888 -8.8333
v  55.3636 125.4993 -9.8789
v  56.4486 125.8263 -8.6567
v  55.1834 126.1158 -7.6111
v  57.5335 126.1533 -7.4345
v  56.2683 126.4428 -6.3889
v  58.6184 126.4802 -6.2123
v  57.3532 126.7698 -5.1667
v  56.6288 125.2098 -10.9245
v  57.7137 125.5367 -9.7023
v  58.7987 125.8637 -8.4801
v  59.8836 126.1907 -7.2579
v  57.8940 124.9202 -11.9701
v  58.9789 125.2472 -10.7479
v  60.0638 125.5742 -9.5257
v  61.1488 125.9012 -8.3035
v  54.1200 130.6141 -10.1434
v  55.2050 130.9411 -8.9212
v  56.4701 130.6516 -9.9668
v  55.3852 130.3246 -11.1890
v  56.2899 131.2681 -7.6990
v  57.5551 130.9785 -8.7446
v  57.3748 131.5950 -6.4768
v  58.6400 131.3055 -7.5224
v  57.7353 130.3620 -11.0124
v  56.6504 130.0350 -12.2346
v  58.8202 130.6890 -9.7902
v  59.9052 131.0160 -8.5680
v  59.0005 130.0725 -12.0580
v  57.9156 129.7455 -13.2802
v  60.0854 130.3994 -10.8358
v  61.1703 130.7264 -9.6136
v  55.1906 127.7243 -8.0478
v  54.1057 127.3973 -9.2700
v  56.2755 128.0512 -6.8256
v  57.3604 128.3782 -5.6034
v  55.1978 129.3327 -8.4845
v  54.1129 129.0057 -9.7067
v  57.3676 129.9866 -6.0401
v  56.2827 129.6597 -7.2623
v  58.6256 128.0887 -6.6490
v  59.8908 127.7991 -7.6946
v  61.1559 127.5096 -8.7402
v  58.6328 129.6971 -7.0857
v  59.8980 129.4075 -8.1313
v  61.1631 129.1180 -9.1769
v  60.0710 127.1826 -9.9624
v  58.9861 126.8556 -11.1846
v  57.9012 126.5286 -12.4068
v  60.0782 128.7910 -10.3991
v  58.9933 128.4641 -11.6213
v  57.9084 128.1371 -12.8435
v  56.6360 126.8182 -11.3612
v  55.3708 127.1077 -10.3156
v  56.6432 128.4266 -11.7979
v  55.3780 128.7162 -10.7523
v  56.1462 128.2050 -7.0247
v  55.3216 127.9565 -7.9536
v  56.1516 129.4274 -7.3566
v  55.3271 129.1789 -8.2854
v  56.0168 128.3588 -7.2237
v  55.4527 128.1888 -7.8593
v  56.0206 129.1952 -7.4508
v  55.4564 129.0251 -8.0864
v  54.4986 128.7062 -5.9690
v  53.9345 128.5362 -6.6046
v  54.5024 129.5426 -6.1961
v  53.9382 129.3726 -6.8317
v  53.9898 128.9469 -5.8544
v  53.6860 128.8553 -6.1966
v  53.9918 129.3972 -5.9767
v  53.6880 129.3057 -6.3189
v  54.2568 128.2648 -4.5454
v  52.6512 127.7809 -6.3543
v  54.2675 130.6453 -5.1917
v  52.6618 130.1614 -7.0006
v  52.8468 128.2424 -4.6514
v  52.5430 128.1508 -4.9936
v  53.5041 129.8540 -4.3023
v  53.5021 129.4036 -4.1800
v  52.5537 130.5313 -5.6399
v  52.8574 130.6229 -5.2977
v  51.8964 128.9197 -5.9889
v  51.8984 129.3701 -6.1112
v  51.6397 130.9189 -3.2732
v  51.6057 130.9544 -3.3241
v  51.5685 130.9842 -3.3774
v  51.5280 131.0081 -3.4331
v  51.4842 131.0262 -3.4911
v  51.4371 131.0385 -3.5515
v  51.3867 131.0450 -3.6142
v  51.3331 131.0458 -3.6793
v  51.2762 131.0406 -3.7467
v  51.2160 131.0297 -3.8165
v  51.7980 130.3378 -2.9207
v  51.7935 130.4256 -2.9505
v  51.7858 130.5076 -2.9825
v  51.7747 130.5837 -3.0170
v  51.7604 130.6541 -3.0538
v  51.7428 130.7187 -3.0930
v  51.7220 130.7775 -3.1345
v  51.6978 130.8304 -3.1784
v  51.6704 130.8776 -3.2246
v  53.3446 130.5287 -4.6822
v  53.3753 130.4874 -4.6336
v  53.4027 130.4402 -4.5873
v  53.4268 130.3873 -4.5435
v  53.4477 130.3285 -4.5019
v  53.4653 130.2639 -4.4628
v  53.4796 130.1936 -4.4260
v  53.4906 130.1174 -4.3915
v  53.4984 130.0354 -4.3594
v  53.5029 129.9476 -4.3297
v  52.9209 130.6396 -5.2255
v  52.9811 130.6505 -5.1557
v  53.0380 130.6556 -5.0883
v  53.0916 130.6549 -5.0232
v  53.1420 130.6484 -4.9605
v  53.1890 130.6361 -4.9001
v  53.2328 130.6179 -4.8421
v  53.2734 130.5940 -4.7864
v  53.3106 130.5643 -4.7331
v  51.2054 128.6541 -3.1715
v  51.2657 128.6795 -3.1057
v  51.3227 128.7087 -3.0448
v  51.3764 128.7418 -2.9889
v  51.4270 128.7787 -2.9379
v  51.4743 128.8195 -2.8920
v  51.5184 128.8641 -2.8510
v  51.5592 128.9125 -2.8150
v  51.5968 128.9648 -2.7839
v  51.6312 129.0210 -2.7579
v  51.6624 129.0809 -2.7368
v  51.6903 129.1448 -2.7207
v  51.7150 129.2124 -2.7096
v  51.7364 129.2840 -2.7034
v  51.7546 129.3593 -2.7023
v  51.7696 129.4385 -2.7061
v  51.7814 129.5216 -2.7149
v  51.7899 129.6085 -2.7286
v  51.7952 129.6992 -2.7474
v  53.3361 128.6308 -4.1669
v  53.3017 128.5747 -4.1929
v  53.2641 128.5224 -4.2240
v  53.2232 128.4739 -4.2600
v  53.1792 128.4293 -4.3009
v  53.1319 128.3885 -4.3469
v  53.0813 128.3516 -4.3978
v  53.0275 128.3185 -4.4538
v  52.9705 128.2893 -4.5146
v  52.9103 128.2639 -4.5805
v  53.5000 129.3091 -4.1563
v  53.4947 129.2183 -4.1376
v  53.4862 129.1314 -4.1238
v  53.4745 129.0484 -4.1151
v  53.4595 128.9692 -4.1112
v  53.4413 128.8938 -4.1124
v  53.4198 128.8223 -4.1186
v  53.3951 128.7546 -4.1297
v  53.3672 128.6908 -4.1458
v  50.3595 130.5331 -4.7154
v  50.3284 130.4731 -4.7365
v  50.3004 130.4093 -4.7526
v  50.2758 130.3416 -4.7637
v  50.2543 130.2701 -4.7698
v  50.2361 130.1947 -4.7710
v  50.2211 130.1155 -4.7672
v  50.2094 130.0325 -4.7584
v  50.2009 129.9456 -4.7447
v  50.1956 129.8548 -4.7259
v  50.7853 130.8999 -4.3017
v  50.7251 130.8745 -4.3676
v  50.6681 130.8453 -4.4285
v  50.6143 130.8122 -4.4844
v  50.5637 130.7753 -4.5354
v  50.5164 130.7346 -4.5813
v  50.4723 130.6900 -4.6223
v  50.4315 130.6415 -4.6583
v  50.3939 130.5892 -4.6893
v  52.0644 130.1429 -6.1244
v  52.0987 130.1991 -6.0983
v  52.1364 130.2513 -6.0673
v  52.1772 130.2998 -6.0313
v  52.2213 130.3444 -5.9903
v  52.2686 130.3852 -5.9443
v  52.3191 130.4221 -5.8934
v  52.3729 130.4552 -5.8375
v  52.4299 130.4844 -5.7766
v  52.4902 130.5098 -5.7107
v  51.9004 129.4646 -6.1349
v  51.9057 129.5554 -6.1536
v  51.9142 129.6423 -6.1674
v  51.9260 129.7253 -6.1762
v  51.9410 129.8045 -6.1800
v  51.9592 129.8799 -6.1788
v  51.9806 129.9514 -6.1727
v  52.0053 130.0191 -6.1615
v  52.0332 130.0829 -6.1454
v  50.3510 128.6351 -4.2001
v  50.3850 128.5996 -4.1492
v  50.4222 128.5699 -4.0958
v  50.4627 128.5459 -4.0402
v  50.5065 128.5278 -3.9822
v  50.5536 128.5155 -3.9218
v  50.6040 128.5090 -3.8591
v  50.6576 128.5083 -3.7940
v  50.7145 128.5134 -3.7266
v  50.7747 128.5243 -3.6568
v  50.1927 129.2163 -4.5526
v  50.1972 129.1285 -4.5228
v  50.2050 129.0465 -4.4907
v  50.2160 128.9703 -4.4563
v  50.2303 128.8999 -4.4195
v  50.2479 128.8354 -4.3803
v  50.2688 128.7766 -4.3388
v  50.2929 128.7236 -4.2949
v  50.3203 128.6765 -4.2487
v  52.4796 128.1341 -5.0657
v  52.4194 128.1232 -5.1355
v  52.3625 128.1181 -5.2030
v  52.3088 128.1188 -5.2681
v  52.2585 128.1253 -5.3308
v  52.2114 128.1376 -5.3912
v  52.1676 128.1558 -5.4492
v  52.1271 128.1797 -5.5048
v  52.0898 128.2094 -5.5581
v  52.0559 128.2450 -5.6091
v  52.0252 128.2863 -5.6577
v  51.9978 128.3335 -5.7039
v  51.9736 128.3864 -5.7478
v  51.9528 128.4452 -5.7893
v  51.9352 128.5098 -5.8285
v  51.9209 128.5801 -5.8653
v  51.9098 128.6563 -5.8997
v  51.9021 128.7383 -5.9318
v  51.8976 128.8261 -5.9615
# 320 vertices

vn 0.8116 -0.5442 0.2125
vn 0.4572 -0.5437 0.7038
vn -0.0043 -0.9651 0.2620
vn 0.5337 -0.8052 -0.2583
vn -0.4633 -0.8211 -0.3333
vn 0.0599 -0.7707 -0.6343
vn -0.0649 -0.3436 0.9369
vn -0.5398 -0.5596 0.6289
vn -0.8166 -0.5701 0.0901
vn 0.8165 0.5703 -0.0898
vn 0.5403 0.5592 -0.6288
vn 0.0043 0.9651 -0.2620
vn 0.4633 0.8211 0.3333
vn 0.5399 0.5591 -0.6292
vn 0.0646 0.3436 -0.9369
vn -0.4572 0.5437 -0.7038
vn -0.5337 0.8052 0.2583
vn -0.0599 0.7707 0.6343
vn -0.8116 0.5442 -0.2125
vn 0.7591 -0.1737 -0.6274
vn 0.9971 0.0159 0.0749
vn 0.0765 -0.2616 -0.9622
vn 0.7591 -0.1741 -0.6273
vn -0.6510 -0.1962 -0.7333
vn -0.9971 -0.0159 -0.0749
vn -0.7591 0.1737 0.6274
vn -0.0765 0.2616 0.9622
vn 0.6510 0.1962 0.7333
vn 0.4891 -0.5073 -0.7096
vn 0.8816 -0.3890 -0.2674
vn 0.4917 0.0747 -0.8676
vn 0.8842 0.1930 -0.4254
vn -0.2762 -0.8391 -0.4687
vn 0.6197 -0.5691 0.5406
vn -0.2703 0.4891 -0.8293
vn 0.6256 0.7591 0.1800
vn -0.8084 -0.5839 0.0741
vn -0.0449 -0.3538 0.9342
vn -0.8034 0.5480 -0.2332
vn -0.0399 0.7781 0.6269
vn -0.5535 -0.6260 0.5494
vn 0.5475 -0.5610 0.6209
vn -0.5470 0.8224 0.1561
vn 0.5536 0.7934 0.2532
vn 0.3817 0.0745 -0.9213
vn -0.0081 -0.9674 0.2529
vn 0.0044 -0.9637 0.2670
vn -0.1058 -0.0886 0.9904
vn 0.3790 -0.5334 -0.7562
vn -0.6484 -0.1875 -0.7378
vn -0.6485 -0.2060 -0.7328
vn -0.1028 0.5782 0.8094
vn 0.0130 0.9663 -0.2570
vn 0.0005 0.9626 -0.2711
vn 0.6533 0.1863 0.7338
vn 0.6534 0.2049 0.7288
vn 0.5398 0.5596 -0.6289
vn 0.0649 0.3436 -0.9369
vn 0.8166 0.5701 -0.0901
vn -0.4917 -0.0747 0.8676
vn -0.8842 -0.1930 0.4254
vn -0.4891 0.5073 0.7096
vn -0.8816 0.3890 0.2674
vn 0.2703 -0.4891 0.8293
vn -0.6256 -0.7591 -0.1800
vn 0.2762 0.8391 0.4687
vn -0.6197 0.5691 -0.5406
vn 0.8034 -0.5480 0.2332
vn 0.0399 -0.7781 -0.6269
vn 0.8084 0.5839 -0.0741
vn 0.0449 0.3538 -0.9342
vn 0.3599 -0.5180 0.7759
vn 0.4425 -0.8539 -0.2738
vn 0.3660 0.8363 0.4082
vn 0.4490 0.5945 -0.6671
vn 0.9363 -0.3267 0.1290
vn -0.0005 -0.9626 0.2711
vn -0.0130 -0.9663 0.2570
vn -0.9161 0.3713 0.1514
vn 0.9393 0.3392 -0.0518
vn 0.6485 0.2060 0.7328
vn 0.6484 0.1875 0.7378
vn -0.9188 -0.2360 0.3163
vn -0.0044 0.9637 -0.2670
vn 0.0081 0.9674 -0.2529
vn -0.6534 -0.2049 -0.7288
vn -0.6533 -0.1863 -0.7338
vn 0.5857 0.7796 0.2218
vn -0.2300 0.7463 0.6247
vn -0.2668 0.7752 0.5726
vn -0.3048 0.7970 0.5215
vn -0.3426 0.8120 0.4724
vn -0.3795 0.8210 0.4266
vn -0.4141 0.8251 0.3842
vn -0.4469 0.8249 0.3461
vn -0.4768 0.8219 0.3116
vn -0.5043 0.8165 0.2810
vn -0.0684 0.2981 0.9521
vn -0.0694 0.3374 0.9388
vn -0.0727 0.3799 0.9222
vn -0.0781 0.4255 0.9016
vn -0.0871 0.4735 0.8765
vn -0.0997 0.5232 0.8463
vn -0.1167 0.5734 0.8109
vn -0.1384 0.6225 0.7703
vn -0.1649 0.6688 0.7250
vn 0.3276 0.8387 0.4351
vn 0.8920 0.4269 -0.1485
vn 0.9190 0.3805 -0.1036
vn 0.9414 0.3312 -0.0636
vn 0.9593 0.2809 -0.0287
vn 0.9730 0.2309 0.0004
vn 0.9829 0.1825 0.0244
vn 0.9896 0.1369 0.0445
vn 0.9938 0.0940 0.0599
vn 0.9958 0.0547 0.0728
vn 0.5597 0.5733 -0.5984
vn 0.5865 0.5783 -0.5671
vn 0.6152 0.5820 -0.5317
vn 0.6469 0.5821 -0.4927
vn 0.6807 0.5784 -0.4495
vn 0.7163 0.5699 -0.4026
vn 0.7534 0.5548 -0.3531
vn 0.7906 0.5332 -0.3012
vn 0.8269 0.5044 -0.2488
vn -0.5105 -0.5581 0.6542
vn -0.4830 -0.5475 0.6834
vn -0.4531 -0.5328 0.7148
vn -0.4201 -0.5141 0.7478
vn -0.3853 -0.4894 0.7823
vn -0.3483 -0.4587 0.8175
vn -0.3102 -0.4213 0.8522
vn -0.2720 -0.3769 0.8854
vn -0.2348 -0.3260 0.9158
vn 0.5796 -0.5653 0.5869
vn -0.1688 -0.2089 0.9632
vn -0.1418 -0.1463 0.9790
vn -0.1197 -0.0836 0.9893
vn -0.1021 -0.0225 0.9945
vn -0.0891 0.0355 0.9954
vn -0.0796 0.0896 0.9928
vn -0.0738 0.1392 0.9875
vn -0.0700 0.1842 0.9804
vn -0.0687 0.2249 0.9720
vn 0.3215 -0.5062 0.8002
vn 0.8221 -0.5678 0.0423
vn 0.7854 -0.6189 0.0116
vn 0.7479 -0.6634 -0.0223
vn 0.7107 -0.7012 -0.0576
vn 0.6748 -0.7320 -0.0937
vn 0.6409 -0.7566 -0.1293
vn 0.6091 -0.7761 -0.1630
vn 0.5803 -0.7906 -0.1954
vn 0.5536 -0.8018 -0.2251
vn 0.9955 -0.0186 0.0928
vn 0.9931 -0.0591 0.1014
vn 0.9885 -0.1039 0.1099
vn 0.9814 -0.1533 0.1156
vn 0.9710 -0.2071 0.1193
vn 0.9568 -0.2649 0.1195
vn 0.9385 -0.3257 0.1148
vn 0.9155 -0.3883 0.1051
vn 0.8881 -0.4508 0.0898
vn -0.3215 0.5062 -0.8002
vn -0.8881 0.4508 -0.0897
vn -0.9155 0.3883 -0.1052
vn -0.9385 0.3257 -0.1148
vn -0.9569 0.2649 -0.1193
vn -0.9710 0.2071 -0.1193
vn -0.9814 0.1533 -0.1160
vn -0.9885 0.1039 -0.1095
vn -0.9930 0.0590 -0.1018
vn -0.9955 0.0187 -0.0924
vn -0.5538 0.8016 0.2254
vn -0.5801 0.7908 0.1952
vn -0.6093 0.7760 0.1632
vn -0.6408 0.7568 0.1289
vn -0.6749 0.7320 0.0938
vn -0.7107 0.7011 0.0577
vn -0.7479 0.6634 0.0222
vn -0.7854 0.6189 -0.0115
vn -0.8221 0.5678 -0.0423
vn -0.5796 0.5653 -0.5869
vn 0.2348 0.3259 -0.9158
vn 0.2720 0.3769 -0.8854
vn 0.3103 0.4212 -0.8522
vn 0.3481 0.4589 -0.8175
vn 0.3852 0.4895 -0.7823
vn 0.4204 0.5137 -0.7479
vn 0.4528 0.5331 -0.7147
vn 0.4832 0.5472 -0.6835
vn 0.5103 0.5584 -0.6541
vn 0.0684 -0.2248 -0.9720
vn 0.0704 -0.1843 -0.9804
vn 0.0735 -0.1392 -0.9875
vn 0.0799 -0.0896 -0.9928
vn 0.0891 -0.0355 -0.9954
vn 0.1019 0.0226 -0.9945
vn 0.1197 0.0835 -0.9893
vn 0.1418 0.1463 -0.9790
vn 0.1687 0.2090 -0.9633
vn -0.3276 -0.8387 -0.4351
vn -0.8269 -0.5044 0.2488
vn -0.7906 -0.5332 0.3012
vn -0.7534 -0.5548 0.3530
vn -0.7164 -0.5696 0.4028
vn -0.6807 -0.5784 0.4495
vn -0.6468 -0.5823 0.4926
vn -0.6154 -0.5818 0.5318
vn -0.5863 -0.5786 0.5670
vn -0.5599 -0.5730 0.5985
vn -0.9959 -0.0546 -0.0725
vn -0.9937 -0.0942 -0.0603
vn -0.9896 -0.1368 -0.0442
vn -0.9829 -0.1827 -0.0248
vn -0.9730 -0.2308 -0.0003
vn -0.9593 -0.2809 0.0289
vn -0.9414 -0.3313 0.0635
vn -0.9190 -0.3805 0.1036
vn -0.8920 -0.4269 0.1485
vn 0.5041 -0.8167 -0.2808
vn 0.4770 -0.8217 -0.3118
vn 0.4468 -0.8251 -0.3460
vn 0.4144 -0.8249 -0.3844
vn 0.3794 -0.8210 -0.4266
vn 0.3425 -0.8122 -0.4724
vn 0.3048 -0.7970 -0.5215
vn 0.2668 -0.7752 -0.5726
vn 0.2300 -0.7463 -0.6247
vn -0.5857 -0.7796 -0.2218
vn 0.1648 -0.6688 -0.7249
vn 0.1384 -0.6225 -0.7703
vn 0.1168 -0.5734 -0.8109
vn 0.0995 -0.5233 -0.8463
vn 0.0871 -0.4735 -0.8765
vn 0.0784 -0.4254 -0.9016
vn 0.0724 -0.3800 -0.9222
vn 0.0698 -0.3374 -0.9388
vn 0.0680 -0.2982 -0.9521
# 239 vertex normals

vt 1.0000 0.0000 0.0000
vt 1.0000 0.3333 0.0000
vt 0.6667 0.3333 0.0000
vt 0.6667 0.0000 0.0000
vt 0.3333 0.3333 0.0000
vt 0.3333 0.0000 0.0000
vt -0.0000 0.3333 0.0000
vt -0.0000 0.0000 0.0000
vt 1.0000 0.6667 0.0000
vt 0.6667 0.6667 0.0000
vt 0.3333 0.6667 0.0000
vt -0.0000 0.6667 0.0000
vt 1.0000 1.0000 0.0000
vt 0.6667 1.0000 0.0000
vt 0.3333 1.0000 0.0000
vt -0.0000 1.0000 0.0000
vt 0.0000 0.0000 0.0000
vt 0.0000 0.3333 0.0000
vt 0.0000 0.6667 0.0000
vt 0.0000 1.0000 0.0000
vt 0.5315 0.3333 0.0000
vt 0.4685 0.3333 0.0000
vt 0.6667 0.5315 0.0000
vt 0.6667 0.4685 0.0000
vt 0.4685 0.6667 0.0000
vt 0.5315 0.6667 0.0000
vt 0.3333 0.4685 0.0000
vt 0.3333 0.5315 0.0000
vt 0.3468 0.6667 0.0000
vt 0.3604 0.6667 0.0000
vt 0.3739 0.6667 0.0000
vt 0.3874 0.6667 0.0000
vt 0.4009 0.6667 0.0000
vt 0.4144 0.6667 0.0000
vt 0.4279 0.6667 0.0000
vt 0.4414 0.6667 0.0000
vt 0.4550 0.6667 0.0000
vt 0.3333 0.5450 0.0000
vt 0.3333 0.5586 0.0000
vt 0.3333 0.5721 0.0000
vt 0.3333 0.5856 0.0000
vt 0.3333 0.5991 0.0000
vt 0.3333 0.6126 0.0000
vt 0.3333 0.6261 0.0000
vt 0.3333 0.6396 0.0000
vt 0.3333 0.6532 0.0000
vt 0.6667 0.6532 0.0000
vt 0.6667 0.6396 0.0000
vt 0.6667 0.6261 0.0000
vt 0.6667 0.6126 0.0000
vt 0.6667 0.5991 0.0000
vt 0.6667 0.5856 0.0000
vt 0.6667 0.5721 0.0000
vt 0.6667 0.5586 0.0000
vt 0.6667 0.5450 0.0000
vt 0.5450 0.6667 0.0000
vt 0.5586 0.6667 0.0000
vt 0.5721 0.6667 0.0000
vt 0.5856 0.6667 0.0000
vt 0.5991 0.6667 0.0000
vt 0.6126 0.6667 0.0000
vt 0.6261 0.6667 0.0000
vt 0.6396 0.6667 0.0000
vt 0.6532 0.6667 0.0000
vt 0.4550 0.3333 0.0000
vt 0.4414 0.3333 0.0000
vt 0.4279 0.3333 0.0000
vt 0.4144 0.3333 0.0000
vt 0.4009 0.3333 0.0000
vt 0.3874 0.3333 0.0000
vt 0.3739 0.3333 0.0000
vt 0.3604 0.3333 0.0000
vt 0.3468 0.3333 0.0000
vt 0.3333 0.3468 0.0000
vt 0.3333 0.3604 0.0000
vt 0.3333 0.3739 0.0000
vt 0.3333 0.3874 0.0000
vt 0.3333 0.4009 0.0000
vt 0.3333 0.4144 0.0000
vt 0.3333 0.4279 0.0000
vt 0.3333 0.4414 0.0000
vt 0.3333 0.4550 0.0000
vt 0.6532 0.3333 0.0000
vt 0.6396 0.3333 0.0000
vt 0.6261 0.3333 0.0000
vt 0.6126 0.3333 0.0000
vt 0.5991 0.3333 0.0000
vt 0.5856 0.3333 0.0000
vt 0.5721 0.3333 0.0000
vt 0.5586 0.3333 0.0000
vt 0.5450 0.3333 0.0000
vt 0.6667 0.4550 0.0000
vt 0.6667 0.4414 0.0000
vt 0.6667 0.4279 0.0000
vt 0.6667 0.4144 0.0000
vt 0.6667 0.4009 0.0000
vt 0.6667 0.3874 0.0000
vt 0.6667 0.3739 0.0000
vt 0.6667 0.3604 0.0000
vt 0.6667 0.3468 0.0000
# 100 texture coords

o Box001
g Box001
usemtl wire_026026026
s 1
f 479/425/367 480/426/368 481/427/369 482/428/370 
f 482/428/370 481/427/369 483/429/369 484/430/370 
f 484/430/370 483/429/369 485/431/371 486/432/372 
f 480/426/368 487/433/368 488/434/369 481/427/369 
f 481/427/369 488/434/369 489/435/369 483/429/369 
f 483/429/369 489/435/369 490/436/371 485/431/371 
f 487/433/368 491/437/373 492/438/374 488/434/369 
f 488/434/369 492/438/374 493/439/374 489/435/369 
f 489/435/369 493/439/374 494/440/375 490/436/371 
f 495/441/376 496/430/377 497/429/378 498/442/379 
f 496/430/377 499/428/380 500/427/378 497/429/378 
f 499/428/380 501/425/381 502/426/382 500/427/378 
f 498/442/379 497/429/378 503/435/378 504/443/379 
f 497/429/378 500/427/378 505/434/378 503/435/378 
f 500/427/378 502/426/382 506/433/382 505/434/378 
f 504/443/379 503/435/378 507/439/383 508/444/384 
f 503/435/378 505/434/378 509/438/383 507/439/383 
f 505/434/378 506/433/382 510/437/385 509/438/383 
s 2
f 479/441/367 482/430/370 511/429/386 512/442/387 
f 482/430/370 484/428/370 513/427/386 511/429/386 
f 484/428/370 486/425/372 514/426/388 513/427/386 
f 512/442/387 511/429/386 515/435/389 516/443/387 
f 513/427/386 514/426/388 517/433/388 518/434/389 
f 516/443/387 515/435/389 496/439/377 495/444/376 
f 515/435/389 518/434/389 499/438/380 496/439/377 
f 518/434/389 517/433/388 501/437/381 499/438/380 
s 4
f 486/441/372 485/430/371 519/429/390 514/442/388 
f 485/430/371 490/428/371 520/427/390 519/429/390 
f 490/428/371 494/425/375 521/426/391 520/427/390 
f 514/442/388 519/429/390 522/435/390 517/443/388 
f 519/429/390 520/427/390 523/434/390 522/435/390 
f 520/427/390 521/426/391 524/433/391 523/434/390 
f 517/443/388 522/435/390 502/439/382 501/444/381 
f 522/435/390 523/434/390 506/438/382 502/439/382 
f 523/434/390 524/433/391 510/437/385 506/438/382 
s 2
f 494/441/375 493/430/374 525/429/392 521/442/391 
f 493/430/374 492/428/374 526/427/392 525/429/392 
f 492/428/374 491/425/373 527/426/393 526/427/392 
f 521/442/391 525/429/392 528/435/392 524/443/391 
f 525/429/392 526/427/392 529/434/392 528/435/392 
f 526/427/392 527/426/393 530/433/393 529/434/392 
f 524/443/391 528/435/392 509/439/383 510/444/385 
f 528/435/392 529/434/392 507/438/383 509/439/383 
f 529/434/392 530/433/393 508/437/384 507/438/383 
s 4
f 491/441/373 487/430/368 531/429/394 527/442/393 
f 487/430/368 480/428/368 532/427/394 531/429/394 
f 480/428/368 479/425/367 512/426/387 532/427/394 
f 527/442/393 531/429/394 533/435/394 530/443/393 
f 531/429/394 532/427/394 534/434/394 533/435/394 
f 532/427/394 512/426/387 516/433/387 534/434/394 
f 530/443/393 533/435/394 504/439/379 508/444/384 
f 533/435/394 534/434/394 498/438/379 504/439/379 
f 534/434/394 516/433/387 495/437/376 498/438/379 
s 2
f 511/429/386 513/427/386 535/427/386 536/429/386 
f 513/427/386 518/434/389 537/434/386 535/427/386 
f 518/434/389 515/435/389 538/435/386 537/434/386 
f 515/435/389 511/429/386 536/429/386 538/435/386 
f 536/429/386 535/427/386 539/427/395 540/429/396 
f 535/427/386 537/434/386 541/434/397 539/427/395 
f 537/434/386 538/435/386 542/435/398 541/434/397 
f 538/435/386 536/429/386 540/429/396 542/435/398 
s 1
f 540/429/396 539/427/395 543/427/399 544/429/400 
s 4
f 539/427/395 541/434/397 545/434/401 543/427/399 
s 1
f 541/434/397 542/435/398 546/435/402 545/434/401 
s 4
f 542/435/398 540/429/396 544/429/400 546/435/402 
s 1
f 544/429/400 543/427/399 547/427/403 548/429/404 
s 4
f 543/427/399 545/434/401 549/434/405 547/427/403 
s 1
f 545/434/401 546/435/402 550/435/406 549/434/405 
s 4
f 546/435/402 544/429/400 548/429/404 550/435/406 
s 2
f 548/429/404 547/427/403 551/427/407 552/429/408 
s 8
f 547/427/403 549/434/405 553/434/409 551/427/407 
s 2
f 549/434/405 550/435/406 554/435/410 553/434/409 
s 8
f 550/435/406 548/429/404 552/429/408 554/435/410 
s 1
f 552/429/408 551/427/407 551/427/411 555/445/412 556/446/413 552/429/414 
f 551/427/407 553/434/409 553/434/415 557/447/416 558/448/417 551/427/411 
f 553/434/409 554/435/410 554/435/418 559/449/419 560/450/420 553/434/415 
f 554/435/410 552/429/408 552/429/414 561/451/421 562/452/422 554/435/418 
f 563/425/375 564/426/371 565/427/369 566/428/374 
f 566/428/374 565/427/369 567/429/369 568/430/374 
f 568/430/374 567/429/369 569/431/368 570/432/373 
f 564/426/371 571/433/371 572/434/369 565/427/369 
f 565/427/369 572/434/369 573/435/369 567/429/369 
f 567/429/369 573/435/369 574/436/368 569/431/368 
f 571/433/371 575/437/372 576/438/370 572/434/369 
f 572/434/369 576/438/370 577/439/370 573/435/369 
f 573/435/369 577/439/370 578/440/367 574/436/368 
f 579/441/385 580/430/383 581/429/378 582/442/382 
f 580/430/383 583/428/383 584/427/378 581/429/378 
f 583/428/383 585/425/384 586/426/379 584/427/378 
f 582/442/382 581/429/378 587/435/378 588/443/382 
f 581/429/378 584/427/378 589/434/378 587/435/378 
f 584/427/378 586/426/379 590/433/379 589/434/378 
f 588/443/382 587/435/378 591/439/423 592/444/424 
f 587/435/378 589/434/378 593/438/423 591/439/423 
f 589/434/378 590/433/379 594/437/425 593/438/423 
s 2
f 563/441/375 566/430/374 595/429/392 596/442/391 
f 566/430/374 568/428/374 597/427/392 595/429/392 
f 568/428/374 570/425/373 598/426/393 597/427/392 
f 596/442/391 595/429/392 599/435/392 600/443/391 
f 597/427/392 598/426/393 601/433/393 602/434/392 
f 600/443/391 599/435/392 580/439/383 579/444/385 
f 599/435/392 602/434/392 583/438/383 580/439/383 
f 602/434/392 601/433/393 585/437/384 583/438/383 
s 4
f 570/441/373 569/430/368 603/429/394 598/442/393 
f 569/430/368 574/428/368 604/427/394 603/429/394 
f 574/428/368 578/425/367 605/426/387 604/427/394 
f 598/442/393 603/429/394 606/435/394 601/443/393 
f 603/429/394 604/427/394 607/434/394 606/435/394 
f 604/427/394 605/426/387 608/433/387 607/434/394 
f 601/443/393 606/435/394 586/439/379 585/444/384 
f 606/435/394 607/434/394 590/438/379 586/439/379 
f 607/434/394 608/433/387 594/437/425 590/438/379 
s 2
f 578/441/367 577/430/370 609/429/386 605/442/387 
f 577/430/370 576/428/370 610/427/386 609/429/386 
f 576/428/370 575/425/372 611/426/388 610/427/386 
f 605/442/387 609/429/386 612/435/386 608/443/387 
f 609/429/386 610/427/386 613/434/386 612/435/386 
f 610/427/386 611/426/388 614/433/388 613/434/386 
f 608/443/387 612/435/386 593/439/423 594/444/425 
f 612/435/386 613/434/386 591/438/423 593/439/423 
f 613/434/386 614/433/388 592/437/424 591/438/423 
s 4
f 575/441/372 571/430/371 615/429/390 611/442/388 
f 571/430/371 564/428/371 616/427/390 615/429/390 
f 564/428/371 563/425/375 596/426/391 616/427/390 
f 611/442/388 615/429/390 617/435/390 614/443/388 
f 615/429/390 616/427/390 618/434/390 617/435/390 
f 616/427/390 596/426/391 600/433/391 618/434/390 
f 614/443/388 617/435/390 588/439/382 592/444/424 
f 617/435/390 618/434/390 582/438/382 588/439/382 
f 618/434/390 600/433/391 579/437/385 582/438/382 
s 2
f 595/429/392 597/427/392 619/427/392 620/429/392 
f 597/427/392 602/434/392 621/434/392 619/427/392 
f 602/434/392 599/435/392 622/435/392 621/434/392 
f 599/435/392 595/429/392 620/429/392 622/435/392 
f 620/429/392 619/427/392 623/427/426 624/429/427 
f 619/427/392 621/434/392 625/434/428 623/427/426 
f 621/434/392 622/435/392 626/435/429 625/434/428 
f 622/435/392 620/429/392 624/429/427 626/435/429 
s 1
f 624/429/427 623/427/426 627/427/430 628/429/431 
s 4
f 623/427/426 625/434/428 629/434/432 627/427/430 
s 1
f 625/434/428 626/435/429 630/435/433 629/434/432 
s 4
f 626/435/429 624/429/427 628/429/431 630/435/433 
s 1
f 628/429/431 627/427/430 631/427/434 632/429/435 
s 4
f 627/427/430 629/434/432 633/434/436 631/427/434 
s 1
f 629/434/432 630/435/433 634/435/437 633/434/436 
s 4
f 630/435/433 628/429/431 632/429/435 634/435/437 
s 2
f 632/429/435 631/427/434 635/427/438 636/429/439 
s 8
f 631/427/434 633/434/436 637/434/440 635/427/438 
s 2
f 633/434/436 634/435/437 638/435/441 637/434/440 
s 8
f 634/435/437 632/429/435 636/429/439 638/435/441 
s 1
f 636/429/439 635/427/438 635/427/442 639/445/443 640/446/444 636/429/445 
f 635/427/438 637/434/440 637/434/446 641/447/447 642/448/448 635/427/442 
f 637/434/440 638/435/441 638/435/449 643/449/450 644/450/451 637/434/446 
f 638/435/441 636/429/439 636/429/445 645/451/452 646/452/453 638/435/449 
f 639/445/443 556/446/413 555/445/412 640/446/444 
f 645/451/452 558/448/417 557/447/416 646/452/453 
f 643/449/450 560/450/420 559/449/419 644/450/451 
f 641/447/447 562/452/422 561/451/421 642/448/448 
f 554/435/418 647/435/454 648/453/455 649/454/456 650/455/457 651/456/458 652/457/459 653/458/460 654/459/461 655/460/462 656/461/463 559/449/419 
f 562/452/422 657/462/464 658/463/465 659/464/466 660/465/467 661/466/468 662/467/469 663/468/470 664/469/471 665/470/472 647/435/454 554/435/418 
f 637/434/446 666/434/473 667/471/474 668/472/475 669/473/476 670/474/477 671/475/478 672/476/479 673/477/480 674/478/481 675/479/482 641/447/447 
f 644/450/451 676/480/483 677/481/484 678/482/485 679/483/486 680/484/487 681/485/488 682/486/489 683/487/490 684/488/491 666/434/473 637/434/446 
f 644/450/451 559/449/419 656/461/463 676/480/483 
f 676/480/483 656/461/463 655/460/462 677/481/484 
f 677/481/484 655/460/462 654/459/461 678/482/485 
f 678/482/485 654/459/461 653/458/460 679/483/486 
f 679/483/486 653/458/460 652/457/459 680/484/487 
f 680/484/487 652/457/459 651/456/458 681/485/488 
f 681/485/488 651/456/458 650/455/457 682/486/489 
f 682/486/489 650/455/457 649/454/456 683/487/490 
f 683/487/490 649/454/456 648/453/455 684/488/491 
f 684/488/491 648/453/455 647/435/454 666/434/473 
f 562/452/422 641/447/447 675/479/482 657/462/464 
f 657/462/464 675/479/482 674/478/481 658/463/465 
f 658/463/465 674/478/481 673/477/480 659/464/466 
f 659/464/466 673/477/480 672/476/479 660/465/467 
f 660/465/467 672/476/479 671/475/478 661/466/468 
f 661/466/468 671/475/478 670/474/477 662/467/469 
f 662/467/469 670/474/477 669/473/476 663/468/470 
f 663/468/470 669/473/476 668/472/475 664/469/471 
f 664/469/471 668/472/475 667/471/474 665/470/472 
f 665/470/472 667/471/474 666/434/473 647/435/454 
f 556/446/413 685/489/492 686/490/493 687/491/494 688/492/495 689/493/496 690/494/497 691/495/498 692/496/499 693/497/500 694/429/501 552/429/414 
f 552/429/414 694/429/501 695/498/502 696/499/503 697/500/504 698/501/505 699/502/506 700/503/507 701/504/508 702/505/509 703/506/510 561/451/421 
f 635/427/442 704/427/511 705/507/512 706/508/513 707/509/514 708/510/515 709/511/516 710/512/517 711/513/518 712/514/519 713/515/520 639/445/443 
f 642/448/448 714/516/521 715/517/522 716/518/523 717/519/524 718/520/525 719/521/526 720/522/527 721/523/528 722/524/529 704/427/511 635/427/442 
f 556/446/413 639/445/443 713/515/520 685/489/492 
f 685/489/492 713/515/520 712/514/519 686/490/493 
f 686/490/493 712/514/519 711/513/518 687/491/494 
f 687/491/494 711/513/518 710/512/517 688/492/495 
f 688/492/495 710/512/517 709/511/516 689/493/496 
f 689/493/496 709/511/516 708/510/515 690/494/497 
f 690/494/497 708/510/515 707/509/514 691/495/498 
f 691/495/498 707/509/514 706/508/513 692/496/499 
f 692/496/499 706/508/513 705/507/512 693/497/500 
f 693/497/500 705/507/512 704/427/511 694/429/501 
f 642/448/448 561/451/421 703/506/510 714/516/521 
f 714/516/521 703/506/510 702/505/509 715/517/522 
f 715/517/522 702/505/509 701/504/508 716/518/523 
f 716/518/523 701/504/508 700/503/507 717/519/524 
f 717/519/524 700/503/507 699/502/506 718/520/525 
f 718/520/525 699/502/506 698/501/505 719/521/526 
f 719/521/526 698/501/505 697/500/504 720/522/527 
f 720/522/527 697/500/504 696/499/503 721/523/528 
f 721/523/528 696/499/503 695/498/502 722/524/529 
f 722/524/529 695/498/502 694/429/501 704/427/511 
f 553/434/415 723/434/530 724/471/531 725/472/532 726/473/533 727/474/534 728/475/535 729/476/536 730/477/537 731/478/538 732/479/539 557/447/416 
f 560/450/420 733/480/540 734/481/541 735/482/542 736/483/543 737/484/544 738/485/545 739/486/546 740/487/547 741/488/548 723/434/530 553/434/415 
f 638/435/449 742/435/549 743/453/550 744/454/551 745/455/552 746/456/553 747/457/554 748/458/555 749/459/556 750/460/557 751/461/558 643/449/450 
f 646/452/453 752/462/559 753/463/560 754/464/561 755/465/562 756/466/563 757/467/564 758/468/565 759/469/566 760/470/567 742/435/549 638/435/449 
f 646/452/453 557/447/416 732/479/539 752/462/559 
f 752/462/559 732/479/539 731/478/538 753/463/560 
f 753/463/560 731/478/538 730/477/537 754/464/561 
f 754/464/561 730/477/537 729/476/536 755/465/562 
f 755/465/562 729/476/536 728/475/535 756/466/563 
f 756/466/563 728/475/535 727/474/534 757/467/564 
f 757/467/564 727/474/534 726/473/533 758/468/565 
f 758/468/565 726/473/533 725/472/532 759/469/566 
f 759/469/566 725/472/532 724/471/531 760/470/567 
f 760/470/567 724/471/531 723/434/530 742/435/549 
f 560/450/420 643/449/450 751/461/558 733/480/540 
f 733/480/540 751/461/558 750/460/557 734/481/541 
f 734/481/541 750/460/557 749/459/556 735/482/542 
f 735/482/542 749/459/556 748/458/555 736/483/543 
f 736/483/543 748/458/555 747/457/554 737/484/544 
f 737/484/544 747/457/554 746/456/553 738/485/545 
f 738/485/545 746/456/553 745/455/552 739/486/546 
f 739/486/546 745/455/552 744/454/551 740/487/547 
f 740/487/547 744/454/551 743/453/550 741/488/548 
f 741/488/548 743/453/550 742/435/549 723/434/530 
f 551/427/411 761/427/568 762/507/569 763/508/570 764/509/571 765/510/572 766/511/573 767/512/574 768/513/575 769/514/576 770/515/577 555/445/412 
f 558/448/417 771/516/578 772/517/579 773/518/580 774/519/581 775/520/582 776/521/583 777/522/584 778/523/585 779/524/586 761/427/568 551/427/411 
f 640/446/444 780/489/587 781/490/588 782/491/589 783/492/590 784/493/591 785/494/592 786/495/593 787/496/594 788/497/595 789/429/596 636/429/445 
f 636/429/445 789/429/596 790/498/597 791/499/598 792/500/599 793/501/600 794/502/601 795/503/602 796/504/603 797/505/604 798/506/605 645/451/452 
f 640/446/444 555/445/412 770/515/577 780/489/587 
f 780/489/587 770/515/577 769/514/576 781/490/588 
f 781/490/588 769/514/576 768/513/575 782/491/589 
f 782/491/589 768/513/575 767/512/574 783/492/590 
f 783/492/590 767/512/574 766/511/573 784/493/591 
f 784/493/591 766/511/573 765/510/572 785/494/592 
f 785/494/592 765/510/572 764/509/571 786/495/593 
f 786/495/593 764/509/571 763/508/570 787/496/594 
f 787/496/594 763/508/570 762/507/569 788/497/595 
f 788/497/595 762/507/569 761/427/568 789/429/596 
f 558/448/417 645/451/452 798/506/605 771/516/578 
f 771/516/578 798/506/605 797/505/604 772/517/579 
f 772/517/579 797/505/604 796/504/603 773/518/580 
f 773/518/580 796/504/603 795/503/602 774/519/581 
f 774/519/581 795/503/602 794/502/601 775/520/582 
f 775/520/582 794/502/601 793/501/600 776/521/583 
f 776/521/583 793/501/600 792/500/599 777/522/584 
f 777/522/584 792/500/599 791/499/598 778/523/585 
f 778/523/585 791/499/598 790/498/597 779/524/586 
f 779/524/586 790/498/597 789/429/596 761/427/568 
# 254 polygons

#
# object Box004
#

v  47.7238 124.9991 -8.2487
v  47.0262 124.9991 -9.7624
v  48.5399 124.9991 -10.4600
v  49.2375 124.9991 -8.9463
v  50.0536 124.9991 -11.1575
v  50.7511 124.9991 -9.6439
v  51.5672 124.9991 -11.8551
v  52.2648 124.9991 -10.3414
v  46.3287 124.9991 -11.2761
v  47.8423 124.9991 -11.9736
v  49.3560 124.9991 -12.6712
v  50.8697 124.9991 -13.3688
v  45.6311 124.9991 -12.7897
v  47.1448 124.9991 -13.4873
v  48.6584 124.9991 -14.1849
v  50.1721 124.9991 -14.8824
v  47.7238 129.9991 -8.2487
v  49.2525 129.9991 -8.9518
v  48.5399 129.9991 -10.4600
v  47.0262 129.9991 -9.7624
v  50.7662 129.9991 -9.6494
v  50.0536 129.9991 -11.1575
v  52.2648 129.9991 -10.3414
v  51.5672 129.9991 -11.8551
v  47.8423 129.9991 -11.9736
v  46.3287 129.9991 -11.2761
v  49.3560 129.9991 -12.6712
v  50.8697 129.9991 -13.3688
v  47.1448 129.9991 -13.4873
v  45.6311 129.9991 -12.7897
v  48.6584 129.9991 -14.1849
v  50.1721 129.9991 -14.8824
v  49.2375 126.6658 -8.9463
v  47.7238 126.6658 -8.2487
v  50.7511 126.6658 -9.6439
v  52.2648 126.6658 -10.3414
v  49.2375 128.3325 -8.9463
v  47.7238 128.3325 -8.2487
v  52.2648 128.3325 -10.3414
v  50.7511 128.3325 -9.6439
v  51.5672 126.6658 -11.8551
v  50.8697 126.6658 -13.3688
v  50.1721 126.6658 -14.8824
v  51.5672 128.3325 -11.8551
v  50.8697 128.3325 -13.3688
v  50.1721 128.3325 -14.8824
v  48.6584 126.6658 -14.1849
v  47.1448 126.6658 -13.4873
v  45.6311 126.6658 -12.7897
v  48.6584 128.3325 -14.1849
v  47.1448 128.3325 -13.4873
v  45.6311 128.3325 -12.7897
v  46.3287 126.6658 -11.2761
v  47.0262 126.6658 -9.7624
v  46.3287 128.3325 -11.2761
v  47.0262 128.3325 -9.7624
v  50.5695 126.8658 -9.5602
v  49.4191 126.8658 -9.0300
v  50.5695 128.1325 -9.5602
v  49.4191 128.1325 -9.0300
v  50.3879 127.0658 -9.4764
v  49.6008 127.0658 -9.1137
v  50.3879 127.9325 -9.4764
v  49.6008 127.9325 -9.1137
v  51.2249 127.0658 -7.6601
v  50.4378 127.0658 -7.2973
v  51.2249 127.9325 -7.6601
v  50.4378 127.9325 -7.2973
v  51.2526 127.2658 -7.1222
v  50.8288 127.2658 -6.9269
v  51.2526 127.7325 -7.1222
v  50.8288 127.7325 -6.9269
v  52.3700 126.2658 -7.0867
v  50.1298 126.2658 -6.0543
v  52.3700 128.7325 -7.0867
v  50.1298 128.7325 -6.0543
v  51.8804 126.2658 -5.7600
v  51.4566 126.2658 -5.5646
v  52.7886 127.7325 -6.1785
v  52.7886 127.2658 -6.1785
v  51.4566 128.7325 -5.5646
v  51.8804 128.7325 -5.7600
v  50.5484 127.2658 -5.1461
v  50.5484 127.7325 -5.1461
v  56.5531 124.9991 -1.0361
v  57.2507 124.9991 0.4775
v  55.7370 124.9991 1.1751
v  55.0395 124.9991 -0.3386
v  54.2234 124.9991 1.8727
v  53.5258 124.9991 0.3590
v  52.7097 124.9991 2.5702
v  52.0121 124.9991 1.0566
v  57.9483 124.9991 1.9912
v  56.4346 124.9991 2.6887
v  54.9210 124.9991 3.3863
v  53.4073 124.9991 4.0839
v  58.6458 124.9991 3.5048
v  57.1322 124.9991 4.2024
v  55.6185 124.9991 4.9000
v  54.1049 124.9991 5.5976
v  56.5531 129.9991 -1.0361
v  55.0395 129.9991 -0.3386
v  55.7370 129.9991 1.1751
v  57.2507 129.9991 0.4775
v  53.5258 129.9991 0.3590
v  54.2234 129.9991 1.8727
v  52.0121 129.9991 1.0566
v  52.7097 129.9991 2.5702
v  56.4346 129.9991 2.6887
v  57.9483 129.9991 1.9912
v  54.9210 129.9991 3.3863
v  53.4073 129.9991 4.0839
v  57.1322 129.9991 4.2024
v  58.6458 129.9991 3.5048
v  55.6185 129.9991 4.9000
v  54.1049 129.9991 5.5976
v  55.0395 126.6658 -0.3386
v  56.5531 126.6658 -1.0361
v  53.5258 126.6658 0.3590
v  52.0121 126.6658 1.0566
v  55.0395 128.3325 -0.3386
v  56.5531 128.3325 -1.0361
v  52.0121 128.3325 1.0566
v  53.5258 128.3325 0.3590
v  52.7097 126.6658 2.5702
v  53.4073 126.6658 4.0839
v  54.1049 126.6658 5.5976
v  52.7097 128.3325 2.5702
v  53.4073 128.3325 4.0839
v  54.1049 128.3325 5.5976
v  55.6185 126.6658 4.9000
v  57.1322 126.6658 4.2024
v  58.6458 126.6658 3.5048
v  55.6185 128.3325 4.9000
v  57.1322 128.3325 4.2024
v  58.6458 128.3325 3.5048
v  57.9483 126.6658 1.9912
v  57.2507 126.6658 0.4775
v  57.9483 128.3325 1.9912
v  57.2507 128.3325 0.4775
v  53.7075 126.8658 0.2753
v  54.8578 126.8658 -0.2549
v  53.7075 128.1325 0.2753
v  54.8578 128.1325 -0.2549
v  53.8891 127.0658 0.1916
v  54.6762 127.0658 -0.1712
v  53.8891 127.9325 0.1916
v  54.6762 127.9325 -0.1712
v  53.0520 127.0658 -1.6248
v  53.8391 127.0658 -1.9876
v  53.0520 127.9325 -1.6248
v  53.8391 127.9325 -1.9876
v  53.0244 127.2658 -2.1626
v  53.4482 127.2658 -2.3579
v  53.0244 127.7325 -2.1626
v  53.4482 127.7325 -2.3579
v  51.9069 126.2658 -2.1982
v  54.1471 126.2658 -3.2306
v  51.9069 128.7325 -2.1982
v  54.1471 128.7325 -3.2306
v  52.3966 126.2658 -3.5249
v  52.8204 126.2658 -3.7202
v  51.4884 127.7325 -3.1064
v  51.4884 127.2658 -3.1064
v  52.8204 128.7325 -3.7202
v  52.3966 128.7325 -3.5249
v  53.7286 127.2658 -4.1388
v  53.7286 127.7325 -4.1388
v  50.7754 128.4825 -5.2507
v  50.8231 128.5300 -5.2727
v  50.8753 128.5725 -5.2968
v  50.9321 128.6100 -5.3229
v  50.9934 128.6425 -5.3512
v  51.0592 128.6700 -5.3815
v  51.1296 128.6925 -5.4140
v  51.2045 128.7100 -5.4485
v  51.2840 128.7225 -5.4851
v  51.3680 128.7300 -5.5238
v  50.5506 127.8300 -5.1471
v  50.5574 127.9225 -5.1503
v  50.5688 128.0100 -5.1555
v  50.5847 128.0925 -5.1628
v  50.6051 128.1700 -5.1722
v  50.6301 128.2425 -5.1838
v  50.6596 128.3100 -5.1974
v  50.6937 128.3725 -5.2131
v  50.7323 128.4300 -5.2308
v  51.7154 128.4825 -3.2110
v  51.6723 128.4300 -3.1911
v  51.6337 128.3725 -3.1733
v  51.5996 128.3100 -3.1576
v  51.5701 128.2425 -3.1440
v  51.5451 128.1700 -3.1325
v  51.5247 128.0925 -3.1231
v  51.5088 128.0100 -3.1158
v  51.4974 127.9225 -3.1106
v  51.4906 127.8300 -3.1074
v  52.3080 128.7300 -3.4841
v  52.2240 128.7225 -3.4454
v  52.1445 128.7100 -3.4088
v  52.0696 128.6925 -3.3742
v  51.9992 128.6700 -3.3418
v  51.9334 128.6425 -3.3115
v  51.8721 128.6100 -3.2832
v  51.8153 128.5725 -3.2571
v  51.7631 128.5300 -3.2330
v  51.3680 126.2683 -5.5238
v  51.2840 126.2758 -5.4851
v  51.2045 126.2883 -5.4485
v  51.1296 126.3058 -5.4140
v  51.0592 126.3283 -5.3815
v  50.9934 126.3558 -5.3512
v  50.9321 126.3883 -5.3229
v  50.8753 126.4258 -5.2968
v  50.8231 126.4683 -5.2727
v  50.7754 126.5158 -5.2507
v  50.7323 126.5683 -5.2308
v  50.6937 126.6258 -5.2131
v  50.6596 126.6883 -5.1974
v  50.6301 126.7558 -5.1838
v  50.6051 126.8283 -5.1722
v  50.5847 126.9058 -5.1628
v  50.5688 126.9883 -5.1555
v  50.5574 127.0758 -5.1503
v  50.5506 127.1683 -5.1471
v  51.7154 126.5158 -3.2110
v  51.7631 126.4683 -3.2330
v  51.8153 126.4258 -3.2571
v  51.8721 126.3883 -3.2832
v  51.9334 126.3558 -3.3115
v  51.9992 126.3283 -3.3418
v  52.0696 126.3058 -3.3742
v  52.1445 126.2883 -3.4088
v  52.2240 126.2758 -3.4454
v  52.3080 126.2683 -3.4841
v  51.4906 127.1683 -3.1074
v  51.4974 127.0758 -3.1106
v  51.5088 126.9883 -3.1158
v  51.5247 126.9058 -3.1231
v  51.5451 126.8283 -3.1325
v  51.5701 126.7558 -3.1440
v  51.5996 126.6883 -3.1576
v  51.6337 126.6258 -3.1733
v  51.6723 126.5683 -3.1911
v  52.5615 128.4825 -6.0739
v  52.6047 128.4300 -6.0937
v  52.6433 128.3725 -6.1115
v  52.6773 128.3100 -6.1272
v  52.7069 128.2425 -6.1408
v  52.7318 128.1700 -6.1523
v  52.7523 128.0925 -6.1618
v  52.7682 128.0100 -6.1691
v  52.7795 127.9225 -6.1743
v  52.7863 127.8300 -6.1774
v  51.9689 128.7300 -5.8008
v  52.0529 128.7225 -5.8395
v  52.1324 128.7100 -5.8761
v  52.2073 128.6925 -5.9106
v  52.2777 128.6700 -5.9431
v  52.3436 128.6425 -5.9734
v  52.4049 128.6100 -6.0017
v  52.4616 128.5725 -6.0278
v  52.5139 128.5300 -6.0519
v  53.5015 128.4825 -4.0341
v  53.4539 128.5300 -4.0122
v  53.4016 128.5725 -3.9881
v  53.3449 128.6100 -3.9619
v  53.2836 128.6425 -3.9337
v  53.2177 128.6700 -3.9034
v  53.1473 128.6925 -3.8709
v  53.0724 128.7100 -3.8364
v  52.9929 128.7225 -3.7998
v  52.9089 128.7300 -3.7610
v  53.7263 127.8300 -4.1377
v  53.7195 127.9225 -4.1346
v  53.7082 128.0100 -4.1294
v  53.6923 128.0925 -4.1220
v  53.6718 128.1700 -4.1126
v  53.6469 128.2425 -4.1011
v  53.6173 128.3100 -4.0875
v  53.5833 128.3725 -4.0718
v  53.5447 128.4300 -4.0540
v  52.5615 126.5158 -6.0739
v  52.5139 126.4683 -6.0519
v  52.4616 126.4258 -6.0278
v  52.4049 126.3883 -6.0017
v  52.3436 126.3558 -5.9734
v  52.2777 126.3283 -5.9431
v  52.2073 126.3058 -5.9106
v  52.1324 126.2883 -5.8761
v  52.0529 126.2758 -5.8395
v  51.9689 126.2683 -5.8008
v  52.7863 127.1683 -6.1774
v  52.7795 127.0758 -6.1743
v  52.7682 126.9883 -6.1691
v  52.7523 126.9058 -6.1618
v  52.7318 126.8283 -6.1523
v  52.7069 126.7558 -6.1408
v  52.6773 126.6883 -6.1272
v  52.6433 126.6258 -6.1115
v  52.6047 126.5683 -6.0937
v  52.9089 126.2683 -3.7610
v  52.9929 126.2758 -3.7998
v  53.0724 126.2883 -3.8364
v  53.1473 126.3058 -3.8709
v  53.2177 126.3283 -3.9034
v  53.2836 126.3558 -3.9337
v  53.3449 126.3883 -3.9619
v  53.4016 126.4258 -3.9881
v  53.4539 126.4683 -4.0122
v  53.5015 126.5158 -4.0341
v  53.5447 126.5683 -4.0540
v  53.5833 126.6258 -4.0718
v  53.6173 126.6883 -4.0875
v  53.6469 126.7558 -4.1011
v  53.6718 126.8283 -4.1126
v  53.6923 126.9058 -4.1220
v  53.7082 126.9883 -4.1294
v  53.7195 127.0758 -4.1346
v  53.7263 127.1683 -4.1377
# 320 vertices

vn -0.2827 -0.5774 0.7660
vn -0.6422 -0.7071 0.2960
vn 0.0000 -1.0000 -0.0000
vn 0.2960 -0.7071 0.6422
vn 0.6422 -0.7071 -0.2960
vn 0.7660 -0.5774 0.2827
vn -0.7660 -0.5774 -0.2827
vn -0.2960 -0.7071 -0.6422
vn 0.2827 -0.5774 -0.7660
vn -0.2830 0.5774 0.7659
vn 0.2959 0.7067 0.6426
vn 0.0000 1.0000 -0.0000
vn -0.6422 0.7071 0.2960
vn 0.2964 0.7067 0.6424
vn 0.7661 0.5774 0.2824
vn 0.6422 0.7071 -0.2960
vn -0.2960 0.7071 -0.6422
vn -0.7660 0.5774 -0.2827
vn 0.2827 0.5774 -0.7660
vn 0.4185 0.0000 0.9082
vn -0.3462 0.0000 0.9381
vn 0.9381 0.0000 0.3462
vn 0.4185 -0.0004 0.9082
vn 0.9082 0.0000 -0.4185
vn 0.3462 0.0000 -0.9381
vn -0.4185 0.0000 -0.9082
vn -0.9381 0.0000 -0.3462
vn -0.9082 0.0000 0.4185
vn 0.6524 -0.3015 0.6953
vn 0.1048 -0.3015 0.9477
vn 0.6524 0.3015 0.6953
vn 0.1048 0.3015 0.9477
vn 0.7213 -0.6881 -0.0790
vn -0.5286 -0.6881 0.4970
vn 0.7213 0.6881 -0.0790
vn -0.5286 0.6881 0.4970
vn 0.2987 -0.5864 -0.7529
vn -0.7665 -0.5864 -0.2620
vn 0.2987 0.5864 -0.7529
vn -0.7665 0.5864 -0.2620
vn -0.2017 -0.7504 -0.6294
vn -0.5855 -0.7017 0.4059
vn -0.2017 0.7504 -0.6294
vn -0.5855 0.7017 0.4059
vn 0.7324 0.3150 0.6036
vn 0.0101 -0.9999 -0.0011
vn -0.0074 -0.9999 0.0069
vn -0.8685 -0.3455 -0.3553
vn 0.7324 -0.3150 0.6036
vn 0.9095 0.0096 -0.4156
vn 0.9095 -0.0096 -0.4156
vn -0.8685 0.3455 -0.3553
vn -0.0074 0.9999 0.0069
vn 0.0101 0.9999 -0.0011
vn -0.9068 -0.0096 0.4214
vn -0.9068 0.0096 0.4214
vn 0.2960 0.7071 0.6422
vn 0.7660 0.5774 0.2827
vn -0.2827 0.5774 0.7660
vn 0.4185 -0.0000 0.9082
vn -0.6524 -0.3015 -0.6953
vn -0.1048 -0.3015 -0.9477
vn -0.6524 0.3015 -0.6953
vn -0.1048 0.3015 -0.9477
vn -0.7213 -0.6881 0.0790
vn 0.5286 -0.6881 -0.4970
vn -0.7213 0.6881 0.0790
vn 0.5286 0.6881 -0.4970
vn -0.2987 -0.5864 0.7529
vn 0.7665 -0.5864 0.2620
vn -0.2987 0.5864 0.7529
vn 0.7665 0.5864 0.2620
vn -0.6890 -0.7017 0.1814
vn 0.3475 -0.7504 0.5622
vn -0.6890 0.7017 0.1814
vn 0.3475 0.7504 0.5622
vn -0.2939 -0.3450 0.8914
vn -0.0101 -0.9999 0.0011
vn 0.0074 -0.9999 -0.0069
vn 0.0168 0.3146 -0.9491
vn -0.2939 0.3450 0.8914
vn -0.9095 0.0096 0.4156
vn -0.9095 -0.0096 0.4156
vn 0.0168 -0.3146 -0.9491
vn 0.0074 0.9999 -0.0069
vn -0.0101 0.9999 0.0011
vn 0.9068 -0.0096 -0.4214
vn 0.9068 0.0096 -0.4214
vn -0.5617 0.6968 0.4460
vn -0.7044 0.5555 -0.4419
vn -0.6533 0.5969 -0.4658
vn -0.6008 0.6312 -0.4905
vn -0.5487 0.6584 -0.5152
vn -0.4983 0.6789 -0.5392
vn -0.4505 0.6938 -0.5618
vn -0.4061 0.7034 -0.5833
vn -0.3651 0.7095 -0.6027
vn -0.3279 0.7121 -0.6208
vn -0.9402 0.0380 -0.3385
vn -0.9374 0.0794 -0.3390
vn -0.9317 0.1247 -0.3411
vn -0.9226 0.1740 -0.3443
vn -0.9089 0.2269 -0.3500
vn -0.8899 0.2828 -0.3579
vn -0.8649 0.3404 -0.3688
vn -0.8336 0.3983 -0.3827
vn -0.7959 0.4547 -0.3997
vn -0.7040 0.6968 0.1372
vn -0.2132 0.4547 0.8647
vn -0.2506 0.3983 0.8823
vn -0.2815 0.3404 0.8972
vn -0.3061 0.2828 0.9090
vn -0.3244 0.2269 0.9183
vn -0.3373 0.1740 0.9252
vn -0.3463 0.1248 0.9298
vn -0.3509 0.0793 0.9330
vn -0.3537 0.0380 0.9346
vn 0.2588 0.7124 0.6523
vn 0.2211 0.7092 0.6694
vn 0.1795 0.7036 0.6875
vn 0.1346 0.6936 0.7077
vn 0.0862 0.6789 0.7291
vn 0.0350 0.6586 0.7517
vn -0.0174 0.6311 0.7755
vn -0.0703 0.5969 0.7992
vn -0.1216 0.5555 0.8226
vn -0.3279 -0.7122 -0.6207
vn -0.3652 -0.7095 -0.6027
vn -0.4061 -0.7034 -0.5833
vn -0.4505 -0.6938 -0.5618
vn -0.4983 -0.6789 -0.5392
vn -0.5487 -0.6584 -0.5152
vn -0.6008 -0.6312 -0.4904
vn -0.6533 -0.5969 -0.4658
vn -0.7044 -0.5555 -0.4419
vn -0.5617 -0.6968 0.4460
vn -0.7959 -0.4547 -0.3998
vn -0.8336 -0.3984 -0.3826
vn -0.8649 -0.3404 -0.3688
vn -0.8899 -0.2828 -0.3579
vn -0.9088 -0.2269 -0.3500
vn -0.9226 -0.1740 -0.3443
vn -0.9317 -0.1247 -0.3411
vn -0.9374 -0.0794 -0.3390
vn -0.9402 -0.0380 -0.3386
vn -0.7040 -0.6968 0.1372
vn -0.1216 -0.5555 0.8226
vn -0.0703 -0.5969 0.7992
vn -0.0174 -0.6312 0.7755
vn 0.0351 -0.6585 0.7518
vn 0.0861 -0.6790 0.7291
vn 0.1346 -0.6936 0.7077
vn 0.1795 -0.7037 0.6875
vn 0.2211 -0.7092 0.6694
vn 0.2588 -0.7124 0.6523
vn -0.3538 -0.0380 0.9346
vn -0.3509 -0.0793 0.9330
vn -0.3463 -0.1248 0.9298
vn -0.3373 -0.1740 0.9252
vn -0.3244 -0.2269 0.9183
vn -0.3062 -0.2828 0.9090
vn -0.2815 -0.3404 0.8972
vn -0.2506 -0.3983 0.8824
vn -0.2132 -0.4548 0.8647
vn 0.7040 0.6968 -0.1373
vn 0.2131 0.4547 -0.8648
vn 0.2507 0.3983 -0.8823
vn 0.2815 0.3404 -0.8972
vn 0.3060 0.2828 -0.9091
vn 0.3243 0.2269 -0.9183
vn 0.3376 0.1740 -0.9250
vn 0.3460 0.1247 -0.9299
vn 0.3513 0.0794 -0.9329
vn 0.3534 0.0380 -0.9347
vn -0.2589 0.7121 -0.6525
vn -0.2210 0.7095 -0.6691
vn -0.1796 0.7034 -0.6877
vn -0.1344 0.6938 -0.7075
vn -0.0862 0.6789 -0.7292
vn -0.0351 0.6584 -0.7518
vn 0.0175 0.6312 -0.7754
vn 0.0702 0.5969 -0.7993
vn 0.1216 0.5555 -0.8226
vn 0.5617 0.6968 -0.4461
vn 0.7044 0.5555 0.4419
vn 0.6533 0.5969 0.4658
vn 0.6008 0.6311 0.4906
vn 0.5487 0.6585 0.5150
vn 0.4983 0.6790 0.5391
vn 0.4506 0.6936 0.5621
vn 0.4061 0.7036 0.5831
vn 0.3652 0.7092 0.6030
vn 0.3278 0.7124 0.6205
vn 0.9403 0.0380 0.3382
vn 0.9373 0.0793 0.3393
vn 0.9318 0.1247 0.3408
vn 0.9225 0.1740 0.3446
vn 0.9089 0.2269 0.3500
vn 0.8900 0.2828 0.3577
vn 0.8649 0.3403 0.3689
vn 0.8336 0.3983 0.3827
vn 0.7959 0.4548 0.3997
vn 0.7040 -0.6968 -0.1373
vn 0.1216 -0.5555 -0.8226
vn 0.0703 -0.5969 -0.7992
vn 0.0174 -0.6312 -0.7754
vn -0.0352 -0.6584 -0.7519
vn -0.0861 -0.6790 -0.7291
vn -0.1344 -0.6938 -0.7075
vn -0.1796 -0.7034 -0.6877
vn -0.2210 -0.7095 -0.6692
vn -0.2589 -0.7122 -0.6525
vn 0.3534 -0.0380 -0.9347
vn 0.3514 -0.0794 -0.9329
vn 0.3460 -0.1247 -0.9299
vn 0.3376 -0.1740 -0.9250
vn 0.3243 -0.2269 -0.9183
vn 0.3060 -0.2827 -0.9091
vn 0.2816 -0.3404 -0.8971
vn 0.2506 -0.3983 -0.8823
vn 0.2131 -0.4547 -0.8648
vn 0.3278 -0.7124 0.6205
vn 0.3652 -0.7092 0.6030
vn 0.4061 -0.7036 0.5831
vn 0.4506 -0.6936 0.5620
vn 0.4983 -0.6789 0.5392
vn 0.5487 -0.6585 0.5150
vn 0.6008 -0.6312 0.4905
vn 0.6533 -0.5969 0.4658
vn 0.7044 -0.5555 0.4419
vn 0.5617 -0.6968 -0.4461
vn 0.7959 -0.4548 0.3997
vn 0.8336 -0.3983 0.3827
vn 0.8649 -0.3403 0.3689
vn 0.8900 -0.2828 0.3578
vn 0.9089 -0.2269 0.3499
vn 0.9225 -0.1740 0.3446
vn 0.9318 -0.1247 0.3408
vn 0.9373 -0.0793 0.3394
vn 0.9403 -0.0380 0.3382
# 240 vertex normals

vt 1.0000 0.0000 0.0000
vt 1.0000 0.3333 0.0000
vt 0.6667 0.3333 0.0000
vt 0.6667 0.0000 0.0000
vt 0.3333 0.3333 0.0000
vt 0.3333 0.0000 0.0000
vt -0.0000 0.3333 0.0000
vt -0.0000 0.0000 0.0000
vt 1.0000 0.6667 0.0000
vt 0.6667 0.6667 0.0000
vt 0.3333 0.6667 0.0000
vt -0.0000 0.6667 0.0000
vt 1.0000 1.0000 0.0000
vt 0.6667 1.0000 0.0000
vt 0.3333 1.0000 0.0000
vt -0.0000 1.0000 0.0000
vt 0.0000 0.0000 0.0000
vt 0.0000 0.3333 0.0000
vt 0.0000 0.6667 0.0000
vt 0.0000 1.0000 0.0000
vt 0.5315 0.3333 0.0000
vt 0.4685 0.3333 0.0000
vt 0.6667 0.5315 0.0000
vt 0.6667 0.4685 0.0000
vt 0.4685 0.6667 0.0000
vt 0.5315 0.6667 0.0000
vt 0.3333 0.4685 0.0000
vt 0.3333 0.5315 0.0000
vt 0.3468 0.6667 0.0000
vt 0.3604 0.6667 0.0000
vt 0.3739 0.6667 0.0000
vt 0.3874 0.6667 0.0000
vt 0.4009 0.6667 0.0000
vt 0.4144 0.6667 0.0000
vt 0.4279 0.6667 0.0000
vt 0.4414 0.6667 0.0000
vt 0.4550 0.6667 0.0000
vt 0.3333 0.5450 0.0000
vt 0.3333 0.5586 0.0000
vt 0.3333 0.5721 0.0000
vt 0.3333 0.5856 0.0000
vt 0.3333 0.5991 0.0000
vt 0.3333 0.6126 0.0000
vt 0.3333 0.6261 0.0000
vt 0.3333 0.6396 0.0000
vt 0.3333 0.6532 0.0000
vt 0.6667 0.6532 0.0000
vt 0.6667 0.6396 0.0000
vt 0.6667 0.6261 0.0000
vt 0.6667 0.6126 0.0000
vt 0.6667 0.5991 0.0000
vt 0.6667 0.5856 0.0000
vt 0.6667 0.5721 0.0000
vt 0.6667 0.5586 0.0000
vt 0.6667 0.5450 0.0000
vt 0.5450 0.6667 0.0000
vt 0.5586 0.6667 0.0000
vt 0.5721 0.6667 0.0000
vt 0.5856 0.6667 0.0000
vt 0.5991 0.6667 0.0000
vt 0.6126 0.6667 0.0000
vt 0.6261 0.6667 0.0000
vt 0.6396 0.6667 0.0000
vt 0.6532 0.6667 0.0000
vt 0.4550 0.3333 0.0000
vt 0.4414 0.3333 0.0000
vt 0.4279 0.3333 0.0000
vt 0.4144 0.3333 0.0000
vt 0.4009 0.3333 0.0000
vt 0.3874 0.3333 0.0000
vt 0.3739 0.3333 0.0000
vt 0.3604 0.3333 0.0000
vt 0.3468 0.3333 0.0000
vt 0.3333 0.3468 0.0000
vt 0.3333 0.3604 0.0000
vt 0.3333 0.3739 0.0000
vt 0.3333 0.3874 0.0000
vt 0.3333 0.4009 0.0000
vt 0.3333 0.4144 0.0000
vt 0.3333 0.4279 0.0000
vt 0.3333 0.4414 0.0000
vt 0.3333 0.4550 0.0000
vt 0.6532 0.3333 0.0000
vt 0.6396 0.3333 0.0000
vt 0.6261 0.3333 0.0000
vt 0.6126 0.3333 0.0000
vt 0.5991 0.3333 0.0000
vt 0.5856 0.3333 0.0000
vt 0.5721 0.3333 0.0000
vt 0.5586 0.3333 0.0000
vt 0.5450 0.3333 0.0000
vt 0.6667 0.4550 0.0000
vt 0.6667 0.4414 0.0000
vt 0.6667 0.4279 0.0000
vt 0.6667 0.4144 0.0000
vt 0.6667 0.4009 0.0000
vt 0.6667 0.3874 0.0000
vt 0.6667 0.3739 0.0000
vt 0.6667 0.3604 0.0000
vt 0.6667 0.3468 0.0000
# 100 texture coords

o Box004
g Box004
usemtl wire_026026026
s 1
f 799/525/606 800/526/607 801/527/608 802/528/609 
f 802/528/609 801/527/608 803/529/608 804/530/609 
f 804/530/609 803/529/608 805/531/610 806/532/611 
f 800/526/607 807/533/607 808/534/608 801/527/608 
f 801/527/608 808/534/608 809/535/608 803/529/608 
f 803/529/608 809/535/608 810/536/610 805/531/610 
f 807/533/607 811/537/612 812/538/613 808/534/608 
f 808/534/608 812/538/613 813/539/613 809/535/608 
f 809/535/608 813/539/613 814/540/614 810/536/610 
f 815/541/615 816/530/616 817/529/617 818/542/618 
f 816/530/616 819/528/619 820/527/617 817/529/617 
f 819/528/619 821/525/620 822/526/621 820/527/617 
f 818/542/618 817/529/617 823/535/617 824/543/618 
f 817/529/617 820/527/617 825/534/617 823/535/617 
f 820/527/617 822/526/621 826/533/621 825/534/617 
f 824/543/618 823/535/617 827/539/622 828/544/623 
f 823/535/617 825/534/617 829/538/622 827/539/622 
f 825/534/617 826/533/621 830/537/624 829/538/622 
s 2
f 799/541/606 802/530/609 831/529/625 832/542/626 
f 802/530/609 804/528/609 833/527/625 831/529/625 
f 804/528/609 806/525/611 834/526/627 833/527/625 
f 832/542/626 831/529/625 835/535/628 836/543/626 
f 833/527/625 834/526/627 837/533/627 838/534/628 
f 836/543/626 835/535/628 816/539/616 815/544/615 
f 835/535/628 838/534/628 819/538/619 816/539/616 
f 838/534/628 837/533/627 821/537/620 819/538/619 
s 4
f 806/541/611 805/530/610 839/529/629 834/542/627 
f 805/530/610 810/528/610 840/527/629 839/529/629 
f 810/528/610 814/525/614 841/526/630 840/527/629 
f 834/542/627 839/529/629 842/535/629 837/543/627 
f 839/529/629 840/527/629 843/534/629 842/535/629 
f 840/527/629 841/526/630 844/533/630 843/534/629 
f 837/543/627 842/535/629 822/539/621 821/544/620 
f 842/535/629 843/534/629 826/538/621 822/539/621 
f 843/534/629 844/533/630 830/537/624 826/538/621 
s 2
f 814/541/614 813/530/613 845/529/631 841/542/630 
f 813/530/613 812/528/613 846/527/631 845/529/631 
f 812/528/613 811/525/612 847/526/632 846/527/631 
f 841/542/630 845/529/631 848/535/631 844/543/630 
f 845/529/631 846/527/631 849/534/631 848/535/631 
f 846/527/631 847/526/632 850/533/632 849/534/631 
f 844/543/630 848/535/631 829/539/622 830/544/624 
f 848/535/631 849/534/631 827/538/622 829/539/622 
f 849/534/631 850/533/632 828/537/623 827/538/622 
s 4
f 811/541/612 807/530/607 851/529/633 847/542/632 
f 807/530/607 800/528/607 852/527/633 851/529/633 
f 800/528/607 799/525/606 832/526/626 852/527/633 
f 847/542/632 851/529/633 853/535/633 850/543/632 
f 851/529/633 852/527/633 854/534/633 853/535/633 
f 852/527/633 832/526/626 836/533/626 854/534/633 
f 850/543/632 853/535/633 824/539/618 828/544/623 
f 853/535/633 854/534/633 818/538/618 824/539/618 
f 854/534/633 836/533/626 815/537/615 818/538/618 
s 2
f 831/529/625 833/527/625 855/527/625 856/529/625 
f 833/527/625 838/534/628 857/534/625 855/527/625 
f 838/534/628 835/535/628 858/535/625 857/534/625 
f 835/535/628 831/529/625 856/529/625 858/535/625 
f 856/529/625 855/527/625 859/527/634 860/529/635 
f 855/527/625 857/534/625 861/534/636 859/527/634 
f 857/534/625 858/535/625 862/535/637 861/534/636 
f 858/535/625 856/529/625 860/529/635 862/535/637 
s 1
f 860/529/635 859/527/634 863/527/638 864/529/639 
s 4
f 859/527/634 861/534/636 865/534/640 863/527/638 
s 1
f 861/534/636 862/535/637 866/535/641 865/534/640 
s 4
f 862/535/637 860/529/635 864/529/639 866/535/641 
s 1
f 864/529/639 863/527/638 867/527/642 868/529/643 
s 4
f 863/527/638 865/534/640 869/534/644 867/527/642 
s 1
f 865/534/640 866/535/641 870/535/645 869/534/644 
s 4
f 866/535/641 864/529/639 868/529/643 870/535/645 
s 2
f 868/529/643 867/527/642 871/527/646 872/529/647 
s 8
f 867/527/642 869/534/644 873/534/648 871/527/646 
s 2
f 869/534/644 870/535/645 874/535/649 873/534/648 
s 8
f 870/535/645 868/529/643 872/529/647 874/535/649 
s 1
f 872/529/647 871/527/646 871/527/650 875/545/651 876/546/652 872/529/653 
f 871/527/646 873/534/648 873/534/654 877/547/655 878/548/656 871/527/650 
f 873/534/648 874/535/649 874/535/657 879/549/658 880/550/659 873/534/654 
f 874/535/649 872/529/647 872/529/653 881/551/660 882/552/661 874/535/657 
f 883/525/614 884/526/610 885/527/608 886/528/613 
f 886/528/613 885/527/608 887/529/608 888/530/613 
f 888/530/613 887/529/608 889/531/607 890/532/612 
f 884/526/610 891/533/610 892/534/608 885/527/608 
f 885/527/608 892/534/608 893/535/608 887/529/608 
f 887/529/608 893/535/608 894/536/607 889/531/607 
f 891/533/610 895/537/611 896/538/609 892/534/608 
f 892/534/608 896/538/609 897/539/609 893/535/608 
f 893/535/608 897/539/609 898/540/606 894/536/607 
f 899/541/624 900/530/622 901/529/617 902/542/621 
f 900/530/622 903/528/622 904/527/617 901/529/617 
f 903/528/622 905/525/623 906/526/618 904/527/617 
f 902/542/621 901/529/617 907/535/617 908/543/621 
f 901/529/617 904/527/617 909/534/617 907/535/617 
f 904/527/617 906/526/618 910/533/618 909/534/617 
f 908/543/621 907/535/617 911/539/662 912/544/663 
f 907/535/617 909/534/617 913/538/662 911/539/662 
f 909/534/617 910/533/618 914/537/664 913/538/662 
s 2
f 883/541/614 886/530/613 915/529/631 916/542/630 
f 886/530/613 888/528/613 917/527/631 915/529/631 
f 888/528/613 890/525/612 918/526/632 917/527/631 
f 916/542/630 915/529/631 919/535/631 920/543/630 
f 917/527/631 918/526/632 921/533/632 922/534/631 
f 920/543/630 919/535/631 900/539/622 899/544/624 
f 919/535/631 922/534/631 903/538/622 900/539/622 
f 922/534/631 921/533/632 905/537/623 903/538/622 
s 4
f 890/541/612 889/530/607 923/529/633 918/542/632 
f 889/530/607 894/528/607 924/527/633 923/529/633 
f 894/528/607 898/525/606 925/526/626 924/527/633 
f 918/542/632 923/529/633 926/535/633 921/543/632 
f 923/529/633 924/527/633 927/534/633 926/535/633 
f 924/527/633 925/526/626 928/533/626 927/534/633 
f 921/543/632 926/535/633 906/539/618 905/544/623 
f 926/535/633 927/534/633 910/538/618 906/539/618 
f 927/534/633 928/533/626 914/537/664 910/538/618 
s 2
f 898/541/606 897/530/609 929/529/625 925/542/626 
f 897/530/609 896/528/609 930/527/625 929/529/625 
f 896/528/609 895/525/611 931/526/627 930/527/625 
f 925/542/626 929/529/625 932/535/665 928/543/626 
f 929/529/625 930/527/625 933/534/665 932/535/665 
f 930/527/625 931/526/627 934/533/627 933/534/665 
f 928/543/626 932/535/665 913/539/662 914/544/664 
f 932/535/665 933/534/665 911/538/662 913/539/662 
f 933/534/665 934/533/627 912/537/663 911/538/662 
s 4
f 895/541/611 891/530/610 935/529/629 931/542/627 
f 891/530/610 884/528/610 936/527/629 935/529/629 
f 884/528/610 883/525/614 916/526/630 936/527/629 
f 931/542/627 935/529/629 937/535/629 934/543/627 
f 935/529/629 936/527/629 938/534/629 937/535/629 
f 936/527/629 916/526/630 920/533/630 938/534/629 
f 934/543/627 937/535/629 908/539/621 912/544/663 
f 937/535/629 938/534/629 902/538/621 908/539/621 
f 938/534/629 920/533/630 899/537/624 902/538/621 
s 2
f 915/529/631 917/527/631 939/527/631 940/529/631 
f 917/527/631 922/534/631 941/534/631 939/527/631 
f 922/534/631 919/535/631 942/535/631 941/534/631 
f 919/535/631 915/529/631 940/529/631 942/535/631 
f 940/529/631 939/527/631 943/527/666 944/529/667 
f 939/527/631 941/534/631 945/534/668 943/527/666 
f 941/534/631 942/535/631 946/535/669 945/534/668 
f 942/535/631 940/529/631 944/529/667 946/535/669 
s 1
f 944/529/667 943/527/666 947/527/670 948/529/671 
s 4
f 943/527/666 945/534/668 949/534/672 947/527/670 
s 1
f 945/534/668 946/535/669 950/535/673 949/534/672 
s 4
f 946/535/669 944/529/667 948/529/671 950/535/673 
s 1
f 948/529/671 947/527/670 951/527/674 952/529/675 
s 4
f 947/527/670 949/534/672 953/534/676 951/527/674 
s 1
f 949/534/672 950/535/673 954/535/677 953/534/676 
s 4
f 950/535/673 948/529/671 952/529/675 954/535/677 
s 2
f 952/529/675 951/527/674 955/527/678 956/529/679 
s 8
f 951/527/674 953/534/676 957/534/680 955/527/678 
s 2
f 953/534/676 954/535/677 958/535/681 957/534/680 
s 8
f 954/535/677 952/529/675 956/529/679 958/535/681 
s 1
f 956/529/679 955/527/678 955/527/682 959/545/683 960/546/684 956/529/685 
f 955/527/678 957/534/680 957/534/686 961/547/687 962/548/688 955/527/682 
f 957/534/680 958/535/681 958/535/689 963/549/690 964/550/691 957/534/686 
f 958/535/681 956/529/679 956/529/685 965/551/692 966/552/693 958/535/689 
f 959/545/683 876/546/652 875/545/651 960/546/684 
f 965/551/692 878/548/656 877/547/655 966/552/693 
f 963/549/690 880/550/659 879/549/658 964/550/691 
f 961/547/687 882/552/661 881/551/660 962/548/688 
f 874/535/657 967/535/694 968/553/695 969/554/696 970/555/697 971/556/698 972/557/699 973/558/700 974/559/701 975/560/702 976/561/703 879/549/658 
f 882/552/661 977/562/704 978/563/705 979/564/706 980/565/707 981/566/708 982/567/709 983/568/710 984/569/711 985/570/712 967/535/694 874/535/657 
f 957/534/686 986/534/713 987/571/714 988/572/715 989/573/716 990/574/717 991/575/718 992/576/719 993/577/720 994/578/721 995/579/722 961/547/687 
f 964/550/691 996/580/723 997/581/724 998/582/725 999/583/726 1000/584/727 1001/585/728 1002/586/729 1003/587/730 1004/588/731 986/534/713 957/534/686 
f 964/550/691 879/549/658 976/561/703 996/580/723 
f 996/580/723 976/561/703 975/560/702 997/581/724 
f 997/581/724 975/560/702 974/559/701 998/582/725 
f 998/582/725 974/559/701 973/558/700 999/583/726 
f 999/583/726 973/558/700 972/557/699 1000/584/727 
f 1000/584/727 972/557/699 971/556/698 1001/585/728 
f 1001/585/728 971/556/698 970/555/697 1002/586/729 
f 1002/586/729 970/555/697 969/554/696 1003/587/730 
f 1003/587/730 969/554/696 968/553/695 1004/588/731 
f 1004/588/731 968/553/695 967/535/694 986/534/713 
f 882/552/661 961/547/687 995/579/722 977/562/704 
f 977/562/704 995/579/722 994/578/721 978/563/705 
f 978/563/705 994/578/721 993/577/720 979/564/706 
f 979/564/706 993/577/720 992/576/719 980/565/707 
f 980/565/707 992/576/719 991/575/718 981/566/708 
f 981/566/708 991/575/718 990/574/717 982/567/709 
f 982/567/709 990/574/717 989/573/716 983/568/710 
f 983/568/710 989/573/716 988/572/715 984/569/711 
f 984/569/711 988/572/715 987/571/714 985/570/712 
f 985/570/712 987/571/714 986/534/713 967/535/694 
f 876/546/652 1005/589/732 1006/590/733 1007/591/734 1008/592/735 1009/593/736 1010/594/737 1011/595/738 1012/596/739 1013/597/740 1014/529/741 872/529/653 
f 872/529/653 1014/529/741 1015/598/742 1016/599/743 1017/600/744 1018/601/745 1019/602/746 1020/603/747 1021/604/748 1022/605/749 1023/606/750 881/551/660 
f 955/527/682 1024/527/751 1025/607/752 1026/608/753 1027/609/754 1028/610/755 1029/611/756 1030/612/757 1031/613/758 1032/614/759 1033/615/760 959/545/683 
f 962/548/688 1034/616/761 1035/617/762 1036/618/763 1037/619/764 1038/620/765 1039/621/766 1040/622/767 1041/623/768 1042/624/769 1024/527/751 955/527/682 
f 876/546/652 959/545/683 1033/615/760 1005/589/732 
f 1005/589/732 1033/615/760 1032/614/759 1006/590/733 
f 1006/590/733 1032/614/759 1031/613/758 1007/591/734 
f 1007/591/734 1031/613/758 1030/612/757 1008/592/735 
f 1008/592/735 1030/612/757 1029/611/756 1009/593/736 
f 1009/593/736 1029/611/756 1028/610/755 1010/594/737 
f 1010/594/737 1028/610/755 1027/609/754 1011/595/738 
f 1011/595/738 1027/609/754 1026/608/753 1012/596/739 
f 1012/596/739 1026/608/753 1025/607/752 1013/597/740 
f 1013/597/740 1025/607/752 1024/527/751 1014/529/741 
f 962/548/688 881/551/660 1023/606/750 1034/616/761 
f 1034/616/761 1023/606/750 1022/605/749 1035/617/762 
f 1035/617/762 1022/605/749 1021/604/748 1036/618/763 
f 1036/618/763 1021/604/748 1020/603/747 1037/619/764 
f 1037/619/764 1020/603/747 1019/602/746 1038/620/765 
f 1038/620/765 1019/602/746 1018/601/745 1039/621/766 
f 1039/621/766 1018/601/745 1017/600/744 1040/622/767 
f 1040/622/767 1017/600/744 1016/599/743 1041/623/768 
f 1041/623/768 1016/599/743 1015/598/742 1042/624/769 
f 1042/624/769 1015/598/742 1014/529/741 1024/527/751 
f 873/534/654 1043/534/770 1044/571/771 1045/572/772 1046/573/773 1047/574/774 1048/575/775 1049/576/776 1050/577/777 1051/578/778 1052/579/779 877/547/655 
f 880/550/659 1053/580/780 1054/581/781 1055/582/782 1056/583/783 1057/584/784 1058/585/785 1059/586/786 1060/587/787 1061/588/788 1043/534/770 873/534/654 
f 958/535/689 1062/535/789 1063/553/790 1064/554/791 1065/555/792 1066/556/793 1067/557/794 1068/558/795 1069/559/796 1070/560/797 1071/561/798 963/549/690 
f 966/552/693 1072/562/799 1073/563/800 1074/564/801 1075/565/802 1076/566/803 1077/567/804 1078/568/805 1079/569/806 1080/570/807 1062/535/789 958/535/689 
f 966/552/693 877/547/655 1052/579/779 1072/562/799 
f 1072/562/799 1052/579/779 1051/578/778 1073/563/800 
f 1073/563/800 1051/578/778 1050/577/777 1074/564/801 
f 1074/564/801 1050/577/777 1049/576/776 1075/565/802 
f 1075/565/802 1049/576/776 1048/575/775 1076/566/803 
f 1076/566/803 1048/575/775 1047/574/774 1077/567/804 
f 1077/567/804 1047/574/774 1046/573/773 1078/568/805 
f 1078/568/805 1046/573/773 1045/572/772 1079/569/806 
f 1079/569/806 1045/572/772 1044/571/771 1080/570/807 
f 1080/570/807 1044/571/771 1043/534/770 1062/535/789 
f 880/550/659 963/549/690 1071/561/798 1053/580/780 
f 1053/580/780 1071/561/798 1070/560/797 1054/581/781 
f 1054/581/781 1070/560/797 1069/559/796 1055/582/782 
f 1055/582/782 1069/559/796 1068/558/795 1056/583/783 
f 1056/583/783 1068/558/795 1067/557/794 1057/584/784 
f 1057/584/784 1067/557/794 1066/556/793 1058/585/785 
f 1058/585/785 1066/556/793 1065/555/792 1059/586/786 
f 1059/586/786 1065/555/792 1064/554/791 1060/587/787 
f 1060/587/787 1064/554/791 1063/553/790 1061/588/788 
f 1061/588/788 1063/553/790 1062/535/789 1043/534/770 
f 871/527/650 1081/527/808 1082/607/809 1083/608/810 1084/609/811 1085/610/812 1086/611/813 1087/612/814 1088/613/815 1089/614/816 1090/615/817 875/545/651 
f 878/548/656 1091/616/818 1092/617/819 1093/618/820 1094/619/821 1095/620/822 1096/621/823 1097/622/824 1098/623/825 1099/624/826 1081/527/808 871/527/650 
f 960/546/684 1100/589/827 1101/590/828 1102/591/829 1103/592/830 1104/593/831 1105/594/832 1106/595/833 1107/596/834 1108/597/835 1109/529/836 956/529/685 
f 956/529/685 1109/529/836 1110/598/837 1111/599/838 1112/600/839 1113/601/840 1114/602/841 1115/603/842 1116/604/843 1117/605/844 1118/606/845 965/551/692 
f 960/546/684 875/545/651 1090/615/817 1100/589/827 
f 1100/589/827 1090/615/817 1089/614/816 1101/590/828 
f 1101/590/828 1089/614/816 1088/613/815 1102/591/829 
f 1102/591/829 1088/613/815 1087/612/814 1103/592/830 
f 1103/592/830 1087/612/814 1086/611/813 1104/593/831 
f 1104/593/831 1086/611/813 1085/610/812 1105/594/832 
f 1105/594/832 1085/610/812 1084/609/811 1106/595/833 
f 1106/595/833 1084/609/811 1083/608/810 1107/596/834 
f 1107/596/834 1083/608/810 1082/607/809 1108/597/835 
f 1108/597/835 1082/607/809 1081/527/808 1109/529/836 
f 878/548/656 965/551/692 1118/606/845 1091/616/818 
f 1091/616/818 1118/606/845 1117/605/844 1092/617/819 
f 1092/617/819 1117/605/844 1116/604/843 1093/618/820 
f 1093/618/820 1116/604/843 1115/603/842 1094/619/821 
f 1094/619/821 1115/603/842 1114/602/841 1095/620/822 
f 1095/620/822 1114/602/841 1113/601/840 1096/621/823 
f 1096/621/823 1113/601/840 1112/600/839 1097/622/824 
f 1097/622/824 1112/600/839 1111/599/838 1098/623/825 
f 1098/623/825 1111/599/838 1110/598/837 1099/624/826 
f 1099/624/826 1110/598/837 1109/529/836 1081/527/808 
# 254 polygons

