# Blender 3.3.0
# www.blender.org
mtllib КатушкаИндуктивности.mtl
o Torus.002
v 1.583872 -0.211538 -0.777134
v 1.579222 -0.210499 -0.756848
v 1.567973 -0.208619 -0.739409
v 1.551480 -0.206124 -0.726920
v 1.531733 -0.203316 -0.720888
v 1.511114 -0.200533 -0.722039
v 1.492110 -0.198111 -0.730236
v 1.477013 -0.196341 -0.744490
v 1.467643 -0.195438 -0.763080
v 1.465132 -0.195510 -0.783766
v 1.469782 -0.196549 -0.804052
v 1.481032 -0.198429 -0.821491
v 1.497524 -0.200924 -0.833980
v 1.517271 -0.203732 -0.840012
v 1.537890 -0.206515 -0.838861
v 1.556894 -0.208938 -0.830664
v 1.571992 -0.210707 -0.816411
v 1.581361 -0.211610 -0.797820
v 1.598485 -0.002817 -0.782032
v 1.593803 -0.002250 -0.761735
v 1.582458 -0.001729 -0.744264
v 1.565819 -0.001317 -0.731726
v 1.545894 -0.001063 -0.725634
v 1.525084 -0.000998 -0.726721
v 1.505901 -0.001130 -0.734858
v 1.490658 -0.001443 -0.749063
v 1.481194 -0.001899 -0.767622
v 1.478650 -0.002443 -0.788296
v 1.483332 -0.003010 -0.808593
v 1.494677 -0.003531 -0.826064
v 1.511316 -0.003943 -0.838602
v 1.531242 -0.004197 -0.844694
v 1.552051 -0.004262 -0.843607
v 1.571234 -0.004130 -0.835470
v 1.586477 -0.003817 -0.821265
v 1.595941 -0.003361 -0.802706
v 1.585760 0.205991 -0.788358
v 1.581106 0.206085 -0.768047
v 1.569844 0.205246 -0.750535
v 1.553333 0.203576 -0.737934
v 1.533563 0.201274 -0.731764
v 1.512919 0.198619 -0.732770
v 1.493892 0.195932 -0.740829
v 1.478776 0.193536 -0.754971
v 1.469395 0.191720 -0.773488
v 1.466879 0.190704 -0.794149
v 1.471533 0.190609 -0.814460
v 1.482795 0.191448 -0.831972
v 1.499307 0.193119 -0.844573
v 1.519076 0.195420 -0.850743
v 1.539720 0.198075 -0.849737
v 1.558747 0.200762 -0.841678
v 1.573863 0.203158 -0.827537
v 1.583245 0.204974 -0.809019
v 1.545914 0.411310 -0.796006
v 1.541350 0.410940 -0.775678
v 1.530348 0.408764 -0.758116
v 1.514233 0.405045 -0.745439
v 1.494951 0.400231 -0.739175
v 1.474827 0.394902 -0.740081
v 1.456287 0.389702 -0.748047
v 1.441569 0.385257 -0.762112
v 1.432446 0.382105 -0.780580
v 1.430021 0.380624 -0.801223
v 1.434585 0.380993 -0.821551
v 1.445588 0.383169 -0.839113
v 1.461702 0.386888 -0.851791
v 1.480984 0.391703 -0.858054
v 1.501109 0.397031 -0.857148
v 1.519648 0.402231 -0.849182
v 1.534367 0.406676 -0.835117
v 1.543489 0.409829 -0.816649
v 1.479628 0.609629 -0.804844
v 1.475214 0.608811 -0.784496
v 1.464643 0.605343 -0.766876
v 1.449190 0.599646 -0.754111
v 1.430719 0.592404 -0.747739
v 1.411458 0.584493 -0.748530
v 1.393730 0.576866 -0.756388
v 1.379672 0.570443 -0.770364
v 1.370982 0.565998 -0.788775
v 1.368707 0.564069 -0.809398
v 1.373120 0.564887 -0.829746
v 1.383691 0.568354 -0.847366
v 1.399144 0.574052 -0.860131
v 1.417615 0.581293 -0.866503
v 1.436877 0.589205 -0.865712
v 1.454605 0.596832 -0.857854
v 1.468662 0.603255 -0.843877
v 1.477352 0.607699 -0.825467
v 1.388037 0.797553 -0.814721
v 1.383830 0.796310 -0.794350
v 1.373856 0.791619 -0.776666
v 1.359317 0.784047 -0.763802
v 1.341967 0.774505 -0.757310
v 1.323898 0.764147 -0.757972
v 1.307291 0.754220 -0.765709
v 1.294147 0.745922 -0.779587
v 1.286053 0.740254 -0.797933
v 1.283985 0.737899 -0.818534
v 1.288192 0.739142 -0.838905
v 1.298166 0.743833 -0.856588
v 1.312705 0.751406 -0.869452
v 1.330055 0.760947 -0.875945
v 1.348124 0.771306 -0.875283
v 1.364731 0.781233 -0.867546
v 1.377875 0.789531 -0.853668
v 1.385969 0.795199 -0.835322
v 1.272707 0.971869 -0.825467
v 1.268762 0.970232 -0.805072
v 1.259538 0.964406 -0.787318
v 1.246150 0.955094 -0.774347
v 1.230211 0.943420 -0.767723
v 1.213645 0.930791 -0.768245
v 1.198448 0.918730 -0.775851
v 1.186455 0.908693 -0.789622
v 1.179112 0.901890 -0.807898
v 1.177305 0.899142 -0.828474
v 1.181251 0.900779 -0.848870
v 1.190474 0.906605 -0.866623
v 1.203863 0.915917 -0.879595
v 1.219802 0.927591 -0.886218
v 1.236368 0.940220 -0.885696
v 1.251564 0.952281 -0.878091
v 1.263557 0.962318 -0.864320
v 1.270900 0.969121 -0.846044
v 1.135613 1.129593 -0.836900
v 1.131977 1.127599 -0.816479
v 1.123646 1.120746 -0.798651
v 1.111626 1.109861 -0.785566
v 1.097365 1.096256 -0.778802
v 1.082584 1.081573 -0.779175
v 1.069065 1.067582 -0.786640
v 1.058440 1.055972 -0.800297
v 1.051990 1.048141 -0.818499
v 1.050493 1.045036 -0.839050
v 1.054128 1.047030 -0.859471
v 1.062459 1.053883 -0.877299
v 1.074480 1.064769 -0.890384
v 1.088741 1.078374 -0.897148
v 1.103522 1.093057 -0.896775
v 1.117040 1.107047 -0.889309
v 1.127665 1.118658 -0.875652
v 1.134116 1.126488 -0.857451
v 0.979100 1.268026 -0.848823
v 0.975818 1.265719 -0.828375
v 0.968507 1.257965 -0.810469
v 0.958047 1.245698 -0.797265
v 0.945702 1.230399 -0.790355
v 0.932959 1.213913 -0.790573
v 0.921356 1.198228 -0.797893
v 0.912293 1.185236 -0.811431
v 0.906862 1.176505 -0.829555
v 0.905718 1.173087 -0.850078
v 0.909000 1.175394 -0.870526
v 0.916312 1.183148 -0.888432
v 0.926771 1.195415 -0.901636
v 0.939116 1.210714 -0.908546
v 0.951859 1.227200 -0.908328
v 0.963462 1.242885 -0.901009
v 0.972525 1.255876 -0.887471
v 0.977957 1.264608 -0.869347
v 0.805846 1.384800 -0.861032
v 0.802956 1.382229 -0.840557
v 0.796772 1.373714 -0.822571
v 0.788042 1.360282 -0.809245
v 0.777817 1.343554 -0.802186
v 0.767330 1.325547 -0.802245
v 0.757848 1.308434 -0.809415
v 0.750513 1.294277 -0.822832
v 0.746210 1.284785 -0.840876
v 0.745458 1.281103 -0.861372
v 0.748348 1.283674 -0.881848
v 0.754532 1.292189 -0.899833
v 0.763263 1.305620 -0.913159
v 0.773488 1.322348 -0.920218
v 0.783974 1.340355 -0.920159
v 0.793456 1.357469 -0.912989
v 0.800791 1.371626 -0.899573
v 0.805094 1.381118 -0.881528
v 0.618815 1.477917 -0.873319
v 0.616347 1.475135 -0.852816
v 0.611382 1.466014 -0.834750
v 0.604517 1.451653 -0.821302
v 0.596581 1.433786 -0.814092
v 0.588530 1.414566 -0.813991
v 0.581337 1.396312 -0.821011
v 0.575868 1.381227 -0.834305
v 0.572783 1.371128 -0.852269
v 0.572454 1.367236 -0.872737
v 0.574921 1.370017 -0.893241
v 0.579887 1.379139 -0.911306
v 0.586752 1.393499 -0.924755
v 0.594688 1.411367 -0.931964
v 0.602738 1.430586 -0.932065
v 0.609932 1.448840 -0.925046
v 0.615401 1.463925 -0.911752
v 0.618486 1.474024 -0.893787
v 0.421207 1.545783 -0.885473
v 0.419187 1.542848 -0.864942
v 0.415508 1.533285 -0.846798
v 0.410614 1.518247 -0.833228
v 0.405097 1.499549 -0.825870
v 0.399620 1.479445 -0.825610
v 0.394845 1.460361 -0.832481
v 0.391347 1.444599 -0.845654
v 0.389549 1.434058 -0.863539
v 0.389667 1.430012 -0.883980
v 0.391687 1.432947 -0.904511
v 0.395366 1.442510 -0.922655
v 0.400259 1.457548 -0.936225
v 0.405777 1.476246 -0.943583
v 0.411254 1.496350 -0.943843
v 0.416029 1.515434 -0.936972
v 0.419527 1.531196 -0.923799
v 0.421325 1.541737 -0.905914
v 0.216404 1.587237 -0.897287
v 0.214847 1.584208 -0.876729
v 0.212502 1.574375 -0.858508
v 0.209652 1.558924 -0.844820
v 0.206640 1.539719 -0.837317
v 0.203831 1.519075 -0.836904
v 0.201562 1.499484 -0.843630
v 0.200108 1.483307 -0.856685
v 0.199643 1.472497 -0.874493
v 0.200224 1.468357 -0.894907
v 0.201781 1.471386 -0.915465
v 0.204126 1.481219 -0.933686
v 0.206977 1.496670 -0.947374
v 0.209988 1.515876 -0.954877
v 0.212798 1.536519 -0.955290
v 0.215066 1.556110 -0.948564
v 0.216521 1.572287 -0.935509
v 0.216985 1.583097 -0.917701
v 0.007910 1.601571 -0.908557
v 0.006824 1.598509 -0.887974
v 0.005837 1.588583 -0.869679
v 0.005067 1.572989 -0.855879
v 0.004607 1.553608 -0.848238
v 0.004513 1.532778 -0.847678
v 0.004795 1.513011 -0.854267
v 0.005421 1.496692 -0.867209
v 0.006314 1.485788 -0.884944
v 0.007367 1.481616 -0.905332
v 0.008453 1.484677 -0.925915
v 0.009440 1.494603 -0.944210
v 0.010210 1.510198 -0.958010
v 0.010670 1.529578 -0.965651
v 0.010764 1.550408 -0.966211
v 0.010481 1.570175 -0.959623
v 0.009856 1.586495 -0.946681
v 0.008963 1.597398 -0.928946
v -0.200709 1.588538 -0.919092
v -0.201322 1.585506 -0.898485
v -0.200951 1.575664 -0.880122
v -0.199640 1.560200 -0.866216
v -0.197547 1.540979 -0.858447
v -0.194924 1.520318 -0.857749
v -0.192088 1.500711 -0.864209
v -0.189381 1.484522 -0.877046
v -0.187129 1.473703 -0.894712
v -0.185605 1.469560 -0.915077
v -0.184991 1.472592 -0.935684
v -0.185362 1.482434 -0.954048
v -0.186673 1.497898 -0.967953
v -0.188767 1.517119 -0.975722
v -0.191389 1.537779 -0.976420
v -0.194225 1.557387 -0.969960
v -0.196932 1.573576 -0.957123
v -0.199184 1.584395 -0.939457
v -0.405880 1.548362 -0.928711
v -0.406030 1.545421 -0.908082
v -0.404323 1.535841 -0.889656
v -0.400965 1.520777 -0.875655
v -0.396361 1.502048 -0.867767
v -0.391066 1.481911 -0.866945
v -0.385719 1.462795 -0.873287
v -0.380965 1.447007 -0.886028
v -0.377377 1.436449 -0.903632
v -0.375389 1.432397 -0.923975
v -0.375239 1.435338 -0.944603
v -0.376946 1.444918 -0.963029
v -0.380304 1.459982 -0.977031
v -0.384909 1.478711 -0.984918
v -0.390203 1.498848 -0.985740
v -0.395550 1.517964 -0.979399
v -0.400304 1.533752 -0.966658
v -0.403892 1.544309 -0.949054
v -0.604096 1.481730 -0.937249
v -0.603797 1.478940 -0.916601
v -0.600800 1.469793 -0.898120
v -0.595464 1.455395 -0.884033
v -0.588434 1.437481 -0.876041
v -0.580558 1.418211 -0.875108
v -0.572785 1.399911 -0.881345
v -0.566054 1.384787 -0.894001
v -0.561175 1.374664 -0.911549
v -0.558738 1.370763 -0.931873
v -0.559037 1.373553 -0.952520
v -0.562035 1.382699 -0.971002
v -0.567370 1.397098 -0.985089
v -0.574400 1.415012 -0.993081
v -0.582277 1.434281 -0.994014
v -0.590049 1.452581 -0.987777
v -0.596781 1.467705 -0.975121
v -0.601659 1.477828 -0.957573
v -0.791964 1.389782 -0.944561
v -0.791241 1.387200 -0.923896
v -0.787020 1.378652 -0.905367
v -0.779810 1.365171 -0.891208
v -0.770481 1.348382 -0.883126
v -0.760158 1.330310 -0.882098
v -0.750086 1.313135 -0.888245
v -0.741480 1.298929 -0.900828
v -0.735378 1.289405 -0.918329
v -0.732516 1.285711 -0.938636
v -0.733240 1.288293 -0.959300
v -0.737461 1.296841 -0.977830
v -0.744671 1.310322 -0.991989
v -0.754000 1.327111 -1.000071
v -0.764323 1.345183 -1.001099
v -0.774395 1.362358 -0.994952
v -0.783001 1.376564 -0.982369
v -0.789103 1.386088 -0.964868
v -0.966271 1.274092 -0.950521
v -0.965153 1.271771 -0.929843
v -0.959797 1.263977 -0.911275
v -0.950848 1.251650 -0.897056
v -0.939385 1.236277 -0.888902
v -0.926792 1.219711 -0.887795
v -0.914587 1.203953 -0.893870
v -0.904243 1.190900 -0.906394
v -0.897006 1.182129 -0.923855
v -0.893750 1.178697 -0.944149
v -0.894867 1.181018 -0.964827
v -0.900224 1.188812 -0.983395
v -0.909173 1.201139 -0.997614
v -0.920635 1.216512 -1.005768
v -0.933228 1.233077 -1.006875
v -0.945433 1.248836 -1.000800
v -0.955778 1.261889 -0.988276
v -0.963015 1.270660 -0.970815
v -1.124031 1.136639 -0.955027
v -1.122557 1.134629 -0.934339
v -1.116174 1.127730 -0.915742
v -1.105651 1.116774 -0.901478
v -1.092258 1.103083 -0.893268
v -1.077610 1.088308 -0.892103
v -1.063474 1.074231 -0.898123
v -1.051555 1.062550 -0.910602
v -1.043291 1.054674 -0.928034
v -1.039679 1.051553 -0.948317
v -1.041153 1.053563 -0.969005
v -1.047536 1.060462 -0.987603
v -1.058059 1.071418 -1.001867
v -1.071452 1.085109 -1.010076
v -1.086100 1.099884 -1.011241
v -1.100236 1.113961 -1.005222
v -1.112155 1.125641 -0.992743
v -1.120419 1.133517 -0.975311
v -1.262548 0.979775 -0.958003
v -1.260761 0.978119 -0.937308
v -1.253475 0.972242 -0.918691
v -1.241570 0.962851 -0.904398
v -1.226482 0.951080 -0.896152
v -1.210030 0.938348 -0.894948
v -1.194200 0.926191 -0.900931
v -1.180899 0.916075 -0.913380
v -1.171733 0.909220 -0.930793
v -1.167807 0.906454 -0.951070
v -1.169594 0.908109 -0.971765
v -1.176880 0.913987 -0.990381
v -1.188785 0.923377 -1.004675
v -1.203873 0.935149 -1.012921
v -1.220325 0.947881 -1.014125
v -1.236156 0.960038 -1.008141
v -1.249456 0.970154 -0.995693
v -1.258623 0.977008 -0.978280
v -1.379452 0.806182 -0.959397
v -1.377400 0.804919 -0.938699
v -1.369353 0.800172 -0.920073
v -1.356282 0.792513 -0.905765
v -1.339763 0.782867 -0.897502
v -1.321789 0.772395 -0.896280
v -1.304527 0.762363 -0.902247
v -1.290060 0.753979 -0.914682
v -1.280133 0.748255 -0.932085
v -1.275943 0.745881 -0.952359
v -1.277995 0.747143 -0.973057
v -1.286041 0.751891 -0.991683
v -1.299113 0.759549 -1.005990
v -1.315632 0.769196 -1.014253
v -1.333606 0.779667 -1.015475
v -1.350868 0.789700 -1.009509
v -1.365334 0.798084 -0.997074
v -1.375262 0.803808 -0.979670
v -1.472741 0.618834 -0.959185
v -1.470478 0.617995 -0.938487
v -1.461823 0.614468 -0.919863
v -1.447821 0.608678 -0.905558
v -1.430161 0.601324 -0.897297
v -1.410972 0.593293 -0.896078
v -1.392568 0.585553 -0.902047
v -1.377171 0.579038 -0.914484
v -1.366636 0.574534 -0.931889
v -1.362234 0.572584 -0.952163
v -1.364497 0.573423 -0.972861
v -1.373152 0.576950 -0.991485
v -1.387154 0.582740 -1.005790
v -1.404814 0.590093 -1.014051
v -1.424003 0.598125 -1.015270
v -1.442407 0.605865 -1.009301
v -1.457804 0.612380 -0.996864
v -1.468339 0.616884 -0.979459
v -1.540819 0.420934 -0.957371
v -1.538402 0.420543 -0.936678
v -1.529304 0.418304 -0.918065
v -1.514623 0.414489 -0.903778
v -1.496129 0.409557 -0.895540
v -1.476053 0.404103 -0.894344
v -1.456817 0.398785 -0.900335
v -1.440740 0.394245 -0.912790
v -1.429762 0.391029 -0.930207
v -1.425207 0.389527 -0.950485
v -1.427624 0.389918 -0.971179
v -1.436721 0.392156 -0.989792
v -1.451402 0.395972 -1.004079
v -1.469896 0.400904 -1.012317
v -1.489972 0.406358 -1.013513
v -1.509208 0.411676 -1.007522
v -1.525285 0.416216 -0.995066
v -1.536263 0.419432 -0.977649
v -1.582521 0.215870 -0.953987
v -1.580010 0.215942 -0.933301
v -1.570641 0.215039 -0.914710
v -1.555544 0.213269 -0.900457
v -1.536539 0.210847 -0.892260
v -1.515921 0.208064 -0.891108
v -1.496174 0.205255 -0.897141
v -1.479681 0.202761 -0.909630
v -1.468431 0.200881 -0.927069
v -1.463782 0.199842 -0.947355
v -1.466293 0.199769 -0.968040
v -1.475662 0.200673 -0.986631
v -1.490759 0.202442 -1.000885
v -1.509763 0.204864 -1.009081
v -1.530382 0.207648 -1.010233
v -1.550129 0.210456 -1.004200
v -1.566622 0.212951 -0.991711
v -1.577872 0.214831 -0.974272
v -1.593522 -0.006645 -0.946299
v -1.589506 -0.006541 -0.925912
v -1.578758 -0.006441 -0.908127
v -1.562574 -0.006356 -0.895089
v -1.542906 -0.006296 -0.888371
v -1.522127 -0.006269 -0.888783
v -1.502742 -0.006278 -0.896275
v -1.487090 -0.006321 -0.909944
v -1.477059 -0.006394 -0.928141
v -1.473858 -0.006488 -0.948671
v -1.477874 -0.006592 -0.969058
v -1.488622 -0.006692 -0.986843
v -1.504806 -0.006777 -0.999881
v -1.524474 -0.006837 -1.006599
v -1.545254 -0.006864 -1.006187
v -1.564638 -0.006856 -0.998695
v -1.580290 -0.006812 -0.985026
v -1.590321 -0.006739 -0.966829
v 0.009869 -1.611013 -0.665432
v 0.011738 -1.607753 -0.644936
v 0.013353 -1.597651 -0.626782
v 0.014517 -1.581925 -0.613161
v 0.015092 -1.562472 -0.605714
v 0.015006 -1.541637 -0.605341
v 0.014272 -1.521935 -0.612086
v 0.012976 -1.505741 -0.625136
v 0.011277 -1.495009 -0.642916
v 0.009377 -1.491033 -0.663283
v 0.007508 -1.494293 -0.683779
v 0.005893 -1.504395 -0.701933
v 0.004729 -1.520121 -0.715554
v 0.004154 -1.539574 -0.723001
v 0.004240 -1.560409 -0.723374
v 0.004974 -1.580111 -0.716629
v 0.006270 -1.596305 -0.703579
v 0.007969 -1.607037 -0.685798
v 0.217770 -1.596132 -0.684346
v 0.219170 -1.592906 -0.663807
v 0.219430 -1.582901 -0.645530
v 0.218521 -1.567323 -0.631720
v 0.216551 -1.548052 -0.624042
v 0.213758 -1.527411 -0.623423
v 0.210479 -1.507891 -0.629936
v 0.207109 -1.491846 -0.642797
v 0.204056 -1.481211 -0.660455
v 0.201686 -1.477268 -0.680778
v 0.200287 -1.480494 -0.701317
v 0.200026 -1.490500 -0.719594
v 0.200936 -1.506077 -0.733404
v 0.202906 -1.525349 -0.741082
v 0.205699 -1.545989 -0.741702
v 0.208978 -1.565509 -0.735188
v 0.212347 -1.581555 -0.722327
v 0.215401 -1.592190 -0.704670
v 0.422003 -1.554134 -0.702446
v 0.422940 -1.551003 -0.681866
v 0.421871 -1.541271 -0.663471
v 0.418924 -1.526113 -0.649481
v 0.414455 -1.507355 -0.641581
v 0.409001 -1.487262 -0.640726
v 0.403223 -1.468256 -0.647018
v 0.397816 -1.452630 -0.659699
v 0.393433 -1.442268 -0.677238
v 0.390601 -1.438420 -0.697521
v 0.389664 -1.441551 -0.718101
v 0.390733 -1.451283 -0.736495
v 0.393680 -1.466442 -0.750486
v 0.398150 -1.485199 -0.758386
v 0.403603 -1.505293 -0.759241
v 0.409381 -1.524299 -0.752949
v 0.414788 -1.539925 -0.740268
v 0.419172 -1.550287 -0.722729
v 0.619071 -1.485738 -0.719422
v 0.619563 -1.482761 -0.698804
v 0.617211 -1.473475 -0.680299
v 0.612297 -1.458999 -0.666139
v 0.605416 -1.441079 -0.658032
v 0.597397 -1.421876 -0.656955
v 0.589207 -1.403707 -0.663040
v 0.581833 -1.388763 -0.675551
v 0.576167 -1.378846 -0.692980
v 0.572890 -1.375154 -0.713224
v 0.572398 -1.378130 -0.733842
v 0.574750 -1.387416 -0.752348
v 0.579664 -1.401893 -0.766508
v 0.586545 -1.419813 -0.774615
v 0.594564 -1.439016 -0.775691
v 0.602755 -1.457185 -0.769607
v 0.610128 -1.472129 -0.757096
v 0.615794 -1.482045 -0.739667
v 0.805604 -1.392113 -0.734985
v 0.805674 -1.389348 -0.714331
v 0.802107 -1.380672 -0.695725
v 0.795333 -1.367129 -0.681409
v 0.786169 -1.350355 -0.673112
v 0.775720 -1.332371 -0.671833
v 0.765247 -1.315348 -0.677727
v 0.756013 -1.301338 -0.690083
v 0.749132 -1.292032 -0.707410
v 0.745433 -1.288551 -0.727620
v 0.745363 -1.291315 -0.748273
v 0.748930 -1.299992 -0.766880
v 0.755704 -1.313534 -0.781195
v 0.764868 -1.330309 -0.789493
v 0.775317 -1.348292 -0.790771
v 0.785790 -1.365315 -0.784878
v 0.795024 -1.379325 -0.772522
v 0.801906 -1.388632 -0.755194
v 0.978410 -1.274862 -0.748867
v 0.978089 -1.272362 -0.728182
v 0.973396 -1.264449 -0.709485
v 0.964898 -1.252077 -0.695031
v 0.953619 -1.236737 -0.686564
v 0.940920 -1.220281 -0.685104
v 0.928332 -1.204693 -0.690828
v 0.917374 -1.191852 -0.703045
v 0.909367 -1.183309 -0.720283
v 0.905278 -1.180094 -0.740461
v 0.905599 -1.182593 -0.761145
v 0.910291 -1.190506 -0.779842
v 0.918789 -1.202879 -0.794296
v 0.930068 -1.218218 -0.802764
v 0.942767 -1.234674 -0.804223
v 0.955355 -1.250263 -0.798499
v 0.966313 -1.263103 -0.786282
v 0.974320 -1.271646 -0.769045
v 1.134531 -1.135990 -0.760831
v 1.133857 -1.133805 -0.740120
v 1.128148 -1.126796 -0.721345
v 1.118093 -1.115809 -0.706771
v 1.104903 -1.102169 -0.698157
v 1.090170 -1.087521 -0.696542
v 1.075672 -1.073632 -0.702119
v 1.063156 -1.062178 -0.714217
v 1.054133 -1.054539 -0.731377
v 1.049690 -1.051637 -0.751528
v 1.050364 -1.053823 -0.772239
v 1.056073 -1.060831 -0.791014
v 1.066129 -1.071818 -0.805588
v 1.079319 -1.085459 -0.814201
v 1.094051 -1.100106 -0.815817
v 1.108550 -1.113995 -0.810239
v 1.121065 -1.125450 -0.798141
v 1.130089 -1.133088 -0.780982
v 1.271297 -0.977875 -0.770673
v 1.270314 -0.976047 -0.749939
v 1.263714 -0.970068 -0.731100
v 1.252294 -0.960658 -0.716429
v 1.237431 -0.948954 -0.707694
v 1.220917 -0.936365 -0.705950
v 1.204745 -0.924411 -0.711408
v 1.190865 -0.914534 -0.723408
v 1.180951 -0.907925 -0.740503
v 1.176199 -0.905381 -0.760631
v 1.177182 -0.907208 -0.781365
v 1.183782 -0.913188 -0.800204
v 1.195202 -0.922597 -0.814876
v 1.210065 -0.934302 -0.823610
v 1.226579 -0.946891 -0.825354
v 1.242751 -0.958844 -0.819897
v 1.256631 -0.968722 -0.807897
v 1.266545 -0.975331 -0.790802
v 1.386368 -0.803221 -0.778224
v 1.385125 -0.801788 -0.757473
v 1.377776 -0.796946 -0.738585
v 1.365207 -0.789279 -0.723838
v 1.348936 -0.779711 -0.715011
v 1.330923 -0.769397 -0.713169
v 1.313343 -0.759581 -0.718534
v 1.298315 -0.751446 -0.730458
v 1.287651 -0.745975 -0.747504
v 1.282639 -0.743825 -0.767616
v 1.283883 -0.745258 -0.788367
v 1.291232 -0.750100 -0.807255
v 1.303800 -0.757767 -0.822002
v 1.320071 -0.767335 -0.830829
v 1.338084 -0.777649 -0.832671
v 1.355664 -0.787465 -0.827306
v 1.370692 -0.795600 -0.815382
v 1.381356 -0.801072 -0.798336
v 1.477774 -0.615017 -0.783355
v 1.476324 -0.614010 -0.762592
v 1.468380 -0.610393 -0.743670
v 1.454899 -0.604604 -0.728872
v 1.437509 -0.597339 -0.719983
v 1.418306 -0.589477 -0.718074
v 1.399607 -0.581964 -0.723376
v 1.383667 -0.575707 -0.735249
v 1.372408 -0.571460 -0.752262
v 1.367190 -0.569737 -0.772362
v 1.368640 -0.570744 -0.793124
v 1.376584 -0.574360 -0.812046
v 1.390064 -0.580150 -0.826844
v 1.407454 -0.587414 -0.835734
v 1.426657 -0.595277 -0.837642
v 1.445356 -0.602790 -0.832341
v 1.461297 -0.609047 -0.820467
v 1.472555 -0.613293 -0.803455
v 1.543952 -0.416482 -0.785978
v 1.542352 -0.415924 -0.765209
v 1.533977 -0.413600 -0.746270
v 1.519836 -0.409791 -0.731446
v 1.501636 -0.404957 -0.722524
v 1.481572 -0.399680 -0.720581
v 1.462063 -0.394597 -0.725851
v 1.445462 -0.390320 -0.737698
v 1.433773 -0.387367 -0.754694
v 1.428404 -0.386092 -0.774788
v 1.430004 -0.386650 -0.795557
v 1.438379 -0.388974 -0.814495
v 1.452520 -0.392782 -0.829319
v 1.470720 -0.397617 -0.838241
v 1.490784 -0.402894 -0.840184
v 1.510293 -0.407977 -0.834914
v 1.526894 -0.412254 -0.823067
v 1.538583 -0.415207 -0.806072
v 1.583769 -0.211014 -0.786048
v 1.582079 -0.210921 -0.765279
v 1.573445 -0.209935 -0.746340
v 1.558907 -0.208176 -0.731515
v 1.540220 -0.205856 -0.722592
v 1.519637 -0.203255 -0.720648
v 1.499640 -0.200686 -0.725917
v 1.482642 -0.198460 -0.737764
v 1.470694 -0.196844 -0.754759
v 1.465235 -0.196034 -0.774853
v 1.466925 -0.196128 -0.795622
v 1.475560 -0.197113 -0.814561
v 1.490097 -0.198872 -0.829385
v 1.508785 -0.201192 -0.838308
v 1.529368 -0.203793 -0.840252
v 1.549364 -0.206362 -0.834983
v 1.566362 -0.208589 -0.823136
v 1.578310 -0.210204 -0.806141
v -1.593522 -0.006645 -0.502076
v -1.589506 -0.006541 -0.481688
v -1.578758 -0.006441 -0.463903
v -1.562574 -0.006356 -0.450866
v -1.542906 -0.006296 -0.444147
v -1.522127 -0.006269 -0.444559
v -1.502742 -0.006278 -0.452052
v -1.487090 -0.006321 -0.465721
v -1.477059 -0.006394 -0.483917
v -1.473858 -0.006488 -0.504448
v -1.477874 -0.006592 -0.524835
v -1.488622 -0.006692 -0.542620
v -1.504806 -0.006777 -0.555658
v -1.524474 -0.006837 -0.562376
v -1.545253 -0.006864 -0.561964
v -1.564638 -0.006856 -0.554472
v -1.580290 -0.006812 -0.540803
v -1.590321 -0.006739 -0.522606
v -1.575423 -0.229164 -0.494993
v -1.569969 -0.229030 -0.474882
v -1.558031 -0.227926 -0.457838
v -1.541051 -0.225986 -0.445917
v -1.521075 -0.223444 -0.440557
v -1.500514 -0.220606 -0.442403
v -1.481848 -0.217815 -0.451234
v -1.467327 -0.215408 -0.465984
v -1.458704 -0.213674 -0.484875
v -1.457018 -0.212823 -0.505627
v -1.462472 -0.212958 -0.525737
v -1.474410 -0.214061 -0.542781
v -1.491390 -0.216001 -0.554702
v -1.511366 -0.218543 -0.560063
v -1.531927 -0.221381 -0.558216
v -1.550593 -0.224172 -0.549385
v -1.565114 -0.226580 -0.534635
v -1.573738 -0.228313 -0.515745
v -1.533925 -0.434164 -0.502414
v -1.528565 -0.433566 -0.482287
v -1.516897 -0.431127 -0.465195
v -1.500331 -0.427142 -0.453199
v -1.480863 -0.422091 -0.447748
v -1.460843 -0.416584 -0.449498
v -1.442684 -0.411284 -0.458238
v -1.428578 -0.406831 -0.472914
v -1.420224 -0.403763 -0.491756
v -1.418633 -0.402448 -0.512492
v -1.423993 -0.403046 -0.532619
v -1.435660 -0.405485 -0.549711
v -1.452227 -0.409470 -0.561706
v -1.471695 -0.414521 -0.567158
v -1.491715 -0.420028 -0.565408
v -1.509874 -0.425328 -0.556668
v -1.523980 -0.429781 -0.541991
v -1.532333 -0.432850 -0.523149
v -1.466124 -0.631930 -0.512135
v -1.460917 -0.630885 -0.491985
v -1.449692 -0.627158 -0.474830
v -1.433801 -0.621200 -0.462738
v -1.415163 -0.613729 -0.457168
v -1.396026 -0.605646 -0.458791
v -1.378697 -0.597926 -0.467412
v -1.365267 -0.591500 -0.481991
v -1.357355 -0.587143 -0.500770
v -1.355916 -0.585382 -0.521483
v -1.361124 -0.586427 -0.541633
v -1.372350 -0.590153 -0.558788
v -1.388240 -0.596111 -0.570880
v -1.406878 -0.603583 -0.576450
v -1.426015 -0.611666 -0.574827
v -1.443344 -0.619386 -0.566206
v -1.456774 -0.625812 -0.551627
v -1.464686 -0.630168 -0.532848
v -1.373181 -0.819075 -0.523988
v -1.368184 -0.817606 -0.503812
v -1.357563 -0.812661 -0.486579
v -1.342601 -0.804836 -0.474369
v -1.325100 -0.795074 -0.468654
v -1.307173 -0.784554 -0.470123
v -1.290982 -0.774544 -0.478599
v -1.278479 -0.766251 -0.493060
v -1.271173 -0.760675 -0.511761
v -1.269944 -0.758490 -0.532447
v -1.274942 -0.759959 -0.552624
v -1.285562 -0.764904 -0.569856
v -1.300525 -0.772730 -0.582067
v -1.318025 -0.782491 -0.587782
v -1.335952 -0.793011 -0.586313
v -1.352143 -0.803022 -0.577837
v -1.364646 -0.811315 -0.563376
v -1.371953 -0.816890 -0.544674
v -1.256686 -0.992398 -0.537771
v -1.251952 -0.990538 -0.517564
v -1.242090 -0.984464 -0.500242
v -1.228289 -0.974909 -0.487894
v -1.212215 -0.963027 -0.482010
v -1.195805 -0.950249 -0.483299
v -1.181040 -0.938118 -0.491606
v -1.169699 -0.928095 -0.505930
v -1.163151 -0.921392 -0.524542
v -1.162186 -0.918815 -0.545197
v -1.166920 -0.920675 -0.565404
v -1.176782 -0.926749 -0.582727
v -1.190582 -0.936303 -0.595075
v -1.206657 -0.948186 -0.600959
v -1.223067 -0.960964 -0.599669
v -1.237832 -0.973095 -0.591362
v -1.249173 -0.983117 -0.577038
v -1.255721 -0.989821 -0.558426
v -1.118632 -1.148934 -0.553249
v -1.114210 -1.146720 -0.533006
v -1.105247 -1.139627 -0.515583
v -1.092824 -1.128511 -0.503081
v -1.078439 -1.114712 -0.497007
v -1.063827 -1.099896 -0.498095
v -1.050751 -1.085849 -0.506213
v -1.040787 -1.074265 -0.520382
v -1.035139 -1.066542 -0.538893
v -1.034486 -1.063611 -0.559513
v -1.038907 -1.065825 -0.579756
v -1.047870 -1.072918 -0.597179
v -1.060293 -1.084035 -0.609681
v -1.074678 -1.097833 -0.615755
v -1.089291 -1.112649 -0.614667
v -1.102367 -1.126697 -0.606549
v -1.112330 -1.138280 -0.592380
v -1.117979 -1.146003 -0.573869
v -0.961379 -1.286006 -0.570155
v -0.957314 -1.283482 -0.549874
v -0.949374 -1.275496 -0.532341
v -0.938520 -1.263012 -0.519670
v -0.926060 -1.247536 -0.513390
v -0.913496 -1.230935 -0.514258
v -0.902344 -1.215210 -0.522169
v -0.893950 -1.202259 -0.536169
v -0.889325 -1.193643 -0.554570
v -0.889027 -1.190402 -0.575152
v -0.893093 -1.192927 -0.595433
v -0.901032 -1.200912 -0.612966
v -0.911887 -1.213396 -0.625637
v -0.924348 -1.228872 -0.631917
v -0.936911 -1.245474 -0.631050
v -0.948063 -1.261198 -0.623138
v -0.956457 -1.274149 -0.609138
v -0.961083 -1.282765 -0.590737
v -0.787622 -1.401266 -0.588202
v -0.783949 -1.398481 -0.567880
v -0.777142 -1.389745 -0.550229
v -0.768021 -1.376111 -0.537378
v -0.757686 -1.359225 -0.530877
v -0.747386 -1.341122 -0.531510
v -0.738361 -1.323987 -0.539200
v -0.731700 -1.309885 -0.553020
v -0.728206 -1.300519 -0.571304
v -0.728302 -1.297018 -0.591845
v -0.731975 -1.299803 -0.612167
v -0.738782 -1.308539 -0.629817
v -0.747903 -1.322173 -0.642668
v -0.758237 -1.339059 -0.649169
v -0.768538 -1.357162 -0.648537
v -0.777564 -1.374297 -0.640846
v -0.784224 -1.388398 -0.627026
v -0.787718 -1.397764 -0.608743
v -0.600332 -1.492743 -0.607079
v -0.597083 -1.489751 -0.586715
v -0.591495 -1.480419 -0.568941
v -0.584242 -1.465873 -0.555902
v -0.576200 -1.447867 -0.549170
v -0.568338 -1.428573 -0.549557
v -0.561605 -1.410318 -0.557016
v -0.556813 -1.395304 -0.570648
v -0.554539 -1.385342 -0.588808
v -0.555058 -1.381634 -0.609307
v -0.558308 -1.384626 -0.629671
v -0.563896 -1.393958 -0.647445
v -0.571148 -1.408504 -0.660484
v -0.579190 -1.426510 -0.667216
v -0.587052 -1.445804 -0.666829
v -0.593785 -1.464059 -0.659370
v -0.598577 -1.479073 -0.645738
v -0.600851 -1.489035 -0.627578
v -0.402712 -1.558872 -0.626465
v -0.399909 -1.555731 -0.606057
v -0.395608 -1.545968 -0.588157
v -0.390327 -1.530762 -0.574925
v -0.384703 -1.511947 -0.567955
v -0.379415 -1.491791 -0.568089
v -0.375101 -1.472728 -0.575311
v -0.372280 -1.457054 -0.588750
v -0.371293 -1.446661 -0.606784
v -0.372259 -1.442803 -0.627239
v -0.375062 -1.445945 -0.647647
v -0.379363 -1.455708 -0.665547
v -0.384644 -1.470913 -0.678780
v -0.390267 -1.489729 -0.685749
v -0.395555 -1.509884 -0.685615
v -0.399870 -1.528948 -0.678393
v -0.402691 -1.544622 -0.664954
v -0.403678 -1.555014 -0.646920
v -0.198145 -1.598522 -0.646028
v -0.195805 -1.595290 -0.625575
v -0.192836 -1.585270 -0.607548
v -0.189596 -1.569668 -0.594120
v -0.186476 -1.550367 -0.586911
v -0.183852 -1.529696 -0.586791
v -0.182041 -1.510146 -0.593773
v -0.181261 -1.494077 -0.607017
v -0.181607 -1.483426 -0.624924
v -0.183035 -1.479479 -0.645334
v -0.185376 -1.482710 -0.665786
v -0.188344 -1.492731 -0.683814
v -0.191584 -1.508332 -0.697242
v -0.194704 -1.527633 -0.704450
v -0.197328 -1.548304 -0.704571
v -0.199139 -1.567854 -0.697588
v -0.199919 -1.583923 -0.684345
v -0.199574 -1.594574 -0.666438
v 1.583872 -0.211538 -0.342199
v 1.579222 -0.210499 -0.321913
v 1.567972 -0.208619 -0.304474
v 1.551479 -0.206124 -0.291985
v 1.531733 -0.203316 -0.285953
v 1.511114 -0.200533 -0.287104
v 1.492110 -0.198111 -0.295301
v 1.477012 -0.196341 -0.309554
v 1.467643 -0.195438 -0.328145
v 1.465132 -0.195510 -0.348831
v 1.469782 -0.196549 -0.369117
v 1.481031 -0.198429 -0.386556
v 1.497524 -0.200924 -0.399045
v 1.517271 -0.203732 -0.405077
v 1.537890 -0.206516 -0.403926
v 1.556894 -0.208938 -0.395729
v 1.571991 -0.210707 -0.381476
v 1.581361 -0.211610 -0.362885
v 1.598485 -0.002817 -0.347097
v 1.593803 -0.002250 -0.326800
v 1.582458 -0.001729 -0.309329
v 1.565819 -0.001317 -0.296791
v 1.545894 -0.001063 -0.290699
v 1.525084 -0.000998 -0.291786
v 1.505901 -0.001130 -0.299923
v 1.490658 -0.001443 -0.314128
v 1.481194 -0.001899 -0.332687
v 1.478650 -0.002443 -0.353361
v 1.483332 -0.003010 -0.373658
v 1.494677 -0.003531 -0.391129
v 1.511316 -0.003943 -0.403667
v 1.531242 -0.004197 -0.409759
v 1.552051 -0.004262 -0.408672
v 1.571234 -0.004130 -0.400535
v 1.586477 -0.003817 -0.386330
v 1.595941 -0.003361 -0.367771
v 1.585760 0.205991 -0.353423
v 1.581106 0.206085 -0.333112
v 1.569844 0.205246 -0.315600
v 1.553333 0.203576 -0.302999
v 1.533563 0.201274 -0.296829
v 1.512919 0.198619 -0.297835
v 1.493892 0.195932 -0.305894
v 1.478776 0.193536 -0.320036
v 1.469394 0.191720 -0.338553
v 1.466879 0.190704 -0.359214
v 1.471533 0.190609 -0.379525
v 1.482795 0.191448 -0.397037
v 1.499307 0.193119 -0.409638
v 1.519076 0.195420 -0.415808
v 1.539720 0.198075 -0.414802
v 1.558747 0.200762 -0.406743
v 1.573863 0.203158 -0.392602
v 1.583245 0.204974 -0.374084
v 1.545914 0.411310 -0.361071
v 1.541350 0.410940 -0.340743
v 1.530348 0.408764 -0.323181
v 1.514233 0.405045 -0.310503
v 1.494951 0.400231 -0.304240
v 1.474827 0.394902 -0.305146
v 1.456287 0.389702 -0.313112
v 1.441568 0.385257 -0.327177
v 1.432447 0.382105 -0.345645
v 1.430021 0.380624 -0.366288
v 1.434585 0.380993 -0.386616
v 1.445587 0.383169 -0.404178
v 1.461702 0.386888 -0.416856
v 1.480984 0.391703 -0.423119
v 1.501108 0.397031 -0.422213
v 1.519648 0.402231 -0.414247
v 1.534366 0.406676 -0.400182
v 1.543489 0.409829 -0.381714
v 1.479628 0.609629 -0.369909
v 1.475214 0.608811 -0.349561
v 1.464643 0.605343 -0.331941
v 1.449190 0.599645 -0.319176
v 1.430719 0.592404 -0.312804
v 1.411458 0.584493 -0.313595
v 1.393730 0.576866 -0.321452
v 1.379672 0.570442 -0.335429
v 1.370982 0.565998 -0.353840
v 1.368706 0.564069 -0.374463
v 1.373120 0.564887 -0.394811
v 1.383691 0.568354 -0.412431
v 1.399144 0.574052 -0.425196
v 1.417615 0.581293 -0.431568
v 1.436876 0.589205 -0.430777
v 1.454605 0.596832 -0.422919
v 1.468662 0.603255 -0.408942
v 1.477353 0.607699 -0.390532
v 1.388037 0.797553 -0.379786
v 1.383830 0.796310 -0.359415
v 1.373856 0.791619 -0.341731
v 1.359317 0.784047 -0.328867
v 1.341966 0.774505 -0.322375
v 1.323898 0.764147 -0.323037
v 1.307291 0.754220 -0.330774
v 1.294147 0.745922 -0.344652
v 1.286053 0.740254 -0.362998
v 1.283985 0.737899 -0.383599
v 1.288192 0.739142 -0.403970
v 1.298166 0.743833 -0.421653
v 1.312705 0.751406 -0.434517
v 1.330055 0.760947 -0.441010
v 1.348124 0.771306 -0.440348
v 1.364731 0.781233 -0.432611
v 1.377875 0.789531 -0.418733
v 1.385969 0.795199 -0.400387
v 1.272707 0.971869 -0.390532
v 1.268762 0.970232 -0.370137
v 1.259538 0.964406 -0.352383
v 1.246149 0.955094 -0.339412
v 1.230211 0.943420 -0.332788
v 1.213644 0.930790 -0.333310
v 1.198448 0.918730 -0.340916
v 1.186455 0.908693 -0.354687
v 1.179113 0.901890 -0.372963
v 1.177305 0.899142 -0.393539
v 1.181251 0.900779 -0.413934
v 1.190474 0.906605 -0.431688
v 1.203863 0.915917 -0.444660
v 1.219802 0.927591 -0.451284
v 1.236368 0.940220 -0.450761
v 1.251564 0.952281 -0.443156
v 1.263557 0.962318 -0.429385
v 1.270900 0.969121 -0.411109
v 1.135613 1.129593 -0.401965
v 1.131977 1.127599 -0.381544
v 1.123646 1.120746 -0.363716
v 1.111625 1.109861 -0.350631
v 1.097365 1.096256 -0.343867
v 1.082584 1.081573 -0.344240
v 1.069065 1.067582 -0.351705
v 1.058440 1.055972 -0.365362
v 1.051990 1.048142 -0.383564
v 1.050493 1.045036 -0.404115
v 1.054129 1.047030 -0.424536
v 1.062459 1.053884 -0.442364
v 1.074480 1.064769 -0.455449
v 1.088741 1.078374 -0.462213
v 1.103522 1.093057 -0.461840
v 1.117040 1.107047 -0.454374
v 1.127665 1.118658 -0.440717
v 1.134115 1.126488 -0.422516
v 0.979100 1.268026 -0.413888
v 0.975818 1.265719 -0.393440
v 0.968507 1.257965 -0.375534
v 0.958047 1.245698 -0.362330
v 0.945702 1.230399 -0.355420
v 0.932959 1.213913 -0.355638
v 0.921356 1.198228 -0.362958
v 0.912293 1.185236 -0.376496
v 0.906862 1.176505 -0.394620
v 0.905718 1.173087 -0.415143
v 0.909000 1.175394 -0.435591
v 0.916312 1.183148 -0.453497
v 0.926771 1.195415 -0.466701
v 0.939116 1.210714 -0.473611
v 0.951859 1.227200 -0.473393
v 0.963462 1.242885 -0.466074
v 0.972525 1.255876 -0.452536
v 0.977957 1.264608 -0.434412
v 0.805846 1.384800 -0.426097
v 0.802956 1.382229 -0.405622
v 0.796773 1.373714 -0.387636
v 0.788042 1.360282 -0.374310
v 0.777817 1.343554 -0.367251
v 0.767330 1.325547 -0.367310
v 0.757848 1.308434 -0.374480
v 0.750513 1.294277 -0.387896
v 0.746210 1.284785 -0.405941
v 0.745458 1.281102 -0.426437
v 0.748348 1.283674 -0.446912
v 0.754532 1.292189 -0.464898
v 0.763263 1.305620 -0.478224
v 0.773488 1.322348 -0.485283
v 0.783974 1.340355 -0.485224
v 0.793456 1.357469 -0.478054
v 0.800791 1.371626 -0.464638
v 0.805094 1.381118 -0.446593
v 0.618815 1.477917 -0.438384
v 0.616347 1.475135 -0.417881
v 0.611382 1.466014 -0.399815
v 0.604517 1.451653 -0.386367
v 0.596581 1.433786 -0.379157
v 0.588530 1.414566 -0.379056
v 0.581337 1.396313 -0.386076
v 0.575868 1.381227 -0.399370
v 0.572783 1.371129 -0.417334
v 0.572454 1.367235 -0.437802
v 0.574921 1.370017 -0.458306
v 0.579887 1.379139 -0.476371
v 0.586752 1.393499 -0.489820
v 0.594688 1.411367 -0.497029
v 0.602738 1.430586 -0.497130
v 0.609932 1.448840 -0.490111
v 0.615401 1.463925 -0.476817
v 0.618486 1.474024 -0.458852
v 0.421207 1.545783 -0.450538
v 0.419187 1.542848 -0.430007
v 0.415508 1.533285 -0.411863
v 0.410614 1.518247 -0.398293
v 0.405097 1.499549 -0.390935
v 0.399620 1.479445 -0.390675
v 0.394845 1.460361 -0.397546
v 0.391347 1.444599 -0.410719
v 0.389549 1.434058 -0.428604
v 0.389667 1.430012 -0.449045
v 0.391687 1.432947 -0.469576
v 0.395366 1.442510 -0.487720
v 0.400259 1.457548 -0.501290
v 0.405777 1.476246 -0.508648
v 0.411254 1.496350 -0.508908
v 0.416029 1.515434 -0.502037
v 0.419527 1.531196 -0.488864
v 0.421325 1.541737 -0.470979
v 0.216404 1.587237 -0.462352
v 0.214847 1.584208 -0.441794
v 0.212502 1.574375 -0.423573
v 0.209652 1.558924 -0.409885
v 0.206640 1.539719 -0.402382
v 0.203831 1.519075 -0.401969
v 0.201562 1.499484 -0.408695
v 0.200108 1.483307 -0.421750
v 0.199643 1.472497 -0.439558
v 0.200224 1.468357 -0.459972
v 0.201781 1.471386 -0.480530
v 0.204126 1.481219 -0.498751
v 0.206977 1.496670 -0.512439
v 0.209988 1.515876 -0.519942
v 0.212798 1.536519 -0.520355
v 0.215066 1.556111 -0.513629
v 0.216521 1.572287 -0.500574
v 0.216985 1.583097 -0.482766
v 0.007910 1.601571 -0.473622
v 0.006824 1.598509 -0.453039
v 0.005837 1.588583 -0.434744
v 0.005067 1.572989 -0.420944
v 0.004607 1.553608 -0.413303
v 0.004513 1.532778 -0.412743
v 0.004795 1.513011 -0.419332
v 0.005421 1.496692 -0.432274
v 0.006314 1.485788 -0.450009
v 0.007367 1.481615 -0.470397
v 0.008453 1.484677 -0.490980
v 0.009440 1.494604 -0.509275
v 0.010210 1.510198 -0.523075
v 0.010670 1.529579 -0.530716
v 0.010764 1.550409 -0.531276
v 0.010481 1.570175 -0.524688
v 0.009856 1.586495 -0.511746
v 0.008963 1.597398 -0.494011
v -0.200709 1.588538 -0.484157
v -0.201322 1.585506 -0.463550
v -0.200951 1.575664 -0.445187
v -0.199640 1.560200 -0.431281
v -0.197547 1.540979 -0.423512
v -0.194924 1.520318 -0.422814
v -0.192088 1.500711 -0.429274
v -0.189381 1.484522 -0.442111
v -0.187129 1.473703 -0.459777
v -0.185605 1.469560 -0.480142
v -0.184991 1.472592 -0.500749
v -0.185362 1.482434 -0.519113
v -0.186673 1.497898 -0.533018
v -0.188767 1.517119 -0.540788
v -0.191389 1.537779 -0.541485
v -0.194225 1.557387 -0.535025
v -0.196932 1.573576 -0.522188
v -0.199184 1.584395 -0.504522
v -0.405880 1.548362 -0.493776
v -0.406030 1.545421 -0.473147
v -0.404323 1.535841 -0.454721
v -0.400965 1.520777 -0.440720
v -0.396361 1.502048 -0.432832
v -0.391066 1.481911 -0.432010
v -0.385719 1.462795 -0.438352
v -0.380965 1.447006 -0.451093
v -0.377377 1.436449 -0.468697
v -0.375389 1.432397 -0.489040
v -0.375239 1.435338 -0.509668
v -0.376946 1.444918 -0.528094
v -0.380304 1.459982 -0.542096
v -0.384909 1.478711 -0.549983
v -0.390203 1.498848 -0.550806
v -0.395550 1.517964 -0.544464
v -0.400304 1.533752 -0.531723
v -0.403892 1.544309 -0.514119
v -0.604096 1.481730 -0.502314
v -0.603797 1.478940 -0.481666
v -0.600800 1.469793 -0.463185
v -0.595464 1.455395 -0.449098
v -0.588434 1.437481 -0.441106
v -0.580558 1.418211 -0.440173
v -0.572785 1.399911 -0.446410
v -0.566054 1.384787 -0.459066
v -0.561175 1.374664 -0.476614
v -0.558738 1.370763 -0.496938
v -0.559037 1.373553 -0.517585
v -0.562035 1.382699 -0.536067
v -0.567370 1.397098 -0.550154
v -0.574400 1.415012 -0.558146
v -0.582277 1.434281 -0.559079
v -0.590049 1.452581 -0.552842
v -0.596781 1.467705 -0.540186
v -0.601659 1.477828 -0.522638
v -0.791964 1.389782 -0.509626
v -0.791241 1.387200 -0.488962
v -0.787020 1.378652 -0.470432
v -0.779810 1.365171 -0.456273
v -0.770481 1.348382 -0.448191
v -0.760158 1.330310 -0.447163
v -0.750086 1.313135 -0.453310
v -0.741480 1.298929 -0.465893
v -0.735378 1.289405 -0.483394
v -0.732516 1.285711 -0.503701
v -0.733240 1.288293 -0.524365
v -0.737461 1.296841 -0.542895
v -0.744671 1.310322 -0.557054
v -0.754000 1.327111 -0.565136
v -0.764323 1.345183 -0.566164
v -0.774395 1.362358 -0.560017
v -0.783001 1.376564 -0.547434
v -0.789103 1.386088 -0.529933
v -0.966271 1.274091 -0.515586
v -0.965153 1.271771 -0.494908
v -0.959797 1.263977 -0.476340
v -0.950848 1.251650 -0.462121
v -0.939385 1.236277 -0.453967
v -0.926792 1.219712 -0.452860
v -0.914587 1.203953 -0.458935
v -0.904243 1.190900 -0.471459
v -0.897006 1.182129 -0.488920
v -0.893750 1.178697 -0.509214
v -0.894867 1.181018 -0.529892
v -0.900224 1.188812 -0.548460
v -0.909173 1.201139 -0.562679
v -0.920635 1.216512 -0.570833
v -0.933228 1.233077 -0.571940
v -0.945433 1.248836 -0.565865
v -0.955778 1.261889 -0.553341
v -0.963015 1.270660 -0.535880
v -1.124032 1.136639 -0.520092
v -1.122557 1.134629 -0.499404
v -1.116174 1.127730 -0.480807
v -1.105651 1.116774 -0.466543
v -1.092258 1.103083 -0.458333
v -1.077610 1.088308 -0.457168
v -1.063474 1.074231 -0.463188
v -1.051555 1.062550 -0.475667
v -1.043291 1.054674 -0.493099
v -1.039679 1.051553 -0.513382
v -1.041153 1.053563 -0.534070
v -1.047536 1.060462 -0.552668
v -1.058059 1.071418 -0.566932
v -1.071452 1.085109 -0.575141
v -1.086100 1.099884 -0.576306
v -1.100236 1.113961 -0.570287
v -1.112155 1.125641 -0.557808
v -1.120419 1.133517 -0.540376
v -1.262548 0.979775 -0.523068
v -1.260761 0.978119 -0.502373
v -1.253475 0.972242 -0.483756
v -1.241571 0.962851 -0.469463
v -1.226482 0.951080 -0.461217
v -1.210030 0.938348 -0.460013
v -1.194200 0.926191 -0.465996
v -1.180899 0.916075 -0.478445
v -1.171733 0.909220 -0.495858
v -1.167807 0.906454 -0.516135
v -1.169594 0.908109 -0.536830
v -1.176880 0.913987 -0.555446
v -1.188785 0.923377 -0.569740
v -1.203873 0.935149 -0.577986
v -1.220325 0.947881 -0.579190
v -1.236156 0.960038 -0.573206
v -1.249456 0.970154 -0.560758
v -1.258623 0.977008 -0.543345
v -1.379452 0.806182 -0.524462
v -1.377400 0.804919 -0.503764
v -1.369353 0.800172 -0.485138
v -1.356282 0.792513 -0.470830
v -1.339763 0.782867 -0.462567
v -1.321789 0.772395 -0.461345
v -1.304528 0.762363 -0.467312
v -1.290061 0.753979 -0.479746
v -1.280133 0.748255 -0.497150
v -1.275943 0.745881 -0.517424
v -1.277995 0.747143 -0.538122
v -1.286042 0.751891 -0.556748
v -1.299113 0.759549 -0.571055
v -1.315632 0.769196 -0.579318
v -1.333606 0.779667 -0.580540
v -1.350868 0.789700 -0.574574
v -1.365334 0.798084 -0.562139
v -1.375262 0.803808 -0.544735
v -1.472741 0.618834 -0.524250
v -1.470478 0.617995 -0.503552
v -1.461823 0.614468 -0.484928
v -1.447821 0.608678 -0.470623
v -1.430161 0.601324 -0.462362
v -1.410972 0.593293 -0.461143
v -1.392568 0.585553 -0.467112
v -1.377171 0.579038 -0.479549
v -1.366636 0.574534 -0.496954
v -1.362234 0.572584 -0.517228
v -1.364497 0.573423 -0.537926
v -1.373152 0.576950 -0.556550
v -1.387154 0.582740 -0.570855
v -1.404814 0.590093 -0.579116
v -1.424003 0.598125 -0.580335
v -1.442407 0.605865 -0.574366
v -1.457805 0.612380 -0.561929
v -1.468339 0.616884 -0.544524
v -1.540819 0.420934 -0.522436
v -1.538401 0.420543 -0.501743
v -1.529304 0.418304 -0.483130
v -1.514623 0.414489 -0.468843
v -1.496129 0.409557 -0.460605
v -1.476053 0.404103 -0.459409
v -1.456817 0.398785 -0.465400
v -1.440740 0.394245 -0.477855
v -1.429762 0.391029 -0.495272
v -1.425207 0.389527 -0.515550
v -1.427624 0.389918 -0.536244
v -1.436721 0.392156 -0.554857
v -1.451402 0.395972 -0.569144
v -1.469896 0.400904 -0.577382
v -1.489972 0.406358 -0.578578
v -1.509208 0.411676 -0.572587
v -1.525285 0.416216 -0.560131
v -1.536263 0.419432 -0.542714
v -1.582522 0.215870 -0.519052
v -1.580010 0.215942 -0.498366
v -1.570641 0.215039 -0.479775
v -1.555544 0.213269 -0.465522
v -1.536540 0.210847 -0.457325
v -1.515921 0.208064 -0.456173
v -1.496174 0.205255 -0.462206
v -1.479681 0.202761 -0.474695
v -1.468431 0.200881 -0.492134
v -1.463782 0.199842 -0.512420
v -1.466293 0.199769 -0.533105
v -1.475662 0.200672 -0.551696
v -1.490759 0.202442 -0.565949
v -1.509763 0.204864 -0.574146
v -1.530382 0.207648 -0.575298
v -1.550129 0.210456 -0.569265
v -1.566622 0.212951 -0.556777
v -1.577872 0.214831 -0.539337
v 0.009869 -1.611013 -0.230497
v 0.011738 -1.607753 -0.210001
v 0.013353 -1.597651 -0.191847
v 0.014517 -1.581925 -0.178226
v 0.015092 -1.562471 -0.170779
v 0.015006 -1.541637 -0.170406
v 0.014272 -1.521935 -0.177151
v 0.012976 -1.505741 -0.190201
v 0.011277 -1.495009 -0.207981
v 0.009377 -1.491033 -0.228348
v 0.007508 -1.494292 -0.248844
v 0.005893 -1.504395 -0.266998
v 0.004729 -1.520121 -0.280619
v 0.004154 -1.539574 -0.288066
v 0.004240 -1.560409 -0.288439
v 0.004974 -1.580111 -0.281694
v 0.006270 -1.596305 -0.268644
v 0.007969 -1.607037 -0.250863
v 0.217770 -1.596132 -0.249411
v 0.219170 -1.592906 -0.228872
v 0.219430 -1.582901 -0.210595
v 0.218521 -1.567323 -0.196785
v 0.216551 -1.548052 -0.189107
v 0.213758 -1.527411 -0.188488
v 0.210479 -1.507891 -0.195001
v 0.207109 -1.491846 -0.207862
v 0.204056 -1.481211 -0.225520
v 0.201686 -1.477268 -0.245843
v 0.200287 -1.480494 -0.266382
v 0.200026 -1.490500 -0.284659
v 0.200936 -1.506077 -0.298469
v 0.202906 -1.525349 -0.306147
v 0.205699 -1.545989 -0.306767
v 0.208978 -1.565509 -0.300253
v 0.212347 -1.581555 -0.287392
v 0.215401 -1.592190 -0.269735
v 0.422003 -1.554134 -0.267511
v 0.422940 -1.551003 -0.246931
v 0.421871 -1.541271 -0.228536
v 0.418924 -1.526113 -0.214545
v 0.414455 -1.507356 -0.206646
v 0.409001 -1.487262 -0.205791
v 0.403223 -1.468256 -0.212083
v 0.397816 -1.452630 -0.224764
v 0.393433 -1.442268 -0.242303
v 0.390601 -1.438420 -0.262586
v 0.389664 -1.441551 -0.283166
v 0.390733 -1.451283 -0.301560
v 0.393680 -1.466442 -0.315551
v 0.398150 -1.485199 -0.323451
v 0.403603 -1.505293 -0.324306
v 0.409381 -1.524299 -0.318014
v 0.414788 -1.539925 -0.305333
v 0.419172 -1.550287 -0.287794
v 0.619071 -1.485738 -0.284487
v 0.619563 -1.482761 -0.263869
v 0.617211 -1.473475 -0.245364
v 0.612297 -1.458999 -0.231204
v 0.605416 -1.441078 -0.223097
v 0.597397 -1.421876 -0.222020
v 0.589207 -1.403707 -0.228105
v 0.581833 -1.388763 -0.240616
v 0.576167 -1.378846 -0.258045
v 0.572890 -1.375154 -0.278289
v 0.572398 -1.378130 -0.298907
v 0.574751 -1.387416 -0.317413
v 0.579664 -1.401893 -0.331573
v 0.586545 -1.419813 -0.339680
v 0.594564 -1.439016 -0.340756
v 0.602754 -1.457185 -0.334672
v 0.610128 -1.472129 -0.322161
v 0.615795 -1.482045 -0.304732
v 0.805604 -1.392113 -0.300050
v 0.805674 -1.389348 -0.279396
v 0.802107 -1.380671 -0.260790
v 0.795333 -1.367129 -0.246474
v 0.786169 -1.350355 -0.238177
v 0.775720 -1.332371 -0.236898
v 0.765247 -1.315348 -0.242792
v 0.756013 -1.301338 -0.255148
v 0.749132 -1.292032 -0.272475
v 0.745433 -1.288551 -0.292684
v 0.745363 -1.291315 -0.313338
v 0.748930 -1.299992 -0.331945
v 0.755704 -1.313534 -0.346260
v 0.764868 -1.330308 -0.354557
v 0.775317 -1.348292 -0.355836
v 0.785790 -1.365315 -0.349943
v 0.795024 -1.379325 -0.337587
v 0.801906 -1.388632 -0.320259
v 0.978410 -1.274862 -0.313932
v 0.978089 -1.272362 -0.293247
v 0.973396 -1.264449 -0.274550
v 0.964898 -1.252077 -0.260096
v 0.953619 -1.236737 -0.251629
v 0.940920 -1.220281 -0.250169
v 0.928332 -1.204693 -0.255893
v 0.917374 -1.191852 -0.268110
v 0.909367 -1.183309 -0.285348
v 0.905278 -1.180094 -0.305526
v 0.905599 -1.182593 -0.326210
v 0.910291 -1.190506 -0.344907
v 0.918789 -1.202879 -0.359361
v 0.930068 -1.218218 -0.367829
v 0.942767 -1.234674 -0.369288
v 0.955355 -1.250263 -0.363564
v 0.966313 -1.263103 -0.351347
v 0.974320 -1.271646 -0.334110
v 1.134531 -1.135990 -0.325896
v 1.133857 -1.133805 -0.305184
v 1.128148 -1.126796 -0.286410
v 1.118092 -1.115809 -0.271836
v 1.104903 -1.102169 -0.263222
v 1.090170 -1.087521 -0.261607
v 1.075672 -1.073632 -0.267184
v 1.063156 -1.062178 -0.279283
v 1.054133 -1.054539 -0.296442
v 1.049690 -1.051637 -0.316593
v 1.050364 -1.053823 -0.337304
v 1.056073 -1.060831 -0.356079
v 1.066129 -1.071818 -0.370653
v 1.079319 -1.085458 -0.379266
v 1.094051 -1.100106 -0.380882
v 1.108550 -1.113995 -0.375304
v 1.121065 -1.125450 -0.363206
v 1.130089 -1.133088 -0.346047
v 1.271297 -0.977875 -0.335738
v 1.270314 -0.976047 -0.315004
v 1.263714 -0.970068 -0.296165
v 1.252294 -0.960658 -0.281494
v 1.237431 -0.948954 -0.272759
v 1.220917 -0.936365 -0.271016
v 1.204745 -0.924411 -0.276473
v 1.190864 -0.914534 -0.288472
v 1.180951 -0.907925 -0.305568
v 1.176199 -0.905381 -0.325696
v 1.177182 -0.907208 -0.346430
v 1.183782 -0.913188 -0.365269
v 1.195202 -0.922597 -0.379941
v 1.210065 -0.934302 -0.388675
v 1.226579 -0.946891 -0.390419
v 1.242751 -0.958844 -0.384962
v 1.256631 -0.968722 -0.372962
v 1.266545 -0.975331 -0.355867
v 1.386368 -0.803221 -0.343289
v 1.385124 -0.801788 -0.322538
v 1.377775 -0.796946 -0.303650
v 1.365207 -0.789279 -0.288903
v 1.348936 -0.779711 -0.280076
v 1.330923 -0.769397 -0.278234
v 1.313343 -0.759581 -0.283599
v 1.298314 -0.751447 -0.295523
v 1.287651 -0.745975 -0.312569
v 1.282639 -0.743825 -0.332681
v 1.283883 -0.745258 -0.353432
v 1.291232 -0.750100 -0.372320
v 1.303800 -0.757767 -0.387067
v 1.320071 -0.767335 -0.395894
v 1.338084 -0.777649 -0.397736
v 1.355664 -0.787465 -0.392371
v 1.370692 -0.795600 -0.380447
v 1.381356 -0.801072 -0.363401
v 1.477774 -0.615017 -0.348420
v 1.476324 -0.614010 -0.327657
v 1.468379 -0.610393 -0.308735
v 1.454899 -0.604604 -0.293937
v 1.437509 -0.597340 -0.285048
v 1.418306 -0.589477 -0.283139
v 1.399607 -0.581964 -0.288441
v 1.383667 -0.575707 -0.300314
v 1.372409 -0.571460 -0.317327
v 1.367190 -0.569737 -0.337427
v 1.368640 -0.570744 -0.358190
v 1.376584 -0.574360 -0.377111
v 1.390064 -0.580150 -0.391909
v 1.407454 -0.587414 -0.400799
v 1.426657 -0.595277 -0.402707
v 1.445356 -0.602790 -0.397406
v 1.461296 -0.609047 -0.385532
v 1.472555 -0.613293 -0.368520
v 1.543952 -0.416482 -0.351043
v 1.542352 -0.415924 -0.330274
v 1.533977 -0.413600 -0.311335
v 1.519836 -0.409792 -0.296511
v 1.501636 -0.404957 -0.287589
v 1.481572 -0.399680 -0.285646
v 1.462063 -0.394597 -0.290916
v 1.445462 -0.390320 -0.302763
v 1.433773 -0.387367 -0.319759
v 1.428404 -0.386092 -0.339853
v 1.430004 -0.386650 -0.360622
v 1.438379 -0.388974 -0.379560
v 1.452520 -0.392783 -0.394384
v 1.470720 -0.397617 -0.403306
v 1.490784 -0.402894 -0.405249
v 1.510293 -0.407977 -0.399979
v 1.526894 -0.412254 -0.388132
v 1.538583 -0.415207 -0.371137
v 1.583769 -0.211014 -0.351113
v 1.582079 -0.210921 -0.330344
v 1.573445 -0.209935 -0.311405
v 1.558907 -0.208176 -0.296580
v 1.540219 -0.205856 -0.287657
v 1.519636 -0.203255 -0.285713
v 1.499640 -0.200686 -0.290982
v 1.482642 -0.198460 -0.302829
v 1.470694 -0.196844 -0.319824
v 1.465235 -0.196034 -0.339917
v 1.466925 -0.196128 -0.360686
v 1.475559 -0.197113 -0.379625
v 1.490097 -0.198872 -0.394450
v 1.508785 -0.201192 -0.403373
v 1.529368 -0.203793 -0.405317
v 1.549364 -0.206362 -0.400048
v 1.566362 -0.208589 -0.388201
v 1.578310 -0.210204 -0.371206
v -1.593522 -0.006645 -0.059756
v -1.589506 -0.006541 -0.039369
v -1.578758 -0.006441 -0.021584
v -1.562574 -0.006356 -0.008546
v -1.542906 -0.006296 -0.001828
v -1.522127 -0.006269 -0.002240
v -1.502742 -0.006278 -0.009732
v -1.487090 -0.006321 -0.023401
v -1.477059 -0.006394 -0.041598
v -1.473858 -0.006488 -0.062128
v -1.477874 -0.006592 -0.082515
v -1.488622 -0.006692 -0.100300
v -1.504807 -0.006777 -0.113338
v -1.524474 -0.006837 -0.120056
v -1.545253 -0.006864 -0.119644
v -1.564638 -0.006856 -0.112152
v -1.580290 -0.006812 -0.098483
v -1.590321 -0.006739 -0.080286
v -1.575423 -0.229164 -0.060058
v -1.569969 -0.229030 -0.039947
v -1.558031 -0.227926 -0.022903
v -1.541051 -0.225986 -0.010982
v -1.521075 -0.223444 -0.005622
v -1.500514 -0.220606 -0.007468
v -1.481848 -0.217815 -0.016299
v -1.467327 -0.215408 -0.031049
v -1.458704 -0.213674 -0.049940
v -1.457018 -0.212823 -0.070692
v -1.462472 -0.212958 -0.090802
v -1.474410 -0.214061 -0.107846
v -1.491390 -0.216001 -0.119767
v -1.511366 -0.218543 -0.125128
v -1.531927 -0.221381 -0.123281
v -1.550593 -0.224172 -0.114450
v -1.565114 -0.226580 -0.099700
v -1.573738 -0.228313 -0.080810
v -1.533926 -0.434164 -0.067479
v -1.528565 -0.433566 -0.047352
v -1.516898 -0.431127 -0.030260
v -1.500331 -0.427142 -0.018264
v -1.480864 -0.422091 -0.012813
v -1.460843 -0.416584 -0.014563
v -1.442684 -0.411284 -0.023303
v -1.428578 -0.406831 -0.037979
v -1.420224 -0.403763 -0.056821
v -1.418633 -0.402448 -0.077557
v -1.423993 -0.403046 -0.097684
v -1.435660 -0.405485 -0.114776
v -1.452227 -0.409470 -0.126771
v -1.471695 -0.414521 -0.132223
v -1.491715 -0.420028 -0.130473
v -1.509874 -0.425328 -0.121733
v -1.523980 -0.429781 -0.107056
v -1.532333 -0.432850 -0.088214
v -1.466125 -0.631930 -0.077200
v -1.460917 -0.630885 -0.057050
v -1.449692 -0.627158 -0.039895
v -1.433801 -0.621200 -0.027803
v -1.415163 -0.613729 -0.022233
v -1.396026 -0.605646 -0.023856
v -1.378697 -0.597926 -0.032477
v -1.365267 -0.591500 -0.047056
v -1.357355 -0.587143 -0.065835
v -1.355916 -0.585382 -0.086548
v -1.361124 -0.586427 -0.106698
v -1.372350 -0.590153 -0.123853
v -1.388240 -0.596112 -0.135945
v -1.406878 -0.603583 -0.141515
v -1.426015 -0.611666 -0.139892
v -1.443344 -0.619386 -0.131271
v -1.456774 -0.625812 -0.116692
v -1.464686 -0.630168 -0.097913
v -1.373181 -0.819075 -0.089053
v -1.368184 -0.817606 -0.068877
v -1.357563 -0.812661 -0.051644
v -1.342601 -0.804836 -0.039434
v -1.325100 -0.795074 -0.033719
v -1.307173 -0.784554 -0.035187
v -1.290982 -0.774544 -0.043664
v -1.278479 -0.766251 -0.058125
v -1.271173 -0.760675 -0.076826
v -1.269944 -0.758490 -0.097512
v -1.274942 -0.759959 -0.117689
v -1.285562 -0.764904 -0.134921
v -1.300525 -0.772730 -0.147132
v -1.318025 -0.782491 -0.152847
v -1.335952 -0.793011 -0.151378
v -1.352143 -0.803022 -0.142902
v -1.364646 -0.811315 -0.128441
v -1.371953 -0.816890 -0.109739
v -1.256686 -0.992398 -0.102836
v -1.251952 -0.990538 -0.082629
v -1.242090 -0.984464 -0.065306
v -1.228290 -0.974909 -0.052959
v -1.212215 -0.963027 -0.047075
v -1.195805 -0.950249 -0.048364
v -1.181040 -0.938118 -0.056671
v -1.169699 -0.928095 -0.070995
v -1.163151 -0.921392 -0.089607
v -1.162186 -0.918815 -0.110262
v -1.166919 -0.920675 -0.130469
v -1.176781 -0.926749 -0.147792
v -1.190582 -0.936304 -0.160140
v -1.206657 -0.948186 -0.166024
v -1.223067 -0.960964 -0.164734
v -1.237832 -0.973095 -0.156427
v -1.249173 -0.983117 -0.142103
v -1.255721 -0.989821 -0.123491
v -1.118632 -1.148934 -0.118313
v -1.114210 -1.146720 -0.098071
v -1.105247 -1.139627 -0.080648
v -1.092824 -1.128511 -0.068146
v -1.078439 -1.114712 -0.062072
v -1.063827 -1.099896 -0.063160
v -1.050751 -1.085849 -0.071278
v -1.040788 -1.074265 -0.085447
v -1.035139 -1.066542 -0.103958
v -1.034486 -1.063611 -0.124578
v -1.038907 -1.065825 -0.144821
v -1.047870 -1.072918 -0.162244
v -1.060293 -1.084035 -0.174746
v -1.074679 -1.097833 -0.180820
v -1.089291 -1.112649 -0.179732
v -1.102367 -1.126697 -0.171614
v -1.112330 -1.138280 -0.157445
v -1.117979 -1.146003 -0.138934
v -0.961380 -1.286006 -0.135220
v -0.957314 -1.283482 -0.114939
v -0.949374 -1.275496 -0.097406
v -0.938520 -1.263012 -0.084735
v -0.926060 -1.247536 -0.078455
v -0.913496 -1.230935 -0.079323
v -0.902344 -1.215210 -0.087234
v -0.893950 -1.202259 -0.101234
v -0.889325 -1.193643 -0.119635
v -0.889027 -1.190402 -0.140217
v -0.893093 -1.192927 -0.160498
v -0.901032 -1.200912 -0.178031
v -0.911887 -1.213396 -0.190702
v -0.924348 -1.228872 -0.196982
v -0.936911 -1.245473 -0.196114
v -0.948063 -1.261198 -0.188203
v -0.956457 -1.274150 -0.174203
v -0.961083 -1.282765 -0.155802
v -0.787622 -1.401266 -0.153267
v -0.783949 -1.398481 -0.132945
v -0.777142 -1.389745 -0.115294
v -0.768021 -1.376111 -0.102443
v -0.757686 -1.359225 -0.095942
v -0.747386 -1.341122 -0.096575
v -0.738361 -1.323987 -0.104265
v -0.731700 -1.309885 -0.118085
v -0.728206 -1.300519 -0.136369
v -0.728302 -1.297018 -0.156910
v -0.731975 -1.299803 -0.177231
v -0.738782 -1.308539 -0.194882
v -0.747903 -1.322173 -0.207733
v -0.758237 -1.339059 -0.214234
v -0.768538 -1.357162 -0.213602
v -0.777564 -1.374297 -0.205912
v -0.784224 -1.388398 -0.192091
v -0.787718 -1.397764 -0.173808
v -0.600332 -1.492743 -0.172144
v -0.597082 -1.489751 -0.151780
v -0.591495 -1.480419 -0.134006
v -0.584242 -1.465873 -0.120967
v -0.576200 -1.447867 -0.114235
v -0.568338 -1.428573 -0.114622
v -0.561605 -1.410318 -0.122081
v -0.556813 -1.395304 -0.135713
v -0.554539 -1.385342 -0.153873
v -0.555058 -1.381634 -0.174372
v -0.558308 -1.384626 -0.194736
v -0.563896 -1.393958 -0.212510
v -0.571148 -1.408504 -0.225549
v -0.579190 -1.426510 -0.232281
v -0.587052 -1.445804 -0.231894
v -0.593785 -1.464059 -0.224435
v -0.598577 -1.479073 -0.210803
v -0.600851 -1.489035 -0.192643
v -0.402712 -1.558872 -0.191530
v -0.399909 -1.555731 -0.171122
v -0.395608 -1.545968 -0.153222
v -0.390327 -1.530762 -0.139990
v -0.384703 -1.511947 -0.133020
v -0.379415 -1.491791 -0.133154
v -0.375101 -1.472728 -0.140376
v -0.372280 -1.457054 -0.153815
v -0.371293 -1.446661 -0.171849
v -0.372259 -1.442803 -0.192304
v -0.375062 -1.445945 -0.212712
v -0.379363 -1.455707 -0.230612
v -0.384644 -1.470913 -0.243845
v -0.390267 -1.489729 -0.250814
v -0.395555 -1.509884 -0.250680
v -0.399870 -1.528948 -0.243458
v -0.402691 -1.544622 -0.230019
v -0.403678 -1.555014 -0.211985
v -0.198145 -1.598522 -0.211093
v -0.195805 -1.595290 -0.190640
v -0.192836 -1.585270 -0.172613
v -0.189596 -1.569668 -0.159185
v -0.186476 -1.550367 -0.151976
v -0.183852 -1.529696 -0.151856
v -0.182041 -1.510146 -0.158838
v -0.181261 -1.494077 -0.172082
v -0.181607 -1.483426 -0.189989
v -0.183035 -1.479479 -0.210399
v -0.185376 -1.482710 -0.230851
v -0.188344 -1.492731 -0.248879
v -0.191584 -1.508332 -0.262307
v -0.194704 -1.527633 -0.269515
v -0.197328 -1.548304 -0.269636
v -0.199139 -1.567854 -0.262653
v -0.199919 -1.583923 -0.249410
v -0.199574 -1.594574 -0.231503
v 1.583872 -0.211538 -1.665580
v 1.579222 -0.210499 -1.645295
v 1.567973 -0.208619 -1.627855
v 1.551480 -0.206124 -1.615367
v 1.531733 -0.203316 -1.609334
v 1.511114 -0.200533 -1.610486
v 1.492110 -0.198111 -1.618683
v 1.477013 -0.196341 -1.632936
v 1.467643 -0.195438 -1.651527
v 1.465132 -0.195510 -1.672212
v 1.469782 -0.196549 -1.692498
v 1.481031 -0.198429 -1.709937
v 1.497524 -0.200924 -1.722426
v 1.517271 -0.203732 -1.728459
v 1.537890 -0.206515 -1.727307
v 1.556894 -0.208938 -1.719110
v 1.571991 -0.210707 -1.704857
v 1.581361 -0.211610 -1.686266
v 1.598485 -0.002817 -1.670478
v 1.593803 -0.002250 -1.650181
v 1.582458 -0.001729 -1.632710
v 1.565819 -0.001317 -1.620172
v 1.545894 -0.001063 -1.614080
v 1.525084 -0.000998 -1.615168
v 1.505901 -0.001130 -1.623305
v 1.490659 -0.001443 -1.637509
v 1.481194 -0.001899 -1.656068
v 1.478650 -0.002443 -1.676743
v 1.483332 -0.003010 -1.697040
v 1.494677 -0.003531 -1.714511
v 1.511316 -0.003943 -1.727048
v 1.531242 -0.004197 -1.733141
v 1.552051 -0.004262 -1.732053
v 1.571234 -0.004130 -1.723916
v 1.586477 -0.003817 -1.709712
v 1.595941 -0.003361 -1.691153
v 1.585760 0.205991 -1.676805
v 1.581106 0.206085 -1.656494
v 1.569844 0.205246 -1.638981
v 1.553333 0.203576 -1.626381
v 1.533563 0.201274 -1.620211
v 1.512919 0.198620 -1.621216
v 1.493892 0.195932 -1.629276
v 1.478776 0.193536 -1.643417
v 1.469394 0.191720 -1.661934
v 1.466879 0.190704 -1.682595
v 1.471533 0.190609 -1.702906
v 1.482795 0.191448 -1.720418
v 1.499307 0.193119 -1.733019
v 1.519077 0.195420 -1.739189
v 1.539720 0.198075 -1.738184
v 1.558747 0.200762 -1.730124
v 1.573863 0.203158 -1.715983
v 1.583245 0.204974 -1.697465
v -1.462413 2.252378 1.697260
v -1.453695 2.252753 1.678337
v -1.439030 2.253078 1.663537
v -1.420186 2.253314 1.654645
v -1.399436 2.253434 1.652733
v -1.379284 2.253421 1.658033
v -1.362159 2.253279 1.669904
v -1.350127 2.253023 1.686915
v -1.344639 2.252686 1.707015
v -1.346358 2.252307 1.727778
v -1.355076 2.251932 1.746701
v -1.369741 2.251607 1.761501
v -1.388585 2.251370 1.770393
v -1.409334 2.251251 1.772305
v -1.429487 2.251264 1.767005
v -1.446612 2.251406 1.755134
v -1.458644 2.251662 1.738123
v -1.464131 2.251999 1.718023
v 1.366642 2.207292 -1.697465
v 1.357261 2.205477 -1.715983
v 1.342144 2.203081 -1.730124
v 1.323117 2.200393 -1.738184
v 1.302474 2.197739 -1.739189
v 1.282704 2.195437 -1.733019
v 1.266192 2.193766 -1.720418
v 1.254930 2.192927 -1.702906
v 1.250276 2.193022 -1.682595
v 1.252792 2.194039 -1.661935
v 1.262173 2.195854 -1.643417
v 1.277289 2.198251 -1.629276
v 1.296317 2.200938 -1.621216
v 1.316960 2.203593 -1.620211
v 1.336730 2.205894 -1.626381
v 1.353242 2.207565 -1.638981
v 1.364504 2.208404 -1.656494
v 1.369157 2.208309 -1.676805
v 0.009869 -1.611013 -1.553878
v 0.011738 -1.607753 -1.533382
v 0.013353 -1.597651 -1.515228
v 0.014517 -1.581925 -1.501607
v 0.015092 -1.562471 -1.494161
v 0.015006 -1.541637 -1.493787
v 0.014272 -1.521935 -1.500533
v 0.012976 -1.505741 -1.513582
v 0.011277 -1.495009 -1.531363
v 0.009377 -1.491033 -1.551729
v 0.007508 -1.494292 -1.572225
v 0.005893 -1.504395 -1.590379
v 0.004729 -1.520121 -1.604001
v 0.004154 -1.539574 -1.611447
v 0.004240 -1.560408 -1.611820
v 0.004974 -1.580111 -1.605075
v 0.006270 -1.596305 -1.592025
v 0.007969 -1.607037 -1.574245
v 0.217770 -1.596132 -1.572792
v 0.219170 -1.592906 -1.552253
v 0.219430 -1.582901 -1.533976
v 0.218521 -1.567323 -1.520166
v 0.216551 -1.548052 -1.512488
v 0.213758 -1.527411 -1.511869
v 0.210479 -1.507891 -1.518383
v 0.207109 -1.491846 -1.531244
v 0.204056 -1.481211 -1.548901
v 0.201686 -1.477268 -1.569225
v 0.200287 -1.480494 -1.589764
v 0.200026 -1.490500 -1.608040
v 0.200936 -1.506077 -1.621851
v 0.202906 -1.525349 -1.629528
v 0.205699 -1.545989 -1.630148
v 0.208978 -1.565509 -1.623634
v 0.212347 -1.581554 -1.610773
v 0.215401 -1.592190 -1.593116
v 0.422003 -1.554134 -1.590892
v 0.422940 -1.551003 -1.570312
v 0.421871 -1.541272 -1.551918
v 0.418924 -1.526113 -1.537927
v 0.414455 -1.507356 -1.530028
v 0.409002 -1.487262 -1.529172
v 0.403223 -1.468256 -1.535465
v 0.397816 -1.452629 -1.548145
v 0.393433 -1.442268 -1.565684
v 0.390601 -1.438420 -1.585967
v 0.389664 -1.441551 -1.606547
v 0.390733 -1.451283 -1.624942
v 0.393680 -1.466442 -1.638932
v 0.398150 -1.485199 -1.646832
v 0.403603 -1.505293 -1.647687
v 0.409381 -1.524299 -1.641395
v 0.414788 -1.539925 -1.628715
v 0.419172 -1.550287 -1.611175
v 0.619071 -1.485738 -1.607869
v 0.619563 -1.482761 -1.587250
v 0.617211 -1.473475 -1.568745
v 0.612297 -1.458999 -1.554585
v 0.605416 -1.441078 -1.546478
v 0.597397 -1.421876 -1.545402
v 0.589207 -1.403707 -1.551486
v 0.581833 -1.388763 -1.563997
v 0.576167 -1.378846 -1.581426
v 0.572890 -1.375154 -1.601671
v 0.572398 -1.378130 -1.622289
v 0.574750 -1.387417 -1.640794
v 0.579664 -1.401893 -1.654954
v 0.586545 -1.419813 -1.663061
v 0.594564 -1.439016 -1.664137
v 0.602754 -1.457185 -1.658053
v 0.610128 -1.472129 -1.645542
v 0.615795 -1.482045 -1.628113
v 0.805605 -1.392113 -1.623431
v 0.805674 -1.389348 -1.602778
v 0.802107 -1.380671 -1.584171
v 0.795333 -1.367129 -1.569856
v 0.786169 -1.350355 -1.561558
v 0.775720 -1.332371 -1.560279
v 0.765247 -1.315348 -1.566173
v 0.756013 -1.301338 -1.578529
v 0.749132 -1.292032 -1.595857
v 0.745433 -1.288551 -1.616066
v 0.745363 -1.291315 -1.636719
v 0.748930 -1.299992 -1.655326
v 0.755704 -1.313534 -1.669641
v 0.764869 -1.330308 -1.677939
v 0.775317 -1.348292 -1.679218
v 0.785790 -1.365315 -1.673324
v 0.795024 -1.379325 -1.660968
v 0.801906 -1.388632 -1.643640
v 0.978410 -1.274862 -1.637313
v 0.978089 -1.272362 -1.616629
v 0.973396 -1.264449 -1.597932
v 0.964898 -1.252077 -1.583478
v 0.953619 -1.236737 -1.575010
v 0.940920 -1.220281 -1.573550
v 0.928332 -1.204692 -1.579274
v 0.917374 -1.191852 -1.591492
v 0.909367 -1.183309 -1.608729
v 0.905278 -1.180094 -1.628907
v 0.905598 -1.182593 -1.649592
v 0.910291 -1.190506 -1.668289
v 0.918789 -1.202878 -1.682742
v 0.930068 -1.218218 -1.691210
v 0.942768 -1.234675 -1.692670
v 0.955355 -1.250263 -1.686946
v 0.966313 -1.263103 -1.674728
v 0.974320 -1.271646 -1.657491
v 1.134531 -1.135990 -1.649278
v 1.133857 -1.133805 -1.628566
v 1.128148 -1.126796 -1.609791
v 1.118093 -1.115809 -1.595218
v 1.104903 -1.102169 -1.586604
v 1.090171 -1.087521 -1.584988
v 1.075672 -1.073632 -1.590566
v 1.063156 -1.062178 -1.602664
v 1.054133 -1.054539 -1.619823
v 1.049690 -1.051637 -1.639974
v 1.050364 -1.053823 -1.660686
v 1.056073 -1.060831 -1.679461
v 1.066129 -1.071818 -1.694034
v 1.079319 -1.085459 -1.702648
v 1.094051 -1.100106 -1.704263
v 1.108550 -1.113995 -1.698686
v 1.121065 -1.125450 -1.686588
v 1.130089 -1.133088 -1.669429
v 1.271297 -0.977875 -1.659120
v 1.270314 -0.976047 -1.638385
v 1.263714 -0.970068 -1.619546
v 1.252294 -0.960658 -1.604875
v 1.237431 -0.948953 -1.596141
v 1.220917 -0.936365 -1.594397
v 1.204745 -0.924411 -1.599854
v 1.190864 -0.914534 -1.611854
v 1.180951 -0.907925 -1.628949
v 1.176199 -0.905381 -1.649078
v 1.177182 -0.907208 -1.669812
v 1.183782 -0.913188 -1.688651
v 1.195202 -0.922597 -1.703322
v 1.210065 -0.934302 -1.712056
v 1.226579 -0.946891 -1.713800
v 1.242751 -0.958844 -1.708343
v 1.256631 -0.968722 -1.696343
v 1.266545 -0.975331 -1.679248
v 1.386368 -0.803221 -1.666670
v 1.385125 -0.801788 -1.645919
v 1.377775 -0.796946 -1.627031
v 1.365207 -0.789279 -1.612284
v 1.348936 -0.779711 -1.603457
v 1.330923 -0.769397 -1.601616
v 1.313343 -0.759581 -1.606980
v 1.298315 -0.751446 -1.618904
v 1.287651 -0.745975 -1.635951
v 1.282639 -0.743825 -1.656062
v 1.283883 -0.745258 -1.676813
v 1.291232 -0.750100 -1.695701
v 1.303800 -0.757767 -1.710448
v 1.320072 -0.767335 -1.719275
v 1.338084 -0.777648 -1.721117
v 1.355664 -0.787465 -1.715752
v 1.370692 -0.795600 -1.703828
v 1.381356 -0.801071 -1.686782
v 1.477774 -0.615017 -1.671801
v 1.476324 -0.614010 -1.651038
v 1.468379 -0.610393 -1.632117
v 1.454899 -0.604604 -1.617319
v 1.437509 -0.597339 -1.608429
v 1.418306 -0.589477 -1.606520
v 1.399607 -0.581964 -1.611822
v 1.383667 -0.575707 -1.623696
v 1.372409 -0.571460 -1.640708
v 1.367190 -0.569737 -1.660808
v 1.368640 -0.570744 -1.681571
v 1.376584 -0.574360 -1.700492
v 1.390064 -0.580150 -1.715291
v 1.407455 -0.587414 -1.724180
v 1.426657 -0.595277 -1.726089
v 1.445356 -0.602790 -1.720787
v 1.461296 -0.609047 -1.708914
v 1.472555 -0.613293 -1.691901
v 1.543952 -0.416482 -1.674424
v 1.542352 -0.415924 -1.653655
v 1.533977 -0.413600 -1.634717
v 1.519836 -0.409791 -1.619892
v 1.501636 -0.404957 -1.610971
v 1.481572 -0.399680 -1.609028
v 1.462063 -0.394597 -1.614297
v 1.445462 -0.390320 -1.626145
v 1.433773 -0.387367 -1.643140
v 1.428404 -0.386092 -1.663234
v 1.430004 -0.386650 -1.684003
v 1.438379 -0.388974 -1.702942
v 1.452520 -0.392782 -1.717766
v 1.470720 -0.397617 -1.726687
v 1.490785 -0.402894 -1.728630
v 1.510293 -0.407977 -1.723361
v 1.526894 -0.412254 -1.711513
v 1.538583 -0.415207 -1.694518
v 1.583769 -0.211014 -1.674494
v 1.582079 -0.210921 -1.653725
v 1.573445 -0.209935 -1.634786
v 1.558907 -0.208176 -1.619961
v 1.540220 -0.205856 -1.611039
v 1.519636 -0.203255 -1.609095
v 1.499640 -0.200686 -1.614364
v 1.482642 -0.198460 -1.626210
v 1.470694 -0.196844 -1.643205
v 1.465235 -0.196034 -1.663299
v 1.466925 -0.196128 -1.684068
v 1.475559 -0.197113 -1.703007
v 1.490097 -0.198872 -1.717832
v 1.508785 -0.201192 -1.726754
v 1.529368 -0.203793 -1.728698
v 1.549364 -0.206362 -1.723429
v 1.566362 -0.208589 -1.711583
v 1.578310 -0.210204 -1.694588
v -1.593522 -0.006645 -1.390522
v -1.589506 -0.006541 -1.370135
v -1.578758 -0.006441 -1.352350
v -1.562574 -0.006356 -1.339312
v -1.542906 -0.006296 -1.332594
v -1.522127 -0.006269 -1.333006
v -1.502742 -0.006278 -1.340498
v -1.487090 -0.006321 -1.354167
v -1.477059 -0.006394 -1.372364
v -1.473858 -0.006488 -1.392894
v -1.477874 -0.006592 -1.413281
v -1.488622 -0.006692 -1.431066
v -1.504806 -0.006777 -1.444104
v -1.524474 -0.006837 -1.450822
v -1.545253 -0.006864 -1.450410
v -1.564638 -0.006855 -1.442918
v -1.580290 -0.006812 -1.429249
v -1.590321 -0.006739 -1.411052
v -1.575423 -0.229164 -1.383439
v -1.569969 -0.229030 -1.363328
v -1.558031 -0.227926 -1.346285
v -1.541051 -0.225986 -1.334363
v -1.521075 -0.223444 -1.329003
v -1.500514 -0.220606 -1.330850
v -1.481848 -0.217815 -1.339681
v -1.467327 -0.215408 -1.354431
v -1.458704 -0.213674 -1.373321
v -1.457018 -0.212823 -1.394073
v -1.462472 -0.212958 -1.414184
v -1.474410 -0.214061 -1.431228
v -1.491391 -0.216001 -1.443149
v -1.511366 -0.218543 -1.448509
v -1.531927 -0.221381 -1.446663
v -1.550593 -0.224172 -1.437832
v -1.565114 -0.226579 -1.423081
v -1.573738 -0.228313 -1.404191
v -1.533925 -0.434164 -1.390861
v -1.528565 -0.433566 -1.370733
v -1.516898 -0.431127 -1.353641
v -1.500331 -0.427142 -1.341646
v -1.480863 -0.422091 -1.336195
v -1.460843 -0.416584 -1.337944
v -1.442684 -0.411284 -1.346684
v -1.428578 -0.406831 -1.361361
v -1.420224 -0.403763 -1.380203
v -1.418633 -0.402448 -1.400938
v -1.423993 -0.403046 -1.421065
v -1.435660 -0.405485 -1.438158
v -1.452227 -0.409470 -1.450153
v -1.471695 -0.414521 -1.455604
v -1.491715 -0.420028 -1.453854
v -1.509874 -0.425328 -1.445114
v -1.523980 -0.429781 -1.430438
v -1.532333 -0.432850 -1.411596
v -1.466125 -0.631930 -1.400581
v -1.460917 -0.630885 -1.380432
v -1.449691 -0.627158 -1.363276
v -1.433801 -0.621200 -1.351184
v -1.415163 -0.613729 -1.345614
v -1.396026 -0.605646 -1.347237
v -1.378697 -0.597926 -1.355858
v -1.365267 -0.591500 -1.370438
v -1.357355 -0.587143 -1.389216
v -1.355916 -0.585381 -1.409930
v -1.361124 -0.586427 -1.430079
v -1.372350 -0.590153 -1.447234
v -1.388240 -0.596111 -1.459327
v -1.406878 -0.603583 -1.464897
v -1.426015 -0.611666 -1.463274
v -1.443344 -0.619386 -1.454652
v -1.456774 -0.625812 -1.440073
v -1.464686 -0.630168 -1.421294
v -1.373181 -0.819075 -1.412434
v -1.368184 -0.817606 -1.392258
v -1.357563 -0.812661 -1.375026
v -1.342601 -0.804836 -1.362815
v -1.325100 -0.795074 -1.357100
v -1.307173 -0.784554 -1.358569
v -1.290982 -0.774544 -1.367045
v -1.278479 -0.766251 -1.381506
v -1.271173 -0.760675 -1.400207
v -1.269944 -0.758490 -1.420894
v -1.274942 -0.759959 -1.441070
v -1.285562 -0.764904 -1.458303
v -1.300525 -0.772730 -1.470513
v -1.318025 -0.782491 -1.476228
v -1.335952 -0.793011 -1.474759
v -1.352143 -0.803022 -1.466283
v -1.364646 -0.811315 -1.451822
v -1.371953 -0.816890 -1.433121
v -1.256686 -0.992398 -1.426218
v -1.251952 -0.990537 -1.406010
v -1.242090 -0.984464 -1.388688
v -1.228290 -0.974909 -1.376340
v -1.212215 -0.963027 -1.370456
v -1.195805 -0.950249 -1.371745
v -1.181040 -0.938118 -1.380053
v -1.169699 -0.928095 -1.394376
v -1.163151 -0.921392 -1.412988
v -1.162186 -0.918815 -1.433643
v -1.166919 -0.920675 -1.453851
v -1.176781 -0.926749 -1.471173
v -1.190582 -0.936303 -1.483521
v -1.206657 -0.948186 -1.489405
v -1.223067 -0.960964 -1.488116
v -1.237832 -0.973095 -1.479808
v -1.249173 -0.983117 -1.465485
v -1.255721 -0.989821 -1.446873
v -1.118632 -1.148934 -1.441695
v -1.114210 -1.146720 -1.421452
v -1.105247 -1.139627 -1.404029
v -1.092824 -1.128511 -1.391527
v -1.078439 -1.114712 -1.385453
v -1.063827 -1.099896 -1.386541
v -1.050750 -1.085849 -1.394659
v -1.040788 -1.074265 -1.408828
v -1.035139 -1.066542 -1.427339
v -1.034486 -1.063611 -1.447960
v -1.038907 -1.065825 -1.468202
v -1.047870 -1.072919 -1.485625
v -1.060293 -1.084035 -1.498128
v -1.074679 -1.097833 -1.504201
v -1.089291 -1.112649 -1.503113
v -1.102367 -1.126697 -1.494995
v -1.112330 -1.138280 -1.480826
v -1.117979 -1.146004 -1.462315
v -0.961380 -1.286006 -1.458601
v -0.957314 -1.283482 -1.438321
v -0.949374 -1.275496 -1.420788
v -0.938520 -1.263012 -1.408117
v -0.926060 -1.247536 -1.401836
v -0.913496 -1.230935 -1.402704
v -0.902344 -1.215210 -1.410615
v -0.893950 -1.202259 -1.424616
v -0.889325 -1.193643 -1.443016
v -0.889027 -1.190402 -1.463598
v -0.893093 -1.192927 -1.483879
v -0.901032 -1.200912 -1.501412
v -0.911887 -1.213396 -1.514083
v -0.924348 -1.228872 -1.520363
v -0.936911 -1.245473 -1.519496
v -0.948063 -1.261198 -1.511585
v -0.956457 -1.274150 -1.497584
v -0.961083 -1.282765 -1.479184
v -0.787622 -1.401266 -1.476648
v -0.783949 -1.398481 -1.456326
v -0.777142 -1.389745 -1.438676
v -0.768021 -1.376111 -1.425825
v -0.757686 -1.359225 -1.419324
v -0.747386 -1.341122 -1.419956
v -0.738361 -1.323987 -1.427646
v -0.731700 -1.309885 -1.441467
v -0.728206 -1.300519 -1.459750
v -0.728302 -1.297017 -1.480291
v -0.731975 -1.299802 -1.500613
v -0.738782 -1.308539 -1.518264
v -0.747903 -1.322173 -1.531114
v -0.758237 -1.339059 -1.537616
v -0.768538 -1.357162 -1.536983
v -0.777564 -1.374297 -1.529293
v -0.784224 -1.388398 -1.515473
v -0.787718 -1.397764 -1.497189
v -0.600332 -1.492743 -1.495526
v -0.597083 -1.489751 -1.475161
v -0.591495 -1.480419 -1.457388
v -0.584242 -1.465873 -1.444349
v -0.576200 -1.447867 -1.437616
v -0.568338 -1.428573 -1.438003
v -0.561605 -1.410318 -1.445462
v -0.556813 -1.395304 -1.459094
v -0.554539 -1.385342 -1.477255
v -0.555058 -1.381634 -1.497753
v -0.558308 -1.384626 -1.518117
v -0.563896 -1.393958 -1.535891
v -0.571148 -1.408504 -1.548930
v -0.579190 -1.426510 -1.555663
v -0.587052 -1.445804 -1.555276
v -0.593785 -1.464059 -1.547817
v -0.598577 -1.479073 -1.534185
v -0.600851 -1.489035 -1.516024
v -0.402712 -1.558872 -1.514912
v -0.399909 -1.555731 -1.494504
v -0.395608 -1.545968 -1.476604
v -0.390327 -1.530762 -1.463371
v -0.384703 -1.511947 -1.456401
v -0.379415 -1.491791 -1.456536
v -0.375101 -1.472728 -1.463758
v -0.372280 -1.457054 -1.477196
v -0.371293 -1.446661 -1.495231
v -0.372259 -1.442803 -1.515685
v -0.375062 -1.445945 -1.536093
v -0.379363 -1.455708 -1.553993
v -0.384644 -1.470914 -1.567226
v -0.390267 -1.489729 -1.574195
v -0.395555 -1.509884 -1.574061
v -0.399870 -1.528948 -1.566839
v -0.402691 -1.544622 -1.553401
v -0.403678 -1.555014 -1.535366
v -0.198145 -1.598522 -1.534474
v -0.195805 -1.595290 -1.514022
v -0.192836 -1.585269 -1.495994
v -0.189596 -1.569668 -1.482567
v -0.186476 -1.550367 -1.475358
v -0.183852 -1.529696 -1.475237
v -0.182041 -1.510146 -1.482220
v -0.181261 -1.494077 -1.495463
v -0.181607 -1.483426 -1.513370
v -0.183035 -1.479479 -1.533780
v -0.185375 -1.482710 -1.554233
v -0.188344 -1.492731 -1.572260
v -0.191584 -1.508332 -1.585688
v -0.194704 -1.527633 -1.592897
v -0.197328 -1.548305 -1.593017
v -0.199139 -1.567854 -1.586035
v -0.199919 -1.583923 -1.572791
v -0.199574 -1.594574 -1.554884
v 1.583872 -0.211538 -1.230645
v 1.579222 -0.210499 -1.210360
v 1.567973 -0.208619 -1.192920
v 1.551479 -0.206124 -1.180431
v 1.531733 -0.203316 -1.174399
v 1.511114 -0.200533 -1.175551
v 1.492110 -0.198111 -1.183748
v 1.477013 -0.196341 -1.198001
v 1.467643 -0.195438 -1.216592
v 1.465132 -0.195510 -1.237277
v 1.469782 -0.196549 -1.257563
v 1.481031 -0.198429 -1.275002
v 1.497524 -0.200924 -1.287491
v 1.517271 -0.203732 -1.293524
v 1.537890 -0.206515 -1.292372
v 1.556894 -0.208938 -1.284175
v 1.571991 -0.210707 -1.269922
v 1.581361 -0.211610 -1.251331
v 1.598486 -0.002817 -1.235543
v 1.593803 -0.002250 -1.215246
v 1.582458 -0.001729 -1.197775
v 1.565819 -0.001317 -1.185237
v 1.545894 -0.001063 -1.179145
v 1.525084 -0.000998 -1.180233
v 1.505901 -0.001130 -1.188370
v 1.490658 -0.001443 -1.202574
v 1.481194 -0.001899 -1.221133
v 1.478650 -0.002443 -1.241808
v 1.483333 -0.003010 -1.262105
v 1.494677 -0.003531 -1.279576
v 1.511316 -0.003943 -1.292113
v 1.531242 -0.004197 -1.298206
v 1.552051 -0.004262 -1.297118
v 1.571234 -0.004130 -1.288981
v 1.586477 -0.003817 -1.274777
v 1.595941 -0.003361 -1.256218
v 1.585760 0.205991 -1.241870
v 1.581106 0.206085 -1.221559
v 1.569844 0.205246 -1.204046
v 1.553332 0.203576 -1.191445
v 1.533563 0.201274 -1.185276
v 1.512919 0.198620 -1.186281
v 1.493892 0.195932 -1.194341
v 1.478776 0.193536 -1.208482
v 1.469394 0.191720 -1.227000
v 1.466879 0.190704 -1.247660
v 1.471533 0.190609 -1.267971
v 1.482795 0.191448 -1.285483
v 1.499306 0.193119 -1.298084
v 1.519076 0.195420 -1.304254
v 1.539720 0.198075 -1.303249
v 1.558747 0.200762 -1.295189
v 1.573863 0.203158 -1.281048
v 1.583245 0.204974 -1.262530
v 1.545914 0.411310 -1.249518
v 1.541350 0.410940 -1.229189
v 1.530348 0.408764 -1.211627
v 1.514233 0.405045 -1.198950
v 1.494951 0.400231 -1.192686
v 1.474826 0.394902 -1.193592
v 1.456287 0.389702 -1.201558
v 1.441568 0.385257 -1.215623
v 1.432446 0.382105 -1.234091
v 1.430021 0.380624 -1.254734
v 1.434585 0.380993 -1.275063
v 1.445587 0.383169 -1.292625
v 1.461702 0.386889 -1.305302
v 1.480984 0.391703 -1.311565
v 1.501108 0.397031 -1.310660
v 1.519648 0.402231 -1.302693
v 1.534366 0.406676 -1.288629
v 1.543489 0.409829 -1.270161
v 1.479628 0.609629 -1.258355
v 1.475214 0.608811 -1.238007
v 1.464643 0.605343 -1.220387
v 1.449190 0.599645 -1.207622
v 1.430719 0.592404 -1.201250
v 1.411458 0.584493 -1.202041
v 1.393729 0.576866 -1.209899
v 1.379672 0.570443 -1.223876
v 1.370982 0.565998 -1.242286
v 1.368706 0.564069 -1.262909
v 1.373120 0.564887 -1.283258
v 1.383691 0.568354 -1.300877
v 1.399144 0.574052 -1.313643
v 1.417615 0.581294 -1.320014
v 1.436877 0.589205 -1.319224
v 1.454605 0.596832 -1.311366
v 1.468662 0.603255 -1.297389
v 1.477352 0.607699 -1.278978
v 1.388037 0.797553 -1.268232
v 1.383830 0.796310 -1.247861
v 1.373856 0.791619 -1.230177
v 1.359317 0.784047 -1.217314
v 1.341966 0.774505 -1.210821
v 1.323898 0.764147 -1.211483
v 1.307290 0.754219 -1.219220
v 1.294147 0.745922 -1.233098
v 1.286053 0.740254 -1.251444
v 1.283985 0.737899 -1.272045
v 1.288191 0.739142 -1.292416
v 1.298166 0.743833 -1.310100
v 1.312705 0.751406 -1.322964
v 1.330055 0.760947 -1.329456
v 1.348124 0.771306 -1.328794
v 1.364731 0.781233 -1.321057
v 1.377875 0.789531 -1.307179
v 1.385969 0.795199 -1.288833
v 1.272707 0.971869 -1.278979
v 1.268762 0.970232 -1.258584
v 1.259538 0.964406 -1.240830
v 1.246149 0.955094 -1.227859
v 1.230211 0.943420 -1.221235
v 1.213644 0.930791 -1.221757
v 1.198448 0.918730 -1.229362
v 1.186455 0.908693 -1.243133
v 1.179112 0.901890 -1.261409
v 1.177305 0.899142 -1.281986
v 1.181251 0.900779 -1.302381
v 1.190474 0.906605 -1.320135
v 1.203863 0.915917 -1.333106
v 1.219802 0.927591 -1.339730
v 1.236368 0.940220 -1.339208
v 1.251564 0.952281 -1.331602
v 1.263557 0.962318 -1.317831
v 1.270900 0.969121 -1.299555
v 1.135613 1.129593 -1.290411
v 1.131977 1.127599 -1.269990
v 1.123646 1.120746 -1.252162
v 1.111625 1.109861 -1.239077
v 1.097365 1.096256 -1.232313
v 1.082584 1.081573 -1.232686
v 1.069065 1.067582 -1.240152
v 1.058440 1.055972 -1.253809
v 1.051990 1.048142 -1.272010
v 1.050493 1.045036 -1.292561
v 1.054128 1.047030 -1.312982
v 1.062459 1.053884 -1.330810
v 1.074480 1.064769 -1.343895
v 1.088741 1.078374 -1.350659
v 1.103522 1.093057 -1.350286
v 1.117040 1.107047 -1.342821
v 1.127665 1.118658 -1.329164
v 1.134116 1.126488 -1.310962
v 0.979100 1.268026 -1.302334
v 0.975818 1.265719 -1.281886
v 0.968506 1.257965 -1.263980
v 0.958047 1.245698 -1.250776
v 0.945702 1.230399 -1.243866
v 0.932959 1.213913 -1.244084
v 0.921356 1.198228 -1.251404
v 0.912293 1.185237 -1.264942
v 0.906862 1.176505 -1.283066
v 0.905718 1.173087 -1.303590
v 0.909000 1.175394 -1.324038
v 0.916312 1.183149 -1.341944
v 0.926771 1.195415 -1.355148
v 0.939116 1.210714 -1.362058
v 0.951859 1.227200 -1.361840
v 0.963462 1.242885 -1.354520
v 0.972525 1.255877 -1.340982
v 0.977957 1.264608 -1.322858
v 0.805846 1.384800 -1.314544
v 0.802956 1.382229 -1.294068
v 0.796773 1.373714 -1.276083
v 0.788042 1.360283 -1.262757
v 0.777817 1.343554 -1.255697
v 0.767330 1.325547 -1.255756
v 0.757848 1.308434 -1.262926
v 0.750513 1.294277 -1.276343
v 0.746210 1.284785 -1.294387
v 0.745458 1.281102 -1.314883
v 0.748348 1.283674 -1.335359
v 0.754532 1.292189 -1.353344
v 0.763263 1.305620 -1.366670
v 0.773488 1.322348 -1.373729
v 0.783974 1.340355 -1.373671
v 0.793456 1.357469 -1.366500
v 0.800791 1.371626 -1.353084
v 0.805094 1.381118 -1.335040
v 0.618815 1.477917 -1.326831
v 0.616348 1.475135 -1.306327
v 0.611382 1.466014 -1.288262
v 0.604517 1.451653 -1.274813
v 0.596581 1.433786 -1.267604
v 0.588531 1.414566 -1.267503
v 0.581337 1.396313 -1.274522
v 0.575868 1.381227 -1.287816
v 0.572783 1.371129 -1.305780
v 0.572454 1.367235 -1.326249
v 0.574921 1.370017 -1.346752
v 0.579887 1.379139 -1.364818
v 0.586752 1.393499 -1.378266
v 0.594688 1.411367 -1.385476
v 0.602738 1.430586 -1.385577
v 0.609932 1.448840 -1.378557
v 0.615401 1.463926 -1.365263
v 0.618486 1.474024 -1.347299
v 0.421207 1.545783 -1.338985
v 0.419187 1.542848 -1.318454
v 0.415508 1.533285 -1.300309
v 0.410614 1.518247 -1.286739
v 0.405097 1.499549 -1.279381
v 0.399620 1.479445 -1.279122
v 0.394845 1.460362 -1.285993
v 0.391347 1.444599 -1.299165
v 0.389549 1.434058 -1.317050
v 0.389667 1.430012 -1.337491
v 0.391687 1.432947 -1.358022
v 0.395366 1.442510 -1.376167
v 0.400259 1.457548 -1.389736
v 0.405777 1.476246 -1.397095
v 0.411254 1.496349 -1.397354
v 0.416029 1.515434 -1.390483
v 0.419527 1.531196 -1.377311
v 0.421325 1.541737 -1.359425
v 0.216404 1.587237 -1.350798
v 0.214847 1.584208 -1.330240
v 0.212502 1.574375 -1.312019
v 0.209652 1.558924 -1.298331
v 0.206640 1.539719 -1.290828
v 0.203831 1.519075 -1.290415
v 0.201562 1.499484 -1.297142
v 0.200108 1.483308 -1.310196
v 0.199643 1.472497 -1.328004
v 0.200224 1.468357 -1.348418
v 0.201781 1.471386 -1.368976
v 0.204126 1.481219 -1.387198
v 0.206977 1.496670 -1.400885
v 0.209988 1.515876 -1.408388
v 0.212798 1.536519 -1.408801
v 0.215067 1.556111 -1.402075
v 0.216521 1.572287 -1.389020
v 0.216985 1.583097 -1.371212
v 0.007910 1.601571 -1.362069
v 0.006824 1.598509 -1.341486
v 0.005837 1.588583 -1.323191
v 0.005067 1.572989 -1.309390
v 0.004607 1.553608 -1.301750
v 0.004513 1.532778 -1.301190
v 0.004795 1.513011 -1.307778
v 0.005421 1.496692 -1.320720
v 0.006314 1.485788 -1.338455
v 0.007367 1.481616 -1.358844
v 0.008453 1.484677 -1.379427
v 0.009440 1.494603 -1.397722
v 0.010210 1.510198 -1.411522
v 0.010670 1.529578 -1.419163
v 0.010764 1.550408 -1.419723
v 0.010481 1.570175 -1.413134
v 0.009856 1.586495 -1.400192
v 0.008963 1.597398 -1.382457
v -0.200709 1.588538 -1.372603
v -0.201322 1.585506 -1.351997
v -0.200951 1.575664 -1.333633
v -0.199640 1.560200 -1.319728
v -0.197547 1.540979 -1.311958
v -0.194924 1.520319 -1.311261
v -0.192088 1.500711 -1.317720
v -0.189381 1.484522 -1.330557
v -0.187129 1.473703 -1.348224
v -0.185605 1.469560 -1.368588
v -0.184991 1.472592 -1.389195
v -0.185362 1.482434 -1.407559
v -0.186673 1.497898 -1.421464
v -0.188767 1.517119 -1.429234
v -0.191389 1.537779 -1.429931
v -0.194225 1.557387 -1.423471
v -0.196932 1.573576 -1.410635
v -0.199184 1.584395 -1.392968
v -0.405880 1.548362 -1.382222
v -0.406030 1.545421 -1.361594
v -0.404323 1.535841 -1.343167
v -0.400965 1.520777 -1.329166
v -0.396361 1.502048 -1.321279
v -0.391066 1.481911 -1.320456
v -0.385719 1.462795 -1.326798
v -0.380965 1.447007 -1.339539
v -0.377377 1.436450 -1.357143
v -0.375389 1.432397 -1.377486
v -0.375239 1.435338 -1.398115
v -0.376946 1.444919 -1.416541
v -0.380304 1.459982 -1.430542
v -0.384909 1.478711 -1.438429
v -0.390203 1.498848 -1.439252
v -0.395550 1.517964 -1.432910
v -0.400304 1.533753 -1.420169
v -0.403892 1.544310 -1.402565
v -0.604096 1.481730 -1.390761
v -0.603797 1.478940 -1.370113
v -0.600800 1.469793 -1.351631
v -0.595464 1.455395 -1.337545
v -0.588434 1.437481 -1.329553
v -0.580557 1.418211 -1.328619
v -0.572785 1.399911 -1.334856
v -0.566054 1.384787 -1.347512
v -0.561175 1.374664 -1.365060
v -0.558738 1.370763 -1.385384
v -0.559037 1.373553 -1.406032
v -0.562035 1.382699 -1.424514
v -0.567370 1.397098 -1.438600
v -0.574400 1.415012 -1.446592
v -0.582277 1.434281 -1.447526
v -0.590049 1.452582 -1.441288
v -0.596781 1.467705 -1.428632
v -0.601659 1.477829 -1.411084
v -0.791964 1.389782 -1.398072
v -0.791241 1.387200 -1.377408
v -0.787020 1.378652 -1.358878
v -0.779810 1.365171 -1.344719
v -0.770481 1.348382 -1.336638
v -0.760157 1.330310 -1.335609
v -0.750086 1.313136 -1.341757
v -0.741480 1.298929 -1.354340
v -0.735378 1.289405 -1.371840
v -0.732516 1.285711 -1.392147
v -0.733240 1.288293 -1.412812
v -0.737461 1.296841 -1.431341
v -0.744671 1.310322 -1.445500
v -0.754000 1.327111 -1.453582
v -0.764323 1.345183 -1.454611
v -0.774395 1.362358 -1.448463
v -0.783001 1.376564 -1.435880
v -0.789103 1.386089 -1.418379
v -0.966271 1.274091 -1.404032
v -0.965153 1.271771 -1.383354
v -0.959797 1.263977 -1.364786
v -0.950848 1.251650 -1.350567
v -0.939385 1.236277 -1.342413
v -0.926792 1.219712 -1.341307
v -0.914587 1.203953 -1.347381
v -0.904243 1.190900 -1.359905
v -0.897005 1.182129 -1.377367
v -0.893750 1.178697 -1.397660
v -0.894867 1.181018 -1.418338
v -0.900224 1.188812 -1.436907
v -0.909173 1.201139 -1.451125
v -0.920635 1.216512 -1.459280
v -0.933228 1.233077 -1.460386
v -0.945433 1.248836 -1.454311
v -0.955778 1.261889 -1.441788
v -0.963015 1.270660 -1.424326
v -1.124032 1.136639 -1.408539
v -1.122557 1.134629 -1.387851
v -1.116174 1.127730 -1.369253
v -1.105651 1.116774 -1.354989
v -1.092258 1.103083 -1.346780
v -1.077610 1.088308 -1.345615
v -1.063474 1.074231 -1.351634
v -1.051556 1.062550 -1.364113
v -1.043291 1.054674 -1.381545
v -1.039679 1.051553 -1.401829
v -1.041153 1.053563 -1.422517
v -1.047537 1.060462 -1.441114
v -1.058059 1.071418 -1.455378
v -1.071452 1.085109 -1.463588
v -1.086100 1.099884 -1.464753
v -1.100236 1.113961 -1.458733
v -1.112155 1.125642 -1.446255
v -1.120419 1.133517 -1.428822
v -1.262548 0.979774 -1.411514
v -1.260761 0.978119 -1.390819
v -1.253475 0.972242 -1.372202
v -1.241571 0.962851 -1.357909
v -1.226482 0.951080 -1.349663
v -1.210030 0.938348 -1.348459
v -1.194200 0.926191 -1.354442
v -1.180899 0.916075 -1.366891
v -1.171733 0.909220 -1.384304
v -1.167807 0.906454 -1.404581
v -1.169594 0.908109 -1.425276
v -1.176880 0.913987 -1.443893
v -1.188785 0.923377 -1.458186
v -1.203873 0.935149 -1.466432
v -1.220325 0.947881 -1.467636
v -1.236156 0.960038 -1.461653
v -1.249456 0.970154 -1.449204
v -1.258623 0.977008 -1.431791
v -1.379452 0.806182 -1.412908
v -1.377400 0.804919 -1.392210
v -1.369353 0.800172 -1.373584
v -1.356282 0.792513 -1.359277
v -1.339763 0.782867 -1.351014
v -1.321789 0.772395 -1.349792
v -1.304528 0.762363 -1.355758
v -1.290060 0.753979 -1.368193
v -1.280133 0.748255 -1.385597
v -1.275943 0.745881 -1.405870
v -1.277995 0.747144 -1.426568
v -1.286041 0.751891 -1.445194
v -1.299113 0.759549 -1.459502
v -1.315632 0.769196 -1.467765
v -1.333606 0.779667 -1.468987
v -1.350868 0.789700 -1.463020
v -1.365334 0.798084 -1.450586
v -1.375262 0.803808 -1.433182
v -1.472740 0.618834 -1.412696
v -1.470478 0.617995 -1.391999
v -1.461823 0.614468 -1.373374
v -1.447821 0.608678 -1.359069
v -1.430161 0.601324 -1.350809
v -1.410972 0.593293 -1.349589
v -1.392568 0.585553 -1.355558
v -1.377171 0.579038 -1.367995
v -1.366636 0.574534 -1.385400
v -1.362234 0.572584 -1.405674
v -1.364497 0.573423 -1.426372
v -1.373152 0.576950 -1.444997
v -1.387154 0.582740 -1.459302
v -1.404814 0.590093 -1.467562
v -1.424003 0.598125 -1.468782
v -1.442407 0.605865 -1.462813
v -1.457805 0.612380 -1.450376
v -1.468339 0.616884 -1.432970
v -1.540819 0.420934 -1.410883
v -1.538402 0.420543 -1.390189
v -1.529304 0.418304 -1.371576
v -1.514623 0.414489 -1.357289
v -1.496129 0.409557 -1.349051
v -1.476053 0.404103 -1.347855
v -1.456817 0.398785 -1.353846
v -1.440740 0.394245 -1.366301
v -1.429762 0.391029 -1.383719
v -1.425207 0.389527 -1.403997
v -1.427624 0.389918 -1.424690
v -1.436721 0.392157 -1.443303
v -1.451403 0.395972 -1.457590
v -1.469896 0.400904 -1.465828
v -1.489972 0.406358 -1.467024
v -1.509208 0.411676 -1.461033
v -1.525285 0.416216 -1.448578
v -1.536263 0.419432 -1.431161
v -1.582521 0.215870 -1.407498
v -1.580010 0.215942 -1.386812
v -1.570641 0.215039 -1.368221
v -1.555544 0.213269 -1.353968
v -1.536539 0.210847 -1.345771
v -1.515921 0.208064 -1.344620
v -1.496174 0.205255 -1.350652
v -1.479681 0.202761 -1.363141
v -1.468431 0.200881 -1.380580
v -1.463782 0.199842 -1.400866
v -1.466293 0.199769 -1.421552
v -1.475662 0.200673 -1.440143
v -1.490759 0.202442 -1.454396
v -1.509763 0.204864 -1.462593
v -1.530382 0.207648 -1.463744
v -1.550129 0.210456 -1.457712
v -1.566622 0.212951 -1.445223
v -1.577872 0.214831 -1.427784
v 0.009869 -1.611013 -1.118943
v 0.011738 -1.607753 -1.098447
v 0.013353 -1.597651 -1.080293
v 0.014517 -1.581925 -1.066672
v 0.015092 -1.562471 -1.059226
v 0.015006 -1.541637 -1.058852
v 0.014272 -1.521935 -1.065598
v 0.012976 -1.505741 -1.078647
v 0.011277 -1.495009 -1.096428
v 0.009377 -1.491033 -1.116794
v 0.007508 -1.494292 -1.137290
v 0.005893 -1.504395 -1.155444
v 0.004729 -1.520121 -1.169066
v 0.004154 -1.539574 -1.176512
v 0.004240 -1.560408 -1.176885
v 0.004974 -1.580111 -1.170140
v 0.006270 -1.596305 -1.157090
v 0.007969 -1.607037 -1.139310
v 0.217770 -1.596132 -1.137857
v 0.219170 -1.592906 -1.117318
v 0.219430 -1.582901 -1.099041
v 0.218521 -1.567323 -1.085231
v 0.216551 -1.548052 -1.077553
v 0.213758 -1.527411 -1.076934
v 0.210479 -1.507891 -1.083447
v 0.207109 -1.491846 -1.096309
v 0.204056 -1.481211 -1.113966
v 0.201686 -1.477268 -1.134290
v 0.200287 -1.480494 -1.154829
v 0.200026 -1.490500 -1.173105
v 0.200936 -1.506077 -1.186916
v 0.202906 -1.525349 -1.194593
v 0.205699 -1.545989 -1.195213
v 0.208978 -1.565509 -1.188699
v 0.212347 -1.581554 -1.175838
v 0.215401 -1.592190 -1.158181
v 0.422003 -1.554134 -1.155957
v 0.422940 -1.551003 -1.135377
v 0.421871 -1.541271 -1.116983
v 0.418924 -1.526113 -1.102992
v 0.414455 -1.507356 -1.095093
v 0.409002 -1.487262 -1.094237
v 0.403223 -1.468256 -1.100529
v 0.397816 -1.452629 -1.113210
v 0.393433 -1.442268 -1.130749
v 0.390601 -1.438420 -1.151032
v 0.389664 -1.441551 -1.171612
v 0.390733 -1.451283 -1.190007
v 0.393680 -1.466442 -1.203998
v 0.398150 -1.485199 -1.211897
v 0.403603 -1.505293 -1.212752
v 0.409381 -1.524299 -1.206460
v 0.414788 -1.539925 -1.193779
v 0.419172 -1.550287 -1.176240
v 0.619071 -1.485738 -1.172934
v 0.619563 -1.482761 -1.152315
v 0.617211 -1.473475 -1.133810
v 0.612297 -1.458999 -1.119650
v 0.605416 -1.441078 -1.111543
v 0.597397 -1.421875 -1.110467
v 0.589207 -1.403707 -1.116551
v 0.581834 -1.388763 -1.129062
v 0.576167 -1.378847 -1.146491
v 0.572890 -1.375154 -1.166736
v 0.572398 -1.378130 -1.187354
v 0.574751 -1.387416 -1.205859
v 0.579664 -1.401893 -1.220019
v 0.586545 -1.419813 -1.228126
v 0.594564 -1.439016 -1.229203
v 0.602755 -1.457185 -1.223118
v 0.610128 -1.472129 -1.210607
v 0.615794 -1.482045 -1.193178
v 0.805604 -1.392113 -1.188496
v 0.805675 -1.389348 -1.167843
v 0.802107 -1.380671 -1.149236
v 0.795333 -1.367129 -1.134921
v 0.786169 -1.350355 -1.126623
v 0.775720 -1.332371 -1.125344
v 0.765247 -1.315348 -1.131238
v 0.756013 -1.301338 -1.143594
v 0.749132 -1.292032 -1.160922
v 0.745433 -1.288550 -1.181131
v 0.745363 -1.291315 -1.201784
v 0.748930 -1.299992 -1.220391
v 0.755704 -1.313534 -1.234706
v 0.764868 -1.330308 -1.243004
v 0.775317 -1.348292 -1.244283
v 0.785790 -1.365315 -1.238389
v 0.795024 -1.379325 -1.226033
v 0.801906 -1.388632 -1.208705
v 0.978410 -1.274862 -1.202378
v 0.978089 -1.272362 -1.181693
v 0.973396 -1.264449 -1.162997
v 0.964898 -1.252077 -1.148543
v 0.953619 -1.236737 -1.140075
v 0.940920 -1.220281 -1.138615
v 0.928332 -1.204692 -1.144339
v 0.917374 -1.191852 -1.156557
v 0.909367 -1.183309 -1.173794
v 0.905278 -1.180093 -1.193972
v 0.905599 -1.182593 -1.214657
v 0.910291 -1.190506 -1.233354
v 0.918789 -1.202878 -1.247808
v 0.930068 -1.218218 -1.256275
v 0.942767 -1.234674 -1.257735
v 0.955355 -1.250263 -1.252011
v 0.966313 -1.263103 -1.239794
v 0.974320 -1.271646 -1.222556
v 1.134531 -1.135990 -1.214343
v 1.133857 -1.133805 -1.193631
v 1.128148 -1.126796 -1.174856
v 1.118092 -1.115809 -1.160283
v 1.104903 -1.102169 -1.151669
v 1.090170 -1.087521 -1.150053
v 1.075672 -1.073632 -1.155631
v 1.063156 -1.062178 -1.167729
v 1.054133 -1.054539 -1.184888
v 1.049690 -1.051637 -1.205039
v 1.050364 -1.053822 -1.225751
v 1.056073 -1.060831 -1.244526
v 1.066129 -1.071818 -1.259099
v 1.079319 -1.085459 -1.267713
v 1.094051 -1.100106 -1.269328
v 1.108550 -1.113995 -1.263751
v 1.121065 -1.125450 -1.251653
v 1.130089 -1.133088 -1.234494
v 1.271297 -0.977875 -1.224185
v 1.270314 -0.976047 -1.203450
v 1.263714 -0.970068 -1.184611
v 1.252294 -0.960658 -1.169940
v 1.237430 -0.948953 -1.161206
v 1.220917 -0.936365 -1.159462
v 1.204745 -0.924411 -1.164919
v 1.190865 -0.914534 -1.176919
v 1.180950 -0.907925 -1.194014
v 1.176198 -0.905381 -1.214143
v 1.177182 -0.907208 -1.234877
v 1.183782 -0.913188 -1.253716
v 1.195202 -0.922597 -1.268387
v 1.210065 -0.934302 -1.277122
v 1.226579 -0.946891 -1.278865
v 1.242751 -0.958844 -1.273408
v 1.256631 -0.968722 -1.261408
v 1.266545 -0.975331 -1.244313
v 1.386368 -0.803221 -1.231735
v 1.385124 -0.801788 -1.210984
v 1.377775 -0.796946 -1.192096
v 1.365207 -0.789279 -1.177349
v 1.348936 -0.779711 -1.168523
v 1.330923 -0.769397 -1.166680
v 1.313343 -0.759581 -1.172045
v 1.298314 -0.751446 -1.183970
v 1.287651 -0.745975 -1.201016
v 1.282639 -0.743825 -1.221127
v 1.283882 -0.745258 -1.241878
v 1.291231 -0.750100 -1.260767
v 1.303800 -0.757767 -1.275513
v 1.320071 -0.767335 -1.284340
v 1.338084 -0.777648 -1.286182
v 1.355664 -0.787465 -1.280818
v 1.370692 -0.795600 -1.268893
v 1.381356 -0.801071 -1.251847
v 1.477774 -0.615017 -1.236866
v 1.476324 -0.614010 -1.216103
v 1.468379 -0.610393 -1.197182
v 1.454899 -0.604604 -1.182384
v 1.437509 -0.597339 -1.173494
v 1.418306 -0.589477 -1.171585
v 1.399607 -0.581964 -1.176887
v 1.383667 -0.575707 -1.188761
v 1.372408 -0.571460 -1.205773
v 1.367190 -0.569737 -1.225873
v 1.368640 -0.570744 -1.246636
v 1.376584 -0.574360 -1.265557
v 1.390064 -0.580150 -1.280355
v 1.407454 -0.587414 -1.289245
v 1.426657 -0.595277 -1.291154
v 1.445356 -0.602790 -1.285852
v 1.461297 -0.609047 -1.273979
v 1.472555 -0.613293 -1.256966
v 1.543952 -0.416482 -1.239489
v 1.542352 -0.415924 -1.218720
v 1.533977 -0.413600 -1.199781
v 1.519836 -0.409791 -1.184958
v 1.501636 -0.404957 -1.176036
v 1.481572 -0.399680 -1.174093
v 1.462063 -0.394597 -1.179363
v 1.445462 -0.390320 -1.191210
v 1.433773 -0.387367 -1.208205
v 1.428404 -0.386092 -1.228299
v 1.430004 -0.386650 -1.249068
v 1.438379 -0.388974 -1.268006
v 1.452520 -0.392782 -1.282831
v 1.470720 -0.397617 -1.291752
v 1.490784 -0.402894 -1.293695
v 1.510293 -0.407977 -1.288426
v 1.526894 -0.412254 -1.276578
v 1.538583 -0.415207 -1.259583
v 1.583769 -0.211014 -1.239559
v 1.582079 -0.210921 -1.218790
v 1.573445 -0.209935 -1.199851
v 1.558907 -0.208176 -1.185026
v 1.540220 -0.205856 -1.176104
v 1.519636 -0.203255 -1.174160
v 1.499640 -0.200686 -1.179429
v 1.482642 -0.198460 -1.191275
v 1.470694 -0.196844 -1.208270
v 1.465235 -0.196034 -1.228364
v 1.466925 -0.196128 -1.249133
v 1.475559 -0.197113 -1.268072
v 1.490097 -0.198872 -1.282897
v 1.508785 -0.201192 -1.291819
v 1.529368 -0.203793 -1.293763
v 1.549364 -0.206362 -1.288494
v 1.566362 -0.208589 -1.276648
v 1.578310 -0.210204 -1.259653
v -1.575423 -0.229164 -0.948504
v -1.569969 -0.229030 -0.928393
v -1.558031 -0.227926 -0.911349
v -1.541051 -0.225986 -0.899428
v -1.521075 -0.223444 -0.894068
v -1.500514 -0.220606 -0.895914
v -1.481848 -0.217815 -0.904746
v -1.467328 -0.215408 -0.919496
v -1.458704 -0.213674 -0.938386
v -1.457018 -0.212823 -0.959138
v -1.462472 -0.212958 -0.979249
v -1.474410 -0.214061 -0.996293
v -1.491391 -0.216001 -1.008214
v -1.511366 -0.218543 -1.013574
v -1.531927 -0.221381 -1.011728
v -1.550593 -0.224172 -1.002897
v -1.565114 -0.226580 -0.988146
v -1.573738 -0.228313 -0.969256
v -1.533926 -0.434164 -0.955925
v -1.528565 -0.433566 -0.935798
v -1.516897 -0.431127 -0.918706
v -1.500331 -0.427142 -0.906711
v -1.480864 -0.422091 -0.901259
v -1.460843 -0.416584 -0.903009
v -1.442684 -0.411284 -0.911749
v -1.428578 -0.406831 -0.926426
v -1.420224 -0.403763 -0.945268
v -1.418633 -0.402448 -0.966003
v -1.423993 -0.403046 -0.986130
v -1.435660 -0.405485 -1.003222
v -1.452227 -0.409470 -1.015218
v -1.471695 -0.414521 -1.020669
v -1.491715 -0.420028 -1.018919
v -1.509874 -0.425328 -1.010179
v -1.523980 -0.429781 -0.995503
v -1.532333 -0.432850 -0.976661
v -1.466125 -0.631930 -0.965646
v -1.460917 -0.630885 -0.945497
v -1.449691 -0.627158 -0.928341
v -1.433801 -0.621200 -0.916249
v -1.415163 -0.613729 -0.910679
v -1.396026 -0.605646 -0.912302
v -1.378697 -0.597926 -0.920923
v -1.365267 -0.591500 -0.935503
v -1.357355 -0.587143 -0.954281
v -1.355917 -0.585382 -0.974995
v -1.361124 -0.586427 -0.995144
v -1.372350 -0.590153 -1.012299
v -1.388240 -0.596111 -1.024392
v -1.406878 -0.603583 -1.029962
v -1.426015 -0.611666 -1.028338
v -1.443344 -0.619386 -1.019717
v -1.456774 -0.625812 -1.005138
v -1.464686 -0.630168 -0.986359
v -1.373181 -0.819075 -0.977499
v -1.368184 -0.817606 -0.957323
v -1.357563 -0.812661 -0.940091
v -1.342601 -0.804836 -0.927880
v -1.325100 -0.795074 -0.922165
v -1.307173 -0.784554 -0.923634
v -1.290982 -0.774544 -0.932110
v -1.278479 -0.766251 -0.946571
v -1.271173 -0.760675 -0.965272
v -1.269944 -0.758490 -0.985959
v -1.274942 -0.759959 -1.006135
v -1.285562 -0.764904 -1.023368
v -1.300525 -0.772730 -1.035578
v -1.318025 -0.782491 -1.041293
v -1.335952 -0.793011 -1.039824
v -1.352144 -0.803022 -1.031348
v -1.364646 -0.811315 -1.016887
v -1.371953 -0.816890 -0.998186
v -1.256686 -0.992398 -0.991283
v -1.251952 -0.990538 -0.971075
v -1.242090 -0.984464 -0.953753
v -1.228290 -0.974909 -0.941405
v -1.212215 -0.963027 -0.935521
v -1.195805 -0.950249 -0.936810
v -1.181040 -0.938118 -0.945118
v -1.169699 -0.928095 -0.959441
v -1.163151 -0.921392 -0.978053
v -1.162186 -0.918815 -0.998708
v -1.166919 -0.920675 -1.018916
v -1.176782 -0.926749 -1.036238
v -1.190582 -0.936303 -1.048586
v -1.206657 -0.948186 -1.054470
v -1.223067 -0.960964 -1.053181
v -1.237832 -0.973095 -1.044873
v -1.249173 -0.983117 -1.030550
v -1.255721 -0.989821 -1.011938
v -1.118632 -1.148934 -1.006760
v -1.114210 -1.146720 -0.986517
v -1.105247 -1.139627 -0.969094
v -1.092824 -1.128510 -0.956592
v -1.078439 -1.114712 -0.950519
v -1.063827 -1.099896 -0.951606
v -1.050750 -1.085849 -0.959724
v -1.040787 -1.074265 -0.973894
v -1.035139 -1.066542 -0.992404
v -1.034486 -1.063611 -1.013025
v -1.038907 -1.065825 -1.033267
v -1.047870 -1.072919 -1.050690
v -1.060293 -1.084035 -1.063192
v -1.074679 -1.097833 -1.069266
v -1.089291 -1.112649 -1.068178
v -1.102367 -1.126696 -1.060060
v -1.112330 -1.138280 -1.045891
v -1.117979 -1.146003 -1.027380
v -0.961379 -1.286006 -1.023667
v -0.957314 -1.283481 -1.003386
v -0.949374 -1.275496 -0.985853
v -0.938520 -1.263012 -0.973182
v -0.926060 -1.247536 -0.966901
v -0.913496 -1.230935 -0.967769
v -0.902344 -1.215210 -0.975680
v -0.893949 -1.202259 -0.989680
v -0.889325 -1.193643 -1.008081
v -0.889027 -1.190402 -1.028663
v -0.893093 -1.192927 -1.048944
v -0.901032 -1.200912 -1.066477
v -0.911887 -1.213396 -1.079148
v -0.924348 -1.228872 -1.085429
v -0.936911 -1.245473 -1.084561
v -0.948063 -1.261198 -1.076650
v -0.956457 -1.274149 -1.062649
v -0.961082 -1.282765 -1.044248
v -0.787622 -1.401266 -1.041713
v -0.783949 -1.398481 -1.021392
v -0.777142 -1.389745 -1.003741
v -0.768021 -1.376111 -0.990890
v -0.757686 -1.359225 -0.984389
v -0.747386 -1.341122 -0.985021
v -0.738361 -1.323986 -0.992711
v -0.731700 -1.309885 -1.006532
v -0.728206 -1.300519 -1.024815
v -0.728302 -1.297017 -1.045356
v -0.731975 -1.299802 -1.065678
v -0.738782 -1.308539 -1.083329
v -0.747903 -1.322173 -1.096179
v -0.758237 -1.339059 -1.102681
v -0.768538 -1.357162 -1.102048
v -0.777564 -1.374297 -1.094358
v -0.784224 -1.388398 -1.080538
v -0.787718 -1.397764 -1.062254
v -0.600332 -1.492743 -1.060591
v -0.597082 -1.489751 -1.040227
v -0.591495 -1.480419 -1.022453
v -0.584242 -1.465873 -1.009413
v -0.576200 -1.447867 -1.002681
v -0.568338 -1.428573 -1.003068
v -0.561605 -1.410318 -1.010527
v -0.556813 -1.395304 -1.024159
v -0.554539 -1.385342 -1.042320
v -0.555058 -1.381634 -1.062818
v -0.558307 -1.384626 -1.083182
v -0.563896 -1.393958 -1.100956
v -0.571148 -1.408504 -1.113995
v -0.579190 -1.426510 -1.120728
v -0.587052 -1.445804 -1.120341
v -0.593785 -1.464059 -1.112882
v -0.598577 -1.479073 -1.099250
v -0.600851 -1.489035 -1.081089
v -0.402712 -1.558872 -1.079977
v -0.399909 -1.555731 -1.059569
v -0.395608 -1.545968 -1.041669
v -0.390327 -1.530762 -1.028436
v -0.384703 -1.511947 -1.021466
v -0.379415 -1.491791 -1.021601
v -0.375101 -1.472728 -1.028823
v -0.372280 -1.457054 -1.042261
v -0.371293 -1.446661 -1.060296
v -0.372259 -1.442803 -1.080750
v -0.375062 -1.445945 -1.101158
v -0.379363 -1.455708 -1.119058
v -0.384644 -1.470914 -1.132291
v -0.390267 -1.489729 -1.139260
v -0.395555 -1.509884 -1.139126
v -0.399870 -1.528948 -1.131904
v -0.402691 -1.544622 -1.118466
v -0.403678 -1.555014 -1.100431
v -0.198145 -1.598522 -1.099539
v -0.195805 -1.595290 -1.079087
v -0.192836 -1.585269 -1.061059
v -0.189596 -1.569668 -1.047632
v -0.186476 -1.550367 -1.040423
v -0.183852 -1.529696 -1.040302
v -0.182041 -1.510147 -1.047285
v -0.181261 -1.494077 -1.060528
v -0.181607 -1.483426 -1.078435
v -0.183035 -1.479479 -1.098845
v -0.185376 -1.482710 -1.119298
v -0.188344 -1.492731 -1.137325
v -0.191584 -1.508332 -1.150753
v -0.194704 -1.527633 -1.157962
v -0.197328 -1.548304 -1.158082
v -0.199139 -1.567854 -1.151100
v -0.199919 -1.583923 -1.137856
v -0.199574 -1.594574 -1.119949
v 1.583872 -0.211538 0.995951
v 1.579222 -0.210499 1.016237
v 1.567972 -0.208619 1.033676
v 1.551479 -0.206124 1.046165
v 1.531733 -0.203316 1.052198
v 1.511114 -0.200533 1.051046
v 1.492110 -0.198111 1.042849
v 1.477013 -0.196341 1.028596
v 1.467643 -0.195438 1.010005
v 1.465132 -0.195510 0.989319
v 1.469782 -0.196549 0.969034
v 1.481031 -0.198429 0.951594
v 1.497524 -0.200924 0.939105
v 1.517271 -0.203732 0.933073
v 1.537890 -0.206515 0.934225
v 1.556894 -0.208938 0.942421
v 1.571991 -0.210707 0.956675
v 1.581361 -0.211610 0.975266
v 1.598485 -0.002817 0.991054
v 1.593803 -0.002250 1.011351
v 1.582458 -0.001729 1.028822
v 1.565819 -0.001317 1.041359
v 1.545894 -0.001063 1.047452
v 1.525084 -0.000998 1.046364
v 1.505901 -0.001130 1.038227
v 1.490658 -0.001443 1.024023
v 1.481194 -0.001899 1.005464
v 1.478650 -0.002443 0.984789
v 1.483332 -0.003010 0.964492
v 1.494677 -0.003531 0.947021
v 1.511316 -0.003943 0.934483
v 1.531242 -0.004197 0.928391
v 1.552051 -0.004262 0.929479
v 1.571234 -0.004130 0.937616
v 1.586477 -0.003817 0.951820
v 1.595941 -0.003361 0.970379
v 1.585760 0.205991 0.984727
v 1.581106 0.206085 1.005038
v 1.569844 0.205246 1.022550
v 1.553333 0.203576 1.035151
v 1.533563 0.201274 1.041321
v 1.512919 0.198619 1.040316
v 1.493892 0.195932 1.032256
v 1.478776 0.193536 1.018115
v 1.469394 0.191720 0.999597
v 1.466879 0.190704 0.978937
v 1.471533 0.190609 0.958626
v 1.482795 0.191448 0.941113
v 1.499307 0.193119 0.928512
v 1.519076 0.195420 0.922343
v 1.539720 0.198075 0.923348
v 1.558747 0.200762 0.931407
v 1.573863 0.203158 0.945549
v 1.583245 0.204974 0.964067
v 1.545914 0.411310 0.977079
v 1.541350 0.410940 0.997408
v 1.530348 0.408764 1.014970
v 1.514233 0.405045 1.027647
v 1.494951 0.400231 1.033910
v 1.474827 0.394902 1.033005
v 1.456287 0.389702 1.025039
v 1.441568 0.385257 1.010973
v 1.432446 0.382105 0.992506
v 1.430021 0.380624 0.971863
v 1.434585 0.380993 0.951534
v 1.445587 0.383169 0.933972
v 1.461702 0.386889 0.921295
v 1.480984 0.391703 0.915031
v 1.501108 0.397031 0.915937
v 1.519648 0.402231 0.923903
v 1.534366 0.406676 0.937968
v 1.543489 0.409829 0.956436
v 1.479628 0.609629 0.968241
v 1.475214 0.608811 0.988590
v 1.464643 0.605343 1.006209
v 1.449190 0.599645 1.018975
v 1.430719 0.592404 1.025346
v 1.411458 0.584493 1.024556
v 1.393730 0.576866 1.016698
v 1.379672 0.570443 1.002721
v 1.370982 0.565998 0.984311
v 1.368706 0.564069 0.963688
v 1.373120 0.564887 0.943339
v 1.383691 0.568354 0.925719
v 1.399144 0.574052 0.912954
v 1.417615 0.581294 0.906583
v 1.436877 0.589205 0.907373
v 1.454605 0.596832 0.915231
v 1.468662 0.603255 0.929208
v 1.477353 0.607699 0.947618
v 1.388037 0.797553 0.958365
v 1.383830 0.796310 0.978735
v 1.373856 0.791619 0.996419
v 1.359317 0.784047 1.009283
v 1.341966 0.774505 1.015776
v 1.323898 0.764147 1.015114
v 1.307291 0.754219 1.007377
v 1.294147 0.745922 0.993498
v 1.286053 0.740254 0.975152
v 1.283985 0.737899 0.954552
v 1.288192 0.739142 0.934181
v 1.298166 0.743833 0.916497
v 1.312705 0.751406 0.903633
v 1.330055 0.760947 0.897141
v 1.348124 0.771306 0.897803
v 1.364731 0.781233 0.905539
v 1.377875 0.789531 0.919418
v 1.385969 0.795199 0.937764
v 1.272707 0.971869 0.947618
v 1.268762 0.970232 0.968013
v 1.259538 0.964406 0.985767
v 1.246150 0.955094 0.998738
v 1.230211 0.943420 1.005362
v 1.213644 0.930791 1.004840
v 1.198448 0.918730 0.997235
v 1.186455 0.908693 0.983463
v 1.179112 0.901890 0.965187
v 1.177305 0.899142 0.944611
v 1.181251 0.900779 0.924216
v 1.190474 0.906605 0.906462
v 1.203863 0.915917 0.893491
v 1.219802 0.927591 0.886867
v 1.236368 0.940220 0.887389
v 1.251564 0.952281 0.894994
v 1.263557 0.962318 0.908765
v 1.270900 0.969121 0.927042
v 1.135613 1.129593 0.936185
v 1.131977 1.127599 0.956606
v 1.123646 1.120746 0.974435
v 1.111625 1.109861 0.987520
v 1.097365 1.096256 0.994284
v 1.082584 1.081573 0.993910
v 1.069065 1.067582 0.986445
v 1.058440 1.055972 0.972788
v 1.051990 1.048142 0.954586
v 1.050493 1.045036 0.934036
v 1.054129 1.047030 0.913615
v 1.062459 1.053883 0.895787
v 1.074480 1.064769 0.882701
v 1.088741 1.078374 0.875937
v 1.103522 1.093057 0.876311
v 1.117040 1.107047 0.883776
v 1.127665 1.118658 0.897433
v 1.134115 1.126488 0.915635
v 0.979100 1.268026 0.924262
v 0.975818 1.265719 0.944710
v 0.968506 1.257964 0.962616
v 0.958047 1.245698 0.975820
v 0.945702 1.230399 0.982730
v 0.932959 1.213913 0.982512
v 0.921356 1.198228 0.975193
v 0.912293 1.185236 0.961655
v 0.906862 1.176505 0.943531
v 0.905718 1.173087 0.923007
v 0.909000 1.175394 0.902559
v 0.916312 1.183148 0.884653
v 0.926771 1.195415 0.871449
v 0.939116 1.210714 0.864539
v 0.951859 1.227200 0.864757
v 0.963462 1.242885 0.872077
v 0.972525 1.255876 0.885615
v 0.977957 1.264608 0.903739
v 0.805846 1.384800 0.912053
v 0.802956 1.382229 0.932529
v 0.796772 1.373714 0.950514
v 0.788042 1.360282 0.963840
v 0.777817 1.343554 0.970899
v 0.767330 1.325547 0.970840
v 0.757848 1.308433 0.963670
v 0.750513 1.294277 0.950254
v 0.746210 1.284785 0.932209
v 0.745458 1.281102 0.911713
v 0.748348 1.283674 0.891238
v 0.754532 1.292189 0.873252
v 0.763262 1.305620 0.859926
v 0.773488 1.322348 0.852867
v 0.783974 1.340355 0.852926
v 0.793456 1.357469 0.860096
v 0.800791 1.371626 0.873513
v 0.805094 1.381117 0.891557
v 0.618815 1.477917 0.899766
v 0.616347 1.475135 0.920269
v 0.611382 1.466014 0.938335
v 0.604517 1.451653 0.951784
v 0.596581 1.433786 0.958993
v 0.588530 1.414566 0.959094
v 0.581337 1.396312 0.952075
v 0.575868 1.381227 0.938781
v 0.572783 1.371128 0.920816
v 0.572454 1.367235 0.900348
v 0.574921 1.370017 0.879845
v 0.579887 1.379139 0.861779
v 0.586752 1.393499 0.848331
v 0.594688 1.411367 0.841121
v 0.602738 1.430586 0.841020
v 0.609932 1.448840 0.848040
v 0.615401 1.463925 0.861334
v 0.618486 1.474024 0.879298
v 0.421207 1.545783 0.887612
v 0.419187 1.542848 0.908143
v 0.415508 1.533285 0.926287
v 0.410614 1.518247 0.939857
v 0.405097 1.499549 0.947216
v 0.399620 1.479445 0.947475
v 0.394845 1.460361 0.940604
v 0.391347 1.444598 0.927432
v 0.389549 1.434058 0.909546
v 0.389667 1.430012 0.889106
v 0.391687 1.432947 0.868575
v 0.395366 1.442510 0.850430
v 0.400259 1.457548 0.836860
v 0.405777 1.476246 0.829502
v 0.411254 1.496349 0.829243
v 0.416029 1.515434 0.836114
v 0.419527 1.531196 0.849286
v 0.421325 1.541737 0.867171
v 0.216404 1.587237 0.875799
v 0.214847 1.584208 0.896356
v 0.212502 1.574375 0.914578
v 0.209652 1.558924 0.928266
v 0.206640 1.539719 0.935768
v 0.203831 1.519075 0.936182
v 0.201562 1.499484 0.929455
v 0.200108 1.483307 0.916401
v 0.199643 1.472497 0.898592
v 0.200224 1.468357 0.878178
v 0.201781 1.471386 0.857621
v 0.204126 1.481219 0.839399
v 0.206977 1.496670 0.825711
v 0.209988 1.515876 0.818209
v 0.212798 1.536519 0.817795
v 0.215067 1.556111 0.824522
v 0.216521 1.572287 0.837576
v 0.216985 1.583097 0.855385
v 0.007910 1.601571 0.864528
v 0.006824 1.598509 0.885111
v 0.005837 1.588583 0.903406
v 0.005067 1.572989 0.917206
v 0.004607 1.553608 0.924847
v 0.004513 1.532778 0.925407
v 0.004795 1.513011 0.918819
v 0.005421 1.496692 0.905876
v 0.006314 1.485788 0.888142
v 0.007367 1.481615 0.867753
v 0.008453 1.484677 0.847170
v 0.009440 1.494603 0.828875
v 0.010210 1.510198 0.815075
v 0.010670 1.529578 0.807434
v 0.010764 1.550408 0.806874
v 0.010481 1.570175 0.813462
v 0.009856 1.586495 0.826405
v 0.008963 1.597398 0.844140
v -0.200709 1.588538 0.853993
v -0.201322 1.585506 0.874600
v -0.200951 1.575664 0.892964
v -0.199640 1.560200 0.906869
v -0.197547 1.540979 0.914639
v -0.194924 1.520319 0.915336
v -0.192088 1.500711 0.908876
v -0.189381 1.484522 0.896039
v -0.187129 1.473703 0.878373
v -0.185605 1.469560 0.858008
v -0.184991 1.472592 0.837401
v -0.185362 1.482434 0.819038
v -0.186673 1.497898 0.805133
v -0.188767 1.517119 0.797363
v -0.191389 1.537779 0.796666
v -0.194225 1.557387 0.803125
v -0.196932 1.573576 0.815962
v -0.199184 1.584395 0.833629
v -0.405880 1.548362 0.844374
v -0.406030 1.545421 0.865003
v -0.404323 1.535841 0.883429
v -0.400965 1.520777 0.897430
v -0.396361 1.502048 0.905318
v -0.391066 1.481911 0.906140
v -0.385719 1.462795 0.899799
v -0.380965 1.447006 0.887057
v -0.377377 1.436449 0.869454
v -0.375389 1.432397 0.849111
v -0.375239 1.435338 0.828482
v -0.376946 1.444918 0.810056
v -0.380304 1.459982 0.796055
v -0.384909 1.478711 0.788167
v -0.390203 1.498848 0.787345
v -0.395550 1.517964 0.793687
v -0.400304 1.533752 0.806428
v -0.403892 1.544309 0.824031
v -0.604096 1.481730 0.835836
v -0.603797 1.478939 0.856484
v -0.600800 1.469793 0.874966
v -0.595464 1.455395 0.889052
v -0.588434 1.437481 0.897044
v -0.580558 1.418211 0.897978
v -0.572785 1.399911 0.891741
v -0.566054 1.384787 0.879085
v -0.561175 1.374664 0.861536
v -0.558738 1.370763 0.841213
v -0.559037 1.373553 0.820565
v -0.562035 1.382699 0.802083
v -0.567370 1.397098 0.787997
v -0.574400 1.415012 0.780005
v -0.582277 1.434281 0.779071
v -0.590049 1.452581 0.785308
v -0.596781 1.467705 0.797964
v -0.601659 1.477828 0.815512
v -0.791964 1.389782 0.828524
v -0.791241 1.387200 0.849189
v -0.787020 1.378652 0.867718
v -0.779810 1.365171 0.881878
v -0.770481 1.348382 0.889959
v -0.760158 1.330310 0.890988
v -0.750086 1.313135 0.884840
v -0.741480 1.298929 0.872257
v -0.735378 1.289404 0.854757
v -0.732516 1.285711 0.834449
v -0.733240 1.288293 0.813785
v -0.737461 1.296841 0.795256
v -0.744671 1.310322 0.781096
v -0.754000 1.327111 0.773015
v -0.764323 1.345183 0.771986
v -0.774395 1.362357 0.778134
v -0.783001 1.376564 0.790717
v -0.789103 1.386088 0.808217
v -0.966271 1.274092 0.822564
v -0.965153 1.271771 0.843242
v -0.959797 1.263977 0.861810
v -0.950848 1.251650 0.876029
v -0.939385 1.236277 0.884184
v -0.926792 1.219712 0.885290
v -0.914587 1.203952 0.879215
v -0.904243 1.190900 0.866692
v -0.897006 1.182129 0.849230
v -0.893750 1.178697 0.828936
v -0.894867 1.181018 0.808258
v -0.900224 1.188812 0.789690
v -0.909173 1.201139 0.775472
v -0.920635 1.216512 0.767317
v -0.933228 1.233077 0.766211
v -0.945433 1.248836 0.772285
v -0.955778 1.261889 0.784809
v -0.963015 1.270660 0.802271
v -1.124031 1.136639 0.818058
v -1.122557 1.134628 0.838746
v -1.116174 1.127730 0.857344
v -1.105651 1.116774 0.871607
v -1.092258 1.103083 0.879817
v -1.077610 1.088308 0.880982
v -1.063474 1.074231 0.874962
v -1.051555 1.062550 0.862484
v -1.043291 1.054674 0.845051
v -1.039679 1.051553 0.824768
v -1.041153 1.053563 0.804080
v -1.047536 1.060462 0.785482
v -1.058059 1.071418 0.771219
v -1.071452 1.085109 0.763009
v -1.086100 1.099884 0.761844
v -1.100236 1.113961 0.767864
v -1.112155 1.125641 0.780342
v -1.120419 1.133517 0.797774
v -1.262548 0.979775 0.815083
v -1.260761 0.978119 0.835777
v -1.253475 0.972242 0.854394
v -1.241570 0.962851 0.868688
v -1.226482 0.951080 0.876934
v -1.210030 0.938348 0.878138
v -1.194200 0.926191 0.872154
v -1.180899 0.916075 0.859705
v -1.171733 0.909220 0.842292
v -1.167807 0.906454 0.822016
v -1.169594 0.908109 0.801321
v -1.176880 0.913987 0.782704
v -1.188785 0.923377 0.768411
v -1.203873 0.935149 0.760165
v -1.220325 0.947881 0.758961
v -1.236156 0.960038 0.764944
v -1.249456 0.970154 0.777393
v -1.258623 0.977008 0.794806
v -1.379452 0.806182 0.813689
v -1.377400 0.804919 0.834387
v -1.369353 0.800172 0.853013
v -1.356282 0.792513 0.867320
v -1.339763 0.782867 0.875583
v -1.321789 0.772395 0.876805
v -1.304528 0.762363 0.870839
v -1.290061 0.753979 0.858404
v -1.280133 0.748255 0.841000
v -1.275943 0.745881 0.820726
v -1.277995 0.747144 0.800028
v -1.286042 0.751891 0.781402
v -1.299113 0.759549 0.767095
v -1.315632 0.769196 0.758832
v -1.333606 0.779667 0.757610
v -1.350868 0.789700 0.763576
v -1.365334 0.798084 0.776011
v -1.375262 0.803808 0.793415
v -1.472740 0.618834 0.813900
v -1.470478 0.617995 0.834598
v -1.461823 0.614468 0.853223
v -1.447821 0.608678 0.867528
v -1.430161 0.601324 0.875788
v -1.410972 0.593293 0.877008
v -1.392568 0.585553 0.871039
v -1.377171 0.579038 0.858602
v -1.366636 0.574534 0.841196
v -1.362234 0.572584 0.820922
v -1.364497 0.573423 0.800225
v -1.373152 0.576950 0.781600
v -1.387154 0.582740 0.767295
v -1.404814 0.590093 0.759035
v -1.424003 0.598125 0.757815
v -1.442407 0.605865 0.763784
v -1.457805 0.612380 0.776221
v -1.468339 0.616884 0.793626
v -1.540819 0.420934 0.815714
v -1.538402 0.420543 0.836408
v -1.529304 0.418304 0.855020
v -1.514623 0.414489 0.869308
v -1.496129 0.409557 0.877546
v -1.476053 0.404103 0.878742
v -1.456817 0.398785 0.872750
v -1.440740 0.394245 0.860295
v -1.429762 0.391029 0.842878
v -1.425207 0.389527 0.822600
v -1.427624 0.389918 0.801906
v -1.436721 0.392156 0.783294
v -1.451402 0.395972 0.769007
v -1.469896 0.400904 0.760768
v -1.489972 0.406358 0.759573
v -1.509208 0.411676 0.765564
v -1.525285 0.416216 0.778019
v -1.536263 0.419432 0.795436
v -1.582521 0.215870 0.819099
v -1.580010 0.215942 0.839785
v -1.570641 0.215039 0.858375
v -1.555544 0.213269 0.872629
v -1.536540 0.210847 0.880826
v -1.515921 0.208064 0.881977
v -1.496174 0.205255 0.875945
v -1.479681 0.202761 0.863456
v -1.468431 0.200881 0.846017
v -1.463782 0.199842 0.825731
v -1.466293 0.199769 0.805045
v -1.475662 0.200673 0.786454
v -1.490759 0.202442 0.772201
v -1.509763 0.204864 0.764004
v -1.530382 0.207648 0.762852
v -1.550129 0.210456 0.768885
v -1.566622 0.212951 0.781374
v -1.577872 0.214831 0.798813
v -1.593522 -0.006645 0.826787
v -1.589506 -0.006541 0.847174
v -1.578758 -0.006441 0.864959
v -1.562574 -0.006356 0.877997
v -1.542906 -0.006296 0.884715
v -1.522127 -0.006269 0.884303
v -1.502742 -0.006278 0.876811
v -1.487090 -0.006321 0.863142
v -1.477059 -0.006394 0.844945
v -1.473858 -0.006488 0.824415
v -1.477874 -0.006592 0.804028
v -1.488622 -0.006692 0.786243
v -1.504806 -0.006777 0.773205
v -1.524474 -0.006837 0.766487
v -1.545254 -0.006864 0.766898
v -1.564638 -0.006856 0.774391
v -1.580290 -0.006812 0.788060
v -1.590321 -0.006739 0.806257
v 0.009869 -1.611013 1.107654
v 0.011738 -1.607753 1.128150
v 0.013353 -1.597651 1.146303
v 0.014517 -1.581925 1.159925
v 0.015092 -1.562471 1.167371
v 0.015006 -1.541637 1.167744
v 0.014272 -1.521935 1.160999
v 0.012976 -1.505741 1.147949
v 0.011277 -1.495009 1.130169
v 0.009377 -1.491033 1.109802
v 0.007508 -1.494292 1.089306
v 0.005893 -1.504395 1.071153
v 0.004729 -1.520121 1.057531
v 0.004154 -1.539574 1.050085
v 0.004240 -1.560409 1.049712
v 0.004974 -1.580111 1.056457
v 0.006270 -1.596305 1.069506
v 0.007969 -1.607037 1.087287
v 0.217770 -1.596132 1.088740
v 0.219170 -1.592906 1.109279
v 0.219430 -1.582901 1.127555
v 0.218521 -1.567323 1.141366
v 0.216551 -1.548052 1.149043
v 0.213758 -1.527411 1.149663
v 0.210479 -1.507891 1.143149
v 0.207109 -1.491846 1.130288
v 0.204056 -1.481211 1.112631
v 0.201686 -1.477268 1.092307
v 0.200287 -1.480494 1.071768
v 0.200026 -1.490500 1.053491
v 0.200936 -1.506077 1.039681
v 0.202906 -1.525349 1.032003
v 0.205699 -1.545989 1.031384
v 0.208978 -1.565509 1.037897
v 0.212347 -1.581555 1.050758
v 0.215401 -1.592190 1.068416
v 0.422003 -1.554134 1.070640
v 0.422940 -1.551003 1.091220
v 0.421871 -1.541271 1.109614
v 0.418924 -1.526113 1.123605
v 0.414455 -1.507356 1.131504
v 0.409002 -1.487262 1.132359
v 0.403223 -1.468256 1.126067
v 0.397816 -1.452630 1.113387
v 0.393433 -1.442268 1.095847
v 0.390601 -1.438420 1.075565
v 0.389664 -1.441551 1.054985
v 0.390733 -1.451283 1.036590
v 0.393680 -1.466442 1.022599
v 0.398150 -1.485199 1.014700
v 0.403603 -1.505293 1.013845
v 0.409381 -1.524299 1.020137
v 0.414788 -1.539925 1.032817
v 0.419172 -1.550287 1.050357
v 0.619071 -1.485738 1.053663
v 0.619563 -1.482761 1.074281
v 0.617211 -1.473475 1.092787
v 0.612297 -1.458999 1.106947
v 0.605416 -1.441079 1.115054
v 0.597397 -1.421876 1.116130
v 0.589207 -1.403707 1.110046
v 0.581833 -1.388763 1.097535
v 0.576167 -1.378846 1.080106
v 0.572890 -1.375154 1.059861
v 0.572398 -1.378130 1.039243
v 0.574750 -1.387416 1.020738
v 0.579664 -1.401893 1.006578
v 0.586545 -1.419813 0.998470
v 0.594564 -1.439016 0.997394
v 0.602754 -1.457185 1.003479
v 0.610128 -1.472129 1.015990
v 0.615794 -1.482045 1.033419
v 0.805604 -1.392113 1.038101
v 0.805675 -1.389348 1.058754
v 0.802107 -1.380672 1.077361
v 0.795333 -1.367129 1.091676
v 0.786169 -1.350355 1.099973
v 0.775720 -1.332371 1.101253
v 0.765247 -1.315348 1.095359
v 0.756013 -1.301338 1.083003
v 0.749132 -1.292032 1.065675
v 0.745433 -1.288551 1.045466
v 0.745363 -1.291315 1.024812
v 0.748930 -1.299992 1.006206
v 0.755704 -1.313534 0.991891
v 0.764868 -1.330308 0.983593
v 0.775317 -1.348292 0.982314
v 0.785790 -1.365315 0.988208
v 0.795024 -1.379325 1.000564
v 0.801906 -1.388632 1.017891
v 0.978410 -1.274862 1.024218
v 0.978089 -1.272362 1.044903
v 0.973396 -1.264449 1.063600
v 0.964898 -1.252077 1.078054
v 0.953619 -1.236737 1.086522
v 0.940920 -1.220281 1.087981
v 0.928332 -1.204692 1.082257
v 0.917374 -1.191852 1.070040
v 0.909367 -1.183309 1.052803
v 0.905278 -1.180093 1.032625
v 0.905599 -1.182593 1.011940
v 0.910291 -1.190506 0.993243
v 0.918789 -1.202878 0.978789
v 0.930068 -1.218218 0.970322
v 0.942767 -1.234674 0.968862
v 0.955355 -1.250263 0.974586
v 0.966313 -1.263103 0.986803
v 0.974320 -1.271646 1.004041
v 1.134531 -1.135990 1.012254
v 1.133857 -1.133805 1.032966
v 1.128148 -1.126796 1.051741
v 1.118093 -1.115809 1.066314
v 1.104903 -1.102169 1.074928
v 1.090170 -1.087521 1.076543
v 1.075672 -1.073632 1.070966
v 1.063156 -1.062178 1.058868
v 1.054133 -1.054539 1.041709
v 1.049690 -1.051637 1.021558
v 1.050364 -1.053823 1.000846
v 1.056073 -1.060831 0.982071
v 1.066129 -1.071818 0.967498
v 1.079318 -1.085459 0.958884
v 1.094051 -1.100106 0.957268
v 1.108550 -1.113995 0.962846
v 1.121065 -1.125450 0.974944
v 1.130089 -1.133088 0.992103
v 1.271297 -0.977875 1.002412
v 1.270314 -0.976047 1.023146
v 1.263714 -0.970068 1.041985
v 1.252294 -0.960658 1.056657
v 1.237430 -0.948954 1.065391
v 1.220917 -0.936365 1.067135
v 1.204745 -0.924411 1.061678
v 1.190864 -0.914534 1.049678
v 1.180951 -0.907925 1.032583
v 1.176198 -0.905381 1.012454
v 1.177182 -0.907208 0.991720
v 1.183782 -0.913188 0.972881
v 1.195202 -0.922597 0.958210
v 1.210065 -0.934302 0.949475
v 1.226579 -0.946891 0.947731
v 1.242751 -0.958844 0.953189
v 1.256631 -0.968722 0.965189
v 1.266545 -0.975331 0.982284
v 1.386368 -0.803221 0.994861
v 1.385124 -0.801788 1.015612
v 1.377775 -0.796946 1.034501
v 1.365207 -0.789279 1.049247
v 1.348936 -0.779711 1.058074
v 1.330923 -0.769397 1.059916
v 1.313343 -0.759581 1.054552
v 1.298315 -0.751446 1.042627
v 1.287651 -0.745975 1.025581
v 1.282639 -0.743825 1.005470
v 1.283882 -0.745258 0.984718
v 1.291232 -0.750100 0.965830
v 1.303800 -0.757767 0.951083
v 1.320071 -0.767335 0.942257
v 1.338084 -0.777649 0.940415
v 1.355664 -0.787465 0.945779
v 1.370692 -0.795600 0.957704
v 1.381356 -0.801071 0.974750
v 1.477774 -0.615017 0.989731
v 1.476324 -0.614010 1.010493
v 1.468379 -0.610393 1.029415
v 1.454899 -0.604604 1.044213
v 1.437509 -0.597340 1.053102
v 1.418306 -0.589477 1.055012
v 1.399607 -0.581964 1.049709
v 1.383667 -0.575707 1.037836
v 1.372409 -0.571460 1.020824
v 1.367190 -0.569737 1.000724
v 1.368640 -0.570744 0.979961
v 1.376584 -0.574360 0.961039
v 1.390064 -0.580150 0.946241
v 1.407454 -0.587414 0.937352
v 1.426657 -0.595277 0.935443
v 1.445356 -0.602790 0.940745
v 1.461296 -0.609047 0.952618
v 1.472555 -0.613293 0.969631
v 1.543952 -0.416482 0.987108
v 1.542352 -0.415924 1.007877
v 1.533977 -0.413600 1.026815
v 1.519836 -0.409791 1.041639
v 1.501636 -0.404957 1.050561
v 1.481572 -0.399680 1.052504
v 1.462063 -0.394597 1.047234
v 1.445462 -0.390320 1.035387
v 1.433773 -0.387367 1.018391
v 1.428404 -0.386092 0.998298
v 1.430004 -0.386650 0.977529
v 1.438379 -0.388974 0.958590
v 1.452520 -0.392782 0.943766
v 1.470720 -0.397617 0.934844
v 1.490784 -0.402894 0.932901
v 1.510293 -0.407977 0.938171
v 1.526894 -0.412254 0.950018
v 1.538583 -0.415207 0.967014
v 1.583769 -0.211014 0.987038
v 1.582079 -0.210921 1.007807
v 1.573445 -0.209935 1.026746
v 1.558907 -0.208176 1.041571
v 1.540219 -0.205856 1.050493
v 1.519636 -0.203255 1.052437
v 1.499640 -0.200686 1.047168
v 1.482642 -0.198460 1.035322
v 1.470694 -0.196844 1.018327
v 1.465235 -0.196034 0.998233
v 1.466925 -0.196128 0.977464
v 1.475559 -0.197113 0.958525
v 1.490097 -0.198872 0.943700
v 1.508785 -0.201192 0.934778
v 1.529368 -0.203793 0.932834
v 1.549364 -0.206362 0.938103
v 1.566362 -0.208589 0.949949
v 1.578310 -0.210204 0.966944
v -1.593522 -0.006645 1.271010
v -1.589506 -0.006541 1.291397
v -1.578758 -0.006441 1.309182
v -1.562574 -0.006356 1.322220
v -1.542906 -0.006296 1.328938
v -1.522127 -0.006269 1.328526
v -1.502742 -0.006278 1.321034
v -1.487090 -0.006321 1.307365
v -1.477059 -0.006394 1.289168
v -1.473858 -0.006488 1.268638
v -1.477874 -0.006592 1.248251
v -1.488622 -0.006692 1.230466
v -1.504806 -0.006777 1.217428
v -1.524474 -0.006837 1.210710
v -1.545254 -0.006864 1.211122
v -1.564638 -0.006856 1.218614
v -1.580290 -0.006812 1.232283
v -1.590322 -0.006739 1.250480
v -1.575424 -0.229164 1.278093
v -1.569969 -0.229030 1.298204
v -1.558031 -0.227926 1.315247
v -1.541051 -0.225986 1.327168
v -1.521075 -0.223444 1.332529
v -1.500514 -0.220606 1.330682
v -1.481848 -0.217815 1.321851
v -1.467328 -0.215408 1.307101
v -1.458704 -0.213674 1.288211
v -1.457018 -0.212823 1.267459
v -1.462472 -0.212958 1.247348
v -1.474410 -0.214061 1.230304
v -1.491391 -0.216001 1.218383
v -1.511366 -0.218543 1.213023
v -1.531927 -0.221381 1.214869
v -1.550593 -0.224172 1.223700
v -1.565114 -0.226580 1.238450
v -1.573738 -0.228313 1.257341
v -1.533926 -0.434164 1.270671
v -1.528565 -0.433566 1.290799
v -1.516898 -0.431127 1.307891
v -1.500331 -0.427142 1.319886
v -1.480864 -0.422091 1.325338
v -1.460843 -0.416584 1.323587
v -1.442684 -0.411284 1.314847
v -1.428578 -0.406831 1.300171
v -1.420224 -0.403763 1.281329
v -1.418633 -0.402448 1.260594
v -1.423993 -0.403046 1.240466
v -1.435660 -0.405485 1.223374
v -1.452227 -0.409470 1.211379
v -1.471695 -0.414521 1.205928
v -1.491715 -0.420028 1.207678
v -1.509874 -0.425328 1.216418
v -1.523980 -0.429781 1.231094
v -1.532333 -0.432850 1.249936
v -1.466125 -0.631930 1.260951
v -1.460917 -0.630885 1.281100
v -1.449691 -0.627158 1.298256
v -1.433801 -0.621200 1.310348
v -1.415163 -0.613729 1.315918
v -1.396026 -0.605646 1.314294
v -1.378697 -0.597926 1.305673
v -1.365267 -0.591500 1.291094
v -1.357355 -0.587143 1.272316
v -1.355916 -0.585382 1.251602
v -1.361124 -0.586427 1.231453
v -1.372350 -0.590153 1.214297
v -1.388240 -0.596111 1.202205
v -1.406878 -0.603583 1.196635
v -1.426015 -0.611666 1.198258
v -1.443344 -0.619386 1.206880
v -1.456774 -0.625812 1.221459
v -1.464686 -0.630168 1.240237
v -1.373181 -0.819075 1.249097
v -1.368184 -0.817606 1.269274
v -1.357563 -0.812661 1.286506
v -1.342601 -0.804836 1.298717
v -1.325100 -0.795074 1.304432
v -1.307173 -0.784554 1.302963
v -1.290982 -0.774544 1.294487
v -1.278479 -0.766251 1.280026
v -1.271173 -0.760675 1.261324
v -1.269944 -0.758490 1.240638
v -1.274942 -0.759959 1.220462
v -1.285562 -0.764904 1.203229
v -1.300525 -0.772730 1.191019
v -1.318025 -0.782491 1.185303
v -1.335952 -0.793011 1.186772
v -1.352143 -0.803022 1.195249
v -1.364646 -0.811315 1.209709
v -1.371953 -0.816890 1.228411
v -1.256686 -0.992398 1.235314
v -1.251952 -0.990538 1.255522
v -1.242090 -0.984464 1.272844
v -1.228290 -0.974909 1.285192
v -1.212215 -0.963027 1.291076
v -1.195805 -0.950249 1.289786
v -1.181040 -0.938118 1.281479
v -1.169699 -0.928095 1.267156
v -1.163151 -0.921392 1.248544
v -1.162186 -0.918815 1.227888
v -1.166919 -0.920675 1.207681
v -1.176781 -0.926749 1.190359
v -1.190582 -0.936303 1.178011
v -1.206657 -0.948186 1.172127
v -1.223067 -0.960964 1.173416
v -1.237832 -0.973095 1.181724
v -1.249173 -0.983118 1.196047
v -1.255721 -0.989821 1.214659
v -1.118632 -1.148934 1.219837
v -1.114210 -1.146720 1.240080
v -1.105247 -1.139627 1.257502
v -1.092824 -1.128511 1.270005
v -1.078439 -1.114712 1.276078
v -1.063827 -1.099896 1.274990
v -1.050750 -1.085849 1.266873
v -1.040787 -1.074265 1.252703
v -1.035139 -1.066542 1.234192
v -1.034486 -1.063611 1.213572
v -1.038907 -1.065825 1.193330
v -1.047870 -1.072918 1.175906
v -1.060293 -1.084035 1.163404
v -1.074679 -1.097833 1.157331
v -1.089291 -1.112649 1.158419
v -1.102367 -1.126697 1.166537
v -1.112330 -1.138280 1.180706
v -1.117979 -1.146003 1.199216
v -0.961380 -1.286006 1.202930
v -0.957314 -1.283482 1.223211
v -0.949374 -1.275496 1.240744
v -0.938520 -1.263012 1.253415
v -0.926060 -1.247536 1.259696
v -0.913496 -1.230935 1.258828
v -0.902344 -1.215210 1.250917
v -0.893949 -1.202259 1.236916
v -0.889325 -1.193643 1.218516
v -0.889027 -1.190402 1.197933
v -0.893093 -1.192927 1.177653
v -0.901032 -1.200912 1.160119
v -0.911887 -1.213396 1.147449
v -0.924348 -1.228872 1.141168
v -0.936911 -1.245474 1.142036
v -0.948063 -1.261198 1.149947
v -0.956457 -1.274149 1.163947
v -0.961083 -1.282765 1.182348
v -0.787622 -1.401266 1.184884
v -0.783949 -1.398481 1.205205
v -0.777142 -1.389745 1.222856
v -0.768021 -1.376111 1.235707
v -0.757686 -1.359225 1.242208
v -0.747386 -1.341122 1.241576
v -0.738361 -1.323987 1.233885
v -0.731700 -1.309885 1.220065
v -0.728206 -1.300519 1.201782
v -0.728302 -1.297018 1.181240
v -0.731975 -1.299803 1.160919
v -0.738782 -1.308539 1.143268
v -0.747903 -1.322173 1.130417
v -0.758237 -1.339059 1.123916
v -0.768538 -1.357162 1.124549
v -0.777564 -1.374297 1.132239
v -0.784224 -1.388398 1.146059
v -0.787718 -1.397764 1.164343
v -0.600332 -1.492743 1.166006
v -0.597082 -1.489751 1.186370
v -0.591495 -1.480419 1.204144
v -0.584242 -1.465873 1.217183
v -0.576200 -1.447867 1.223915
v -0.568338 -1.428573 1.223529
v -0.561605 -1.410318 1.216069
v -0.556813 -1.395304 1.202438
v -0.554539 -1.385342 1.184277
v -0.555058 -1.381634 1.163779
v -0.558307 -1.384626 1.143414
v -0.563896 -1.393958 1.125641
v -0.571148 -1.408504 1.112601
v -0.579190 -1.426510 1.105869
v -0.587052 -1.445804 1.106256
v -0.593785 -1.464059 1.113715
v -0.598577 -1.479073 1.127347
v -0.600851 -1.489035 1.145508
v -0.402712 -1.558872 1.146620
v -0.399909 -1.555731 1.167028
v -0.395608 -1.545968 1.184928
v -0.390327 -1.530762 1.198161
v -0.384703 -1.511947 1.205130
v -0.379415 -1.491792 1.204996
v -0.375101 -1.472728 1.197774
v -0.372280 -1.457054 1.184335
v -0.371293 -1.446661 1.166301
v -0.372259 -1.442803 1.145846
v -0.375062 -1.445945 1.125438
v -0.379363 -1.455708 1.107538
v -0.384644 -1.470914 1.094306
v -0.390267 -1.489729 1.087336
v -0.395555 -1.509884 1.087471
v -0.399870 -1.528948 1.094693
v -0.402691 -1.544622 1.108131
v -0.403678 -1.555014 1.126166
v -0.198145 -1.598522 1.127058
v -0.195805 -1.595290 1.147510
v -0.192836 -1.585270 1.165537
v -0.189596 -1.569668 1.178965
v -0.186476 -1.550367 1.186174
v -0.183852 -1.529696 1.186295
v -0.182041 -1.510147 1.179312
v -0.181261 -1.494077 1.166069
v -0.181607 -1.483426 1.148162
v -0.183035 -1.479479 1.127751
v -0.185376 -1.482710 1.107299
v -0.188344 -1.492731 1.089272
v -0.191584 -1.508333 1.075844
v -0.194704 -1.527633 1.068635
v -0.197328 -1.548304 1.068514
v -0.199139 -1.567854 1.075497
v -0.199919 -1.583923 1.088740
v -0.199574 -1.594574 1.106647
v 1.583872 -0.211538 1.430886
v 1.579222 -0.210499 1.451172
v 1.567973 -0.208619 1.468611
v 1.551479 -0.206124 1.481100
v 1.531733 -0.203316 1.487133
v 1.511114 -0.200533 1.485981
v 1.492110 -0.198111 1.477784
v 1.477013 -0.196341 1.463531
v 1.467643 -0.195438 1.444940
v 1.465132 -0.195510 1.424254
v 1.469782 -0.196549 1.403969
v 1.481031 -0.198429 1.386530
v 1.497524 -0.200924 1.374040
v 1.517271 -0.203732 1.368008
v 1.537890 -0.206515 1.369160
v 1.556894 -0.208938 1.377356
v 1.571991 -0.210707 1.391610
v 1.581361 -0.211610 1.410201
v 1.598485 -0.002817 1.425989
v 1.593803 -0.002250 1.446286
v 1.582458 -0.001729 1.463757
v 1.565819 -0.001317 1.476294
v 1.545894 -0.001063 1.482387
v 1.525084 -0.000998 1.481299
v 1.505901 -0.001130 1.473162
v 1.490658 -0.001443 1.458958
v 1.481194 -0.001899 1.440399
v 1.478650 -0.002443 1.419724
v 1.483332 -0.003010 1.399427
v 1.494677 -0.003531 1.381956
v 1.511316 -0.003943 1.369418
v 1.531242 -0.004197 1.363326
v 1.552051 -0.004262 1.364414
v 1.571234 -0.004130 1.372551
v 1.586477 -0.003817 1.386755
v 1.595941 -0.003361 1.405314
v 1.585760 0.205991 1.419662
v 1.581106 0.206085 1.439973
v 1.569844 0.205246 1.457485
v 1.553333 0.203576 1.470086
v 1.533563 0.201274 1.476256
v 1.512919 0.198619 1.475251
v 1.493892 0.195932 1.467191
v 1.478776 0.193536 1.453050
v 1.469394 0.191720 1.434532
v 1.466879 0.190704 1.413872
v 1.471533 0.190609 1.393561
v 1.482795 0.191448 1.376048
v 1.499307 0.193119 1.363447
v 1.519076 0.195420 1.357278
v 1.539720 0.198075 1.358283
v 1.558747 0.200762 1.366342
v 1.573863 0.203158 1.380484
v 1.583245 0.204974 1.399002
v 1.545914 0.411310 1.412014
v 1.541350 0.410940 1.432343
v 1.530348 0.408764 1.449905
v 1.514233 0.405045 1.462582
v 1.494951 0.400231 1.468845
v 1.474827 0.394902 1.467940
v 1.456287 0.389702 1.459974
v 1.441568 0.385257 1.445909
v 1.432446 0.382105 1.427441
v 1.430021 0.380624 1.406798
v 1.434585 0.380993 1.386469
v 1.445587 0.383169 1.368907
v 1.461702 0.386888 1.356230
v 1.480984 0.391703 1.349967
v 1.501108 0.397031 1.350873
v 1.519648 0.402231 1.358838
v 1.534366 0.406676 1.372903
v 1.543489 0.409829 1.391371
v 1.479628 0.609629 1.403176
v 1.475214 0.608811 1.423525
v 1.464643 0.605343 1.441144
v 1.449190 0.599645 1.453910
v 1.430719 0.592404 1.460281
v 1.411458 0.584493 1.459491
v 1.393730 0.576866 1.451633
v 1.379672 0.570443 1.437656
v 1.370982 0.565998 1.419246
v 1.368706 0.564069 1.398623
v 1.373120 0.564887 1.378274
v 1.383691 0.568354 1.360655
v 1.399144 0.574052 1.347889
v 1.417615 0.581294 1.341518
v 1.436877 0.589205 1.342309
v 1.454605 0.596832 1.350166
v 1.468662 0.603255 1.364143
v 1.477352 0.607699 1.382553
v 1.388037 0.797553 1.393300
v 1.383830 0.796310 1.413670
v 1.373856 0.791619 1.431354
v 1.359317 0.784047 1.444218
v 1.341966 0.774505 1.450711
v 1.323898 0.764147 1.450049
v 1.307291 0.754219 1.442312
v 1.294147 0.745922 1.428434
v 1.286053 0.740254 1.410087
v 1.283985 0.737899 1.389487
v 1.288191 0.739142 1.369116
v 1.298166 0.743833 1.351432
v 1.312705 0.751406 1.338568
v 1.330055 0.760947 1.332076
v 1.348124 0.771306 1.332738
v 1.364731 0.781233 1.340474
v 1.377875 0.789531 1.354353
v 1.385968 0.795199 1.372699
v 1.272707 0.971869 1.382553
v 1.268761 0.970232 1.402948
v 1.259538 0.964406 1.420702
v 1.246149 0.955094 1.433673
v 1.230211 0.943420 1.440297
v 1.213644 0.930790 1.439775
v 1.198448 0.918730 1.432170
v 1.186455 0.908693 1.418399
v 1.179112 0.901890 1.400123
v 1.177305 0.899142 1.379546
v 1.181251 0.900779 1.359151
v 1.190474 0.906605 1.341397
v 1.203863 0.915917 1.328426
v 1.219802 0.927591 1.321802
v 1.236368 0.940220 1.322324
v 1.251564 0.952281 1.329929
v 1.263557 0.962318 1.343701
v 1.270900 0.969121 1.361977
v 1.135613 1.129593 1.371120
v 1.131977 1.127599 1.391541
v 1.123646 1.120746 1.409370
v 1.111626 1.109861 1.422455
v 1.097365 1.096256 1.429219
v 1.082584 1.081573 1.428846
v 1.069065 1.067582 1.421380
v 1.058440 1.055972 1.407723
v 1.051990 1.048141 1.389521
v 1.050493 1.045036 1.368971
v 1.054128 1.047030 1.348550
v 1.062459 1.053883 1.330722
v 1.074480 1.064769 1.317636
v 1.088741 1.078374 1.310873
v 1.103522 1.093057 1.311246
v 1.117040 1.107047 1.318711
v 1.127665 1.118658 1.332368
v 1.134115 1.126488 1.350570
v 0.979100 1.268026 1.359197
v 0.975818 1.265719 1.379645
v 0.968507 1.257965 1.397551
v 0.958047 1.245698 1.410755
v 0.945702 1.230399 1.417665
v 0.932959 1.213913 1.417447
v 0.921356 1.198228 1.410128
v 0.912293 1.185237 1.396590
v 0.906862 1.176505 1.378466
v 0.905718 1.173087 1.357942
v 0.909000 1.175394 1.337494
v 0.916312 1.183148 1.319588
v 0.926771 1.195415 1.306384
v 0.939116 1.210714 1.299474
v 0.951859 1.227200 1.299692
v 0.963462 1.242885 1.307012
v 0.972525 1.255876 1.320550
v 0.977956 1.264608 1.338674
v 0.805846 1.384800 1.346988
v 0.802956 1.382229 1.367464
v 0.796773 1.373714 1.385449
v 0.788042 1.360282 1.398775
v 0.777817 1.343554 1.405834
v 0.767330 1.325548 1.405775
v 0.757848 1.308434 1.398605
v 0.750513 1.294277 1.385189
v 0.746210 1.284785 1.367145
v 0.745458 1.281102 1.346649
v 0.748348 1.283674 1.326173
v 0.754532 1.292189 1.308188
v 0.763263 1.305620 1.294861
v 0.773488 1.322348 1.287802
v 0.783974 1.340355 1.287861
v 0.793456 1.357469 1.295031
v 0.800791 1.371626 1.308448
v 0.805094 1.381117 1.326492
v 0.618815 1.477917 1.334701
v 0.616347 1.475135 1.355205
v 0.611382 1.466014 1.373270
v 0.604517 1.451653 1.386719
v 0.596581 1.433786 1.393928
v 0.588531 1.414566 1.394029
v 0.581337 1.396312 1.387010
v 0.575868 1.381227 1.373716
v 0.572783 1.371128 1.355751
v 0.572454 1.367236 1.335283
v 0.574921 1.370017 1.314780
v 0.579887 1.379139 1.296714
v 0.586752 1.393499 1.283266
v 0.594688 1.411367 1.276056
v 0.602738 1.430586 1.275955
v 0.609932 1.448840 1.282975
v 0.615401 1.463925 1.296269
v 0.618486 1.474024 1.314233
v 0.421207 1.545783 1.322547
v 0.419186 1.542848 1.343078
v 0.415508 1.533285 1.361223
v 0.410614 1.518247 1.374792
v 0.405097 1.499549 1.382151
v 0.399620 1.479445 1.382410
v 0.394844 1.460361 1.375539
v 0.391347 1.444599 1.362367
v 0.389549 1.434058 1.344481
v 0.389667 1.430012 1.324041
v 0.391687 1.432947 1.303510
v 0.395366 1.442510 1.285365
v 0.400259 1.457548 1.271795
v 0.405777 1.476246 1.264437
v 0.411254 1.496350 1.264178
v 0.416029 1.515434 1.271049
v 0.419527 1.531196 1.284221
v 0.421325 1.541737 1.302106
v 0.216404 1.587237 1.310734
v 0.214847 1.584208 1.331291
v 0.212502 1.574375 1.349513
v 0.209652 1.558924 1.363200
v 0.206640 1.539719 1.370703
v 0.203831 1.519075 1.371117
v 0.201562 1.499484 1.364390
v 0.200108 1.483307 1.351336
v 0.199643 1.472497 1.333527
v 0.200224 1.468357 1.313113
v 0.201781 1.471386 1.292556
v 0.204126 1.481219 1.274334
v 0.206977 1.496670 1.260646
v 0.209988 1.515876 1.253144
v 0.212798 1.536519 1.252730
v 0.215066 1.556111 1.259457
v 0.216521 1.572287 1.272511
v 0.216985 1.583097 1.290320
v 0.007910 1.601571 1.299463
v 0.006824 1.598509 1.320046
v 0.005837 1.588583 1.338341
v 0.005067 1.572989 1.352141
v 0.004607 1.553608 1.359782
v 0.004513 1.532778 1.360342
v 0.004795 1.513011 1.353754
v 0.005421 1.496692 1.340812
v 0.006314 1.485788 1.323077
v 0.007367 1.481616 1.302688
v 0.008453 1.484677 1.282105
v 0.009440 1.494603 1.263810
v 0.010210 1.510198 1.250010
v 0.010670 1.529578 1.242369
v 0.010764 1.550408 1.241809
v 0.010481 1.570175 1.248397
v 0.009856 1.586495 1.261340
v 0.008963 1.597398 1.279075
v -0.200709 1.588538 1.288929
v -0.201322 1.585506 1.309535
v -0.200951 1.575664 1.327899
v -0.199640 1.560200 1.341804
v -0.197547 1.540979 1.349574
v -0.194924 1.520319 1.350271
v -0.192088 1.500711 1.343811
v -0.189381 1.484522 1.330974
v -0.187129 1.473703 1.313308
v -0.185605 1.469560 1.292943
v -0.184991 1.472592 1.272336
v -0.185362 1.482434 1.253973
v -0.186674 1.497898 1.240068
v -0.188767 1.517119 1.232298
v -0.191390 1.537780 1.231601
v -0.194225 1.557387 1.238060
v -0.196932 1.573576 1.250897
v -0.199184 1.584395 1.268564
v -0.405881 1.548362 1.279310
v -0.406030 1.545421 1.299938
v -0.404323 1.535841 1.318364
v -0.400965 1.520777 1.332365
v -0.396361 1.502048 1.340253
v -0.391066 1.481911 1.341076
v -0.385719 1.462795 1.334734
v -0.380965 1.447007 1.321993
v -0.377377 1.436449 1.304389
v -0.375389 1.432397 1.284046
v -0.375239 1.435338 1.263417
v -0.376946 1.444918 1.244991
v -0.380304 1.459982 1.230990
v -0.384909 1.478711 1.223103
v -0.390203 1.498848 1.222280
v -0.395550 1.517964 1.228622
v -0.400304 1.533752 1.241363
v -0.403892 1.544310 1.258967
v -0.604096 1.481730 1.270771
v -0.603798 1.478940 1.291419
v -0.600800 1.469793 1.309901
v -0.595464 1.455395 1.323987
v -0.588434 1.437481 1.331979
v -0.580557 1.418211 1.332913
v -0.572785 1.399911 1.326676
v -0.566054 1.384787 1.314020
v -0.561175 1.374664 1.296472
v -0.558738 1.370763 1.276148
v -0.559037 1.373553 1.255500
v -0.562035 1.382699 1.237018
v -0.567370 1.397098 1.222932
v -0.574400 1.415012 1.214940
v -0.582277 1.434281 1.214006
v -0.590049 1.452582 1.220243
v -0.596781 1.467705 1.232900
v -0.601659 1.477828 1.250448
v -0.791964 1.389782 1.263459
v -0.791241 1.387200 1.284124
v -0.787020 1.378652 1.302653
v -0.779810 1.365171 1.316813
v -0.770481 1.348382 1.324894
v -0.760158 1.330310 1.325923
v -0.750086 1.313136 1.319775
v -0.741480 1.298929 1.307192
v -0.735378 1.289405 1.289692
v -0.732516 1.285711 1.269385
v -0.733240 1.288293 1.248720
v -0.737461 1.296841 1.230191
v -0.744671 1.310322 1.216031
v -0.754000 1.327111 1.207950
v -0.764323 1.345183 1.206921
v -0.774395 1.362358 1.213069
v -0.783001 1.376564 1.225652
v -0.789103 1.386088 1.243152
v -0.966271 1.274092 1.257499
v -0.965153 1.271771 1.278177
v -0.959797 1.263977 1.296746
v -0.950848 1.251650 1.310964
v -0.939385 1.236277 1.319119
v -0.926792 1.219712 1.320225
v -0.914587 1.203952 1.314150
v -0.904243 1.190900 1.301627
v -0.897006 1.182129 1.284165
v -0.893750 1.178697 1.263871
v -0.894867 1.181018 1.243194
v -0.900224 1.188812 1.224625
v -0.909173 1.201139 1.210406
v -0.920635 1.216512 1.202252
v -0.933228 1.233077 1.201146
v -0.945433 1.248836 1.207220
v -0.955778 1.261889 1.219744
v -0.963015 1.270660 1.237206
v -1.124032 1.136639 1.252993
v -1.122557 1.134629 1.273681
v -1.116174 1.127730 1.292279
v -1.105651 1.116774 1.306542
v -1.092258 1.103083 1.314752
v -1.077610 1.088308 1.315917
v -1.063474 1.074231 1.309897
v -1.051555 1.062550 1.297419
v -1.043291 1.054674 1.279987
v -1.039679 1.051553 1.259703
v -1.041153 1.053563 1.239015
v -1.047536 1.060462 1.220417
v -1.058059 1.071418 1.206154
v -1.071452 1.085109 1.197944
v -1.086100 1.099884 1.196779
v -1.100236 1.113961 1.202799
v -1.112155 1.125641 1.215277
v -1.120419 1.133517 1.232710
v -1.262549 0.979775 1.250018
v -1.260761 0.978119 1.270712
v -1.253475 0.972242 1.289329
v -1.241571 0.962851 1.303623
v -1.226482 0.951080 1.311869
v -1.210030 0.938348 1.313073
v -1.194200 0.926191 1.307089
v -1.180899 0.916075 1.294641
v -1.171733 0.909220 1.277228
v -1.167807 0.906454 1.256951
v -1.169594 0.908109 1.236256
v -1.176880 0.913987 1.217639
v -1.188785 0.923377 1.203345
v -1.203873 0.935149 1.195100
v -1.220325 0.947881 1.193896
v -1.236156 0.960038 1.199879
v -1.249456 0.970154 1.212328
v -1.258623 0.977008 1.229741
v -1.379452 0.806182 1.248624
v -1.377400 0.804919 1.269322
v -1.369353 0.800172 1.287948
v -1.356282 0.792513 1.302255
v -1.339763 0.782867 1.310518
v -1.321789 0.772395 1.311740
v -1.304527 0.762363 1.305774
v -1.290060 0.753979 1.293339
v -1.280133 0.748255 1.275935
v -1.275943 0.745881 1.255661
v -1.277995 0.747144 1.234964
v -1.286041 0.751891 1.216338
v -1.299113 0.759549 1.202030
v -1.315632 0.769196 1.193767
v -1.333606 0.779667 1.192545
v -1.350868 0.789700 1.198511
v -1.365334 0.798084 1.210946
v -1.375262 0.803808 1.228350
v -1.472741 0.618834 1.248836
v -1.470478 0.617995 1.269533
v -1.461823 0.614468 1.288158
v -1.447821 0.608678 1.302463
v -1.430161 0.601324 1.310723
v -1.410972 0.593293 1.311943
v -1.392568 0.585553 1.305974
v -1.377171 0.579038 1.293537
v -1.366636 0.574534 1.276131
v -1.362235 0.572584 1.255857
v -1.364497 0.573423 1.235160
v -1.373152 0.576950 1.216535
v -1.387154 0.582740 1.202230
v -1.404814 0.590093 1.193970
v -1.424003 0.598125 1.192750
v -1.442407 0.605865 1.198719
v -1.457805 0.612380 1.211156
v -1.468340 0.616884 1.228562
v -1.540819 0.420934 1.250649
v -1.538402 0.420543 1.271343
v -1.529304 0.418304 1.289955
v -1.514623 0.414489 1.304242
v -1.496129 0.409557 1.312481
v -1.476053 0.404103 1.313677
v -1.456817 0.398785 1.307685
v -1.440740 0.394245 1.295230
v -1.429762 0.391029 1.277813
v -1.425207 0.389527 1.257535
v -1.427624 0.389918 1.236842
v -1.436721 0.392156 1.218229
v -1.451403 0.395972 1.203942
v -1.469896 0.400904 1.195704
v -1.489972 0.406358 1.194508
v -1.509208 0.411676 1.200499
v -1.525285 0.416216 1.212954
v -1.536263 0.419432 1.230371
v -1.582522 0.215870 1.254034
v -1.580010 0.215942 1.274720
v -1.570641 0.215039 1.293310
v -1.555544 0.213269 1.307564
v -1.536539 0.210847 1.315761
v -1.515921 0.208064 1.316912
v -1.496174 0.205255 1.310880
v -1.479681 0.202761 1.298391
v -1.468431 0.200881 1.280952
v -1.463782 0.199842 1.260666
v -1.466293 0.199769 1.239980
v -1.475662 0.200673 1.221389
v -1.490759 0.202442 1.207136
v -1.509763 0.204864 1.198939
v -1.530382 0.207648 1.197788
v -1.550129 0.210456 1.203820
v -1.566622 0.212951 1.216309
v -1.577872 0.214831 1.233748
v 0.009869 -1.611013 1.542589
v 0.011738 -1.607753 1.563085
v 0.013353 -1.597651 1.581239
v 0.014517 -1.581925 1.594860
v 0.015092 -1.562471 1.602306
v 0.015006 -1.541637 1.602680
v 0.014272 -1.521935 1.595934
v 0.012976 -1.505741 1.582885
v 0.011277 -1.495009 1.565104
v 0.009377 -1.491033 1.544738
v 0.007508 -1.494292 1.524241
v 0.005893 -1.504395 1.506088
v 0.004729 -1.520121 1.492466
v 0.004154 -1.539574 1.485020
v 0.004240 -1.560409 1.484647
v 0.004974 -1.580111 1.491392
v 0.006270 -1.596305 1.504442
v 0.007969 -1.607037 1.522222
v 0.217770 -1.596132 1.523675
v 0.219170 -1.592906 1.544214
v 0.219430 -1.582901 1.562491
v 0.218521 -1.567323 1.576301
v 0.216551 -1.548052 1.583978
v 0.213758 -1.527411 1.584598
v 0.210479 -1.507891 1.578084
v 0.207109 -1.491846 1.565223
v 0.204056 -1.481211 1.547566
v 0.201686 -1.477268 1.527242
v 0.200287 -1.480494 1.506703
v 0.200026 -1.490500 1.488426
v 0.200936 -1.506077 1.474616
v 0.202906 -1.525349 1.466938
v 0.205699 -1.545989 1.466319
v 0.208978 -1.565509 1.472833
v 0.212347 -1.581555 1.485694
v 0.215401 -1.592190 1.503351
v 0.422003 -1.554134 1.505575
v 0.422940 -1.551003 1.526154
v 0.421871 -1.541271 1.544549
v 0.418924 -1.526113 1.558540
v 0.414455 -1.507355 1.566439
v 0.409001 -1.487262 1.567295
v 0.403223 -1.468256 1.561002
v 0.397816 -1.452630 1.548322
v 0.393433 -1.442268 1.530783
v 0.390601 -1.438420 1.510500
v 0.389664 -1.441551 1.489920
v 0.390733 -1.451283 1.471525
v 0.393680 -1.466442 1.457534
v 0.398150 -1.485199 1.449635
v 0.403603 -1.505293 1.448780
v 0.409381 -1.524299 1.455072
v 0.414788 -1.539925 1.467752
v 0.419171 -1.550287 1.485292
v 0.619071 -1.485738 1.488598
v 0.619563 -1.482762 1.509216
v 0.617211 -1.473475 1.527722
v 0.612297 -1.458999 1.541882
v 0.605416 -1.441079 1.549989
v 0.597397 -1.421876 1.551065
v 0.589207 -1.403707 1.544981
v 0.581833 -1.388763 1.532470
v 0.576167 -1.378846 1.515041
v 0.572890 -1.375154 1.494796
v 0.572398 -1.378130 1.474178
v 0.574750 -1.387416 1.455673
v 0.579664 -1.401893 1.441513
v 0.586545 -1.419813 1.433405
v 0.594564 -1.439016 1.432329
v 0.602754 -1.457185 1.438414
v 0.610128 -1.472129 1.450925
v 0.615794 -1.482045 1.468354
v 0.805604 -1.392113 1.473036
v 0.805674 -1.389348 1.493689
v 0.802107 -1.380672 1.512296
v 0.795333 -1.367129 1.526611
v 0.786169 -1.350355 1.534909
v 0.775720 -1.332371 1.536188
v 0.765247 -1.315348 1.530294
v 0.756013 -1.301338 1.517938
v 0.749132 -1.292031 1.500610
v 0.745433 -1.288551 1.480401
v 0.745363 -1.291315 1.459748
v 0.748930 -1.299992 1.441141
v 0.755704 -1.313534 1.426826
v 0.764868 -1.330308 1.418528
v 0.775317 -1.348292 1.417249
v 0.785790 -1.365315 1.423143
v 0.795024 -1.379325 1.435499
v 0.801906 -1.388632 1.452826
v 0.978410 -1.274862 1.459153
v 0.978089 -1.272362 1.479838
v 0.973396 -1.264449 1.498535
v 0.964898 -1.252077 1.512989
v 0.953619 -1.236737 1.521456
v 0.940920 -1.220281 1.522916
v 0.928332 -1.204692 1.517192
v 0.917374 -1.191852 1.504975
v 0.909367 -1.183309 1.487738
v 0.905278 -1.180093 1.467560
v 0.905599 -1.182593 1.446875
v 0.910291 -1.190506 1.428178
v 0.918789 -1.202878 1.413724
v 0.930068 -1.218218 1.405257
v 0.942767 -1.234674 1.403797
v 0.955355 -1.250263 1.409521
v 0.966313 -1.263103 1.421739
v 0.974320 -1.271646 1.438976
v 1.134531 -1.135990 1.447189
v 1.133857 -1.133805 1.467901
v 1.128148 -1.126796 1.486676
v 1.118092 -1.115809 1.501249
v 1.104903 -1.102169 1.509863
v 1.090170 -1.087521 1.511479
v 1.075672 -1.073632 1.505901
v 1.063156 -1.062178 1.493803
v 1.054133 -1.054539 1.476644
v 1.049690 -1.051637 1.456493
v 1.050364 -1.053823 1.435781
v 1.056073 -1.060831 1.417006
v 1.066129 -1.071818 1.402433
v 1.079319 -1.085459 1.393819
v 1.094051 -1.100106 1.392203
v 1.108550 -1.113995 1.397781
v 1.121065 -1.125450 1.409879
v 1.130089 -1.133088 1.427038
v 1.271297 -0.977875 1.437347
v 1.270314 -0.976047 1.458082
v 1.263714 -0.970068 1.476920
v 1.252294 -0.960658 1.491592
v 1.237430 -0.948954 1.500326
v 1.220917 -0.936365 1.502070
v 1.204745 -0.924411 1.496613
v 1.190864 -0.914534 1.484613
v 1.180950 -0.907925 1.467518
v 1.176199 -0.905381 1.447389
v 1.177182 -0.907208 1.426655
v 1.183781 -0.913188 1.407816
v 1.195202 -0.922597 1.393145
v 1.210065 -0.934302 1.384410
v 1.226579 -0.946891 1.382667
v 1.242751 -0.958844 1.388124
v 1.256631 -0.968722 1.400124
v 1.266545 -0.975331 1.417219
v 1.386368 -0.803221 1.429796
v 1.385124 -0.801788 1.450548
v 1.377775 -0.796946 1.469436
v 1.365207 -0.789279 1.484182
v 1.348935 -0.779711 1.493009
v 1.330923 -0.769397 1.494851
v 1.313343 -0.759581 1.489487
v 1.298314 -0.751447 1.477562
v 1.287651 -0.745975 1.460516
v 1.282639 -0.743825 1.440405
v 1.283882 -0.745258 1.419654
v 1.291231 -0.750100 1.400765
v 1.303800 -0.757767 1.386019
v 1.320071 -0.767335 1.377192
v 1.338084 -0.777649 1.375350
v 1.355664 -0.787465 1.380714
v 1.370692 -0.795600 1.392639
v 1.381356 -0.801071 1.409685
v 1.477774 -0.615017 1.424666
v 1.476324 -0.614010 1.445428
v 1.468379 -0.610393 1.464350
v 1.454899 -0.604604 1.479148
v 1.437509 -0.597340 1.488038
v 1.418306 -0.589477 1.489946
v 1.399607 -0.581964 1.484645
v 1.383667 -0.575707 1.472771
v 1.372408 -0.571460 1.455759
v 1.367190 -0.569737 1.435659
v 1.368640 -0.570744 1.414896
v 1.376584 -0.574360 1.395975
v 1.390064 -0.580150 1.381177
v 1.407454 -0.587414 1.372287
v 1.426657 -0.595277 1.370378
v 1.445356 -0.602790 1.375680
v 1.461296 -0.609047 1.387553
v 1.472555 -0.613293 1.404566
v 1.543952 -0.416482 1.422043
v 1.542352 -0.415924 1.442812
v 1.533977 -0.413600 1.461750
v 1.519836 -0.409791 1.476574
v 1.501636 -0.404957 1.485496
v 1.481572 -0.399680 1.487439
v 1.462063 -0.394597 1.482169
v 1.445462 -0.390320 1.470322
v 1.433773 -0.387367 1.453327
v 1.428404 -0.386092 1.433233
v 1.430004 -0.386650 1.412464
v 1.438379 -0.388974 1.393525
v 1.452520 -0.392783 1.378701
v 1.470720 -0.397617 1.369779
v 1.490784 -0.402894 1.367836
v 1.510293 -0.407977 1.373106
v 1.526894 -0.412254 1.384953
v 1.538583 -0.415207 1.401949
v 1.583769 -0.211014 1.421973
v 1.582079 -0.210921 1.442742
v 1.573445 -0.209935 1.461681
v 1.558907 -0.208176 1.476506
v 1.540220 -0.205856 1.485428
v 1.519636 -0.203255 1.487372
v 1.499640 -0.200686 1.482103
v 1.482642 -0.198460 1.470257
v 1.470694 -0.196844 1.453262
v 1.465235 -0.196034 1.433168
v 1.466925 -0.196128 1.412399
v 1.475559 -0.197113 1.393460
v 1.490097 -0.198872 1.378635
v 1.508785 -0.201192 1.369713
v 1.529368 -0.203793 1.367769
v 1.549364 -0.206362 1.373038
v 1.566362 -0.208589 1.384884
v 1.578310 -0.210204 1.401879
v -1.589909 -0.020436 1.718023
v -1.584422 -0.020774 1.738123
v -1.572390 -0.021029 1.755134
v -1.555265 -0.021172 1.767005
v -1.535112 -0.021184 1.772305
v -1.514362 -0.021065 1.770393
v -1.495519 -0.020828 1.761501
v -1.480853 -0.020503 1.746701
v -1.472136 -0.020129 1.727778
v -1.470417 -0.019750 1.707015
v -1.475904 -0.019412 1.686915
v -1.487936 -0.019157 1.669904
v -1.505061 -0.019014 1.658033
v -1.525214 -0.019002 1.652733
v -1.545964 -0.019121 1.654645
v -1.564807 -0.019358 1.663537
v -1.579473 -0.019683 1.678337
v -1.588190 -0.020057 1.697260
v -1.575423 -0.229164 1.713028
v -1.569969 -0.229030 1.733139
v -1.558032 -0.227926 1.750183
v -1.541051 -0.225986 1.762103
v -1.521075 -0.223444 1.767464
v -1.500514 -0.220606 1.765617
v -1.481848 -0.217815 1.756786
v -1.467328 -0.215408 1.742036
v -1.458704 -0.213674 1.723146
v -1.457018 -0.212823 1.702394
v -1.462472 -0.212958 1.682283
v -1.474410 -0.214061 1.665239
v -1.491391 -0.216001 1.653318
v -1.511366 -0.218543 1.647958
v -1.531927 -0.221381 1.649804
v -1.550593 -0.224172 1.658635
v -1.565114 -0.226580 1.673385
v -1.573738 -0.228313 1.692276
v -1.533926 -0.434164 1.705606
v -1.528565 -0.433566 1.725734
v -1.516898 -0.431127 1.742826
v -1.500331 -0.427142 1.754821
v -1.480864 -0.422091 1.760272
v -1.460843 -0.416584 1.758522
v -1.442684 -0.411284 1.749782
v -1.428578 -0.406831 1.735106
v -1.420224 -0.403763 1.716264
v -1.418633 -0.402448 1.695529
v -1.423993 -0.403046 1.675401
v -1.435660 -0.405485 1.658309
v -1.452227 -0.409470 1.646314
v -1.471695 -0.414521 1.640863
v -1.491715 -0.420028 1.642613
v -1.509874 -0.425328 1.651353
v -1.523980 -0.429781 1.666029
v -1.532334 -0.432850 1.684871
v -1.466125 -0.631930 1.695886
v -1.460917 -0.630885 1.716035
v -1.449692 -0.627158 1.733191
v -1.433801 -0.621200 1.745283
v -1.415163 -0.613729 1.750853
v -1.396026 -0.605646 1.749230
v -1.378697 -0.597926 1.740608
v -1.365267 -0.591500 1.726029
v -1.357355 -0.587143 1.707251
v -1.355917 -0.585382 1.686538
v -1.361124 -0.586427 1.666388
v -1.372350 -0.590153 1.649232
v -1.388240 -0.596112 1.637140
v -1.406878 -0.603583 1.631570
v -1.426015 -0.611666 1.633193
v -1.443344 -0.619386 1.641814
v -1.456774 -0.625812 1.656394
v -1.464686 -0.630168 1.675172
v -1.373181 -0.819075 1.684032
v -1.368184 -0.817606 1.704209
v -1.357564 -0.812661 1.721441
v -1.342601 -0.804836 1.733652
v -1.325101 -0.795074 1.739367
v -1.307173 -0.784554 1.737898
v -1.290982 -0.774544 1.729422
v -1.278479 -0.766251 1.714961
v -1.271173 -0.760675 1.696259
v -1.269944 -0.758490 1.675573
v -1.274942 -0.759959 1.655397
v -1.285562 -0.764904 1.638164
v -1.300525 -0.772730 1.625954
v -1.318025 -0.782491 1.620239
v -1.335952 -0.793011 1.621707
v -1.352143 -0.803022 1.630184
v -1.364646 -0.811315 1.644644
v -1.371953 -0.816890 1.663346
v -1.256686 -0.992398 1.670249
v -1.251952 -0.990538 1.690457
v -1.242090 -0.984464 1.707779
v -1.228290 -0.974909 1.720127
v -1.212215 -0.963027 1.726011
v -1.195805 -0.950249 1.724721
v -1.181040 -0.938118 1.716414
v -1.169699 -0.928095 1.702091
v -1.163151 -0.921392 1.683479
v -1.162186 -0.918815 1.662823
v -1.166920 -0.920675 1.642616
v -1.176782 -0.926749 1.625294
v -1.190583 -0.936304 1.612946
v -1.206657 -0.948186 1.607062
v -1.223067 -0.960964 1.608351
v -1.237832 -0.973095 1.616659
v -1.249173 -0.983117 1.630982
v -1.255721 -0.989821 1.649594
v -1.118632 -1.148934 1.654772
v -1.114210 -1.146720 1.675014
v -1.105247 -1.139627 1.692438
v -1.092824 -1.128510 1.704940
v -1.078439 -1.114712 1.711013
v -1.063827 -1.099896 1.709925
v -1.050750 -1.085849 1.701807
v -1.040788 -1.074265 1.687638
v -1.035139 -1.066542 1.669127
v -1.034486 -1.063611 1.648507
v -1.038907 -1.065825 1.628265
v -1.047870 -1.072918 1.610842
v -1.060293 -1.084035 1.598339
v -1.074679 -1.097833 1.592266
v -1.089291 -1.112649 1.593354
v -1.102367 -1.126696 1.601472
v -1.112330 -1.138280 1.615641
v -1.117979 -1.146003 1.634152
v -0.961380 -1.286006 1.637865
v -0.957314 -1.283482 1.658146
v -0.949374 -1.275496 1.675679
v -0.938520 -1.263012 1.688350
v -0.926060 -1.247536 1.694631
v -0.913496 -1.230935 1.693763
v -0.902344 -1.215210 1.685852
v -0.893950 -1.202259 1.671852
v -0.889325 -1.193643 1.653450
v -0.889027 -1.190402 1.632868
v -0.893093 -1.192927 1.612588
v -0.901032 -1.200912 1.595055
v -0.911887 -1.213396 1.582384
v -0.924348 -1.228872 1.576103
v -0.936911 -1.245474 1.576971
v -0.948063 -1.261198 1.584882
v -0.956457 -1.274149 1.598882
v -0.961083 -1.282765 1.617283
v -0.787622 -1.401266 1.619819
v -0.783949 -1.398481 1.640140
v -0.777142 -1.389745 1.657791
v -0.768021 -1.376111 1.670642
v -0.757686 -1.359225 1.677143
v -0.747386 -1.341122 1.676511
v -0.738361 -1.323987 1.668820
v -0.731700 -1.309885 1.655000
v -0.728206 -1.300519 1.636717
v -0.728302 -1.297018 1.616175
v -0.731975 -1.299803 1.595854
v -0.738782 -1.308539 1.578203
v -0.747903 -1.322173 1.565352
v -0.758237 -1.339059 1.558851
v -0.768538 -1.357162 1.559484
v -0.777564 -1.374297 1.567174
v -0.784224 -1.388398 1.580994
v -0.787718 -1.397764 1.599278
v -0.600332 -1.492743 1.600941
v -0.597082 -1.489751 1.621305
v -0.591495 -1.480419 1.639079
v -0.584242 -1.465873 1.652118
v -0.576200 -1.447867 1.658851
v -0.568338 -1.428573 1.658464
v -0.561605 -1.410318 1.651005
v -0.556813 -1.395304 1.637373
v -0.554539 -1.385342 1.619212
v -0.555058 -1.381634 1.598714
v -0.558307 -1.384626 1.578349
v -0.563896 -1.393958 1.560576
v -0.571148 -1.408504 1.547536
v -0.579190 -1.426510 1.540804
v -0.587052 -1.445804 1.541191
v -0.593785 -1.464059 1.548650
v -0.598577 -1.479073 1.562282
v -0.600851 -1.489035 1.580443
v -0.402712 -1.558872 1.581555
v -0.399909 -1.555731 1.601963
v -0.395608 -1.545968 1.619863
v -0.390327 -1.530762 1.633096
v -0.384703 -1.511947 1.640065
v -0.379416 -1.491791 1.639931
v -0.375101 -1.472727 1.632709
v -0.372280 -1.457054 1.619271
v -0.371293 -1.446661 1.601236
v -0.372259 -1.442803 1.580782
v -0.375062 -1.445945 1.560374
v -0.379363 -1.455708 1.542474
v -0.384644 -1.470914 1.529241
v -0.390267 -1.489729 1.522271
v -0.395555 -1.509884 1.522406
v -0.399870 -1.528948 1.529628
v -0.402691 -1.544622 1.543066
v -0.403678 -1.555014 1.561100
v -0.198145 -1.598522 1.561993
v -0.195805 -1.595290 1.582445
v -0.192836 -1.585269 1.600472
v -0.189596 -1.569668 1.613900
v -0.186476 -1.550367 1.621109
v -0.183852 -1.529696 1.621230
v -0.182041 -1.510146 1.614247
v -0.181261 -1.494077 1.601004
v -0.181607 -1.483426 1.583097
v -0.183036 -1.479479 1.562686
v -0.185376 -1.482710 1.542234
v -0.188344 -1.492731 1.524207
v -0.191584 -1.508332 1.510779
v -0.194704 -1.527633 1.503570
v -0.197328 -1.548304 1.503450
v -0.199139 -1.567854 1.510432
v -0.199919 -1.583923 1.523676
v -0.199574 -1.594574 1.541582
v 1.583872 -0.211538 0.107505
v 1.579222 -0.210499 0.127791
v 1.567973 -0.208619 0.145230
v 1.551479 -0.206124 0.157719
v 1.531733 -0.203316 0.163751
v 1.511114 -0.200533 0.162600
v 1.492110 -0.198111 0.154403
v 1.477013 -0.196341 0.140150
v 1.467643 -0.195438 0.121559
v 1.465132 -0.195510 0.100873
v 1.469782 -0.196549 0.080587
v 1.481031 -0.198429 0.063148
v 1.497524 -0.200924 0.050659
v 1.517271 -0.203732 0.044627
v 1.537890 -0.206515 0.045778
v 1.556894 -0.208938 0.053975
v 1.571991 -0.210707 0.068228
v 1.581361 -0.211610 0.086819
v 1.598485 -0.002817 0.102607
v 1.593803 -0.002250 0.122904
v 1.582458 -0.001729 0.140375
v 1.565819 -0.001317 0.152913
v 1.545894 -0.001063 0.159006
v 1.525084 -0.000998 0.157918
v 1.505901 -0.001130 0.149781
v 1.490658 -0.001443 0.135576
v 1.481194 -0.001899 0.117017
v 1.478650 -0.002443 0.096343
v 1.483333 -0.003010 0.076046
v 1.494677 -0.003531 0.058575
v 1.511316 -0.003943 0.046037
v 1.531242 -0.004197 0.039945
v 1.552051 -0.004262 0.041032
v 1.571234 -0.004130 0.049169
v 1.586477 -0.003817 0.063374
v 1.595941 -0.003361 0.081933
v 1.585760 0.205991 0.096281
v 1.581106 0.206085 0.116592
v 1.569844 0.205246 0.134104
v 1.553333 0.203576 0.146705
v 1.533563 0.201274 0.152875
v 1.512919 0.198620 0.151869
v 1.493892 0.195932 0.143810
v 1.478776 0.193536 0.129668
v 1.469394 0.191720 0.111151
v 1.466879 0.190704 0.090490
v 1.471533 0.190609 0.070179
v 1.482795 0.191448 0.052667
v 1.499306 0.193119 0.040066
v 1.519076 0.195420 0.033896
v 1.539720 0.198075 0.034902
v 1.558747 0.200762 0.042961
v 1.573863 0.203158 0.057102
v 1.583245 0.204974 0.075620
v 1.545914 0.411310 0.088633
v 1.541350 0.410940 0.108961
v 1.530348 0.408764 0.126523
v 1.514233 0.405045 0.139201
v 1.494951 0.400231 0.145464
v 1.474826 0.394902 0.144558
v 1.456287 0.389702 0.136592
v 1.441569 0.385257 0.122527
v 1.432446 0.382105 0.104059
v 1.430021 0.380624 0.083416
v 1.434585 0.380993 0.063088
v 1.445588 0.383169 0.045526
v 1.461702 0.386889 0.032849
v 1.480984 0.391703 0.026585
v 1.501108 0.397031 0.027491
v 1.519648 0.402231 0.035457
v 1.534366 0.406676 0.049522
v 1.543489 0.409829 0.067990
v 1.479628 0.609629 0.079795
v 1.475214 0.608811 0.100143
v 1.464643 0.605343 0.117763
v 1.449190 0.599646 0.130528
v 1.430719 0.592404 0.136900
v 1.411458 0.584493 0.136109
v 1.393729 0.576866 0.128251
v 1.379672 0.570443 0.114275
v 1.370982 0.565998 0.095864
v 1.368706 0.564069 0.075241
v 1.373120 0.564887 0.054893
v 1.383691 0.568354 0.037273
v 1.399144 0.574052 0.024508
v 1.417615 0.581294 0.018136
v 1.436877 0.589205 0.018927
v 1.454605 0.596832 0.026785
v 1.468662 0.603255 0.040761
v 1.477352 0.607700 0.059172
v 1.388037 0.797553 0.069918
v 1.383830 0.796310 0.090289
v 1.373856 0.791619 0.107973
v 1.359317 0.784047 0.120837
v 1.341966 0.774505 0.127329
v 1.323898 0.764147 0.126667
v 1.307291 0.754220 0.118930
v 1.294147 0.745922 0.105052
v 1.286053 0.740254 0.086706
v 1.283985 0.737899 0.066105
v 1.288191 0.739143 0.045734
v 1.298166 0.743833 0.028051
v 1.312705 0.751406 0.015187
v 1.330055 0.760947 0.008694
v 1.348124 0.771306 0.009356
v 1.364731 0.781233 0.017093
v 1.377875 0.789531 0.030971
v 1.385969 0.795199 0.049317
v 1.272707 0.971869 0.059172
v 1.268761 0.970232 0.079567
v 1.259538 0.964406 0.097321
v 1.246149 0.955094 0.110292
v 1.230211 0.943420 0.116916
v 1.213644 0.930791 0.116394
v 1.198448 0.918730 0.108788
v 1.186455 0.908693 0.095017
v 1.179112 0.901890 0.076741
v 1.177305 0.899142 0.056165
v 1.181251 0.900779 0.035770
v 1.190474 0.906605 0.018016
v 1.203863 0.915917 0.005045
v 1.219802 0.927591 -0.001579
v 1.236368 0.940220 -0.001057
v 1.251564 0.952281 0.006548
v 1.263557 0.962318 0.020319
v 1.270900 0.969121 0.038595
v 1.135613 1.129593 0.047739
v 1.131977 1.127599 0.068160
v 1.123646 1.120746 0.085988
v 1.111625 1.109861 0.099073
v 1.097365 1.096256 0.105837
v 1.082584 1.081573 0.105464
v 1.069065 1.067582 0.097999
v 1.058440 1.055972 0.084342
v 1.051990 1.048141 0.066140
v 1.050493 1.045036 0.045589
v 1.054129 1.047030 0.025168
v 1.062459 1.053884 0.007340
v 1.074480 1.064769 -0.005745
v 1.088741 1.078374 -0.012509
v 1.103522 1.093057 -0.012136
v 1.117040 1.107047 -0.004670
v 1.127665 1.118658 0.008987
v 1.134116 1.126488 0.027188
v 0.979100 1.268026 0.035816
v 0.975818 1.265719 0.056264
v 0.968507 1.257965 0.074170
v 0.958047 1.245698 0.087374
v 0.945702 1.230399 0.094284
v 0.932959 1.213913 0.094066
v 0.921356 1.198228 0.086746
v 0.912293 1.185237 0.073208
v 0.906862 1.176505 0.055084
v 0.905718 1.173087 0.034561
v 0.909000 1.175394 0.014113
v 0.916312 1.183148 -0.003793
v 0.926771 1.195415 -0.016997
v 0.939116 1.210714 -0.023907
v 0.951859 1.227200 -0.023689
v 0.963462 1.242885 -0.016370
v 0.972525 1.255877 -0.002832
v 0.977957 1.264608 0.015292
v 0.805846 1.384800 0.023607
v 0.802956 1.382229 0.044082
v 0.796773 1.373714 0.062068
v 0.788042 1.360282 0.075394
v 0.777817 1.343554 0.082453
v 0.767330 1.325547 0.082394
v 0.757848 1.308434 0.075224
v 0.750513 1.294277 0.061808
v 0.746210 1.284785 0.043763
v 0.745458 1.281103 0.023267
v 0.748348 1.283674 0.002792
v 0.754532 1.292189 -0.015194
v 0.763262 1.305620 -0.028520
v 0.773488 1.322348 -0.035579
v 0.783974 1.340355 -0.035520
v 0.793456 1.357469 -0.028350
v 0.800792 1.371626 -0.014934
v 0.805094 1.381118 0.003111
v 0.618815 1.477917 0.011320
v 0.616347 1.475135 0.031823
v 0.611382 1.466014 0.049889
v 0.604517 1.451653 0.063337
v 0.596581 1.433786 0.070547
v 0.588531 1.414566 0.070648
v 0.581337 1.396313 0.063628
v 0.575868 1.381227 0.050334
v 0.572783 1.371128 0.032370
v 0.572454 1.367236 0.011902
v 0.574921 1.370017 -0.008602
v 0.579887 1.379138 -0.026667
v 0.586752 1.393499 -0.040116
v 0.594688 1.411367 -0.047325
v 0.602738 1.430586 -0.047426
v 0.609932 1.448840 -0.040407
v 0.615401 1.463926 -0.027113
v 0.618486 1.474024 -0.009148
v 0.421207 1.545783 -0.000834
v 0.419187 1.542848 0.019697
v 0.415508 1.533285 0.037841
v 0.410614 1.518247 0.051411
v 0.405097 1.499549 0.058769
v 0.399620 1.479445 0.059029
v 0.394844 1.460361 0.052158
v 0.391347 1.444599 0.038985
v 0.389549 1.434058 0.021100
v 0.389667 1.430012 0.000659
v 0.391687 1.432947 -0.019872
v 0.395366 1.442510 -0.038016
v 0.400259 1.457548 -0.051586
v 0.405777 1.476246 -0.058944
v 0.411254 1.496350 -0.059204
v 0.416029 1.515434 -0.052333
v 0.419527 1.531196 -0.039160
v 0.421325 1.541737 -0.021275
v 0.216404 1.587237 -0.012648
v 0.214847 1.584208 0.007910
v 0.212502 1.574375 0.026131
v 0.209652 1.558924 0.039819
v 0.206640 1.539719 0.047322
v 0.203831 1.519075 0.047735
v 0.201562 1.499484 0.041009
v 0.200108 1.483307 0.027954
v 0.199643 1.472497 0.010146
v 0.200224 1.468357 -0.010268
v 0.201781 1.471386 -0.030826
v 0.204126 1.481219 -0.049047
v 0.206977 1.496670 -0.062735
v 0.209988 1.515876 -0.070238
v 0.212798 1.536519 -0.070651
v 0.215067 1.556110 -0.063925
v 0.216521 1.572287 -0.050870
v 0.216985 1.583097 -0.033062
v 0.007910 1.601571 -0.023918
v 0.006824 1.598509 -0.003335
v 0.005837 1.588583 0.014960
v 0.005067 1.572989 0.028760
v 0.004607 1.553608 0.036401
v 0.004513 1.532778 0.036961
v 0.004796 1.513011 0.030372
v 0.005421 1.496692 0.017430
v 0.006314 1.485788 -0.000305
v 0.007367 1.481616 -0.020693
v 0.008453 1.484677 -0.041276
v 0.009440 1.494603 -0.059571
v 0.010210 1.510198 -0.073371
v 0.010670 1.529579 -0.081012
v 0.010764 1.550409 -0.081572
v 0.010481 1.570175 -0.074984
v 0.009856 1.586495 -0.062042
v 0.008963 1.597398 -0.044307
v -0.200709 1.588538 -0.034453
v -0.201322 1.585506 -0.013846
v -0.200951 1.575664 0.004517
v -0.199640 1.560200 0.018423
v -0.197547 1.540979 0.026192
v -0.194924 1.520319 0.026890
v -0.192088 1.500711 0.020430
v -0.189381 1.484522 0.007593
v -0.187129 1.473703 -0.010073
v -0.185605 1.469560 -0.030438
v -0.184991 1.472592 -0.051045
v -0.185362 1.482434 -0.069409
v -0.186673 1.497898 -0.083314
v -0.188767 1.517119 -0.091083
v -0.191389 1.537779 -0.091781
v -0.194225 1.557387 -0.085321
v -0.196932 1.573576 -0.072484
v -0.199184 1.584395 -0.054818
v -0.405880 1.548362 -0.044072
v -0.406030 1.545421 -0.023443
v -0.404323 1.535841 -0.005017
v -0.400965 1.520777 0.008984
v -0.396361 1.502048 0.016872
v -0.391066 1.481911 0.017694
v -0.385719 1.462795 0.011352
v -0.380965 1.447007 -0.001389
v -0.377377 1.436450 -0.018993
v -0.375389 1.432397 -0.039336
v -0.375239 1.435338 -0.059964
v -0.376946 1.444918 -0.078390
v -0.380304 1.459982 -0.092392
v -0.384909 1.478711 -0.100279
v -0.390203 1.498848 -0.101101
v -0.395550 1.517964 -0.094760
v -0.400304 1.533753 -0.082019
v -0.403892 1.544310 -0.064415
v -0.604096 1.481730 -0.052610
v -0.603797 1.478940 -0.031962
v -0.600800 1.469793 -0.013481
v -0.595464 1.455395 0.000606
v -0.588434 1.437481 0.008598
v -0.580557 1.418211 0.009531
v -0.572785 1.399911 0.003294
v -0.566054 1.384787 -0.009362
v -0.561175 1.374664 -0.026910
v -0.558738 1.370763 -0.047234
v -0.559037 1.373553 -0.067881
v -0.562035 1.382699 -0.086363
v -0.567370 1.397098 -0.100450
v -0.574400 1.415012 -0.108442
v -0.582277 1.434281 -0.109375
v -0.590049 1.452581 -0.103138
v -0.596781 1.467705 -0.090482
v -0.601659 1.477829 -0.072934
v -0.791964 1.389782 -0.059922
v -0.791241 1.387200 -0.039258
v -0.787020 1.378652 -0.020728
v -0.779810 1.365171 -0.006569
v -0.770481 1.348382 0.001513
v -0.760158 1.330310 0.002542
v -0.750086 1.313136 -0.003606
v -0.741480 1.298929 -0.016189
v -0.735378 1.289405 -0.033690
v -0.732517 1.285711 -0.053997
v -0.733240 1.288293 -0.074661
v -0.737461 1.296841 -0.093191
v -0.744671 1.310322 -0.107350
v -0.754000 1.327111 -0.115432
v -0.764323 1.345183 -0.116460
v -0.774395 1.362358 -0.110313
v -0.783001 1.376564 -0.097730
v -0.789103 1.386088 -0.080229
v -0.966271 1.274092 -0.065882
v -0.965153 1.271771 -0.045204
v -0.959797 1.263977 -0.026636
v -0.950848 1.251650 -0.012417
v -0.939385 1.236277 -0.004263
v -0.926792 1.219712 -0.003156
v -0.914587 1.203953 -0.009231
v -0.904243 1.190900 -0.021755
v -0.897006 1.182129 -0.039216
v -0.893750 1.178697 -0.059510
v -0.894867 1.181018 -0.080188
v -0.900224 1.188812 -0.098756
v -0.909173 1.201139 -0.112975
v -0.920635 1.216512 -0.121129
v -0.933228 1.233077 -0.122236
v -0.945433 1.248836 -0.116161
v -0.955778 1.261889 -0.103637
v -0.963015 1.270660 -0.086176
v -1.124032 1.136639 -0.070388
v -1.122557 1.134629 -0.049700
v -1.116174 1.127730 -0.031103
v -1.105651 1.116774 -0.016839
v -1.092258 1.103083 -0.008629
v -1.077610 1.088308 -0.007464
v -1.063474 1.074231 -0.013484
v -1.051556 1.062550 -0.025963
v -1.043291 1.054674 -0.043395
v -1.039679 1.051553 -0.063678
v -1.041153 1.053563 -0.084366
v -1.047537 1.060462 -0.102964
v -1.058059 1.071418 -0.117228
v -1.071452 1.085109 -0.125437
v -1.086100 1.099884 -0.126602
v -1.100236 1.113960 -0.120583
v -1.112155 1.125641 -0.108104
v -1.120419 1.133517 -0.090672
v -1.262548 0.979775 -0.073364
v -1.260761 0.978119 -0.052669
v -1.253475 0.972242 -0.034052
v -1.241571 0.962851 -0.019759
v -1.226482 0.951080 -0.011513
v -1.210030 0.938348 -0.010309
v -1.194200 0.926191 -0.016292
v -1.180899 0.916075 -0.028741
v -1.171733 0.909220 -0.046154
v -1.167807 0.906454 -0.066431
v -1.169594 0.908109 -0.087126
v -1.176880 0.913987 -0.105742
v -1.188785 0.923377 -0.120036
v -1.203873 0.935149 -0.128282
v -1.220325 0.947881 -0.129486
v -1.236156 0.960038 -0.123502
v -1.249456 0.970154 -0.111054
v -1.258623 0.977008 -0.093641
v -1.379452 0.806182 -0.074758
v -1.377400 0.804919 -0.054060
v -1.369353 0.800172 -0.035434
v -1.356282 0.792513 -0.021126
v -1.339763 0.782867 -0.012863
v -1.321789 0.772395 -0.011641
v -1.304527 0.762363 -0.017608
v -1.290060 0.753979 -0.030042
v -1.280133 0.748255 -0.047446
v -1.275943 0.745881 -0.067720
v -1.277995 0.747144 -0.088418
v -1.286041 0.751891 -0.107044
v -1.299113 0.759549 -0.121351
v -1.315632 0.769196 -0.129614
v -1.333606 0.779667 -0.130836
v -1.350868 0.789700 -0.124870
v -1.365334 0.798084 -0.112435
v -1.375262 0.803808 -0.095031
v -1.472741 0.618834 -0.074546
v -1.470478 0.617995 -0.053848
v -1.461823 0.614468 -0.035224
v -1.447821 0.608678 -0.020919
v -1.430161 0.601324 -0.012658
v -1.410972 0.593293 -0.011439
v -1.392568 0.585553 -0.017408
v -1.377171 0.579038 -0.029845
v -1.366636 0.574534 -0.047250
v -1.362235 0.572584 -0.067524
v -1.364497 0.573423 -0.088222
v -1.373152 0.576950 -0.106846
v -1.387154 0.582740 -0.121151
v -1.404814 0.590093 -0.129412
v -1.424003 0.598125 -0.130631
v -1.442407 0.605865 -0.124662
v -1.457805 0.612380 -0.112225
v -1.468339 0.616884 -0.094820
v -1.540819 0.420934 -0.072732
v -1.538402 0.420543 -0.052039
v -1.529304 0.418304 -0.033426
v -1.514623 0.414489 -0.019139
v -1.496129 0.409557 -0.010901
v -1.476053 0.404103 -0.009705
v -1.456817 0.398785 -0.015696
v -1.440740 0.394245 -0.028151
v -1.429762 0.391029 -0.045568
v -1.425207 0.389527 -0.065846
v -1.427624 0.389918 -0.086540
v -1.436721 0.392157 -0.105153
v -1.451403 0.395972 -0.119440
v -1.469896 0.400904 -0.127678
v -1.489972 0.406358 -0.128874
v -1.509208 0.411676 -0.122883
v -1.525285 0.416216 -0.110427
v -1.536263 0.419432 -0.093010
v -1.582522 0.215870 -0.069348
v -1.580010 0.215942 -0.048662
v -1.570641 0.215039 -0.030071
v -1.555544 0.213269 -0.015818
v -1.536539 0.210847 -0.007621
v -1.515921 0.208064 -0.006469
v -1.496174 0.205255 -0.012502
v -1.479681 0.202761 -0.024991
v -1.468431 0.200881 -0.042430
v -1.463782 0.199842 -0.062716
v -1.466293 0.199769 -0.083401
v -1.475662 0.200673 -0.101992
v -1.490759 0.202442 -0.116245
v -1.509763 0.204864 -0.124442
v -1.530382 0.207648 -0.125594
v -1.550129 0.210456 -0.119561
v -1.566622 0.212951 -0.107073
v -1.577872 0.214831 -0.089633
v 0.009869 -1.611013 0.219207
v 0.011738 -1.607753 0.239703
v 0.013353 -1.597651 0.257857
v 0.014517 -1.581925 0.271478
v 0.015092 -1.562471 0.278925
v 0.015006 -1.541637 0.279298
v 0.014272 -1.521935 0.272553
v 0.012976 -1.505741 0.259503
v 0.011277 -1.495009 0.241723
v 0.009377 -1.491033 0.221356
v 0.007508 -1.494292 0.200860
v 0.005893 -1.504395 0.182706
v 0.004729 -1.520121 0.169085
v 0.004154 -1.539574 0.161638
v 0.004240 -1.560408 0.161265
v 0.004974 -1.580111 0.168010
v 0.006270 -1.596305 0.181060
v 0.007969 -1.607037 0.198841
v 0.217770 -1.596132 0.200293
v 0.219170 -1.592906 0.220832
v 0.219430 -1.582901 0.239109
v 0.218521 -1.567323 0.252919
v 0.216551 -1.548052 0.260597
v 0.213758 -1.527411 0.261217
v 0.210479 -1.507891 0.254703
v 0.207109 -1.491846 0.241842
v 0.204056 -1.481211 0.224185
v 0.201686 -1.477268 0.203861
v 0.200287 -1.480494 0.183322
v 0.200026 -1.490500 0.165045
v 0.200936 -1.506077 0.151235
v 0.202906 -1.525348 0.143557
v 0.205699 -1.545989 0.142937
v 0.208978 -1.565509 0.149451
v 0.212347 -1.581555 0.162312
v 0.215401 -1.592190 0.179969
v 0.422003 -1.554134 0.182193
v 0.422940 -1.551003 0.202773
v 0.421871 -1.541271 0.221168
v 0.418924 -1.526113 0.235159
v 0.414455 -1.507355 0.243058
v 0.409002 -1.487262 0.243913
v 0.403223 -1.468256 0.237621
v 0.397816 -1.452629 0.224940
v 0.393433 -1.442268 0.207401
v 0.390601 -1.438420 0.187118
v 0.389664 -1.441551 0.166538
v 0.390733 -1.451283 0.148144
v 0.393680 -1.466442 0.134153
v 0.398150 -1.485199 0.126253
v 0.403603 -1.505293 0.125398
v 0.409381 -1.524299 0.131690
v 0.414788 -1.539925 0.144371
v 0.419171 -1.550287 0.161910
v 0.619071 -1.485738 0.165217
v 0.619563 -1.482761 0.185835
v 0.617211 -1.473475 0.204340
v 0.612297 -1.458999 0.218500
v 0.605416 -1.441078 0.226607
v 0.597397 -1.421876 0.227684
v 0.589207 -1.403707 0.221599
v 0.581833 -1.388763 0.209088
v 0.576167 -1.378847 0.191659
v 0.572890 -1.375154 0.171415
v 0.572398 -1.378130 0.150797
v 0.574751 -1.387416 0.132291
v 0.579664 -1.401893 0.118131
v 0.586545 -1.419813 0.110024
v 0.594564 -1.439016 0.108948
v 0.602754 -1.457185 0.115032
v 0.610128 -1.472129 0.127543
v 0.615795 -1.482045 0.144972
v 0.805605 -1.392113 0.149654
v 0.805674 -1.389348 0.170308
v 0.802107 -1.380671 0.188914
v 0.795333 -1.367129 0.203230
v 0.786169 -1.350355 0.211527
v 0.775720 -1.332371 0.212806
v 0.765247 -1.315348 0.206912
v 0.756013 -1.301338 0.194556
v 0.749132 -1.292032 0.177229
v 0.745433 -1.288551 0.157020
v 0.745363 -1.291315 0.136366
v 0.748930 -1.299992 0.117759
v 0.755705 -1.313534 0.103444
v 0.764869 -1.330308 0.095147
v 0.775317 -1.348292 0.093868
v 0.785790 -1.365315 0.099761
v 0.795024 -1.379325 0.112117
v 0.801906 -1.388632 0.129445
v 0.978410 -1.274862 0.135772
v 0.978089 -1.272362 0.156457
v 0.973396 -1.264449 0.175154
v 0.964898 -1.252077 0.189608
v 0.953619 -1.236737 0.198075
v 0.940920 -1.220281 0.199535
v 0.928332 -1.204692 0.193811
v 0.917374 -1.191852 0.181594
v 0.909367 -1.183309 0.164356
v 0.905278 -1.180094 0.144179
v 0.905599 -1.182593 0.123494
v 0.910291 -1.190506 0.104797
v 0.918789 -1.202878 0.090343
v 0.930068 -1.218218 0.081875
v 0.942767 -1.234674 0.080416
v 0.955355 -1.250263 0.086140
v 0.966313 -1.263103 0.098357
v 0.974320 -1.271646 0.115594
v 1.134531 -1.135990 0.123808
v 1.133857 -1.133805 0.144520
v 1.128148 -1.126796 0.163294
v 1.118092 -1.115809 0.177868
v 1.104903 -1.102169 0.186482
v 1.090170 -1.087521 0.188097
v 1.075672 -1.073632 0.182520
v 1.063156 -1.062178 0.170422
v 1.054133 -1.054539 0.153262
v 1.049690 -1.051637 0.133111
v 1.050364 -1.053823 0.112400
v 1.056073 -1.060831 0.093625
v 1.066129 -1.071818 0.079051
v 1.079319 -1.085459 0.070438
v 1.094051 -1.100106 0.068822
v 1.108550 -1.113995 0.074400
v 1.121065 -1.125450 0.086498
v 1.130089 -1.133088 0.103657
v 1.271297 -0.977875 0.113966
v 1.270314 -0.976047 0.134700
v 1.263714 -0.970068 0.153539
v 1.252294 -0.960658 0.168210
v 1.237430 -0.948954 0.176945
v 1.220917 -0.936365 0.178688
v 1.204745 -0.924411 0.173231
v 1.190864 -0.914534 0.161232
v 1.180950 -0.907925 0.144136
v 1.176198 -0.905381 0.124008
v 1.177182 -0.907208 0.103274
v 1.183782 -0.913188 0.084435
v 1.195202 -0.922597 0.069763
v 1.210065 -0.934302 0.061029
v 1.226579 -0.946891 0.059285
v 1.242751 -0.958844 0.064742
v 1.256631 -0.968722 0.076742
v 1.266545 -0.975331 0.093837
v 1.386368 -0.803221 0.106415
v 1.385124 -0.801788 0.127166
v 1.377775 -0.796946 0.146054
v 1.365207 -0.789279 0.160801
v 1.348935 -0.779711 0.169628
v 1.330923 -0.769397 0.171470
v 1.313343 -0.759581 0.166105
v 1.298314 -0.751446 0.154181
v 1.287651 -0.745975 0.137135
v 1.282639 -0.743825 0.117023
v 1.283882 -0.745258 0.096272
v 1.291231 -0.750100 0.077384
v 1.303800 -0.757767 0.062637
v 1.320071 -0.767335 0.053810
v 1.338084 -0.777648 0.051968
v 1.355664 -0.787465 0.057333
v 1.370692 -0.795600 0.069257
v 1.381356 -0.801071 0.086303
v 1.477774 -0.615017 0.101284
v 1.476324 -0.614010 0.122047
v 1.468379 -0.610393 0.140969
v 1.454899 -0.604604 0.155767
v 1.437509 -0.597339 0.164656
v 1.418306 -0.589477 0.166565
v 1.399607 -0.581964 0.161263
v 1.383667 -0.575707 0.149390
v 1.372408 -0.571460 0.132377
v 1.367190 -0.569737 0.112277
v 1.368640 -0.570744 0.091515
v 1.376584 -0.574360 0.072593
v 1.390064 -0.580150 0.057795
v 1.407454 -0.587414 0.048906
v 1.426657 -0.595277 0.046997
v 1.445356 -0.602790 0.052299
v 1.461296 -0.609047 0.064172
v 1.472555 -0.613293 0.081184
v 1.543952 -0.416482 0.098661
v 1.542352 -0.415924 0.119430
v 1.533977 -0.413600 0.138369
v 1.519836 -0.409791 0.153193
v 1.501636 -0.404957 0.162115
v 1.481572 -0.399680 0.164058
v 1.462063 -0.394596 0.158788
v 1.445462 -0.390320 0.146941
v 1.433773 -0.387367 0.129945
v 1.428404 -0.386092 0.109851
v 1.430004 -0.386650 0.089082
v 1.438379 -0.388974 0.070144
v 1.452520 -0.392782 0.055320
v 1.470720 -0.397617 0.046398
v 1.490784 -0.402894 0.044455
v 1.510293 -0.407977 0.049725
v 1.526894 -0.412254 0.061572
v 1.538583 -0.415207 0.078568
v 1.583769 -0.211014 0.098591
v 1.582079 -0.210921 0.119360
v 1.573445 -0.209935 0.138299
v 1.558907 -0.208176 0.153124
v 1.540220 -0.205856 0.162047
v 1.519636 -0.203255 0.163991
v 1.499640 -0.200686 0.158722
v 1.482642 -0.198460 0.146875
v 1.470694 -0.196844 0.129880
v 1.465235 -0.196034 0.109786
v 1.466925 -0.196128 0.089018
v 1.475559 -0.197113 0.070078
v 1.490097 -0.198872 0.055254
v 1.508785 -0.201192 0.046331
v 1.529368 -0.203793 0.044387
v 1.549364 -0.206362 0.049656
v 1.566362 -0.208589 0.061503
v 1.578310 -0.210204 0.078498
v -1.593522 -0.006645 0.382563
v -1.589506 -0.006541 0.402951
v -1.578758 -0.006441 0.420736
v -1.562574 -0.006356 0.433773
v -1.542906 -0.006296 0.440492
v -1.522127 -0.006269 0.440080
v -1.502742 -0.006278 0.432587
v -1.487090 -0.006321 0.418918
v -1.477059 -0.006394 0.400722
v -1.473858 -0.006488 0.380191
v -1.477874 -0.006592 0.359804
v -1.488622 -0.006692 0.342019
v -1.504806 -0.006777 0.328982
v -1.524474 -0.006837 0.322263
v -1.545253 -0.006864 0.322675
v -1.564638 -0.006855 0.330168
v -1.580290 -0.006812 0.343836
v -1.590321 -0.006739 0.362033
v -1.575423 -0.229164 0.389646
v -1.569969 -0.229030 0.409757
v -1.558031 -0.227926 0.426801
v -1.541051 -0.225986 0.438722
v -1.521075 -0.223444 0.444082
v -1.500514 -0.220606 0.442236
v -1.481848 -0.217815 0.433405
v -1.467328 -0.215408 0.418655
v -1.458704 -0.213674 0.399764
v -1.457018 -0.212823 0.379012
v -1.462472 -0.212958 0.358902
v -1.474410 -0.214061 0.341858
v -1.491391 -0.216001 0.329937
v -1.511366 -0.218543 0.324576
v -1.531927 -0.221381 0.326423
v -1.550593 -0.224172 0.335254
v -1.565114 -0.226579 0.350004
v -1.573738 -0.228313 0.368894
v -1.533926 -0.434164 0.382225
v -1.528565 -0.433566 0.402352
v -1.516897 -0.431127 0.419444
v -1.500331 -0.427142 0.431440
v -1.480864 -0.422091 0.436891
v -1.460843 -0.416584 0.435141
v -1.442684 -0.411284 0.426401
v -1.428578 -0.406831 0.411725
v -1.420224 -0.403763 0.392883
v -1.418633 -0.402448 0.372147
v -1.423993 -0.403046 0.352020
v -1.435660 -0.405485 0.334928
v -1.452227 -0.409470 0.322933
v -1.471695 -0.414521 0.317481
v -1.491715 -0.420028 0.319231
v -1.509874 -0.425328 0.327971
v -1.523980 -0.429781 0.342648
v -1.532333 -0.432850 0.361490
v -1.466125 -0.631930 0.372504
v -1.460917 -0.630885 0.392654
v -1.449692 -0.627158 0.409809
v -1.433801 -0.621200 0.421901
v -1.415163 -0.613729 0.427471
v -1.396026 -0.605646 0.425848
v -1.378697 -0.597926 0.417227
v -1.365267 -0.591500 0.402648
v -1.357355 -0.587143 0.383869
v -1.355917 -0.585381 0.363156
v -1.361124 -0.586427 0.343006
v -1.372350 -0.590153 0.325851
v -1.388240 -0.596111 0.313759
v -1.406878 -0.603583 0.308189
v -1.426015 -0.611666 0.309812
v -1.443344 -0.619386 0.318433
v -1.456774 -0.625812 0.333012
v -1.464686 -0.630168 0.351791
v -1.373181 -0.819075 0.360651
v -1.368184 -0.817606 0.380827
v -1.357563 -0.812661 0.398060
v -1.342601 -0.804836 0.410270
v -1.325100 -0.795074 0.415986
v -1.307173 -0.784554 0.414517
v -1.290982 -0.774544 0.406040
v -1.278479 -0.766251 0.391580
v -1.271173 -0.760675 0.372878
v -1.269944 -0.758490 0.352192
v -1.274942 -0.759959 0.332015
v -1.285562 -0.764904 0.314783
v -1.300525 -0.772730 0.302572
v -1.318025 -0.782491 0.296857
v -1.335952 -0.793011 0.298326
v -1.352144 -0.803022 0.306802
v -1.364646 -0.811315 0.321263
v -1.371953 -0.816890 0.339965
v -1.256686 -0.992398 0.346868
v -1.251953 -0.990538 0.367075
v -1.242090 -0.984464 0.384398
v -1.228290 -0.974909 0.396745
v -1.212215 -0.963027 0.402629
v -1.195805 -0.950249 0.401340
v -1.181040 -0.938118 0.393033
v -1.169699 -0.928095 0.378709
v -1.163151 -0.921392 0.360097
v -1.162186 -0.918814 0.339442
v -1.166919 -0.920675 0.319235
v -1.176782 -0.926749 0.301912
v -1.190582 -0.936303 0.289564
v -1.206657 -0.948186 0.283680
v -1.223067 -0.960964 0.284970
v -1.237832 -0.973095 0.293277
v -1.249173 -0.983117 0.307601
v -1.255721 -0.989821 0.326213
v -1.118632 -1.148934 0.331391
v -1.114210 -1.146720 0.351633
v -1.105247 -1.139627 0.369056
v -1.092824 -1.128510 0.381558
v -1.078439 -1.114712 0.387632
v -1.063827 -1.099896 0.386544
v -1.050750 -1.085849 0.378426
v -1.040788 -1.074265 0.364257
v -1.035139 -1.066542 0.345746
v -1.034486 -1.063611 0.325126
v -1.038907 -1.065825 0.304883
v -1.047870 -1.072919 0.287460
v -1.060293 -1.084035 0.274958
v -1.074678 -1.097833 0.268884
v -1.089291 -1.112649 0.269972
v -1.102367 -1.126696 0.278090
v -1.112330 -1.138280 0.292259
v -1.117979 -1.146003 0.310770
v -0.961380 -1.286006 0.314484
v -0.957314 -1.283481 0.334765
v -0.949374 -1.275496 0.352298
v -0.938520 -1.263012 0.364969
v -0.926060 -1.247536 0.371249
v -0.913496 -1.230935 0.370381
v -0.902344 -1.215210 0.362470
v -0.893950 -1.202259 0.348470
v -0.889325 -1.193643 0.330069
v -0.889027 -1.190402 0.309487
v -0.893093 -1.192927 0.289206
v -0.901032 -1.200912 0.271673
v -0.911887 -1.213396 0.259002
v -0.924348 -1.228872 0.252722
v -0.936912 -1.245474 0.253590
v -0.948063 -1.261198 0.261501
v -0.956457 -1.274149 0.275501
v -0.961083 -1.282765 0.293902
v -0.787622 -1.401266 0.296437
v -0.783949 -1.398481 0.316759
v -0.777142 -1.389745 0.334410
v -0.768021 -1.376111 0.347261
v -0.757686 -1.359225 0.353762
v -0.747386 -1.341122 0.353129
v -0.738361 -1.323987 0.345439
v -0.731700 -1.309885 0.331619
v -0.728206 -1.300519 0.313335
v -0.728302 -1.297017 0.292794
v -0.731975 -1.299803 0.272473
v -0.738782 -1.308539 0.254822
v -0.747903 -1.322173 0.241971
v -0.758237 -1.339059 0.235470
v -0.768538 -1.357162 0.236102
v -0.777564 -1.374297 0.243793
v -0.784224 -1.388398 0.257613
v -0.787718 -1.397764 0.275896
v -0.600332 -1.492743 0.277560
v -0.597083 -1.489751 0.297924
v -0.591495 -1.480419 0.315698
v -0.584242 -1.465873 0.328737
v -0.576200 -1.447867 0.335469
v -0.568338 -1.428573 0.335082
v -0.561605 -1.410318 0.327623
v -0.556813 -1.395304 0.313991
v -0.554539 -1.385342 0.295831
v -0.555058 -1.381634 0.275332
v -0.558308 -1.384626 0.254968
v -0.563896 -1.393958 0.237194
v -0.571148 -1.408504 0.224155
v -0.579190 -1.426510 0.217423
v -0.587052 -1.445804 0.217810
v -0.593785 -1.464059 0.225269
v -0.598577 -1.479072 0.238901
v -0.600851 -1.489035 0.257061
v -0.402712 -1.558872 0.258174
v -0.399909 -1.555731 0.278582
v -0.395608 -1.545968 0.296482
v -0.390327 -1.530762 0.309714
v -0.384703 -1.511947 0.316684
v -0.379415 -1.491791 0.316549
v -0.375101 -1.472728 0.309328
v -0.372280 -1.457054 0.295889
v -0.371293 -1.446661 0.277855
v -0.372259 -1.442803 0.257400
v -0.375062 -1.445945 0.236992
v -0.379363 -1.455707 0.219092
v -0.384644 -1.470914 0.205859
v -0.390267 -1.489729 0.198890
v -0.395555 -1.509884 0.199024
v -0.399870 -1.528948 0.206246
v -0.402691 -1.544622 0.219685
v -0.403678 -1.555014 0.237719
v -0.198145 -1.598522 0.238611
v -0.195805 -1.595290 0.259064
v -0.192836 -1.585270 0.277091
v -0.189596 -1.569668 0.290519
v -0.186476 -1.550367 0.297728
v -0.183852 -1.529696 0.297848
v -0.182041 -1.510146 0.290866
v -0.181261 -1.494077 0.277622
v -0.181607 -1.483426 0.259715
v -0.183035 -1.479479 0.239305
v -0.185375 -1.482710 0.218853
v -0.188344 -1.492731 0.200825
v -0.191584 -1.508332 0.187398
v -0.194704 -1.527633 0.180189
v -0.197328 -1.548305 0.180068
v -0.199139 -1.567854 0.187051
v -0.199919 -1.583923 0.200294
v -0.199574 -1.594574 0.218201
v 1.583872 -0.211538 0.542440
v 1.579222 -0.210499 0.562726
v 1.567973 -0.208619 0.580165
v 1.551479 -0.206124 0.592654
v 1.531733 -0.203316 0.598686
v 1.511114 -0.200533 0.597535
v 1.492110 -0.198111 0.589338
v 1.477013 -0.196341 0.575085
v 1.467643 -0.195438 0.556494
v 1.465132 -0.195510 0.535808
v 1.469782 -0.196549 0.515522
v 1.481031 -0.198429 0.498083
v 1.497524 -0.200924 0.485594
v 1.517271 -0.203732 0.479562
v 1.537890 -0.206515 0.480713
v 1.556894 -0.208938 0.488910
v 1.571991 -0.210707 0.503164
v 1.581360 -0.211610 0.521754
v 1.598485 -0.002817 0.537542
v 1.593803 -0.002250 0.557839
v 1.582458 -0.001729 0.575310
v 1.565819 -0.001317 0.587848
v 1.545893 -0.001063 0.593941
v 1.525084 -0.000998 0.592853
v 1.505901 -0.001130 0.584716
v 1.490658 -0.001443 0.570511
v 1.481194 -0.001899 0.551952
v 1.478650 -0.002443 0.531278
v 1.483332 -0.003010 0.510981
v 1.494677 -0.003531 0.493510
v 1.511316 -0.003943 0.480972
v 1.531242 -0.004197 0.474880
v 1.552051 -0.004262 0.475968
v 1.571234 -0.004130 0.484104
v 1.586477 -0.003817 0.498309
v 1.595941 -0.003361 0.516868
v 1.585760 0.205991 0.531216
v 1.581106 0.206085 0.551527
v 1.569844 0.205246 0.569039
v 1.553332 0.203576 0.581640
v 1.533563 0.201274 0.587810
v 1.512919 0.198620 0.586804
v 1.493892 0.195932 0.578745
v 1.478776 0.193536 0.564603
v 1.469394 0.191720 0.546086
v 1.466879 0.190704 0.525425
v 1.471533 0.190609 0.505114
v 1.482795 0.191448 0.487602
v 1.499307 0.193119 0.475001
v 1.519076 0.195420 0.468831
v 1.539720 0.198075 0.469837
v 1.558747 0.200762 0.477896
v 1.573863 0.203158 0.492038
v 1.583245 0.204974 0.510555
v 1.545914 0.411310 0.523568
v 1.541350 0.410940 0.543896
v 1.530348 0.408764 0.561458
v 1.514233 0.405045 0.574136
v 1.494951 0.400231 0.580399
v 1.474826 0.394902 0.579493
v 1.456287 0.389702 0.571527
v 1.441568 0.385257 0.557462
v 1.432446 0.382105 0.538994
v 1.430021 0.380624 0.518351
v 1.434585 0.380993 0.498023
v 1.445587 0.383169 0.480461
v 1.461702 0.386888 0.467784
v 1.480984 0.391703 0.461520
v 1.501109 0.397031 0.462426
v 1.519648 0.402231 0.470392
v 1.534367 0.406676 0.484457
v 1.543489 0.409829 0.502925
v 1.479628 0.609629 0.514730
v 1.475214 0.608811 0.535078
v 1.464643 0.605343 0.552698
v 1.449190 0.599646 0.565463
v 1.430719 0.592404 0.571835
v 1.411458 0.584493 0.571044
v 1.393729 0.576866 0.563187
v 1.379672 0.570443 0.549210
v 1.370982 0.565998 0.530799
v 1.368706 0.564069 0.510176
v 1.373120 0.564887 0.489828
v 1.383691 0.568354 0.472208
v 1.399144 0.574052 0.459443
v 1.417615 0.581294 0.453071
v 1.436877 0.589205 0.453862
v 1.454605 0.596832 0.461720
v 1.468662 0.603255 0.475697
v 1.477352 0.607699 0.494107
v 1.388037 0.797553 0.504853
v 1.383830 0.796310 0.525224
v 1.373856 0.791619 0.542908
v 1.359316 0.784047 0.555772
v 1.341966 0.774505 0.562264
v 1.323898 0.764147 0.561602
v 1.307290 0.754220 0.553865
v 1.294147 0.745922 0.539987
v 1.286053 0.740254 0.521641
v 1.283985 0.737899 0.501040
v 1.288191 0.739142 0.480669
v 1.298166 0.743833 0.462986
v 1.312705 0.751406 0.450122
v 1.330055 0.760947 0.443629
v 1.348124 0.771306 0.444291
v 1.364731 0.781233 0.452028
v 1.377875 0.789531 0.465907
v 1.385968 0.795199 0.484252
v 1.272707 0.971869 0.494107
v 1.268762 0.970232 0.514502
v 1.259538 0.964406 0.532256
v 1.246149 0.955094 0.545227
v 1.230211 0.943420 0.551851
v 1.213644 0.930791 0.551329
v 1.198448 0.918730 0.543723
v 1.186455 0.908693 0.529952
v 1.179112 0.901890 0.511676
v 1.177305 0.899142 0.491100
v 1.181251 0.900779 0.470704
v 1.190474 0.906605 0.452951
v 1.203863 0.915917 0.439980
v 1.219802 0.927591 0.433356
v 1.236368 0.940220 0.433878
v 1.251564 0.952281 0.441483
v 1.263557 0.962318 0.455254
v 1.270900 0.969121 0.473530
v 1.135613 1.129593 0.482674
v 1.131977 1.127599 0.503095
v 1.123646 1.120746 0.520923
v 1.111625 1.109861 0.534009
v 1.097364 1.096256 0.540772
v 1.082583 1.081573 0.540399
v 1.069065 1.067582 0.532934
v 1.058440 1.055972 0.519277
v 1.051990 1.048142 0.501075
v 1.050493 1.045037 0.480525
v 1.054128 1.047030 0.460103
v 1.062459 1.053884 0.442275
v 1.074480 1.064769 0.429190
v 1.088741 1.078374 0.422426
v 1.103522 1.093057 0.422799
v 1.117040 1.107047 0.430265
v 1.127665 1.118658 0.443922
v 1.134115 1.126488 0.462123
v 0.979100 1.268026 0.470751
v 0.975818 1.265719 0.491199
v 0.968506 1.257965 0.509105
v 0.958047 1.245698 0.522309
v 0.945702 1.230399 0.529219
v 0.932959 1.213913 0.529001
v 0.921356 1.198228 0.521681
v 0.912293 1.185237 0.508143
v 0.906862 1.176505 0.490019
v 0.905718 1.173087 0.469496
v 0.909000 1.175394 0.449048
v 0.916312 1.183148 0.431142
v 0.926771 1.195415 0.417938
v 0.939116 1.210714 0.411028
v 0.951859 1.227200 0.411246
v 0.963462 1.242885 0.418565
v 0.972525 1.255877 0.432103
v 0.977956 1.264608 0.450227
v 0.805846 1.384800 0.458542
v 0.802956 1.382229 0.479017
v 0.796772 1.373714 0.497003
v 0.788042 1.360282 0.510329
v 0.777817 1.343554 0.517388
v 0.767330 1.325547 0.517329
v 0.757848 1.308434 0.510159
v 0.750513 1.294277 0.496743
v 0.746210 1.284785 0.478698
v 0.745458 1.281103 0.458202
v 0.748348 1.283674 0.437727
v 0.754532 1.292189 0.419741
v 0.763263 1.305620 0.406415
v 0.773488 1.322348 0.399356
v 0.783974 1.340355 0.399415
v 0.793456 1.357469 0.406585
v 0.800791 1.371626 0.420001
v 0.805094 1.381118 0.438046
v 0.618815 1.477917 0.446255
v 0.616348 1.475135 0.466758
v 0.611382 1.466014 0.484824
v 0.604517 1.451653 0.498272
v 0.596581 1.433786 0.505482
v 0.588531 1.414566 0.505583
v 0.581337 1.396313 0.498563
v 0.575868 1.381227 0.485269
v 0.572783 1.371129 0.467305
v 0.572454 1.367236 0.446837
v 0.574921 1.370017 0.426333
v 0.579887 1.379139 0.408268
v 0.586752 1.393499 0.394819
v 0.594688 1.411367 0.387610
v 0.602738 1.430587 0.387509
v 0.609932 1.448840 0.394528
v 0.615401 1.463925 0.407822
v 0.618486 1.474024 0.425787
v 0.421207 1.545783 0.434101
v 0.419187 1.542848 0.454632
v 0.415508 1.533285 0.472776
v 0.410614 1.518247 0.486346
v 0.405097 1.499549 0.493704
v 0.399620 1.479445 0.493964
v 0.394845 1.460361 0.487093
v 0.391347 1.444599 0.473920
v 0.389549 1.434058 0.456035
v 0.389667 1.430012 0.435594
v 0.391687 1.432947 0.415063
v 0.395366 1.442510 0.396919
v 0.400259 1.457548 0.383349
v 0.405777 1.476246 0.375991
v 0.411254 1.496350 0.375731
v 0.416029 1.515434 0.382602
v 0.419527 1.531196 0.395775
v 0.421325 1.541737 0.413660
v 0.216404 1.587237 0.422287
v 0.214847 1.584208 0.442845
v 0.212502 1.574375 0.461066
v 0.209652 1.558924 0.474754
v 0.206640 1.539719 0.482257
v 0.203831 1.519075 0.482670
v 0.201562 1.499484 0.475944
v 0.200108 1.483307 0.462889
v 0.199643 1.472497 0.445081
v 0.200224 1.468357 0.424667
v 0.201781 1.471386 0.404109
v 0.204126 1.481219 0.385888
v 0.206977 1.496670 0.372200
v 0.209988 1.515876 0.364697
v 0.212798 1.536519 0.364284
v 0.215066 1.556111 0.371010
v 0.216521 1.572287 0.384065
v 0.216985 1.583097 0.401873
v 0.007910 1.601571 0.411017
v 0.006824 1.598509 0.431600
v 0.005837 1.588583 0.449895
v 0.005067 1.572989 0.463695
v 0.004607 1.553608 0.471336
v 0.004513 1.532778 0.471896
v 0.004795 1.513011 0.465307
v 0.005421 1.496692 0.452365
v 0.006314 1.485788 0.434630
v 0.007367 1.481616 0.414242
v 0.008453 1.484677 0.393659
v 0.009440 1.494603 0.375364
v 0.010210 1.510198 0.361564
v 0.010670 1.529579 0.353923
v 0.010764 1.550409 0.353363
v 0.010481 1.570175 0.359951
v 0.009856 1.586495 0.372893
v 0.008963 1.597398 0.390628
v -0.200709 1.588538 0.400482
v -0.201322 1.585506 0.421089
v -0.200951 1.575664 0.439452
v -0.199640 1.560200 0.453358
v -0.197547 1.540979 0.461127
v -0.194924 1.520319 0.461825
v -0.192088 1.500711 0.455365
v -0.189381 1.484522 0.442528
v -0.187129 1.473703 0.424862
v -0.185605 1.469560 0.404497
v -0.184991 1.472592 0.383890
v -0.185362 1.482434 0.365527
v -0.186673 1.497898 0.351621
v -0.188767 1.517119 0.343852
v -0.191389 1.537779 0.343154
v -0.194225 1.557387 0.349614
v -0.196932 1.573576 0.362451
v -0.199184 1.584395 0.380117
v -0.405880 1.548362 0.390863
v -0.406030 1.545421 0.411492
v -0.404323 1.535841 0.429918
v -0.400965 1.520778 0.443919
v -0.396361 1.502048 0.451807
v -0.391066 1.481911 0.452629
v -0.385719 1.462795 0.446287
v -0.380965 1.447007 0.433546
v -0.377377 1.436450 0.415942
v -0.375389 1.432397 0.395599
v -0.375239 1.435338 0.374971
v -0.376946 1.444918 0.356545
v -0.380304 1.459982 0.342544
v -0.384909 1.478711 0.334656
v -0.390203 1.498848 0.333834
v -0.395550 1.517964 0.340175
v -0.400304 1.533753 0.352916
v -0.403892 1.544310 0.370520
v -0.604096 1.481730 0.382325
v -0.603797 1.478940 0.402973
v -0.600800 1.469793 0.421454
v -0.595464 1.455395 0.435541
v -0.588434 1.437481 0.443533
v -0.580557 1.418211 0.444467
v -0.572785 1.399911 0.438229
v -0.566054 1.384787 0.425573
v -0.561175 1.374664 0.408025
v -0.558738 1.370763 0.387702
v -0.559037 1.373553 0.367054
v -0.562035 1.382699 0.348572
v -0.567370 1.397098 0.334485
v -0.574400 1.415012 0.326494
v -0.582277 1.434281 0.325560
v -0.590049 1.452581 0.331797
v -0.596781 1.467705 0.344453
v -0.601659 1.477829 0.362001
v -0.791964 1.389782 0.375013
v -0.791241 1.387200 0.395678
v -0.787020 1.378652 0.414207
v -0.779810 1.365171 0.428366
v -0.770481 1.348382 0.436448
v -0.760158 1.330310 0.437477
v -0.750086 1.313136 0.431329
v -0.741480 1.298929 0.418746
v -0.735378 1.289405 0.401245
v -0.732516 1.285711 0.380938
v -0.733240 1.288293 0.360274
v -0.737461 1.296841 0.341744
v -0.744671 1.310322 0.327585
v -0.754000 1.327111 0.319504
v -0.764323 1.345183 0.318475
v -0.774395 1.362358 0.324622
v -0.783001 1.376564 0.337205
v -0.789103 1.386088 0.354706
v -0.966271 1.274092 0.369053
v -0.965153 1.271771 0.389731
v -0.959797 1.263977 0.408299
v -0.950848 1.251650 0.422518
v -0.939385 1.236277 0.430672
v -0.926792 1.219712 0.431779
v -0.914587 1.203953 0.425704
v -0.904243 1.190900 0.413180
v -0.897006 1.182129 0.395719
v -0.893750 1.178697 0.375425
v -0.894867 1.181018 0.354747
v -0.900224 1.188812 0.336179
v -0.909173 1.201139 0.321960
v -0.920635 1.216512 0.313806
v -0.933228 1.233077 0.312699
v -0.945433 1.248837 0.318774
v -0.955778 1.261889 0.331298
v -0.963015 1.270660 0.348759
v -1.124032 1.136639 0.364547
v -1.122557 1.134629 0.385235
v -1.116174 1.127730 0.403832
v -1.105651 1.116774 0.418096
v -1.092258 1.103083 0.426306
v -1.077610 1.088308 0.427471
v -1.063474 1.074231 0.421451
v -1.051555 1.062551 0.408972
v -1.043292 1.054674 0.391540
v -1.039679 1.051553 0.371257
v -1.041153 1.053563 0.350569
v -1.047536 1.060462 0.331971
v -1.058059 1.071418 0.317707
v -1.071452 1.085109 0.309498
v -1.086100 1.099884 0.308333
v -1.100236 1.113961 0.314352
v -1.112155 1.125641 0.326831
v -1.120419 1.133517 0.344263
v -1.262549 0.979775 0.361571
v -1.260761 0.978119 0.382266
v -1.253475 0.972242 0.400883
v -1.241571 0.962851 0.415176
v -1.226482 0.951080 0.423422
v -1.210030 0.938348 0.424626
v -1.194200 0.926191 0.418643
v -1.180899 0.916075 0.406194
v -1.171733 0.909220 0.388781
v -1.167807 0.906454 0.368504
v -1.169594 0.908109 0.347809
v -1.176880 0.913987 0.329193
v -1.188785 0.923377 0.314899
v -1.203873 0.935149 0.306653
v -1.220325 0.947881 0.305449
v -1.236156 0.960038 0.311433
v -1.249456 0.970154 0.323882
v -1.258623 0.977008 0.341294
v -1.379452 0.806182 0.360177
v -1.377400 0.804919 0.380875
v -1.369353 0.800172 0.399501
v -1.356282 0.792513 0.413809
v -1.339763 0.782867 0.422072
v -1.321789 0.772395 0.423294
v -1.304528 0.762363 0.417328
v -1.290061 0.753979 0.404893
v -1.280133 0.748255 0.387489
v -1.275943 0.745881 0.367215
v -1.277995 0.747143 0.346517
v -1.286042 0.751891 0.327891
v -1.299113 0.759549 0.313584
v -1.315632 0.769196 0.305321
v -1.333606 0.779667 0.304099
v -1.350868 0.789700 0.310065
v -1.365334 0.798084 0.322500
v -1.375262 0.803808 0.339904
v -1.472741 0.618834 0.360389
v -1.470478 0.617995 0.381087
v -1.461823 0.614468 0.399711
v -1.447822 0.608678 0.414016
v -1.430161 0.601324 0.422277
v -1.410972 0.593293 0.423496
v -1.392568 0.585553 0.417527
v -1.377171 0.579038 0.405090
v -1.366636 0.574534 0.387685
v -1.362234 0.572584 0.367411
v -1.364497 0.573423 0.346713
v -1.373152 0.576950 0.328089
v -1.387154 0.582740 0.313784
v -1.404815 0.590093 0.305523
v -1.424003 0.598125 0.304304
v -1.442407 0.605865 0.310273
v -1.457805 0.612380 0.322710
v -1.468340 0.616884 0.340115
v -1.540819 0.420934 0.362203
v -1.538402 0.420543 0.382896
v -1.529304 0.418304 0.401509
v -1.514623 0.414489 0.415796
v -1.496129 0.409557 0.424034
v -1.476053 0.404103 0.425230
v -1.456817 0.398785 0.419239
v -1.440740 0.394245 0.406784
v -1.429762 0.391029 0.389367
v -1.425207 0.389527 0.369089
v -1.427624 0.389918 0.348395
v -1.436721 0.392157 0.329782
v -1.451402 0.395972 0.315495
v -1.469896 0.400904 0.307257
v -1.489972 0.406358 0.306061
v -1.509208 0.411676 0.312052
v -1.525285 0.416216 0.324508
v -1.536263 0.419432 0.341925
v -1.582522 0.215870 0.365587
v -1.580010 0.215942 0.386273
v -1.570641 0.215039 0.404864
v -1.555544 0.213269 0.419117
v -1.536540 0.210847 0.427314
v -1.515921 0.208064 0.428466
v -1.496174 0.205255 0.422433
v -1.479681 0.202761 0.409944
v -1.468431 0.200881 0.392505
v -1.463782 0.199842 0.372219
v -1.466293 0.199769 0.351534
v -1.475662 0.200673 0.332943
v -1.490759 0.202442 0.318690
v -1.509763 0.204864 0.310493
v -1.530382 0.207648 0.309341
v -1.550129 0.210456 0.315374
v -1.566622 0.212951 0.327863
v -1.577872 0.214831 0.345302
v 0.009869 -1.611012 0.654142
v 0.011738 -1.607753 0.674638
v 0.013353 -1.597651 0.692792
v 0.014517 -1.581925 0.706414
v 0.015092 -1.562471 0.713860
v 0.015006 -1.541637 0.714233
v 0.014272 -1.521935 0.707488
v 0.012976 -1.505741 0.694438
v 0.011277 -1.495009 0.676658
v 0.009377 -1.491033 0.656291
v 0.007508 -1.494292 0.635795
v 0.005893 -1.504395 0.617641
v 0.004729 -1.520121 0.604020
v 0.004154 -1.539574 0.596574
v 0.004240 -1.560408 0.596200
v 0.004974 -1.580111 0.602945
v 0.006270 -1.596305 0.615995
v 0.007969 -1.607037 0.633776
v 0.217770 -1.596132 0.635228
v 0.219170 -1.592906 0.655767
v 0.219430 -1.582901 0.674044
v 0.218521 -1.567323 0.687854
v 0.216551 -1.548052 0.695532
v 0.213758 -1.527411 0.696152
v 0.210479 -1.507891 0.689638
v 0.207109 -1.491846 0.676777
v 0.204056 -1.481211 0.659119
v 0.201686 -1.477268 0.638796
v 0.200287 -1.480494 0.618257
v 0.200026 -1.490500 0.599980
v 0.200936 -1.506077 0.586170
v 0.202906 -1.525349 0.578492
v 0.205699 -1.545989 0.577872
v 0.208978 -1.565509 0.584386
v 0.212347 -1.581554 0.597247
v 0.215401 -1.592190 0.614905
v 0.422003 -1.554134 0.617128
v 0.422940 -1.551003 0.637708
v 0.421871 -1.541271 0.656103
v 0.418924 -1.526113 0.670093
v 0.414455 -1.507355 0.677993
v 0.409001 -1.487262 0.678848
v 0.403223 -1.468256 0.672556
v 0.397816 -1.452629 0.659875
v 0.393433 -1.442268 0.642336
v 0.390601 -1.438420 0.622053
v 0.389664 -1.441551 0.601473
v 0.390733 -1.451283 0.583079
v 0.393680 -1.466442 0.569088
v 0.398150 -1.485199 0.561189
v 0.403603 -1.505293 0.560333
v 0.409381 -1.524299 0.566626
v 0.414788 -1.539925 0.579306
v 0.419172 -1.550287 0.596845
v 0.619071 -1.485738 0.600152
v 0.619563 -1.482761 0.620770
v 0.617211 -1.473475 0.639275
v 0.612297 -1.458999 0.653435
v 0.605416 -1.441078 0.661542
v 0.597397 -1.421876 0.662619
v 0.589207 -1.403707 0.656534
v 0.581834 -1.388763 0.644023
v 0.576167 -1.378846 0.626594
v 0.572890 -1.375154 0.606350
v 0.572398 -1.378130 0.585732
v 0.574751 -1.387416 0.567226
v 0.579664 -1.401893 0.553066
v 0.586545 -1.419813 0.544959
v 0.594564 -1.439016 0.543883
v 0.602755 -1.457185 0.549967
v 0.610128 -1.472129 0.562478
v 0.615794 -1.482045 0.579907
v 0.805604 -1.392113 0.584589
v 0.805675 -1.389348 0.605243
v 0.802107 -1.380671 0.623849
v 0.795333 -1.367129 0.638165
v 0.786169 -1.350355 0.646462
v 0.775720 -1.332371 0.647741
v 0.765247 -1.315348 0.641847
v 0.756013 -1.301338 0.629491
v 0.749132 -1.292031 0.612164
v 0.745433 -1.288551 0.591955
v 0.745363 -1.291315 0.571301
v 0.748930 -1.299992 0.552694
v 0.755704 -1.313534 0.538379
v 0.764868 -1.330308 0.530082
v 0.775317 -1.348292 0.528803
v 0.785790 -1.365315 0.534696
v 0.795024 -1.379325 0.547052
v 0.801906 -1.388632 0.564380
v 0.978410 -1.274862 0.570707
v 0.978089 -1.272362 0.591392
v 0.973396 -1.264449 0.610089
v 0.964898 -1.252077 0.624543
v 0.953619 -1.236737 0.633010
v 0.940920 -1.220281 0.634470
v 0.928332 -1.204692 0.628746
v 0.917374 -1.191852 0.616529
v 0.909367 -1.183309 0.599291
v 0.905278 -1.180094 0.579113
v 0.905599 -1.182593 0.558429
v 0.910291 -1.190506 0.539732
v 0.918789 -1.202878 0.525278
v 0.930068 -1.218218 0.516810
v 0.942767 -1.234674 0.515351
v 0.955355 -1.250263 0.521075
v 0.966313 -1.263103 0.533292
v 0.974320 -1.271646 0.550529
v 1.134531 -1.135990 0.558743
v 1.133857 -1.133805 0.579455
v 1.128148 -1.126796 0.598229
v 1.118092 -1.115809 0.612803
v 1.104903 -1.102169 0.621417
v 1.090170 -1.087521 0.623032
v 1.075672 -1.073632 0.617455
v 1.063156 -1.062178 0.605357
v 1.054133 -1.054539 0.588197
v 1.049690 -1.051637 0.568047
v 1.050364 -1.053823 0.547335
v 1.056073 -1.060831 0.528560
v 1.066129 -1.071818 0.513986
v 1.079318 -1.085458 0.505373
v 1.094051 -1.100106 0.503757
v 1.108550 -1.113995 0.509335
v 1.121065 -1.125450 0.521433
v 1.130089 -1.133088 0.538592
v 1.271297 -0.977875 0.548901
v 1.270314 -0.976047 0.569635
v 1.263714 -0.970068 0.588474
v 1.252294 -0.960658 0.603145
v 1.237431 -0.948954 0.611880
v 1.220917 -0.936365 0.613623
v 1.204745 -0.924411 0.608166
v 1.190864 -0.914534 0.596167
v 1.180950 -0.907925 0.579071
v 1.176198 -0.905381 0.558943
v 1.177182 -0.907208 0.538209
v 1.183781 -0.913188 0.519370
v 1.195202 -0.922597 0.504698
v 1.210065 -0.934302 0.495964
v 1.226579 -0.946891 0.494220
v 1.242751 -0.958844 0.499677
v 1.256631 -0.968722 0.511677
v 1.266545 -0.975331 0.528772
v 1.386368 -0.803221 0.541350
v 1.385124 -0.801788 0.562101
v 1.377775 -0.796946 0.580989
v 1.365207 -0.789279 0.595736
v 1.348935 -0.779711 0.604563
v 1.330923 -0.769397 0.606405
v 1.313343 -0.759581 0.601040
v 1.298314 -0.751446 0.589116
v 1.287651 -0.745975 0.572070
v 1.282639 -0.743825 0.551958
v 1.283882 -0.745258 0.531207
v 1.291232 -0.750100 0.512319
v 1.303800 -0.757767 0.497572
v 1.320071 -0.767335 0.488745
v 1.338084 -0.777649 0.486903
v 1.355664 -0.787465 0.492268
v 1.370692 -0.795600 0.504193
v 1.381356 -0.801072 0.521239
v 1.477774 -0.615017 0.536219
v 1.476324 -0.614010 0.556982
v 1.468379 -0.610393 0.575904
v 1.454899 -0.604604 0.590702
v 1.437509 -0.597339 0.599591
v 1.418306 -0.589477 0.601500
v 1.399607 -0.581964 0.596198
v 1.383667 -0.575707 0.584325
v 1.372408 -0.571460 0.567312
v 1.367190 -0.569737 0.547212
v 1.368640 -0.570744 0.526449
v 1.376584 -0.574360 0.507528
v 1.390064 -0.580150 0.492730
v 1.407454 -0.587414 0.483840
v 1.426657 -0.595277 0.481932
v 1.445356 -0.602790 0.487233
v 1.461296 -0.609047 0.499107
v 1.472555 -0.613293 0.516119
v 1.543952 -0.416482 0.533596
v 1.542352 -0.415924 0.554365
v 1.533977 -0.413600 0.573304
v 1.519836 -0.409791 0.588128
v 1.501636 -0.404957 0.597050
v 1.481572 -0.399680 0.598993
v 1.462062 -0.394597 0.593723
v 1.445462 -0.390320 0.581876
v 1.433773 -0.387367 0.564880
v 1.428404 -0.386092 0.544786
v 1.430004 -0.386650 0.524018
v 1.438379 -0.388974 0.505079
v 1.452520 -0.392782 0.490255
v 1.470720 -0.397617 0.481333
v 1.490784 -0.402894 0.479390
v 1.510293 -0.407977 0.484660
v 1.526894 -0.412254 0.496507
v 1.538583 -0.415207 0.513502
v 1.583769 -0.211014 0.533527
v 1.582079 -0.210921 0.554295
v 1.573445 -0.209935 0.573234
v 1.558907 -0.208176 0.588059
v 1.540220 -0.205856 0.596982
v 1.519636 -0.203255 0.598926
v 1.499640 -0.200686 0.593657
v 1.482642 -0.198460 0.581810
v 1.470694 -0.196844 0.564815
v 1.465235 -0.196034 0.544721
v 1.466925 -0.196128 0.523953
v 1.475559 -0.197113 0.505014
v 1.490097 -0.198872 0.490189
v 1.508785 -0.201192 0.481266
v 1.529368 -0.203793 0.479322
v 1.549364 -0.206362 0.484591
v 1.566362 -0.208589 0.496438
v 1.578310 -0.210204 0.513433
v -1.575424 -0.229164 0.824581
v -1.569969 -0.229030 0.844692
v -1.558032 -0.227926 0.861736
v -1.541051 -0.225986 0.873657
v -1.521075 -0.223444 0.879017
v -1.500515 -0.220606 0.877171
v -1.481848 -0.217815 0.868340
v -1.467328 -0.215408 0.853590
v -1.458704 -0.213674 0.834699
v -1.457018 -0.212823 0.813947
v -1.462472 -0.212958 0.793837
v -1.474410 -0.214061 0.776793
v -1.491391 -0.216001 0.764872
v -1.511366 -0.218543 0.759511
v -1.531927 -0.221381 0.761358
v -1.550594 -0.224172 0.770189
v -1.565114 -0.226579 0.784939
v -1.573738 -0.228313 0.803829
v -1.533926 -0.434164 0.817160
v -1.528565 -0.433566 0.837287
v -1.516898 -0.431127 0.854380
v -1.500331 -0.427142 0.866375
v -1.480863 -0.422091 0.871826
v -1.460843 -0.416584 0.870076
v -1.442684 -0.411284 0.861336
v -1.428578 -0.406831 0.846660
v -1.420224 -0.403763 0.827818
v -1.418633 -0.402448 0.807082
v -1.423993 -0.403046 0.786955
v -1.435660 -0.405485 0.769863
v -1.452227 -0.409470 0.757868
v -1.471695 -0.414521 0.752416
v -1.491715 -0.420028 0.754166
v -1.509874 -0.425328 0.762906
v -1.523980 -0.429781 0.777583
v -1.532333 -0.432850 0.796425
v -1.466125 -0.631930 0.807439
v -1.460917 -0.630885 0.827589
v -1.449692 -0.627158 0.844744
v -1.433801 -0.621200 0.856836
v -1.415163 -0.613729 0.862406
v -1.396026 -0.605646 0.860783
v -1.378697 -0.597926 0.852162
v -1.365267 -0.591500 0.837583
v -1.357355 -0.587143 0.818804
v -1.355916 -0.585382 0.798091
v -1.361124 -0.586427 0.777941
v -1.372350 -0.590153 0.760786
v -1.388240 -0.596112 0.748694
v -1.406878 -0.603583 0.743124
v -1.426015 -0.611666 0.744747
v -1.443344 -0.619386 0.753368
v -1.456774 -0.625812 0.767947
v -1.464686 -0.630168 0.786726
v -1.373181 -0.819075 0.795586
v -1.368184 -0.817606 0.815762
v -1.357563 -0.812661 0.832995
v -1.342601 -0.804836 0.845205
v -1.325101 -0.795074 0.850920
v -1.307174 -0.784554 0.849452
v -1.290982 -0.774544 0.840975
v -1.278479 -0.766251 0.826514
v -1.271173 -0.760675 0.807813
v -1.269944 -0.758490 0.787127
v -1.274942 -0.759959 0.766950
v -1.285562 -0.764904 0.749718
v -1.300525 -0.772730 0.737507
v -1.318025 -0.782491 0.731792
v -1.335952 -0.793011 0.733261
v -1.352144 -0.803022 0.741737
v -1.364646 -0.811315 0.756198
v -1.371953 -0.816890 0.774900
v -1.256686 -0.992398 0.781803
v -1.251953 -0.990538 0.802010
v -1.242090 -0.984464 0.819333
v -1.228290 -0.974909 0.831680
v -1.212215 -0.963027 0.837564
v -1.195805 -0.950249 0.836275
v -1.181040 -0.938118 0.827968
v -1.169699 -0.928095 0.813644
v -1.163151 -0.921392 0.795032
v -1.162186 -0.918815 0.774377
v -1.166920 -0.920675 0.754170
v -1.176782 -0.926749 0.736847
v -1.190582 -0.936303 0.724500
v -1.206657 -0.948186 0.718615
v -1.223067 -0.960964 0.719905
v -1.237832 -0.973095 0.728212
v -1.249173 -0.983117 0.742536
v -1.255721 -0.989821 0.761148
v -1.118632 -1.148934 0.766325
v -1.114210 -1.146720 0.786568
v -1.105247 -1.139627 0.803991
v -1.092824 -1.128511 0.816493
v -1.078439 -1.114712 0.822567
v -1.063827 -1.099896 0.821479
v -1.050751 -1.085849 0.813361
v -1.040788 -1.074265 0.799192
v -1.035139 -1.066542 0.780681
v -1.034486 -1.063611 0.760061
v -1.038907 -1.065825 0.739818
v -1.047870 -1.072918 0.722395
v -1.060293 -1.084035 0.709893
v -1.074679 -1.097833 0.703819
v -1.089291 -1.112649 0.704907
v -1.102367 -1.126696 0.713025
v -1.112330 -1.138280 0.727194
v -1.117979 -1.146004 0.745705
v -0.961379 -1.286006 0.749419
v -0.957314 -1.283481 0.769700
v -0.949374 -1.275496 0.787233
v -0.938520 -1.263012 0.799904
v -0.926060 -1.247536 0.806184
v -0.913496 -1.230935 0.805316
v -0.902344 -1.215210 0.797405
v -0.893949 -1.202259 0.783405
v -0.889324 -1.193643 0.765004
v -0.889027 -1.190402 0.744422
v -0.893093 -1.192927 0.724141
v -0.901032 -1.200912 0.706608
v -0.911887 -1.213396 0.693937
v -0.924347 -1.228872 0.687657
v -0.936911 -1.245473 0.688525
v -0.948063 -1.261198 0.696436
v -0.956457 -1.274149 0.710436
v -0.961082 -1.282765 0.728837
v -0.787622 -1.401266 0.731372
v -0.783949 -1.398481 0.751694
v -0.777142 -1.389745 0.769345
v -0.768021 -1.376111 0.782196
v -0.757686 -1.359225 0.788697
v -0.747386 -1.341122 0.788064
v -0.738361 -1.323987 0.780374
v -0.731699 -1.309885 0.766554
v -0.728206 -1.300519 0.748270
v -0.728302 -1.297017 0.727729
v -0.731975 -1.299802 0.707407
v -0.738782 -1.308539 0.689757
v -0.747903 -1.322173 0.676906
v -0.758237 -1.339059 0.670405
v -0.768538 -1.357162 0.671037
v -0.777563 -1.374297 0.678728
v -0.784224 -1.388398 0.692548
v -0.787718 -1.397764 0.710831
v -0.600332 -1.492743 0.712495
v -0.597082 -1.489751 0.732859
v -0.591495 -1.480419 0.750633
v -0.584242 -1.465873 0.763672
v -0.576200 -1.447867 0.770404
v -0.568338 -1.428573 0.770017
v -0.561605 -1.410318 0.762558
v -0.556813 -1.395304 0.748926
v -0.554539 -1.385342 0.730766
v -0.555058 -1.381634 0.710267
v -0.558307 -1.384626 0.689903
v -0.563896 -1.393958 0.672129
v -0.571148 -1.408504 0.659090
v -0.579190 -1.426510 0.652358
v -0.587052 -1.445804 0.652745
v -0.593785 -1.464059 0.660204
v -0.598577 -1.479072 0.673836
v -0.600851 -1.489035 0.691996
v -0.402712 -1.558872 0.693109
v -0.399909 -1.555731 0.713517
v -0.395608 -1.545968 0.731417
v -0.390327 -1.530762 0.744649
v -0.384703 -1.511947 0.751619
v -0.379415 -1.491791 0.751485
v -0.375101 -1.472728 0.744263
v -0.372280 -1.457054 0.730824
v -0.371293 -1.446661 0.712790
v -0.372259 -1.442803 0.692335
v -0.375062 -1.445945 0.671927
v -0.379363 -1.455707 0.654027
v -0.384644 -1.470914 0.640795
v -0.390267 -1.489729 0.633825
v -0.395555 -1.509884 0.633959
v -0.399870 -1.528948 0.641181
v -0.402691 -1.544622 0.654620
v -0.403678 -1.555014 0.672654
v -0.198145 -1.598521 0.673546
v -0.195805 -1.595290 0.693999
v -0.192836 -1.585270 0.712026
v -0.189596 -1.569668 0.725454
v -0.186476 -1.550367 0.732663
v -0.183852 -1.529696 0.732783
v -0.182041 -1.510146 0.725801
v -0.181261 -1.494077 0.712557
v -0.181607 -1.483426 0.694650
v -0.183035 -1.479479 0.674240
v -0.185376 -1.482710 0.653788
v -0.188344 -1.492731 0.635760
v -0.191584 -1.508332 0.622333
v -0.194704 -1.527633 0.615124
v -0.197328 -1.548305 0.615003
v -0.199139 -1.567854 0.621986
v -0.199919 -1.583923 0.635229
v -0.199574 -1.594574 0.653136
vn 0.9962 -0.0685 0.0539
vn 0.9986 -0.0031 0.0522
vn 0.9215 0.0063 0.3882
vn 0.9195 -0.0552 0.3892
vn 0.7346 0.0149 0.6783
vn 0.7335 -0.0354 0.6788
vn 0.4597 0.0218 0.8878
vn 0.4593 -0.0113 0.8882
vn 0.1292 0.0261 0.9913
vn 0.1291 0.0142 0.9915
vn -0.2178 0.0272 0.9756
vn -0.2177 0.0381 0.9753
vn -0.5391 0.0251 0.8418
vn -0.5387 0.0574 0.8405
vn -0.7957 0.0199 0.6054
vn -0.7944 0.0698 0.6033
vn -0.9555 0.0122 0.2948
vn -0.9534 0.0736 0.2925
vn -0.9986 0.0031 -0.0522
vn -0.9962 0.0685 -0.0539
vn -0.9196 -0.0064 -0.3928
vn -0.9176 0.0550 -0.3937
vn -0.7283 -0.0151 -0.6851
vn -0.7272 0.0348 -0.6856
vn -0.4486 -0.0220 -0.8935
vn -0.4482 0.0104 -0.8939
vn -0.1150 -0.0262 -0.9930
vn -0.1150 -0.0153 -0.9933
vn 0.2316 -0.0272 -0.9724
vn 0.2316 -0.0390 -0.9720
vn 0.5497 -0.0249 -0.8350
vn 0.5492 -0.0580 -0.8337
vn 0.8013 -0.0197 -0.5980
vn 0.8000 -0.0700 -0.5959
vn 0.9569 -0.0121 -0.2900
vn 0.9548 -0.0736 -0.2878
vn 0.9907 0.1274 0.0483
vn 0.9141 0.1290 0.3845
vn 0.7285 0.1153 0.6753
vn 0.4557 0.0877 0.8858
vn 0.1277 0.0496 0.9906
vn -0.2164 0.0055 0.9763
vn -0.5352 -0.0395 0.8438
vn -0.7896 -0.0797 0.6084
vn -0.9480 -0.1103 0.2985
vn -0.9907 -0.1274 -0.0483
vn -0.9121 -0.1289 -0.3891
vn -0.7222 -0.1147 -0.6821
vn -0.4446 -0.0865 -0.8915
vn -0.1137 -0.0479 -0.9924
vn 0.2302 -0.0036 -0.9731
vn 0.5456 0.0410 -0.8370
vn 0.7951 0.0807 -0.6010
vn 0.9495 0.1106 -0.2938
vn 0.9658 0.2557 0.0435
vn 0.8906 0.2497 0.3800
vn 0.7094 0.2140 0.6716
vn 0.4431 0.1526 0.8834
vn 0.1232 0.0728 0.9897
vn -0.2123 -0.0159 0.9771
vn -0.5229 -0.1029 0.8462
vn -0.7706 -0.1776 0.6121
vn -0.9246 -0.2308 0.3030
vn -0.9658 -0.2557 -0.0435
vn -0.8888 -0.2494 -0.3846
vn -0.7032 -0.2126 -0.6784
vn -0.4323 -0.1500 -0.8892
vn -0.1095 -0.0693 -0.9916
vn 0.2257 0.0196 -0.9740
vn 0.5330 0.1059 -0.8394
vn 0.7760 0.1793 -0.6047
vn 0.9260 0.2313 -0.2982
vn 0.9243 0.3797 0.0379
vn 0.8517 0.3663 0.3748
vn 0.6775 0.3093 0.6673
vn 0.4222 0.2152 0.8806
vn 0.1157 0.0952 0.9887
vn -0.2054 -0.0366 0.9780
vn -0.5024 -0.1642 0.8489
vn -0.7390 -0.2722 0.6163
vn -0.8858 -0.3471 0.3081
vn -0.9243 -0.3797 -0.0379
vn -0.8499 -0.3658 -0.3794
vn -0.6716 -0.3072 -0.6742
vn -0.4118 -0.2113 -0.8864
vn -0.1026 -0.0900 -0.9906
vn 0.2182 0.0420 -0.9750
vn 0.5121 0.1685 -0.8422
vn 0.7441 0.2747 -0.6090
vn 0.8871 0.3479 -0.3034
vn 0.8671 0.4971 0.0318
vn 0.7978 0.4768 0.3690
vn 0.6335 0.3996 0.6626
vn 0.3933 0.2746 0.8775
vn 0.1054 0.1164 0.9876
vn -0.1958 -0.0561 0.9790
vn -0.4741 -0.2223 0.8519
vn -0.6953 -0.3618 0.6210
vn -0.8320 -0.4574 0.3139
vn -0.8671 -0.4971 -0.0318
vn -0.7961 -0.4760 -0.3736
vn -0.6279 -0.3968 -0.6695
vn -0.3835 -0.2694 -0.8834
vn -0.0931 -0.1095 -0.9896
vn 0.2079 0.0632 -0.9761
vn 0.4832 0.2279 -0.8453
vn 0.7001 0.3650 -0.6137
vn 0.8332 0.4584 -0.3092
vn 0.7950 0.6061 0.0251
vn 0.7300 0.5792 0.3627
vn 0.5781 0.4834 0.6574
vn 0.3568 0.3297 0.8741
vn 0.0924 0.1361 0.9864
vn -0.1838 -0.0743 0.9801
vn -0.4385 -0.2762 0.8553
vn -0.6403 -0.4449 0.6261
vn -0.7643 -0.5597 0.3202
vn -0.7950 -0.6061 -0.0251
vn -0.7285 -0.5783 -0.3673
vn -0.5729 -0.4799 -0.6644
vn -0.3479 -0.3233 -0.8801
vn -0.0811 -0.1277 -0.9885
vn 0.1949 0.0829 -0.9773
vn 0.4468 0.2829 -0.8487
vn 0.6447 0.4488 -0.6189
vn 0.7654 0.5608 -0.3156
vn 0.7093 0.7046 0.0179
vn 0.6495 0.6719 0.3560
vn 0.5122 0.5592 0.6519
vn 0.3135 0.3795 0.8705
vn 0.0769 0.1539 0.9851
vn -0.1696 -0.0907 0.9813
vn -0.3961 -0.3249 0.8588
vn -0.5749 -0.5202 0.6316
vn -0.6839 -0.6522 0.3270
vn -0.7093 -0.7046 -0.0179
vn -0.6480 -0.6709 -0.3606
vn -0.5076 -0.5552 -0.6589
vn -0.3055 -0.3720 -0.8765
vn -0.0668 -0.1441 -0.9873
vn 0.1794 0.1007 -0.9786
vn 0.4034 0.3328 -0.8524
vn 0.5788 0.5246 -0.6244
vn 0.6849 0.6535 -0.3223
vn 0.6115 0.7912 0.0105
vn 0.5574 0.7533 0.3490
vn 0.4369 0.6257 0.6462
vn 0.2641 0.4232 0.8667
vn 0.0592 0.1695 0.9837
vn -0.1533 -0.1051 0.9826
vn -0.3477 -0.3677 0.8625
vn -0.5003 -0.5862 0.6373
vn -0.5921 -0.7335 0.3339
vn -0.6115 -0.7912 -0.0105
vn -0.5562 -0.7521 -0.3536
vn -0.4329 -0.6212 -0.6532
vn -0.2571 -0.4148 -0.8728
vn -0.0505 -0.1585 -0.9861
vn 0.1617 0.1163 -0.9800
vn 0.3540 0.3765 -0.8561
vn 0.5036 0.5911 -0.6301
vn 0.5928 0.7349 -0.3293
vn 0.5032 0.8641 0.0028
vn 0.4556 0.8220 0.3418
vn 0.3537 0.6818 0.6403
vn 0.2094 0.4601 0.8628
vn 0.0397 0.1827 0.9824
vn -0.1352 -0.1173 0.9838
vn -0.2942 -0.4038 0.8663
vn -0.4177 -0.6419 0.6431
vn -0.4904 -0.8020 0.3411
vn -0.5032 -0.8641 -0.0028
vn -0.4545 -0.8206 -0.3464
vn -0.3503 -0.6769 -0.6474
vn -0.2036 -0.4509 -0.8691
vn -0.0325 -0.1707 -0.9848
vn 0.1422 0.1295 -0.9813
vn 0.2993 0.4134 -0.8600
vn 0.4203 0.6472 -0.6360
vn 0.4910 0.8036 -0.3365
vn 0.3863 0.9223 -0.0048
vn 0.3457 0.8767 0.3346
vn 0.2638 0.7266 0.6344
vn 0.1503 0.4895 0.8590
vn 0.0185 0.1932 0.9810
vn -0.1157 -0.1270 0.9851
vn -0.2363 -0.4326 0.8701
vn -0.3285 -0.6863 0.6490
vn -0.3806 -0.8566 0.3483
vn -0.3863 -0.9223 0.0048
vn -0.3448 -0.8753 -0.3392
vn -0.2611 -0.7213 -0.6416
vn -0.1458 -0.4797 -0.8653
vn -0.0130 -0.1804 -0.9835
vn 0.1210 0.1400 -0.9827
vn 0.2402 0.4428 -0.8639
vn 0.3304 0.6920 -0.6419
vn 0.3811 0.8583 -0.3437
vn 0.2628 0.9648 -0.0124
vn 0.2295 0.9166 0.3274
vn 0.1688 0.7592 0.6286
vn 0.0879 0.5109 0.8551
vn -0.0038 0.2009 0.9796
vn -0.0952 -0.1341 0.9864
vn -0.1753 -0.4536 0.8738
vn -0.2342 -0.7186 0.6548
vn -0.2647 -0.8964 0.3555
vn -0.2628 -0.9648 0.0124
vn -0.2288 -0.9151 -0.3321
vn -0.1669 -0.7536 -0.6358
vn -0.0847 -0.5006 -0.8615
vn 0.0076 -0.1874 -0.9822
vn 0.0987 0.1477 -0.9841
vn 0.1778 0.4642 -0.8677
vn 0.2354 0.7246 -0.6477
vn 0.2649 0.8982 -0.3508
vn 0.1348 0.9907 -0.0198
vn 0.1091 0.9409 0.3205
vn 0.0704 0.7791 0.6229
vn 0.0232 0.5240 0.8514
vn -0.0269 0.2056 0.9783
vn -0.0738 -0.1384 0.9876
vn -0.1120 -0.4664 0.8775
vn -0.1366 -0.7384 0.6604
vn -0.1445 -0.9208 0.3624
vn -0.1348 -0.9907 0.0198
vn -0.1086 -0.9394 -0.3252
vn -0.0692 -0.7734 -0.6301
vn -0.0214 -0.5135 -0.8579
vn 0.0289 -0.1918 -0.9810
vn 0.0756 0.1523 -0.9854
vn 0.1131 0.4773 -0.8714
vn 0.1370 0.7445 -0.6534
vn 0.1445 0.9226 -0.3578
vn 0.0045 0.9996 -0.0269
vn -0.0134 0.9494 0.3139
vn -0.0298 0.7860 0.6175
vn -0.0427 0.5286 0.8478
vn -0.0504 0.2072 0.9770
vn -0.0521 -0.1399 0.9888
vn -0.0475 -0.4708 0.8809
vn -0.0371 -0.7452 0.6658
vn -0.0222 -0.9292 0.3690
vn -0.0045 -0.9996 0.0269
vn 0.0137 -0.9478 -0.3185
vn 0.0302 -0.7802 -0.6248
vn 0.0430 -0.5179 -0.8544
vn 0.0506 -0.1932 -0.9798
vn 0.0521 0.1540 -0.9867
vn 0.0472 0.4818 -0.8750
vn 0.0368 0.7514 -0.6588
vn 0.0220 0.9310 -0.3644
vn -0.1259 0.9915 -0.0335
vn -0.1361 0.9417 0.3077
vn -0.1301 0.7798 0.6124
vn -0.1086 0.5244 0.8445
vn -0.0740 0.2057 0.9758
vn -0.0304 -0.1385 0.9899
vn 0.0170 -0.4668 0.8842
vn 0.0624 -0.7390 0.6708
vn 0.1002 -0.9215 0.3752
vn 0.1259 -0.9915 0.0335
vn 0.1361 -0.9402 -0.3124
vn 0.1297 -0.7740 -0.6197
vn 0.1075 -0.5139 -0.8511
vn 0.0723 -0.1919 -0.9787
vn 0.0285 0.1525 -0.9879
vn -0.0187 0.4777 -0.8783
vn -0.0635 0.7451 -0.6639
vn -0.1007 0.9233 -0.3706
vn -0.2541 0.9664 -0.0395
vn -0.2567 0.9181 0.3020
vn -0.2287 0.7604 0.6078
vn -0.1734 0.5118 0.8415
vn -0.0971 0.2012 0.9747
vn -0.0090 -0.1343 0.9909
vn 0.0804 -0.4544 0.8872
vn 0.1602 -0.7199 0.6754
vn 0.2206 -0.8979 0.3808
vn 0.2541 -0.9664 0.0395
vn 0.2565 -0.9166 -0.3067
vn 0.2276 -0.7549 -0.6151
vn 0.1709 -0.5014 -0.8481
vn 0.0937 -0.1877 -0.9777
vn 0.0053 0.1479 -0.9890
vn -0.0835 0.4650 -0.8814
vn -0.1621 0.7258 -0.6685
vn -0.2213 0.8997 -0.3763
vn -0.3780 0.9247 -0.0448
vn -0.3732 0.8789 0.2970
vn -0.3240 0.7284 0.6037
vn -0.2360 0.4907 0.8388
vn -0.1195 0.1937 0.9738
vn 0.0116 -0.1274 0.9918
vn 0.1416 -0.4338 0.8898
vn 0.2547 -0.6881 0.6794
vn 0.3369 -0.8588 0.3858
vn 0.3780 -0.9247 0.0448
vn 0.3728 -0.8775 -0.3017
vn 0.3221 -0.7231 -0.6111
vn 0.2322 -0.4808 -0.8455
vn 0.1144 -0.1808 -0.9769
vn -0.0170 0.1404 -0.9899
vn -0.1461 0.4440 -0.8840
vn -0.2574 0.6938 -0.6726
vn -0.3378 0.8605 -0.3813
vn -0.4954 0.8673 -0.0494
vn -0.4836 0.8249 0.2927
vn -0.4143 0.6842 0.6002
vn -0.2953 0.4617 0.8365
vn -0.1407 0.1833 0.9729
vn 0.0312 -0.1178 0.9925
vn 0.1997 -0.4054 0.8921
vn 0.3443 -0.6442 0.6829
vn 0.4472 -0.8049 0.3901
vn 0.4954 -0.8673 0.0494
vn 0.4830 -0.8235 -0.2974
vn 0.4117 -0.6792 -0.6076
vn 0.2903 -0.4524 -0.8432
vn 0.1339 -0.1712 -0.9761
vn -0.0382 0.1300 -0.9908
vn -0.2054 0.4149 -0.8864
vn -0.3477 0.6496 -0.6761
vn -0.4482 0.8065 -0.3856
vn -0.6043 0.7950 -0.0531
vn -0.5861 0.7569 0.2892
vn -0.4980 0.6286 0.5973
vn -0.3504 0.4251 0.8346
vn -0.1604 0.1702 0.9723
vn 0.0493 -0.1058 0.9932
vn 0.2536 -0.3696 0.8939
vn 0.4274 -0.5891 0.6858
vn 0.5494 -0.7370 0.3936
vn 0.6043 -0.7950 0.0531
vn 0.5853 -0.7557 -0.2939
vn 0.4948 -0.6241 -0.6047
vn 0.3442 -0.4167 -0.8414
vn 0.1521 -0.1591 -0.9755
vn -0.0579 0.1170 -0.9914
vn -0.2605 0.3784 -0.8882
vn -0.4314 0.5940 -0.6790
vn -0.5507 0.7385 -0.3891
vn -0.7029 0.7090 -0.0559
vn -0.6788 0.6761 0.2865
vn -0.5739 0.5626 0.5951
vn -0.4002 0.3817 0.8331
vn -0.1782 0.1547 0.9717
vn 0.0657 -0.0914 0.9936
vn 0.3023 -0.3271 0.8953
vn 0.5027 -0.5235 0.6879
vn 0.6420 -0.6564 0.3963
vn 0.7029 -0.7090 0.0559
vn 0.6779 -0.6750 -0.2913
vn 0.5700 -0.5585 -0.6026
vn 0.3929 -0.3742 -0.8400
vn 0.1685 -0.1448 -0.9750
vn -0.0757 0.1015 -0.9920
vn -0.3103 0.3350 -0.8897
vn -0.5073 0.5280 -0.6811
vn -0.6434 0.6577 -0.3917
vn -0.7895 0.6110 -0.0578
vn -0.7603 0.5839 0.2848
vn -0.6404 0.4872 0.5937
vn -0.4440 0.3322 0.8322
vn -0.1939 0.1370 0.9714
vn 0.0802 -0.0751 0.9939
vn 0.3452 -0.2786 0.8962
vn 0.5687 -0.4487 0.6893
vn 0.7233 -0.5643 0.3980
vn 0.7895 -0.6110 0.0578
vn 0.7592 -0.5830 -0.2895
vn 0.6361 -0.4837 -0.6012
vn 0.4357 -0.3257 -0.8391
vn 0.1829 -0.1285 -0.9747
vn -0.0914 0.0837 -0.9923
vn -0.3541 0.2854 -0.8906
vn -0.5738 0.4526 -0.6826
vn -0.7249 0.5655 -0.3935
vn -0.8626 0.5025 -0.0586
vn -0.8290 0.4818 0.2840
vn -0.6966 0.4037 0.5930
vn -0.4809 0.2773 0.8318
vn -0.2071 0.1174 0.9713
vn 0.0923 -0.0570 0.9941
vn 0.3813 -0.2250 0.8967
vn 0.6245 -0.3659 0.6900
vn 0.7919 -0.4625 0.3988
vn 0.8626 -0.5025 0.0586
vn 0.8278 -0.4811 -0.2887
vn 0.6918 -0.4009 -0.6005
vn 0.4719 -0.2720 -0.8387
vn 0.1951 -0.1104 -0.9745
vn -0.1046 0.0641 -0.9924
vn -0.3910 0.2306 -0.8910
vn -0.6300 0.3691 -0.6832
vn -0.7936 0.4634 -0.3943
vn -0.9209 0.3854 -0.0585
vn -0.8838 0.3717 0.2841
vn -0.7415 0.3137 0.5931
vn -0.5104 0.2181 0.8318
vn -0.2176 0.0963 0.9713
vn 0.1021 -0.0375 0.9941
vn 0.4101 -0.1671 0.8966
vn 0.6690 -0.2766 0.6899
vn 0.8466 -0.3525 0.3987
vn 0.9209 -0.3854 0.0585
vn 0.8825 -0.3712 -0.2888
vn 0.7363 -0.3116 -0.6006
vn 0.5007 -0.2141 -0.8387
vn 0.2048 -0.0909 -0.9746
vn -0.1151 0.0430 -0.9924
vn -0.4204 0.1714 -0.8910
vn -0.6749 0.2791 -0.6831
vn -0.8484 0.3533 -0.3942
vn -0.9634 0.2617 -0.0574
vn -0.9238 0.2554 0.2852
vn -0.7742 0.2186 0.5940
vn -0.5319 0.1556 0.8324
vn -0.2253 0.0739 0.9715
vn 0.1091 -0.0169 0.9939
vn 0.4312 -0.1059 0.8960
vn 0.7014 -0.1822 0.6890
vn 0.8866 -0.2364 0.3976
vn 0.9634 -0.2617 0.0574
vn 0.9224 -0.2550 -0.2899
vn 0.7688 -0.2172 -0.6015
vn 0.5217 -0.1530 -0.8393
vn 0.2119 -0.0703 -0.9748
vn -0.1228 0.0207 -0.9922
vn -0.4419 0.1089 -0.8904
vn -0.7076 0.1840 -0.6823
vn -0.8884 0.2370 -0.3931
vn -0.9916 0.1239 -0.0374
vn -0.9446 0.1237 0.3041
vn -0.7853 0.1088 0.6095
vn -0.5322 0.0808 0.8428
vn -0.2150 0.0431 0.9757
vn 0.1288 0.0002 0.9917
vn 0.4581 -0.0428 0.8879
vn 0.7326 -0.0807 0.6758
vn 0.9183 -0.1088 0.3807
vn 0.9916 -0.1238 0.0385
vn 0.9431 -0.1236 -0.3085
vn 0.7792 -0.1084 -0.6173
vn 0.5204 -0.0801 -0.8501
vn 0.1992 -0.0421 -0.9791
vn -0.1452 0.0009 -0.9894
vn -0.4713 0.0438 -0.8809
vn -0.7404 0.0814 -0.6673
vn -0.9208 0.1092 -0.3745
vn -0.9996 -0.0163 0.0215
vn -0.9329 -0.0168 0.3596
vn -0.7553 -0.0154 0.6552
vn -0.4874 -0.0122 0.8731
vn -0.1609 -0.0076 0.9869
vn 0.1856 -0.0020 0.9826
vn 0.5105 0.0041 0.8599
vn 0.7743 0.0099 0.6327
vn 0.9445 0.0147 0.3282
vn 0.9997 0.0176 -0.0170
vn 0.9326 0.0183 -0.3604
vn 0.7513 0.0167 -0.6597
vn 0.4782 0.0129 -0.8781
vn 0.1474 0.0076 -0.9891
vn -0.2006 0.0015 -0.9797
vn -0.5233 -0.0046 -0.8521
vn -0.7824 -0.0099 -0.6227
vn -0.9475 -0.0139 -0.3194
vn 0.0041 -0.9998 -0.0179
vn 0.1340 -0.9905 -0.0297
vn 0.1573 -0.9376 0.3103
vn 0.0350 -0.9463 0.3214
vn 0.1618 -0.7729 0.6136
vn 0.0618 -0.7800 0.6227
vn 0.1470 -0.5157 0.8441
vn 0.0813 -0.5204 0.8501
vn 0.1145 -0.1961 0.9739
vn 0.0911 -0.1978 0.9760
vn 0.0682 0.1478 0.9867
vn 0.0899 0.1494 0.9847
vn 0.0135 0.4747 0.8801
vn 0.0778 0.4793 0.8742
vn -0.0429 0.7445 0.6662
vn 0.0562 0.7516 0.6572
vn -0.0942 0.9239 0.3708
vn 0.0278 0.9327 0.3597
vn -0.1340 0.9905 0.0297
vn -0.0041 0.9998 0.0179
vn -0.1575 0.9360 -0.3149
vn -0.0355 0.9447 -0.3260
vn -0.1616 0.7671 -0.6209
vn -0.0625 0.7742 -0.6299
vn -0.1461 0.5050 -0.8507
vn -0.0818 0.5096 -0.8565
vn -0.1129 0.1822 -0.9768
vn -0.0912 0.1838 -0.9787
vn -0.0661 -0.1618 -0.9846
vn -0.0896 -0.1634 -0.9825
vn -0.0115 -0.4855 -0.8741
vn -0.0772 -0.4902 -0.8682
vn 0.0444 -0.7506 -0.6593
vn -0.0556 -0.7577 -0.6502
vn 0.0949 -0.9257 -0.3662
vn -0.0273 -0.9344 -0.3551
vn 0.2617 -0.9643 -0.0410
vn 0.2773 -0.9129 0.2996
vn 0.2599 -0.7527 0.6049
vn 0.2115 -0.5024 0.8384
vn 0.1376 -0.1914 0.9718
vn 0.0469 0.1435 0.9885
vn -0.0496 0.4617 0.8856
vn -0.1403 0.7245 0.6749
vn -0.2141 0.8993 0.3814
vn -0.2617 0.9643 0.0410
vn -0.2773 0.9113 -0.3043
vn -0.2590 0.7471 -0.6122
vn -0.2092 0.4920 -0.8451
vn -0.1341 0.1779 -0.9749
vn -0.0430 -0.1570 -0.9867
vn 0.0530 -0.4723 -0.8799
vn 0.1425 -0.7304 -0.6680
vn 0.2149 -0.9010 -0.3768
vn 0.3848 -0.9215 -0.0517
vn 0.3932 -0.8727 0.2896
vn 0.3546 -0.7198 0.5967
vn 0.2737 -0.4808 0.8330
vn 0.1598 -0.1836 0.9699
vn 0.0264 0.1363 0.9903
vn -0.1105 0.4406 0.8909
vn -0.2343 0.6919 0.6830
vn -0.3297 0.8592 0.3913
vn -0.3848 0.9215 0.0516
vn -0.3929 0.8712 -0.2944
vn -0.3530 0.7144 -0.6041
vn -0.2701 0.4709 -0.8398
vn -0.1547 0.1708 -0.9731
vn -0.0208 -0.1493 -0.9886
vn 0.1153 -0.4507 -0.8852
vn 0.2372 -0.6975 -0.6762
vn 0.3308 -0.8608 -0.3868
vn 0.5014 -0.8630 -0.0614
vn 0.5028 -0.8176 0.2805
vn 0.4443 -0.6748 0.5893
vn 0.3327 -0.4512 0.8281
vn 0.1809 -0.1731 0.9682
vn 0.0070 0.1266 0.9919
vn -0.1682 0.4116 0.8957
vn -0.3232 0.6472 0.6904
vn -0.4391 0.8042 0.4005
vn -0.5014 0.8630 0.0614
vn -0.5024 0.8162 -0.2852
vn -0.4420 0.6698 -0.5967
vn -0.3278 0.4420 -0.8350
vn -0.1741 0.1610 -0.9715
vn 0.0003 -0.1387 -0.9903
vn 0.1742 -0.4211 -0.8901
vn 0.3269 -0.6525 -0.6836
vn 0.4404 -0.8058 -0.3960
vn 0.6094 -0.7897 -0.0701
vn 0.6044 -0.7487 0.2723
vn 0.5274 -0.6185 0.5826
vn 0.3872 -0.4142 0.8237
vn 0.2004 -0.1598 0.9666
vn -0.0110 0.1144 0.9934
vn -0.2216 0.3754 0.9000
vn -0.4057 0.5913 0.6970
vn -0.5405 0.7354 0.4086
vn -0.6094 0.7897 0.0701
vn -0.6038 0.7474 -0.2771
vn -0.5244 0.6139 -0.5901
vn -0.3812 0.4057 -0.8307
vn -0.1921 0.1488 -0.9700
vn 0.0198 -0.1255 -0.9919
vn 0.2288 -0.3841 -0.8945
vn 0.4100 -0.5961 -0.6903
vn 0.5420 -0.7368 -0.4041
vn 0.7070 -0.7029 -0.0775
vn 0.6962 -0.6671 0.2653
vn 0.6024 -0.5517 0.5768
vn 0.4365 -0.3703 0.8199
vn 0.2180 -0.1442 0.9652
vn -0.0273 0.0999 0.9946
vn -0.2698 0.3325 0.9037
vn -0.4801 0.5251 0.7027
vn -0.6321 0.6539 0.4156
vn -0.7070 0.7029 0.0775
vn -0.6954 0.6660 -0.2701
vn -0.5988 0.5476 -0.5844
vn -0.4295 0.3628 -0.8270
vn -0.2083 0.1343 -0.9688
vn 0.0374 -0.1098 -0.9932
vn 0.2781 -0.3402 -0.8983
vn 0.4850 -0.5294 -0.6961
vn 0.6338 -0.6552 -0.4112
vn 0.7925 -0.6041 -0.0837
vn 0.7766 -0.5741 0.2595
vn 0.6681 -0.4757 0.5721
vn 0.4797 -0.3204 0.8168
vn 0.2335 -0.1263 0.9641
vn -0.0415 0.0834 0.9956
vn -0.3121 0.2836 0.9067
vn -0.5453 0.4497 0.7074
vn -0.7124 0.5612 0.4214
vn -0.7925 0.6041 0.0837
vn -0.7756 0.5732 -0.2643
vn -0.6640 0.4722 -0.5797
vn -0.4717 0.3139 -0.8240
vn -0.2226 0.1179 -0.9678
vn 0.0528 -0.0920 -0.9944
vn 0.3213 -0.2903 -0.9014
vn 0.5507 -0.4534 -0.7008
vn 0.7142 -0.5623 -0.4169
vn 0.8644 -0.4950 -0.0884
vn 0.8442 -0.4715 0.2551
vn 0.7234 -0.3918 0.5685
vn 0.5161 -0.2652 0.8144
vn 0.2465 -0.1066 0.9633
vn -0.0535 0.0653 0.9964
vn -0.3477 0.2296 0.9091
vn -0.6002 0.3664 0.7110
vn -0.7799 0.4587 0.4259
vn -0.8644 0.4950 0.0884
vn -0.8432 0.4707 -0.2599
vn -0.7189 0.3890 -0.5761
vn -0.5073 0.2599 -0.8216
vn -0.2346 0.0997 -0.9670
vn 0.0658 -0.0722 -0.9952
vn 0.3576 -0.2351 -0.9038
vn 0.6060 -0.3695 -0.7044
vn 0.7818 -0.4596 -0.4214
vn 0.9215 -0.3773 -0.0916
vn 0.8979 -0.3608 0.2521
vn 0.7674 -0.3013 0.5660
vn 0.5450 -0.2058 0.8128
vn 0.2568 -0.0853 0.9627
vn -0.0630 0.0457 0.9970
vn -0.3759 0.1714 0.9107
vn -0.6438 0.2766 0.7134
vn -0.8335 0.3482 0.4289
vn -0.9215 0.3773 0.0916
vn -0.8968 0.3603 -0.2568
vn -0.7625 0.2992 -0.5736
vn -0.5355 0.2018 -0.8200
vn -0.2441 0.0801 -0.9664
vn 0.0762 -0.0510 -0.9958
vn 0.3865 -0.1756 -0.9054
vn 0.6500 -0.2790 -0.7069
vn 0.8355 -0.3490 -0.4244
vn 0.9629 -0.2532 -0.0932
vn 0.9368 -0.2441 0.2505
vn 0.7992 -0.2059 0.5647
vn 0.5659 -0.1431 0.8120
vn 0.2643 -0.0629 0.9624
vn -0.0699 0.0250 0.9972
vn -0.3964 0.1101 0.9115
vn -0.6754 0.1820 0.7147
vn -0.8724 0.2317 0.4304
vn -0.9629 0.2532 0.0932
vn -0.9356 0.2438 -0.2553
vn -0.7941 0.2045 -0.5724
vn -0.5560 0.1404 -0.8192
vn -0.2510 0.0594 -0.9662
vn 0.0836 -0.0286 -0.9961
vn 0.4074 -0.1129 -0.9062
vn 0.6818 -0.1836 -0.7082
vn 0.8744 -0.2323 -0.4259
vn 0.9774 -0.1894 -0.0935
vn 0.9507 -0.1841 0.2497
vn 0.8109 -0.1570 0.5637
vn 0.5740 -0.1110 0.8113
vn 0.2672 -0.0515 0.9623
vn -0.0727 0.0144 0.9973
vn -0.4044 0.0787 0.9112
vn -0.6872 0.1334 0.7141
vn -0.8863 0.1719 0.4300
vn -0.9774 0.1894 0.0935
vn -0.9494 0.1839 -0.2544
vn -0.8058 0.1560 -0.5714
vn -0.5639 0.1090 -0.8186
vn -0.2537 0.0488 -0.9660
vn 0.0866 -0.0171 -0.9961
vn 0.4156 -0.0808 -0.9060
vn 0.6937 -0.1347 -0.7076
vn 0.8884 -0.1723 -0.4255
vn -0.9997 -0.0153 0.0215
vn -0.9874 -0.1401 0.0741
vn -0.9032 -0.1318 0.4085
vn -0.9331 -0.0019 0.3597
vn -0.7114 -0.1077 0.6945
vn -0.7553 0.0117 0.6553
vn -0.4345 -0.0706 0.8979
vn -0.4873 0.0242 0.8729
vn -0.1052 -0.0248 0.9941
vn -0.1607 0.0342 0.9864
vn 0.2373 0.0242 0.9711
vn 0.1856 0.0404 0.9818
vn 0.5517 0.0705 0.8311
vn 0.5103 0.0418 0.8590
vn 0.7999 0.1083 0.5902
vn 0.7739 0.0382 0.6321
vn 0.9515 0.1330 0.2773
vn 0.9443 0.0295 0.3279
vn 0.9875 0.1414 -0.0700
vn 0.9997 0.0170 -0.0170
vn 0.9028 0.1326 -0.4091
vn 0.9328 0.0021 -0.3603
vn 0.7076 0.1076 -0.6984
vn 0.7515 -0.0129 -0.6596
vn 0.4259 0.0696 -0.9021
vn 0.4784 -0.0261 -0.8778
vn 0.0928 0.0233 -0.9954
vn 0.1475 -0.0357 -0.9884
vn -0.2507 -0.0254 -0.9677
vn -0.2003 -0.0406 -0.9789
vn -0.5630 -0.0709 -0.8234
vn -0.5228 -0.0406 -0.8515
vn -0.8070 -0.1078 -0.5807
vn -0.7819 -0.0358 -0.6223
vn -0.9540 -0.1318 -0.2691
vn -0.9473 -0.0270 -0.3193
vn -0.9608 -0.2643 0.0840
vn -0.8724 -0.2545 0.4172
vn -0.6801 -0.2144 0.7010
vn -0.4063 -0.1486 0.9016
vn -0.0832 -0.0649 0.9944
vn 0.2506 0.0268 0.9677
vn 0.5550 0.1155 0.8238
vn 0.7924 0.1904 0.5795
vn 0.9336 0.2421 0.2640
vn 0.9608 0.2643 -0.0840
vn 0.8704 0.2541 -0.4217
vn 0.6737 0.2129 -0.7076
vn 0.3953 0.1459 -0.9069
vn 0.0695 0.0612 -0.9957
vn -0.2639 -0.0306 -0.9641
vn -0.5648 -0.1185 -0.8167
vn -0.7975 -0.1921 -0.5719
vn -0.9348 -0.2427 -0.2592
vn -0.9184 -0.3879 0.0779
vn -0.8326 -0.3708 0.4115
vn -0.6476 -0.3095 0.6964
vn -0.3849 -0.2111 0.8985
vn -0.0756 -0.0872 0.9933
vn 0.2436 0.0474 0.9687
vn 0.5340 0.1767 0.8268
vn 0.7601 0.2847 0.5841
vn 0.8938 0.3582 0.2697
vn 0.9184 0.3879 -0.0779
vn 0.8306 0.3702 -0.4160
vn 0.6414 0.3073 -0.7030
vn 0.3744 0.2070 -0.9039
vn 0.0625 0.0818 -0.9947
vn -0.2562 -0.0529 -0.9652
vn -0.5434 -0.1810 -0.8197
vn -0.7650 -0.2871 -0.5765
vn -0.8950 -0.3589 -0.2650
vn -0.8603 -0.5049 0.0705
vn -0.7780 -0.4808 0.4045
vn -0.6029 -0.3994 0.6907
vn -0.3556 -0.2702 0.8947
vn -0.0651 -0.1084 0.9920
vn 0.2339 0.0669 0.9700
vn 0.5053 0.2345 0.8305
vn 0.7158 0.3739 0.5898
vn 0.8393 0.4680 0.2767
vn 0.8603 0.5049 -0.0705
vn 0.7761 0.4800 -0.4090
vn 0.5971 0.3965 -0.6973
vn 0.3456 0.2648 -0.9002
vn 0.0528 0.1013 -0.9935
vn -0.2457 -0.0740 -0.9665
vn -0.5140 -0.2401 -0.8235
vn -0.7203 -0.3771 -0.5822
vn -0.8403 -0.4689 -0.2719
vn -0.7875 -0.6132 0.0619
vn -0.7095 -0.5827 0.3964
vn -0.5469 -0.4827 0.6840
vn -0.3188 -0.3250 0.8904
vn -0.0519 -0.1279 0.9904
vn 0.2218 0.0850 0.9714
vn 0.4693 0.2881 0.8348
vn 0.6602 0.4566 0.5963
vn 0.7710 0.5697 0.2848
vn 0.7875 0.6132 -0.0619
vn 0.7077 0.5817 -0.4010
vn 0.5415 0.4792 -0.6908
vn 0.3096 0.3184 -0.8960
vn 0.0407 0.1194 -0.9920
vn -0.2326 -0.0936 -0.9681
vn -0.4772 -0.2948 -0.8278
vn -0.6643 -0.4604 -0.5889
vn -0.7719 -0.5708 -0.2800
vn -0.7012 -0.7110 0.0522
vn -0.6283 -0.6747 0.3873
vn -0.4805 -0.5579 0.6766
vn -0.2751 -0.3744 0.8855
vn -0.0364 -0.1456 0.9887
vn 0.2074 0.1013 0.9730
vn 0.4266 0.3365 0.8395
vn 0.5944 0.5313 0.6037
vn 0.6900 0.6615 0.2938
vn 0.7012 0.7110 -0.0522
vn 0.6267 0.6736 -0.3919
vn 0.4757 0.5538 -0.6834
vn 0.2670 0.3668 -0.8912
vn 0.0263 0.1357 -0.9904
vn -0.2170 -0.1113 -0.9698
vn -0.4336 -0.3443 -0.8327
vn -0.5979 -0.5356 -0.5963
vn -0.6907 -0.6628 -0.2891
vn -0.6029 -0.7967 0.0416
vn -0.5359 -0.7553 0.3774
vn -0.4050 -0.6238 0.6685
vn -0.2255 -0.4177 0.8802
vn -0.0186 -0.1611 0.9868
vn 0.1910 0.1155 0.9748
vn 0.3780 0.3788 0.8448
vn 0.5194 0.5966 0.6118
vn 0.5977 0.7420 0.3038
vn 0.6029 0.7967 -0.0416
vn 0.5344 0.7540 -0.3819
vn 0.4007 0.6192 -0.6753
vn 0.2184 0.4092 -0.8859
vn 0.0099 0.1500 -0.9886
vn -0.1992 -0.1268 -0.9717
vn -0.3840 -0.3876 -0.8381
vn -0.5224 -0.6015 -0.6044
vn -0.5983 -0.7434 -0.2991
vn -0.4943 -0.8687 0.0304
vn -0.4337 -0.8230 0.3668
vn -0.3214 -0.6792 0.6598
vn -0.1706 -0.4541 0.8745
vn 0.0010 -0.1741 0.9847
vn 0.1729 0.1275 0.9766
vn 0.3243 0.4145 0.8503
vn 0.4365 0.6516 0.6204
vn 0.4957 0.8096 0.3144
vn 0.4943 0.8687 -0.0304
vn 0.4325 0.8216 -0.3714
vn 0.3178 0.6741 -0.6667
vn 0.1647 0.4448 -0.8804
vn -0.0082 0.1620 -0.9868
vn -0.1796 -0.1398 -0.9738
vn -0.3291 -0.4240 -0.8438
vn -0.4388 -0.6569 -0.6131
vn -0.4961 -0.8111 -0.3097
vn -0.3773 -0.9259 0.0186
vn -0.3236 -0.8768 0.3557
vn -0.2314 -0.7232 0.6507
vn -0.1114 -0.4830 0.8685
vn 0.0222 -0.1844 0.9826
vn 0.1534 0.1371 0.9786
vn 0.2664 0.4427 0.8562
vn 0.3472 0.6952 0.6294
vn 0.3858 0.8633 0.3254
vn 0.3773 0.9259 -0.0186
vn 0.3226 0.8753 -0.3603
vn 0.2285 0.7178 -0.6577
vn 0.1068 0.4731 -0.8745
vn -0.0277 0.1715 -0.9848
vn -0.1585 -0.1501 -0.9759
vn -0.2699 -0.4529 -0.8497
vn -0.3488 -0.7009 -0.6222
vn -0.3860 -0.8649 -0.3208
vn -0.2538 -0.9672 0.0064
vn -0.2075 -0.9156 0.3443
vn -0.1364 -0.7550 0.6414
vn -0.0490 -0.5039 0.8624
vn 0.0445 -0.1919 0.9804
vn 0.1328 0.1439 0.9806
vn 0.2053 0.4632 0.8622
vn 0.2530 0.7267 0.6386
vn 0.2699 0.9021 0.3368
vn 0.2538 0.9672 -0.0064
vn 0.2066 0.9141 -0.3489
vn 0.1343 0.7493 -0.6485
vn 0.0457 0.4935 -0.8685
vn -0.0483 0.1784 -0.9828
vn -0.1362 -0.1576 -0.9781
vn -0.2075 -0.4738 -0.8559
vn -0.2538 -0.7327 -0.6315
vn -0.2699 -0.9038 -0.3322
vn -0.1259 -0.9920 -0.0058
vn -0.0872 -0.9390 0.3328
vn -0.0381 -0.7740 0.6320
vn 0.0156 -0.5164 0.8562
vn 0.0676 -0.1964 0.9782
vn 0.1115 0.1481 0.9827
vn 0.1421 0.4754 0.8682
vn 0.1554 0.7457 0.6480
vn 0.1498 0.9253 0.3483
vn 0.1259 0.9920 0.0058
vn 0.0866 0.9374 -0.3374
vn 0.0367 0.7682 -0.6391
vn -0.0175 0.5058 -0.8625
vn -0.0696 0.1825 -0.9807
vn -0.1131 -0.1620 -0.9803
vn -0.1429 -0.4863 -0.8620
vn -0.1555 -0.7517 -0.6409
vn -0.1496 -0.9271 -0.3437
vn 0.9195 -0.0552 0.3891
vn -0.9534 0.0736 0.2926
vn 0.9549 -0.0736 -0.2878
vn 0.9495 0.1106 -0.2937
vn -0.3479 -0.3233 -0.8800
vn -0.0952 -0.1340 0.9864
vn 0.1091 0.9410 0.3205
vn -0.0914 0.0838 -0.9923
vn -0.1046 0.0642 -0.9924
vn -0.9916 0.1234 -0.0397
vn -0.9444 0.1303 0.3018
vn -0.7850 0.1217 0.6075
vn -0.5317 0.0987 0.8412
vn -0.2140 0.0640 0.9747
vn 0.1306 0.0216 0.9912
vn 0.4605 -0.0236 0.8873
vn 0.7352 -0.0661 0.6746
vn 0.9200 -0.1009 0.3786
vn 0.9917 -0.1234 0.0360
vn 0.9415 -0.1310 -0.3105
vn 0.7764 -0.1225 -0.6182
vn 0.5176 -0.0990 -0.8498
vn 0.1971 -0.0635 -0.9783
vn -0.1463 -0.0202 -0.9890
vn -0.4717 0.0253 -0.8814
vn -0.7405 0.0677 -0.6687
vn -0.9208 0.1017 -0.3765
vn 0.3932 -0.8727 0.2897
vn -0.3297 0.8592 0.3914
vn -0.3848 0.9215 0.0517
vn 0.6338 -0.6552 -0.4111
vn -0.7189 0.3889 -0.5761
vn -0.8968 0.3603 -0.2569
vn -0.9996 -0.0161 0.0215
vn -0.9874 -0.1411 0.0723
vn -0.9030 -0.1383 0.4068
vn -0.9330 -0.0137 0.3597
vn -0.7111 -0.1190 0.6930
vn -0.7553 -0.0098 0.6553
vn -0.4339 -0.0855 0.8969
vn -0.4875 -0.0048 0.8731
vn -0.1042 -0.0415 0.9937
vn -0.1609 0.0009 0.9870
vn 0.2389 0.0076 0.9710
vn 0.1856 0.0067 0.9826
vn 0.5539 0.0561 0.8307
vn 0.5105 0.0119 0.8598
vn 0.8020 0.0979 0.5892
vn 0.7743 0.0157 0.6326
vn 0.9527 0.1279 0.2756
vn 0.9445 0.0177 0.3281
vn 0.9872 0.1424 -0.0719
vn 0.9997 0.0175 -0.0170
vn 0.9011 0.1395 -0.4105
vn 0.9327 0.0150 -0.3604
vn 0.7053 0.1196 -0.6988
vn 0.7514 0.0106 -0.6598
vn 0.4238 0.0852 -0.9017
vn 0.4783 0.0049 -0.8782
vn 0.0914 0.0406 -0.9950
vn 0.1474 -0.0013 -0.9891
vn -0.2515 -0.0087 -0.9678
vn -0.2005 -0.0071 -0.9797
vn -0.5634 -0.0568 -0.8242
vn -0.5233 -0.0119 -0.8521
vn -0.8072 -0.0979 -0.5821
vn -0.7823 -0.0152 -0.6227
vn -0.9542 -0.1271 -0.2709
vn -0.9475 -0.0166 -0.3194
vn 0.8939 0.3582 0.2697
vn 0.3178 0.6742 -0.6667
vn 0.9952 0.0850 0.0478
vn 0.9189 0.0836 0.3856
vn 0.7322 0.0721 0.6773
vn 0.4571 0.0520 0.8879
vn 0.1264 0.0256 0.9917
vn -0.2201 -0.0039 0.9755
vn -0.5403 -0.0329 0.8408
vn -0.7949 -0.0580 0.6040
vn -0.9528 -0.0759 0.2940
vn -0.9951 -0.0848 -0.0514
vn -0.9169 -0.0833 -0.3902
vn -0.7281 -0.0719 -0.6817
vn -0.4516 -0.0518 -0.8907
vn -0.1208 -0.0254 -0.9923
vn 0.2244 0.0040 -0.9745
vn 0.5424 0.0331 -0.8395
vn 0.7951 0.0581 -0.6037
vn 0.9523 0.0761 -0.2956
vn 0.9663 0.0037 0.2574
vn 0.9958 0.0081 -0.0910
vn 0.7562 0.6517 -0.0593
vn 0.7327 0.6498 0.2022
vn 0.2566 -0.0098 0.9665
vn 0.5721 -0.0058 0.8201
vn 0.4337 0.6534 0.6205
vn 0.1975 0.6584 0.7263
vn -0.0892 -0.0126 0.9959
vn -0.0587 0.6648 0.7447
vn -0.8246 0.0011 -0.5657
vn -0.9679 -0.0037 -0.2515
vn -0.7028 0.6896 -0.1744
vn -0.6340 0.6418 -0.4314
vn -0.9957 -0.0080 0.0924
vn -0.7216 0.6879 0.0776
vn 0.0758 0.0124 -0.9970
vn -0.2700 0.0096 -0.9628
vn -0.2567 0.0142 -0.9664
vn 0.0679 0.6239 -0.7786
vn 0.8189 -0.0011 0.5739
vn 0.6202 0.6504 0.4386
vn 0.9036 0.0114 -0.4283
vn 0.6870 0.6557 -0.3130
vn -0.5825 0.0057 -0.8128
vn -0.5720 0.0317 -0.8196
vn 0.7009 0.0134 -0.7131
vn 0.4132 0.0137 -0.9106
vn 0.3171 0.6682 -0.6731
vn 0.5341 0.6615 -0.5265
vn -0.7066 -0.0134 0.7075
vn -0.4235 -0.0138 0.9058
vn -0.3042 0.6718 0.6754
vn -0.5106 0.6784 0.5282
vn -0.9050 -0.0114 0.4252
vn -0.6550 0.6841 0.3210
vn -0.7551 0.5807 -0.3042
vn -0.6285 0.5685 -0.5309
vn -0.6719 0.6029 0.4302
vn -0.7857 0.5856 0.1995
vn 0.4638 0.7376 0.4906
vn 0.2574 0.7161 0.6488
vn -0.1726 0.6180 -0.7670
vn 0.0800 0.6716 -0.7366
vn 0.5041 0.7260 -0.4678
vn 0.6237 0.7439 -0.2399
vn -0.4856 0.6279 0.6082
vn 0.3151 0.7008 -0.6400
vn -0.8142 0.5780 -0.0555
vn -0.2489 0.6575 0.7112
vn 0.6032 0.7503 0.2707
vn -0.4546 -0.0492 -0.8893
vn 0.6585 0.7524 0.0167
vn 0.0095 0.6882 0.7255
vn -0.1575 0.9360 -0.3150
vn -0.1461 0.5050 -0.8506
vn -0.2140 0.8993 0.3814
vn 0.3848 -0.9215 -0.0516
vn 0.3269 -0.6525 -0.6837
vn -0.8336 0.3482 0.4289
vn -0.8057 0.1560 -0.5714
vn -0.9331 -0.0020 0.3597
vn -0.7649 -0.2871 -0.5765
vn 0.7158 0.3739 0.5897
vn -0.3479 -0.3232 -0.8801
vn -0.5921 -0.7334 0.3339
vn -0.1782 0.1547 0.9718
vn -0.5073 0.5279 -0.6811
vn -0.9874 -0.1413 0.0718
vn -0.9030 -0.1400 0.4063
vn -0.7110 -0.1219 0.6926
vn -0.4338 -0.0893 0.8966
vn -0.1039 -0.0458 0.9935
vn 0.2393 0.0033 0.9709
vn 0.5544 0.0523 0.8306
vn 0.8026 0.0952 0.5889
vn 0.9530 0.1266 0.2751
vn 0.9871 0.1427 -0.0724
vn 0.9007 0.1413 -0.4108
vn 0.7046 0.1227 -0.6989
vn 0.4232 0.0893 -0.9016
vn 0.0910 0.0450 -0.9948
vn -0.2517 -0.0044 -0.9678
vn -0.5635 -0.0532 -0.8244
vn -0.8073 -0.0953 -0.5825
vn -0.9542 -0.1259 -0.2713
vn 0.6737 0.2130 -0.7076
vn 0.4693 0.2881 0.8347
vn 0.5344 0.7540 -0.3820
vn -0.3863 -0.9223 0.0049
vn -0.0896 -0.1635 -0.9825
vn 0.0469 0.1434 0.9885
vn 0.4443 -0.6748 0.5892
vn -0.7799 0.4587 0.4258
vn 0.5740 -0.1109 0.8113
vn 0.5549 0.1155 0.8238
vn 0.0185 0.1933 0.9810
vn -0.0214 -0.5134 -0.8579
vn 0.1951 -0.1104 -0.9746
vn -0.7415 0.3137 0.5932
vn 0.1092 -0.0169 0.9939
vn 0.4366 -0.3703 0.8199
vn -0.6321 0.6539 0.4157
vn 0.4798 -0.3204 0.8168
vn -0.9867 -0.1362 0.0886
vn -0.8968 -0.1340 0.4216
vn -0.7001 -0.1159 0.7046
vn -0.4194 -0.0839 0.9039
vn -0.0879 -0.0418 0.9953
vn 0.2549 0.0055 0.9669
vn 0.5678 0.0522 0.8215
vn 0.8122 0.0926 0.5759
vn 0.9580 0.1218 0.2597
vn 0.9867 0.1362 -0.0886
vn 0.8947 0.1339 -0.4261
vn 0.6935 0.1152 -0.7112
vn 0.4082 0.0825 -0.9092
vn 0.0739 0.0399 -0.9965
vn -0.2686 -0.0074 -0.9632
vn -0.5779 -0.0538 -0.8143
vn -0.8175 -0.0936 -0.5683
vn -0.9592 -0.1221 -0.2549
vn 0.3243 0.4144 0.8503
vn 0.4957 0.8096 0.3143
vn -0.5921 -0.7334 0.3340
vn -0.9916 0.1238 -0.0379
vn -0.9446 0.1251 0.3036
vn -0.7852 0.1114 0.6091
vn -0.5321 0.0845 0.8425
vn -0.2148 0.0474 0.9755
vn 0.1292 0.0046 0.9916
vn 0.4586 -0.0389 0.8878
vn 0.7332 -0.0777 0.6756
vn 0.9186 -0.1072 0.3803
vn 0.9916 -0.1237 0.0380
vn 0.9428 -0.1251 -0.3089
vn 0.7786 -0.1113 -0.6175
vn 0.5199 -0.0840 -0.8501
vn 0.1988 -0.0465 -0.9789
vn -0.1455 -0.0034 -0.9894
vn -0.4714 0.0400 -0.8810
vn -0.7404 0.0786 -0.6676
vn -0.9208 0.1076 -0.3749
vn -0.9629 0.2532 0.0933
vn 0.7978 0.4767 0.3690
vn 0.4467 0.2829 -0.8487
vn 0.2673 -0.0515 0.9623
vn 0.6899 0.6615 0.2938
vt 0.729167 0.500000
vt 0.729167 0.555556
vt 0.729167 0.611111
vt 0.729167 0.666667
vt 0.729167 0.722222
vt 0.729167 0.777778
vt 0.729167 0.833333
vt 0.729167 0.888889
vt 0.729167 0.944444
vt 0.729167 1.000000
vt 0.729167 0.000000
vt 0.729167 0.055556
vt 0.729167 0.111111
vt 0.729167 0.166667
vt 0.729167 0.222222
vt 0.729167 0.277778
vt 0.729167 0.333333
vt 0.729167 0.388889
vt 0.729167 0.444444
vt 0.750000 0.500000
vt 0.750000 0.555556
vt 0.750000 0.611111
vt 0.750000 0.666667
vt 0.750000 0.722222
vt 0.750000 0.777778
vt 0.750000 0.833333
vt 0.750000 0.888889
vt 0.750000 0.944444
vt 0.750000 1.000000
vt 0.750000 0.000000
vt 0.750000 0.055556
vt 0.750000 0.111111
vt 0.750000 0.166667
vt 0.750000 0.222222
vt 0.750000 0.277778
vt 0.750000 0.333333
vt 0.750000 0.388889
vt 0.750000 0.444444
vt 0.770833 0.500000
vt 0.770833 0.555556
vt 0.770833 0.611111
vt 0.770833 0.666667
vt 0.770833 0.722222
vt 0.770833 0.777778
vt 0.770833 0.833333
vt 0.770833 0.888889
vt 0.770833 0.944444
vt 0.770833 1.000000
vt 0.770833 0.000000
vt 0.770833 0.055556
vt 0.770833 0.111111
vt 0.770833 0.166667
vt 0.770833 0.222222
vt 0.770833 0.277778
vt 0.770833 0.333333
vt 0.770833 0.388889
vt 0.770833 0.444444
vt 0.791667 0.500000
vt 0.791667 0.555556
vt 0.791667 0.611111
vt 0.791667 0.666667
vt 0.791667 0.722222
vt 0.791667 0.777778
vt 0.791667 0.833333
vt 0.791667 0.888889
vt 0.791667 0.944444
vt 0.791667 1.000000
vt 0.791667 0.000000
vt 0.791667 0.055556
vt 0.791667 0.111111
vt 0.791667 0.166667
vt 0.791667 0.222222
vt 0.791667 0.277778
vt 0.791667 0.333333
vt 0.791667 0.388889
vt 0.791667 0.444444
vt 0.812500 0.500000
vt 0.812500 0.555556
vt 0.812500 0.611111
vt 0.812500 0.666667
vt 0.812500 0.722222
vt 0.812500 0.777778
vt 0.812500 0.833333
vt 0.812500 0.888889
vt 0.812500 0.944444
vt 0.812500 1.000000
vt 0.812500 0.000000
vt 0.812500 0.055556
vt 0.812500 0.111111
vt 0.812500 0.166667
vt 0.812500 0.222222
vt 0.812500 0.277778
vt 0.812500 0.333333
vt 0.812500 0.388889
vt 0.812500 0.444444
vt 0.833333 0.500000
vt 0.833333 0.555556
vt 0.833333 0.611111
vt 0.833333 0.666667
vt 0.833333 0.722222
vt 0.833333 0.777778
vt 0.833333 0.833333
vt 0.833333 0.888889
vt 0.833333 0.944444
vt 0.833333 1.000000
vt 0.833333 0.000000
vt 0.833333 0.055556
vt 0.833333 0.111111
vt 0.833333 0.166667
vt 0.833333 0.222222
vt 0.833333 0.277778
vt 0.833333 0.333333
vt 0.833333 0.388889
vt 0.833333 0.444444
vt 0.854167 0.500000
vt 0.854167 0.555556
vt 0.854167 0.611111
vt 0.854167 0.666667
vt 0.854167 0.722222
vt 0.854167 0.777778
vt 0.854167 0.833333
vt 0.854167 0.888889
vt 0.854167 0.944444
vt 0.854167 1.000000
vt 0.854167 0.000000
vt 0.854167 0.055556
vt 0.854167 0.111111
vt 0.854167 0.166667
vt 0.854167 0.222222
vt 0.854167 0.277778
vt 0.854167 0.333333
vt 0.854167 0.388889
vt 0.854167 0.444444
vt 0.875000 0.500000
vt 0.875000 0.555556
vt 0.875000 0.611111
vt 0.875000 0.666667
vt 0.875000 0.722222
vt 0.875000 0.777778
vt 0.875000 0.833333
vt 0.875000 0.888889
vt 0.875000 0.944444
vt 0.875000 1.000000
vt 0.875000 0.000000
vt 0.875000 0.055556
vt 0.875000 0.111111
vt 0.875000 0.166667
vt 0.875000 0.222222
vt 0.875000 0.277778
vt 0.875000 0.333333
vt 0.875000 0.388889
vt 0.875000 0.444444
vt 0.895833 0.500000
vt 0.895833 0.555556
vt 0.895833 0.611111
vt 0.895833 0.666667
vt 0.895833 0.722222
vt 0.895833 0.777778
vt 0.895833 0.833333
vt 0.895833 0.888889
vt 0.895833 0.944444
vt 0.895833 1.000000
vt 0.895833 0.000000
vt 0.895833 0.055556
vt 0.895833 0.111111
vt 0.895833 0.166667
vt 0.895833 0.222222
vt 0.895833 0.277778
vt 0.895833 0.333333
vt 0.895833 0.388889
vt 0.895833 0.444444
vt 0.916667 0.500000
vt 0.916667 0.555556
vt 0.916667 0.611111
vt 0.916667 0.666667
vt 0.916667 0.722222
vt 0.916667 0.777778
vt 0.916667 0.833333
vt 0.916667 0.888889
vt 0.916667 0.944444
vt 0.916667 1.000000
vt 0.916667 0.000000
vt 0.916667 0.055556
vt 0.916667 0.111111
vt 0.916667 0.166667
vt 0.916667 0.222222
vt 0.916667 0.277778
vt 0.916667 0.333333
vt 0.916667 0.388889
vt 0.916667 0.444444
vt 0.937500 0.500000
vt 0.937500 0.555556
vt 0.937500 0.611111
vt 0.937500 0.666667
vt 0.937500 0.722222
vt 0.937500 0.777778
vt 0.937500 0.833333
vt 0.937500 0.888889
vt 0.937500 0.944444
vt 0.937500 1.000000
vt 0.937500 0.000000
vt 0.937500 0.055556
vt 0.937500 0.111111
vt 0.937500 0.166667
vt 0.937500 0.222222
vt 0.937500 0.277778
vt 0.937500 0.333333
vt 0.937500 0.388889
vt 0.937500 0.444444
vt 0.958333 0.500000
vt 0.958333 0.555556
vt 0.958333 0.611111
vt 0.958333 0.666667
vt 0.958333 0.722222
vt 0.958333 0.777778
vt 0.958333 0.833333
vt 0.958333 0.888889
vt 0.958333 0.944444
vt 0.958333 1.000000
vt 0.958333 0.000000
vt 0.958333 0.055556
vt 0.958333 0.111111
vt 0.958333 0.166667
vt 0.958333 0.222222
vt 0.958333 0.277778
vt 0.958333 0.333333
vt 0.958333 0.388889
vt 0.958333 0.444444
vt 0.979167 0.500000
vt 0.979167 0.555556
vt 0.979167 0.611111
vt 0.979167 0.666667
vt 0.979167 0.722222
vt 0.979167 0.777778
vt 0.979167 0.833333
vt 0.979167 0.888889
vt 0.979167 0.944444
vt 0.979167 1.000000
vt 0.979167 0.000000
vt 0.979167 0.055556
vt 0.979167 0.111111
vt 0.979167 0.166667
vt 0.979167 0.222222
vt 0.979167 0.277778
vt 0.979167 0.333333
vt 0.979167 0.388889
vt 0.979167 0.444444
vt 1.000000 0.500000
vt 0.000000 0.500000
vt 1.000000 0.555556
vt 0.000000 0.555556
vt 1.000000 0.611111
vt 0.000000 0.611111
vt 1.000000 0.666667
vt 0.000000 0.666667
vt 1.000000 0.722222
vt 0.000000 0.722222
vt 1.000000 0.777778
vt 0.000000 0.777778
vt 1.000000 0.833333
vt 0.000000 0.833333
vt 1.000000 0.888889
vt 0.000000 0.888889
vt 1.000000 0.944444
vt 0.000000 0.944444
vt 1.000000 1.000000
vt 1.000000 0.000000
vt 0.000000 1.000000
vt 0.000000 0.000000
vt 1.000000 0.055556
vt 0.000000 0.055556
vt 1.000000 0.111111
vt 0.000000 0.111111
vt 1.000000 0.166667
vt 0.000000 0.166667
vt 1.000000 0.222222
vt 0.000000 0.222222
vt 1.000000 0.277778
vt 0.000000 0.277778
vt 1.000000 0.333333
vt 0.000000 0.333333
vt 1.000000 0.388889
vt 0.000000 0.388889
vt 1.000000 0.444444
vt 0.000000 0.444444
vt 0.020833 0.500000
vt 0.020833 0.555556
vt 0.020833 0.611111
vt 0.020833 0.666667
vt 0.020833 0.722222
vt 0.020833 0.777778
vt 0.020833 0.833333
vt 0.020833 0.888889
vt 0.020833 0.944444
vt 0.020833 1.000000
vt 0.020833 0.000000
vt 0.020833 0.055556
vt 0.020833 0.111111
vt 0.020833 0.166667
vt 0.020833 0.222222
vt 0.020833 0.277778
vt 0.020833 0.333333
vt 0.020833 0.388889
vt 0.020833 0.444444
vt 0.041667 0.500000
vt 0.041667 0.555556
vt 0.041667 0.611111
vt 0.041667 0.666667
vt 0.041667 0.722222
vt 0.041667 0.777778
vt 0.041667 0.833333
vt 0.041667 0.888889
vt 0.041667 0.944444
vt 0.041667 1.000000
vt 0.041667 0.000000
vt 0.041667 0.055556
vt 0.041667 0.111111
vt 0.041667 0.166667
vt 0.041667 0.222222
vt 0.041667 0.277778
vt 0.041667 0.333333
vt 0.041667 0.388889
vt 0.041667 0.444444
vt 0.062500 0.500000
vt 0.062500 0.555556
vt 0.062500 0.611111
vt 0.062500 0.666667
vt 0.062500 0.722222
vt 0.062500 0.777778
vt 0.062500 0.833333
vt 0.062500 0.888889
vt 0.062500 0.944444
vt 0.062500 1.000000
vt 0.062500 0.000000
vt 0.062500 0.055556
vt 0.062500 0.111111
vt 0.062500 0.166667
vt 0.062500 0.222222
vt 0.062500 0.277778
vt 0.062500 0.333333
vt 0.062500 0.388889
vt 0.062500 0.444444
vt 0.083333 0.500000
vt 0.083333 0.555556
vt 0.083333 0.611111
vt 0.083333 0.666667
vt 0.083333 0.722222
vt 0.083333 0.777778
vt 0.083333 0.833333
vt 0.083333 0.888889
vt 0.083333 0.944444
vt 0.083333 1.000000
vt 0.083333 0.000000
vt 0.083333 0.055556
vt 0.083333 0.111111
vt 0.083333 0.166667
vt 0.083333 0.222222
vt 0.083333 0.277778
vt 0.083333 0.333333
vt 0.083333 0.388889
vt 0.083333 0.444444
vt 0.104167 0.500000
vt 0.104167 0.555556
vt 0.104167 0.611111
vt 0.104167 0.666667
vt 0.104167 0.722222
vt 0.104167 0.777778
vt 0.104167 0.833333
vt 0.104167 0.888889
vt 0.104167 0.944444
vt 0.104167 1.000000
vt 0.104167 0.000000
vt 0.104167 0.055556
vt 0.104167 0.111111
vt 0.104167 0.166667
vt 0.104167 0.222222
vt 0.104167 0.277778
vt 0.104167 0.333333
vt 0.104167 0.388889
vt 0.104167 0.444444
vt 0.125000 0.500000
vt 0.125000 0.555556
vt 0.125000 0.611111
vt 0.125000 0.666667
vt 0.125000 0.722222
vt 0.125000 0.777778
vt 0.125000 0.833333
vt 0.125000 0.888889
vt 0.125000 0.944444
vt 0.125000 1.000000
vt 0.125000 0.000000
vt 0.125000 0.055556
vt 0.125000 0.111111
vt 0.125000 0.166667
vt 0.125000 0.222222
vt 0.125000 0.277778
vt 0.125000 0.333333
vt 0.125000 0.388889
vt 0.125000 0.444444
vt 0.145833 0.500000
vt 0.145833 0.555556
vt 0.145833 0.611111
vt 0.145833 0.666667
vt 0.145833 0.722222
vt 0.145833 0.777778
vt 0.145833 0.833333
vt 0.145833 0.888889
vt 0.145833 0.944444
vt 0.145833 1.000000
vt 0.145833 0.000000
vt 0.145833 0.055556
vt 0.145833 0.111111
vt 0.145833 0.166667
vt 0.145833 0.222222
vt 0.145833 0.277778
vt 0.145833 0.333333
vt 0.145833 0.388889
vt 0.145833 0.444444
vt 0.166667 0.500000
vt 0.166667 0.555556
vt 0.166667 0.611111
vt 0.166667 0.666667
vt 0.166667 0.722222
vt 0.166667 0.777778
vt 0.166667 0.833333
vt 0.166667 0.888889
vt 0.166667 0.944444
vt 0.166667 1.000000
vt 0.166667 0.000000
vt 0.166667 0.055556
vt 0.166667 0.111111
vt 0.166667 0.166667
vt 0.166667 0.222222
vt 0.166667 0.277778
vt 0.166667 0.333333
vt 0.166667 0.388889
vt 0.166667 0.444444
vt 0.187500 0.500000
vt 0.187500 0.555556
vt 0.187500 0.611111
vt 0.187500 0.666667
vt 0.187500 0.722222
vt 0.187500 0.777778
vt 0.187500 0.833333
vt 0.187500 0.888889
vt 0.187500 0.944444
vt 0.187500 1.000000
vt 0.187500 0.000000
vt 0.187500 0.055556
vt 0.187500 0.111111
vt 0.187500 0.166667
vt 0.187500 0.222222
vt 0.187500 0.277778
vt 0.187500 0.333333
vt 0.187500 0.388889
vt 0.187500 0.444444
vt 0.208333 0.500000
vt 0.208333 0.555556
vt 0.208333 0.611111
vt 0.208333 0.666667
vt 0.208333 0.722222
vt 0.208333 0.777778
vt 0.208333 0.833333
vt 0.208333 0.888889
vt 0.208333 0.944444
vt 0.208333 1.000000
vt 0.208333 0.000000
vt 0.208333 0.055556
vt 0.208333 0.111111
vt 0.208333 0.166667
vt 0.208333 0.222222
vt 0.208333 0.277778
vt 0.208333 0.333333
vt 0.208333 0.388889
vt 0.208333 0.444444
vt 0.229167 0.500000
vt 0.229167 0.555556
vt 0.229167 0.611111
vt 0.229167 0.666667
vt 0.229167 0.722222
vt 0.229167 0.777778
vt 0.229167 0.833333
vt 0.229167 0.888889
vt 0.229167 0.944444
vt 0.229167 1.000000
vt 0.229167 0.000000
vt 0.229167 0.055556
vt 0.229167 0.111111
vt 0.229167 0.166667
vt 0.229167 0.222222
vt 0.229167 0.277778
vt 0.229167 0.333333
vt 0.229167 0.388889
vt 0.229167 0.444444
vt 0.250000 0.500000
vt 0.250000 0.555556
vt 0.250000 0.611111
vt 0.250000 0.666667
vt 0.250000 0.722222
vt 0.250000 0.777778
vt 0.250000 0.833333
vt 0.250000 0.888889
vt 0.250000 0.944444
vt 0.250000 1.000000
vt 0.250000 0.000000
vt 0.250000 0.055556
vt 0.250000 0.111111
vt 0.250000 0.166667
vt 0.250000 0.222222
vt 0.250000 0.277778
vt 0.250000 0.333333
vt 0.250000 0.388889
vt 0.250000 0.444444
vt 0.500000 0.500000
vt 0.500000 0.555556
vt 0.500000 0.611111
vt 0.500000 0.666667
vt 0.500000 0.722222
vt 0.500000 0.777778
vt 0.500000 0.833333
vt 0.500000 0.888889
vt 0.500000 0.944444
vt 0.500000 1.000000
vt 0.500000 0.000000
vt 0.500000 0.055556
vt 0.500000 0.111111
vt 0.500000 0.166667
vt 0.500000 0.222222
vt 0.500000 0.277778
vt 0.500000 0.333333
vt 0.500000 0.388889
vt 0.500000 0.444444
vt 0.520833 0.500000
vt 0.520833 0.555556
vt 0.520833 0.611111
vt 0.520833 0.666667
vt 0.520833 0.722222
vt 0.520833 0.777778
vt 0.520833 0.833333
vt 0.520833 0.888889
vt 0.520833 0.944444
vt 0.520833 1.000000
vt 0.520833 0.000000
vt 0.520833 0.055556
vt 0.520833 0.111111
vt 0.520833 0.166667
vt 0.520833 0.222222
vt 0.520833 0.277778
vt 0.520833 0.333333
vt 0.520833 0.388889
vt 0.520833 0.444444
vt 0.541667 0.500000
vt 0.541667 0.555556
vt 0.541667 0.611111
vt 0.541667 0.666667
vt 0.541667 0.722222
vt 0.541667 0.777778
vt 0.541667 0.833333
vt 0.541667 0.888889
vt 0.541667 0.944444
vt 0.541667 1.000000
vt 0.541667 0.000000
vt 0.541667 0.055556
vt 0.541667 0.111111
vt 0.541667 0.166667
vt 0.541667 0.222222
vt 0.541667 0.277778
vt 0.541667 0.333333
vt 0.541667 0.388889
vt 0.541667 0.444444
vt 0.562500 0.500000
vt 0.562500 0.555556
vt 0.562500 0.611111
vt 0.562500 0.666667
vt 0.562500 0.722222
vt 0.562500 0.777778
vt 0.562500 0.833333
vt 0.562500 0.888889
vt 0.562500 0.944444
vt 0.562500 1.000000
vt 0.562500 0.000000
vt 0.562500 0.055556
vt 0.562500 0.111111
vt 0.562500 0.166667
vt 0.562500 0.222222
vt 0.562500 0.277778
vt 0.562500 0.333333
vt 0.562500 0.388889
vt 0.562500 0.444444
vt 0.583333 0.500000
vt 0.583333 0.555556
vt 0.583333 0.611111
vt 0.583333 0.666667
vt 0.583333 0.722222
vt 0.583333 0.777778
vt 0.583333 0.833333
vt 0.583333 0.888889
vt 0.583333 0.944444
vt 0.583333 1.000000
vt 0.583333 0.000000
vt 0.583333 0.055556
vt 0.583333 0.111111
vt 0.583333 0.166667
vt 0.583333 0.222222
vt 0.583333 0.277778
vt 0.583333 0.333333
vt 0.583333 0.388889
vt 0.583333 0.444444
vt 0.604167 0.500000
vt 0.604167 0.555556
vt 0.604167 0.611111
vt 0.604167 0.666667
vt 0.604167 0.722222
vt 0.604167 0.777778
vt 0.604167 0.833333
vt 0.604167 0.888889
vt 0.604167 0.944444
vt 0.604167 1.000000
vt 0.604167 0.000000
vt 0.604167 0.055556
vt 0.604167 0.111111
vt 0.604167 0.166667
vt 0.604167 0.222222
vt 0.604167 0.277778
vt 0.604167 0.333333
vt 0.604167 0.388889
vt 0.604167 0.444444
vt 0.625000 0.500000
vt 0.625000 0.555556
vt 0.625000 0.611111
vt 0.625000 0.666667
vt 0.625000 0.722222
vt 0.625000 0.777778
vt 0.625000 0.833333
vt 0.625000 0.888889
vt 0.625000 0.944444
vt 0.625000 1.000000
vt 0.625000 0.000000
vt 0.625000 0.055556
vt 0.625000 0.111111
vt 0.625000 0.166667
vt 0.625000 0.222222
vt 0.625000 0.277778
vt 0.625000 0.333333
vt 0.625000 0.388889
vt 0.625000 0.444444
vt 0.645833 0.500000
vt 0.645833 0.555556
vt 0.645833 0.611111
vt 0.645833 0.666667
vt 0.645833 0.722222
vt 0.645833 0.777778
vt 0.645833 0.833333
vt 0.645833 0.888889
vt 0.645833 0.944444
vt 0.645833 1.000000
vt 0.645833 0.000000
vt 0.645833 0.055556
vt 0.645833 0.111111
vt 0.645833 0.166667
vt 0.645833 0.222222
vt 0.645833 0.277778
vt 0.645833 0.333333
vt 0.645833 0.388889
vt 0.645833 0.444444
vt 0.666667 0.500000
vt 0.666667 0.555556
vt 0.666667 0.611111
vt 0.666667 0.666667
vt 0.666667 0.722222
vt 0.666667 0.777778
vt 0.666667 0.833333
vt 0.666667 0.888889
vt 0.666667 0.944444
vt 0.666667 1.000000
vt 0.666667 0.000000
vt 0.666667 0.055556
vt 0.666667 0.111111
vt 0.666667 0.166667
vt 0.666667 0.222222
vt 0.666667 0.277778
vt 0.666667 0.333333
vt 0.666667 0.388889
vt 0.666667 0.444444
vt 0.687500 0.500000
vt 0.687500 0.555556
vt 0.687500 0.611111
vt 0.687500 0.666667
vt 0.687500 0.722222
vt 0.687500 0.777778
vt 0.687500 0.833333
vt 0.687500 0.888889
vt 0.687500 0.944444
vt 0.687500 1.000000
vt 0.687500 0.000000
vt 0.687500 0.055556
vt 0.687500 0.111111
vt 0.687500 0.166667
vt 0.687500 0.222222
vt 0.687500 0.277778
vt 0.687500 0.333333
vt 0.687500 0.388889
vt 0.687500 0.444444
vt 0.708333 0.500000
vt 0.708333 0.555556
vt 0.708333 0.611111
vt 0.708333 0.666667
vt 0.708333 0.722222
vt 0.708333 0.777778
vt 0.708333 0.833333
vt 0.708333 0.888889
vt 0.708333 0.944444
vt 0.708333 1.000000
vt 0.708333 0.000000
vt 0.708333 0.055556
vt 0.708333 0.111111
vt 0.708333 0.166667
vt 0.708333 0.222222
vt 0.708333 0.277778
vt 0.708333 0.333333
vt 0.708333 0.388889
vt 0.708333 0.444444
vt 0.729167 0.500000
vt 0.729167 0.555556
vt 0.729167 0.611111
vt 0.729167 0.666667
vt 0.729167 0.722222
vt 0.729167 0.777778
vt 0.729167 0.833333
vt 0.729167 0.888889
vt 0.729167 0.944444
vt 0.729167 1.000000
vt 0.729167 0.000000
vt 0.729167 0.055556
vt 0.729167 0.111111
vt 0.729167 0.166667
vt 0.729167 0.222222
vt 0.729167 0.277778
vt 0.729167 0.333333
vt 0.729167 0.388889
vt 0.729167 0.444444
vt 0.250000 0.500000
vt 0.250000 0.555556
vt 0.250000 0.611111
vt 0.250000 0.666667
vt 0.250000 0.722222
vt 0.250000 0.777778
vt 0.250000 0.833333
vt 0.250000 0.888889
vt 0.250000 0.944444
vt 0.250000 1.000000
vt 0.250000 0.000000
vt 0.250000 0.055556
vt 0.250000 0.111111
vt 0.250000 0.166667
vt 0.250000 0.222222
vt 0.250000 0.277778
vt 0.250000 0.333333
vt 0.250000 0.388889
vt 0.250000 0.444444
vt 0.270833 0.500000
vt 0.270833 0.555556
vt 0.270833 0.611111
vt 0.270833 0.666667
vt 0.270833 0.722222
vt 0.270833 0.777778
vt 0.270833 0.833333
vt 0.270833 0.888889
vt 0.270833 0.944444
vt 0.270833 1.000000
vt 0.270833 0.000000
vt 0.270833 0.055556
vt 0.270833 0.111111
vt 0.270833 0.166667
vt 0.270833 0.222222
vt 0.270833 0.277778
vt 0.270833 0.333333
vt 0.270833 0.388889
vt 0.270833 0.444444
vt 0.291667 0.500000
vt 0.291667 0.555556
vt 0.291667 0.611111
vt 0.291667 0.666667
vt 0.291667 0.722222
vt 0.291667 0.777778
vt 0.291667 0.833333
vt 0.291667 0.888889
vt 0.291667 0.944444
vt 0.291667 1.000000
vt 0.291667 0.000000
vt 0.291667 0.055556
vt 0.291667 0.111111
vt 0.291667 0.166667
vt 0.291667 0.222222
vt 0.291667 0.277778
vt 0.291667 0.333333
vt 0.291667 0.388889
vt 0.291667 0.444444
vt 0.312500 0.500000
vt 0.312500 0.555556
vt 0.312500 0.611111
vt 0.312500 0.666667
vt 0.312500 0.722222
vt 0.312500 0.777778
vt 0.312500 0.833333
vt 0.312500 0.888889
vt 0.312500 0.944444
vt 0.312500 1.000000
vt 0.312500 0.000000
vt 0.312500 0.055556
vt 0.312500 0.111111
vt 0.312500 0.166667
vt 0.312500 0.222222
vt 0.312500 0.277778
vt 0.312500 0.333333
vt 0.312500 0.388889
vt 0.312500 0.444444
vt 0.333333 0.500000
vt 0.333333 0.555556
vt 0.333333 0.611111
vt 0.333333 0.666667
vt 0.333333 0.722222
vt 0.333333 0.777778
vt 0.333333 0.833333
vt 0.333333 0.888889
vt 0.333333 0.944444
vt 0.333333 1.000000
vt 0.333333 0.000000
vt 0.333333 0.055556
vt 0.333333 0.111111
vt 0.333333 0.166667
vt 0.333333 0.222222
vt 0.333333 0.277778
vt 0.333333 0.333333
vt 0.333333 0.388889
vt 0.333333 0.444444
vt 0.354167 0.500000
vt 0.354167 0.555556
vt 0.354167 0.611111
vt 0.354167 0.666667
vt 0.354167 0.722222
vt 0.354167 0.777778
vt 0.354167 0.833333
vt 0.354167 0.888889
vt 0.354167 0.944444
vt 0.354167 1.000000
vt 0.354167 0.000000
vt 0.354167 0.055556
vt 0.354167 0.111111
vt 0.354167 0.166667
vt 0.354167 0.222222
vt 0.354167 0.277778
vt 0.354167 0.333333
vt 0.354167 0.388889
vt 0.354167 0.444444
vt 0.375000 0.500000
vt 0.375000 0.555556
vt 0.375000 0.611111
vt 0.375000 0.666667
vt 0.375000 0.722222
vt 0.375000 0.777778
vt 0.375000 0.833333
vt 0.375000 0.888889
vt 0.375000 0.944444
vt 0.375000 1.000000
vt 0.375000 0.000000
vt 0.375000 0.055556
vt 0.375000 0.111111
vt 0.375000 0.166667
vt 0.375000 0.222222
vt 0.375000 0.277778
vt 0.375000 0.333333
vt 0.375000 0.388889
vt 0.375000 0.444444
vt 0.395833 0.500000
vt 0.395833 0.555556
vt 0.395833 0.611111
vt 0.395833 0.666667
vt 0.395833 0.722222
vt 0.395833 0.777778
vt 0.395833 0.833333
vt 0.395833 0.888889
vt 0.395833 0.944444
vt 0.395833 1.000000
vt 0.395833 0.000000
vt 0.395833 0.055556
vt 0.395833 0.111111
vt 0.395833 0.166667
vt 0.395833 0.222222
vt 0.395833 0.277778
vt 0.395833 0.333333
vt 0.395833 0.388889
vt 0.395833 0.444444
vt 0.416667 0.500000
vt 0.416667 0.555556
vt 0.416667 0.611111
vt 0.416667 0.666667
vt 0.416667 0.722222
vt 0.416667 0.777778
vt 0.416667 0.833333
vt 0.416667 0.888889
vt 0.416667 0.944444
vt 0.416667 1.000000
vt 0.416667 0.000000
vt 0.416667 0.055556
vt 0.416667 0.111111
vt 0.416667 0.166667
vt 0.416667 0.222222
vt 0.416667 0.277778
vt 0.416667 0.333333
vt 0.416667 0.388889
vt 0.416667 0.444444
vt 0.437500 0.500000
vt 0.437500 0.555556
vt 0.437500 0.611111
vt 0.437500 0.666667
vt 0.437500 0.722222
vt 0.437500 0.777778
vt 0.437500 0.833333
vt 0.437500 0.888889
vt 0.437500 0.944444
vt 0.437500 1.000000
vt 0.437500 0.000000
vt 0.437500 0.055556
vt 0.437500 0.111111
vt 0.437500 0.166667
vt 0.437500 0.222222
vt 0.437500 0.277778
vt 0.437500 0.333333
vt 0.437500 0.388889
vt 0.437500 0.444444
vt 0.458333 0.500000
vt 0.458333 0.555556
vt 0.458333 0.611111
vt 0.458333 0.666667
vt 0.458333 0.722222
vt 0.458333 0.777778
vt 0.458333 0.833333
vt 0.458333 0.888889
vt 0.458333 0.944444
vt 0.458333 1.000000
vt 0.458333 0.000000
vt 0.458333 0.055556
vt 0.458333 0.111111
vt 0.458333 0.166667
vt 0.458333 0.222222
vt 0.458333 0.277778
vt 0.458333 0.333333
vt 0.458333 0.388889
vt 0.458333 0.444444
vt 0.479167 0.500000
vt 0.479167 0.555556
vt 0.479167 0.611111
vt 0.479167 0.666667
vt 0.479167 0.722222
vt 0.479167 0.777778
vt 0.479167 0.833333
vt 0.479167 0.888889
vt 0.479167 0.944444
vt 0.479167 1.000000
vt 0.479167 0.000000
vt 0.479167 0.055556
vt 0.479167 0.111111
vt 0.479167 0.166667
vt 0.479167 0.222222
vt 0.479167 0.277778
vt 0.479167 0.333333
vt 0.479167 0.388889
vt 0.479167 0.444444
vt 0.729167 0.500000
vt 0.729167 0.555556
vt 0.729167 0.611111
vt 0.729167 0.666667
vt 0.729167 0.722222
vt 0.729167 0.777778
vt 0.729167 0.833333
vt 0.729167 0.888889
vt 0.729167 0.944444
vt 0.729167 1.000000
vt 0.729167 0.000000
vt 0.729167 0.055556
vt 0.729167 0.111111
vt 0.729167 0.166667
vt 0.729167 0.222222
vt 0.729167 0.277778
vt 0.729167 0.333333
vt 0.729167 0.388889
vt 0.729167 0.444444
vt 0.750000 0.500000
vt 0.750000 0.555556
vt 0.750000 0.611111
vt 0.750000 0.666667
vt 0.750000 0.722222
vt 0.750000 0.777778
vt 0.750000 0.833333
vt 0.750000 0.888889
vt 0.750000 0.944444
vt 0.750000 1.000000
vt 0.750000 0.000000
vt 0.750000 0.055556
vt 0.750000 0.111111
vt 0.750000 0.166667
vt 0.750000 0.222222
vt 0.750000 0.277778
vt 0.750000 0.333333
vt 0.750000 0.388889
vt 0.750000 0.444444
vt 0.770833 0.500000
vt 0.770833 0.555556
vt 0.770833 0.611111
vt 0.770833 0.666667
vt 0.770833 0.722222
vt 0.770833 0.777778
vt 0.770833 0.833333
vt 0.770833 0.888889
vt 0.770833 0.944444
vt 0.770833 1.000000
vt 0.770833 0.000000
vt 0.770833 0.055556
vt 0.770833 0.111111
vt 0.770833 0.166667
vt 0.770833 0.222222
vt 0.770833 0.277778
vt 0.770833 0.333333
vt 0.770833 0.388889
vt 0.770833 0.444444
vt 0.791667 0.500000
vt 0.791667 0.555556
vt 0.791667 0.611111
vt 0.791667 0.666667
vt 0.791667 0.722222
vt 0.791667 0.777778
vt 0.791667 0.833333
vt 0.791667 0.888889
vt 0.791667 0.944444
vt 0.791667 1.000000
vt 0.791667 0.000000
vt 0.791667 0.055556
vt 0.791667 0.111111
vt 0.791667 0.166667
vt 0.791667 0.222222
vt 0.791667 0.277778
vt 0.791667 0.333333
vt 0.791667 0.388889
vt 0.791667 0.444444
vt 0.812500 0.500000
vt 0.812500 0.555556
vt 0.812500 0.611111
vt 0.812500 0.666667
vt 0.812500 0.722222
vt 0.812500 0.777778
vt 0.812500 0.833333
vt 0.812500 0.888889
vt 0.812500 0.944444
vt 0.812500 1.000000
vt 0.812500 0.000000
vt 0.812500 0.055556
vt 0.812500 0.111111
vt 0.812500 0.166667
vt 0.812500 0.222222
vt 0.812500 0.277778
vt 0.812500 0.333333
vt 0.812500 0.388889
vt 0.812500 0.444444
vt 0.833333 0.500000
vt 0.833333 0.555556
vt 0.833333 0.611111
vt 0.833333 0.666667
vt 0.833333 0.722222
vt 0.833333 0.777778
vt 0.833333 0.833333
vt 0.833333 0.888889
vt 0.833333 0.944444
vt 0.833333 1.000000
vt 0.833333 0.000000
vt 0.833333 0.055556
vt 0.833333 0.111111
vt 0.833333 0.166667
vt 0.833333 0.222222
vt 0.833333 0.277778
vt 0.833333 0.333333
vt 0.833333 0.388889
vt 0.833333 0.444444
vt 0.854167 0.500000
vt 0.854167 0.555556
vt 0.854167 0.611111
vt 0.854167 0.666667
vt 0.854167 0.722222
vt 0.854167 0.777778
vt 0.854167 0.833333
vt 0.854167 0.888889
vt 0.854167 0.944444
vt 0.854167 1.000000
vt 0.854167 0.000000
vt 0.854167 0.055556
vt 0.854167 0.111111
vt 0.854167 0.166667
vt 0.854167 0.222222
vt 0.854167 0.277778
vt 0.854167 0.333333
vt 0.854167 0.388889
vt 0.854167 0.444444
vt 0.875000 0.500000
vt 0.875000 0.555556
vt 0.875000 0.611111
vt 0.875000 0.666667
vt 0.875000 0.722222
vt 0.875000 0.777778
vt 0.875000 0.833333
vt 0.875000 0.888889
vt 0.875000 0.944444
vt 0.875000 1.000000
vt 0.875000 0.000000
vt 0.875000 0.055556
vt 0.875000 0.111111
vt 0.875000 0.166667
vt 0.875000 0.222222
vt 0.875000 0.277778
vt 0.875000 0.333333
vt 0.875000 0.388889
vt 0.875000 0.444444
vt 0.895833 0.500000
vt 0.895833 0.555556
vt 0.895833 0.611111
vt 0.895833 0.666667
vt 0.895833 0.722222
vt 0.895833 0.777778
vt 0.895833 0.833333
vt 0.895833 0.888889
vt 0.895833 0.944444
vt 0.895833 1.000000
vt 0.895833 0.000000
vt 0.895833 0.055556
vt 0.895833 0.111111
vt 0.895833 0.166667
vt 0.895833 0.222222
vt 0.895833 0.277778
vt 0.895833 0.333333
vt 0.895833 0.388889
vt 0.895833 0.444444
vt 0.916667 0.500000
vt 0.916667 0.555556
vt 0.916667 0.611111
vt 0.916667 0.666667
vt 0.916667 0.722222
vt 0.916667 0.777778
vt 0.916667 0.833333
vt 0.916667 0.888889
vt 0.916667 0.944444
vt 0.916667 1.000000
vt 0.916667 0.000000
vt 0.916667 0.055556
vt 0.916667 0.111111
vt 0.916667 0.166667
vt 0.916667 0.222222
vt 0.916667 0.277778
vt 0.916667 0.333333
vt 0.916667 0.388889
vt 0.916667 0.444444
vt 0.937500 0.500000
vt 0.937500 0.555556
vt 0.937500 0.611111
vt 0.937500 0.666667
vt 0.937500 0.722222
vt 0.937500 0.777778
vt 0.937500 0.833333
vt 0.937500 0.888889
vt 0.937500 0.944444
vt 0.937500 1.000000
vt 0.937500 0.000000
vt 0.937500 0.055556
vt 0.937500 0.111111
vt 0.937500 0.166667
vt 0.937500 0.222222
vt 0.937500 0.277778
vt 0.937500 0.333333
vt 0.937500 0.388889
vt 0.937500 0.444444
vt 0.958333 0.500000
vt 0.958333 0.555556
vt 0.958333 0.611111
vt 0.958333 0.666667
vt 0.958333 0.722222
vt 0.958333 0.777778
vt 0.958333 0.833333
vt 0.958333 0.888889
vt 0.958333 0.944444
vt 0.958333 1.000000
vt 0.958333 0.000000
vt 0.958333 0.055556
vt 0.958333 0.111111
vt 0.958333 0.166667
vt 0.958333 0.222222
vt 0.958333 0.277778
vt 0.958333 0.333333
vt 0.958333 0.388889
vt 0.958333 0.444444
vt 0.979167 0.500000
vt 0.979167 0.555556
vt 0.979167 0.611111
vt 0.979167 0.666667
vt 0.979167 0.722222
vt 0.979167 0.777778
vt 0.979167 0.833333
vt 0.979167 0.888889
vt 0.979167 0.944444
vt 0.979167 1.000000
vt 0.979167 0.000000
vt 0.979167 0.055556
vt 0.979167 0.111111
vt 0.979167 0.166667
vt 0.979167 0.222222
vt 0.979167 0.277778
vt 0.979167 0.333333
vt 0.979167 0.388889
vt 0.979167 0.444444
vt 1.000000 0.500000
vt 0.000000 0.500000
vt 1.000000 0.555556
vt 0.000000 0.555556
vt 1.000000 0.611111
vt 0.000000 0.611111
vt 1.000000 0.666667
vt 0.000000 0.666667
vt 1.000000 0.722222
vt 0.000000 0.722222
vt 1.000000 0.777778
vt 0.000000 0.777778
vt 1.000000 0.833333
vt 0.000000 0.833333
vt 1.000000 0.888889
vt 0.000000 0.888889
vt 1.000000 0.944444
vt 0.000000 0.944444
vt 1.000000 1.000000
vt 1.000000 0.000000
vt 0.000000 1.000000
vt 0.000000 0.000000
vt 1.000000 0.055556
vt 0.000000 0.055556
vt 1.000000 0.111111
vt 0.000000 0.111111
vt 1.000000 0.166667
vt 0.000000 0.166667
vt 1.000000 0.222222
vt 0.000000 0.222222
vt 1.000000 0.277778
vt 0.000000 0.277778
vt 1.000000 0.333333
vt 0.000000 0.333333
vt 1.000000 0.388889
vt 0.000000 0.388889
vt 1.000000 0.444444
vt 0.000000 0.444444
vt 0.020833 0.500000
vt 0.020833 0.555556
vt 0.020833 0.611111
vt 0.020833 0.666667
vt 0.020833 0.722222
vt 0.020833 0.777778
vt 0.020833 0.833333
vt 0.020833 0.888889
vt 0.020833 0.944444
vt 0.020833 1.000000
vt 0.020833 0.000000
vt 0.020833 0.055556
vt 0.020833 0.111111
vt 0.020833 0.166667
vt 0.020833 0.222222
vt 0.020833 0.277778
vt 0.020833 0.333333
vt 0.020833 0.388889
vt 0.020833 0.444444
vt 0.041667 0.500000
vt 0.041667 0.555556
vt 0.041667 0.611111
vt 0.041667 0.666667
vt 0.041667 0.722222
vt 0.041667 0.777778
vt 0.041667 0.833333
vt 0.041667 0.888889
vt 0.041667 0.944444
vt 0.041667 1.000000
vt 0.041667 0.000000
vt 0.041667 0.055556
vt 0.041667 0.111111
vt 0.041667 0.166667
vt 0.041667 0.222222
vt 0.041667 0.277778
vt 0.041667 0.333333
vt 0.041667 0.388889
vt 0.041667 0.444444
vt 0.062500 0.500000
vt 0.062500 0.555556
vt 0.062500 0.611111
vt 0.062500 0.666667
vt 0.062500 0.722222
vt 0.062500 0.777778
vt 0.062500 0.833333
vt 0.062500 0.888889
vt 0.062500 0.944444
vt 0.062500 1.000000
vt 0.062500 0.000000
vt 0.062500 0.055556
vt 0.062500 0.111111
vt 0.062500 0.166667
vt 0.062500 0.222222
vt 0.062500 0.277778
vt 0.062500 0.333333
vt 0.062500 0.388889
vt 0.062500 0.444444
vt 0.083333 0.500000
vt 0.083333 0.555556
vt 0.083333 0.611111
vt 0.083333 0.666667
vt 0.083333 0.722222
vt 0.083333 0.777778
vt 0.083333 0.833333
vt 0.083333 0.888889
vt 0.083333 0.944444
vt 0.083333 1.000000
vt 0.083333 0.000000
vt 0.083333 0.055556
vt 0.083333 0.111111
vt 0.083333 0.166667
vt 0.083333 0.222222
vt 0.083333 0.277778
vt 0.083333 0.333333
vt 0.083333 0.388889
vt 0.083333 0.444444
vt 0.104167 0.500000
vt 0.104167 0.555556
vt 0.104167 0.611111
vt 0.104167 0.666667
vt 0.104167 0.722222
vt 0.104167 0.777778
vt 0.104167 0.833333
vt 0.104167 0.888889
vt 0.104167 0.944444
vt 0.104167 1.000000
vt 0.104167 0.000000
vt 0.104167 0.055556
vt 0.104167 0.111111
vt 0.104167 0.166667
vt 0.104167 0.222222
vt 0.104167 0.277778
vt 0.104167 0.333333
vt 0.104167 0.388889
vt 0.104167 0.444444
vt 0.125000 0.500000
vt 0.125000 0.555556
vt 0.125000 0.611111
vt 0.125000 0.666667
vt 0.125000 0.722222
vt 0.125000 0.777778
vt 0.125000 0.833333
vt 0.125000 0.888889
vt 0.125000 0.944444
vt 0.125000 1.000000
vt 0.125000 0.000000
vt 0.125000 0.055556
vt 0.125000 0.111111
vt 0.125000 0.166667
vt 0.125000 0.222222
vt 0.125000 0.277778
vt 0.125000 0.333333
vt 0.125000 0.388889
vt 0.125000 0.444444
vt 0.145833 0.500000
vt 0.145833 0.555556
vt 0.145833 0.611111
vt 0.145833 0.666667
vt 0.145833 0.722222
vt 0.145833 0.777778
vt 0.145833 0.833333
vt 0.145833 0.888889
vt 0.145833 0.944444
vt 0.145833 1.000000
vt 0.145833 0.000000
vt 0.145833 0.055556
vt 0.145833 0.111111
vt 0.145833 0.166667
vt 0.145833 0.222222
vt 0.145833 0.277778
vt 0.145833 0.333333
vt 0.145833 0.388889
vt 0.145833 0.444444
vt 0.166667 0.500000
vt 0.166667 0.555556
vt 0.166667 0.611111
vt 0.166667 0.666667
vt 0.166667 0.722222
vt 0.166667 0.777778
vt 0.166667 0.833333
vt 0.166667 0.888889
vt 0.166667 0.944444
vt 0.166667 1.000000
vt 0.166667 0.000000
vt 0.166667 0.055556
vt 0.166667 0.111111
vt 0.166667 0.166667
vt 0.166667 0.222222
vt 0.166667 0.277778
vt 0.166667 0.333333
vt 0.166667 0.388889
vt 0.166667 0.444444
vt 0.187500 0.500000
vt 0.187500 0.555556
vt 0.187500 0.611111
vt 0.187500 0.666667
vt 0.187500 0.722222
vt 0.187500 0.777778
vt 0.187500 0.833333
vt 0.187500 0.888889
vt 0.187500 0.944444
vt 0.187500 1.000000
vt 0.187500 0.000000
vt 0.187500 0.055556
vt 0.187500 0.111111
vt 0.187500 0.166667
vt 0.187500 0.222222
vt 0.187500 0.277778
vt 0.187500 0.333333
vt 0.187500 0.388889
vt 0.187500 0.444444
vt 0.208333 0.500000
vt 0.208333 0.555556
vt 0.208333 0.611111
vt 0.208333 0.666667
vt 0.208333 0.722222
vt 0.208333 0.777778
vt 0.208333 0.833333
vt 0.208333 0.888889
vt 0.208333 0.944444
vt 0.208333 1.000000
vt 0.208333 0.000000
vt 0.208333 0.055556
vt 0.208333 0.111111
vt 0.208333 0.166667
vt 0.208333 0.222222
vt 0.208333 0.277778
vt 0.208333 0.333333
vt 0.208333 0.388889
vt 0.208333 0.444444
vt 0.229167 0.500000
vt 0.229167 0.555556
vt 0.229167 0.611111
vt 0.229167 0.666667
vt 0.229167 0.722222
vt 0.229167 0.777778
vt 0.229167 0.833333
vt 0.229167 0.888889
vt 0.229167 0.944444
vt 0.229167 1.000000
vt 0.229167 0.000000
vt 0.229167 0.055556
vt 0.229167 0.111111
vt 0.229167 0.166667
vt 0.229167 0.222222
vt 0.229167 0.277778
vt 0.229167 0.333333
vt 0.229167 0.388889
vt 0.229167 0.444444
vt 0.500000 0.500000
vt 0.500000 0.555556
vt 0.500000 0.611111
vt 0.500000 0.666667
vt 0.500000 0.722222
vt 0.500000 0.777778
vt 0.500000 0.833333
vt 0.500000 0.888889
vt 0.500000 0.944444
vt 0.500000 1.000000
vt 0.500000 0.000000
vt 0.500000 0.055556
vt 0.500000 0.111111
vt 0.500000 0.166667
vt 0.500000 0.222222
vt 0.500000 0.277778
vt 0.500000 0.333333
vt 0.500000 0.388889
vt 0.500000 0.444444
vt 0.520833 0.500000
vt 0.520833 0.555556
vt 0.520833 0.611111
vt 0.520833 0.666667
vt 0.520833 0.722222
vt 0.520833 0.777778
vt 0.520833 0.833333
vt 0.520833 0.888889
vt 0.520833 0.944444
vt 0.520833 1.000000
vt 0.520833 0.000000
vt 0.520833 0.055556
vt 0.520833 0.111111
vt 0.520833 0.166667
vt 0.520833 0.222222
vt 0.520833 0.277778
vt 0.520833 0.333333
vt 0.520833 0.388889
vt 0.520833 0.444444
vt 0.541667 0.500000
vt 0.541667 0.555556
vt 0.541667 0.611111
vt 0.541667 0.666667
vt 0.541667 0.722222
vt 0.541667 0.777778
vt 0.541667 0.833333
vt 0.541667 0.888889
vt 0.541667 0.944444
vt 0.541667 1.000000
vt 0.541667 0.000000
vt 0.541667 0.055556
vt 0.541667 0.111111
vt 0.541667 0.166667
vt 0.541667 0.222222
vt 0.541667 0.277778
vt 0.541667 0.333333
vt 0.541667 0.388889
vt 0.541667 0.444444
vt 0.562500 0.500000
vt 0.562500 0.555556
vt 0.562500 0.611111
vt 0.562500 0.666667
vt 0.562500 0.722222
vt 0.562500 0.777778
vt 0.562500 0.833333
vt 0.562500 0.888889
vt 0.562500 0.944444
vt 0.562500 1.000000
vt 0.562500 0.000000
vt 0.562500 0.055556
vt 0.562500 0.111111
vt 0.562500 0.166667
vt 0.562500 0.222222
vt 0.562500 0.277778
vt 0.562500 0.333333
vt 0.562500 0.388889
vt 0.562500 0.444444
vt 0.583333 0.500000
vt 0.583333 0.555556
vt 0.583333 0.611111
vt 0.583333 0.666667
vt 0.583333 0.722222
vt 0.583333 0.777778
vt 0.583333 0.833333
vt 0.583333 0.888889
vt 0.583333 0.944444
vt 0.583333 1.000000
vt 0.583333 0.000000
vt 0.583333 0.055556
vt 0.583333 0.111111
vt 0.583333 0.166667
vt 0.583333 0.222222
vt 0.583333 0.277778
vt 0.583333 0.333333
vt 0.583333 0.388889
vt 0.583333 0.444444
vt 0.604167 0.500000
vt 0.604167 0.555556
vt 0.604167 0.611111
vt 0.604167 0.666667
vt 0.604167 0.722222
vt 0.604167 0.777778
vt 0.604167 0.833333
vt 0.604167 0.888889
vt 0.604167 0.944444
vt 0.604167 1.000000
vt 0.604167 0.000000
vt 0.604167 0.055556
vt 0.604167 0.111111
vt 0.604167 0.166667
vt 0.604167 0.222222
vt 0.604167 0.277778
vt 0.604167 0.333333
vt 0.604167 0.388889
vt 0.604167 0.444444
vt 0.625000 0.500000
vt 0.625000 0.555556
vt 0.625000 0.611111
vt 0.625000 0.666667
vt 0.625000 0.722222
vt 0.625000 0.777778
vt 0.625000 0.833333
vt 0.625000 0.888889
vt 0.625000 0.944444
vt 0.625000 1.000000
vt 0.625000 0.000000
vt 0.625000 0.055556
vt 0.625000 0.111111
vt 0.625000 0.166667
vt 0.625000 0.222222
vt 0.625000 0.277778
vt 0.625000 0.333333
vt 0.625000 0.388889
vt 0.625000 0.444444
vt 0.645833 0.500000
vt 0.645833 0.555556
vt 0.645833 0.611111
vt 0.645833 0.666667
vt 0.645833 0.722222
vt 0.645833 0.777778
vt 0.645833 0.833333
vt 0.645833 0.888889
vt 0.645833 0.944444
vt 0.645833 1.000000
vt 0.645833 0.000000
vt 0.645833 0.055556
vt 0.645833 0.111111
vt 0.645833 0.166667
vt 0.645833 0.222222
vt 0.645833 0.277778
vt 0.645833 0.333333
vt 0.645833 0.388889
vt 0.645833 0.444444
vt 0.666667 0.500000
vt 0.666667 0.555556
vt 0.666667 0.611111
vt 0.666667 0.666667
vt 0.666667 0.722222
vt 0.666667 0.777778
vt 0.666667 0.833333
vt 0.666667 0.888889
vt 0.666667 0.944444
vt 0.666667 1.000000
vt 0.666667 0.000000
vt 0.666667 0.055556
vt 0.666667 0.111111
vt 0.666667 0.166667
vt 0.666667 0.222222
vt 0.666667 0.277778
vt 0.666667 0.333333
vt 0.666667 0.388889
vt 0.666667 0.444444
vt 0.687500 0.500000
vt 0.687500 0.555556
vt 0.687500 0.611111
vt 0.687500 0.666667
vt 0.687500 0.722222
vt 0.687500 0.777778
vt 0.687500 0.833333
vt 0.687500 0.888889
vt 0.687500 0.944444
vt 0.687500 1.000000
vt 0.687500 0.000000
vt 0.687500 0.055556
vt 0.687500 0.111111
vt 0.687500 0.166667
vt 0.687500 0.222222
vt 0.687500 0.277778
vt 0.687500 0.333333
vt 0.687500 0.388889
vt 0.687500 0.444444
vt 0.708333 0.500000
vt 0.708333 0.555556
vt 0.708333 0.611111
vt 0.708333 0.666667
vt 0.708333 0.722222
vt 0.708333 0.777778
vt 0.708333 0.833333
vt 0.708333 0.888889
vt 0.708333 0.944444
vt 0.708333 1.000000
vt 0.708333 0.000000
vt 0.708333 0.055556
vt 0.708333 0.111111
vt 0.708333 0.166667
vt 0.708333 0.222222
vt 0.708333 0.277778
vt 0.708333 0.333333
vt 0.708333 0.388889
vt 0.708333 0.444444
vt 0.729167 0.500000
vt 0.729167 0.555556
vt 0.729167 0.611111
vt 0.729167 0.666667
vt 0.729167 0.722222
vt 0.729167 0.777778
vt 0.729167 0.833333
vt 0.729167 0.888889
vt 0.729167 0.944444
vt 0.729167 1.000000
vt 0.729167 0.000000
vt 0.729167 0.055556
vt 0.729167 0.111111
vt 0.729167 0.166667
vt 0.729167 0.222222
vt 0.729167 0.277778
vt 0.729167 0.333333
vt 0.729167 0.388889
vt 0.729167 0.444444
vt 0.250000 0.500000
vt 0.250000 0.555556
vt 0.250000 0.611111
vt 0.250000 0.666667
vt 0.250000 0.722222
vt 0.250000 0.777778
vt 0.250000 0.833333
vt 0.250000 0.888889
vt 0.250000 0.944444
vt 0.250000 1.000000
vt 0.250000 0.000000
vt 0.250000 0.055556
vt 0.250000 0.111111
vt 0.250000 0.166667
vt 0.250000 0.222222
vt 0.250000 0.277778
vt 0.250000 0.333333
vt 0.250000 0.388889
vt 0.250000 0.444444
vt 0.270833 0.500000
vt 0.270833 0.555556
vt 0.270833 0.611111
vt 0.270833 0.666667
vt 0.270833 0.722222
vt 0.270833 0.777778
vt 0.270833 0.833333
vt 0.270833 0.888889
vt 0.270833 0.944444
vt 0.270833 1.000000
vt 0.270833 0.000000
vt 0.270833 0.055556
vt 0.270833 0.111111
vt 0.270833 0.166667
vt 0.270833 0.222222
vt 0.270833 0.277778
vt 0.270833 0.333333
vt 0.270833 0.388889
vt 0.270833 0.444444
vt 0.291667 0.500000
vt 0.291667 0.555556
vt 0.291667 0.611111
vt 0.291667 0.666667
vt 0.291667 0.722222
vt 0.291667 0.777778
vt 0.291667 0.833333
vt 0.291667 0.888889
vt 0.291667 0.944444
vt 0.291667 1.000000
vt 0.291667 0.000000
vt 0.291667 0.055556
vt 0.291667 0.111111
vt 0.291667 0.166667
vt 0.291667 0.222222
vt 0.291667 0.277778
vt 0.291667 0.333333
vt 0.291667 0.388889
vt 0.291667 0.444444
vt 0.312500 0.500000
vt 0.312500 0.555556
vt 0.312500 0.611111
vt 0.312500 0.666667
vt 0.312500 0.722222
vt 0.312500 0.777778
vt 0.312500 0.833333
vt 0.312500 0.888889
vt 0.312500 0.944444
vt 0.312500 1.000000
vt 0.312500 0.000000
vt 0.312500 0.055556
vt 0.312500 0.111111
vt 0.312500 0.166667
vt 0.312500 0.222222
vt 0.312500 0.277778
vt 0.312500 0.333333
vt 0.312500 0.388889
vt 0.312500 0.444444
vt 0.333333 0.500000
vt 0.333333 0.555556
vt 0.333333 0.611111
vt 0.333333 0.666667
vt 0.333333 0.722222
vt 0.333333 0.777778
vt 0.333333 0.833333
vt 0.333333 0.888889
vt 0.333333 0.944444
vt 0.333333 1.000000
vt 0.333333 0.000000
vt 0.333333 0.055556
vt 0.333333 0.111111
vt 0.333333 0.166667
vt 0.333333 0.222222
vt 0.333333 0.277778
vt 0.333333 0.333333
vt 0.333333 0.388889
vt 0.333333 0.444444
vt 0.354167 0.500000
vt 0.354167 0.555556
vt 0.354167 0.611111
vt 0.354167 0.666667
vt 0.354167 0.722222
vt 0.354167 0.777778
vt 0.354167 0.833333
vt 0.354167 0.888889
vt 0.354167 0.944444
vt 0.354167 1.000000
vt 0.354167 0.000000
vt 0.354167 0.055556
vt 0.354167 0.111111
vt 0.354167 0.166667
vt 0.354167 0.222222
vt 0.354167 0.277778
vt 0.354167 0.333333
vt 0.354167 0.388889
vt 0.354167 0.444444
vt 0.375000 0.500000
vt 0.375000 0.555556
vt 0.375000 0.611111
vt 0.375000 0.666667
vt 0.375000 0.722222
vt 0.375000 0.777778
vt 0.375000 0.833333
vt 0.375000 0.888889
vt 0.375000 0.944444
vt 0.375000 1.000000
vt 0.375000 0.000000
vt 0.375000 0.055556
vt 0.375000 0.111111
vt 0.375000 0.166667
vt 0.375000 0.222222
vt 0.375000 0.277778
vt 0.375000 0.333333
vt 0.375000 0.388889
vt 0.375000 0.444444
vt 0.395833 0.500000
vt 0.395833 0.555556
vt 0.395833 0.611111
vt 0.395833 0.666667
vt 0.395833 0.722222
vt 0.395833 0.777778
vt 0.395833 0.833333
vt 0.395833 0.888889
vt 0.395833 0.944444
vt 0.395833 1.000000
vt 0.395833 0.000000
vt 0.395833 0.055556
vt 0.395833 0.111111
vt 0.395833 0.166667
vt 0.395833 0.222222
vt 0.395833 0.277778
vt 0.395833 0.333333
vt 0.395833 0.388889
vt 0.395833 0.444444
vt 0.416667 0.500000
vt 0.416667 0.555556
vt 0.416667 0.611111
vt 0.416667 0.666667
vt 0.416667 0.722222
vt 0.416667 0.777778
vt 0.416667 0.833333
vt 0.416667 0.888889
vt 0.416667 0.944444
vt 0.416667 1.000000
vt 0.416667 0.000000
vt 0.416667 0.055556
vt 0.416667 0.111111
vt 0.416667 0.166667
vt 0.416667 0.222222
vt 0.416667 0.277778
vt 0.416667 0.333333
vt 0.416667 0.388889
vt 0.416667 0.444444
vt 0.437500 0.500000
vt 0.437500 0.555556
vt 0.437500 0.611111
vt 0.437500 0.666667
vt 0.437500 0.722222
vt 0.437500 0.777778
vt 0.437500 0.833333
vt 0.437500 0.888889
vt 0.437500 0.944444
vt 0.437500 1.000000
vt 0.437500 0.000000
vt 0.437500 0.055556
vt 0.437500 0.111111
vt 0.437500 0.166667
vt 0.437500 0.222222
vt 0.437500 0.277778
vt 0.437500 0.333333
vt 0.437500 0.388889
vt 0.437500 0.444444
vt 0.458333 0.500000
vt 0.458333 0.555556
vt 0.458333 0.611111
vt 0.458333 0.666667
vt 0.458333 0.722222
vt 0.458333 0.777778
vt 0.458333 0.833333
vt 0.458333 0.888889
vt 0.458333 0.944444
vt 0.458333 1.000000
vt 0.458333 0.000000
vt 0.458333 0.055556
vt 0.458333 0.111111
vt 0.458333 0.166667
vt 0.458333 0.222222
vt 0.458333 0.277778
vt 0.458333 0.333333
vt 0.458333 0.388889
vt 0.458333 0.444444
vt 0.479167 0.500000
vt 0.479167 0.555556
vt 0.479167 0.611111
vt 0.479167 0.666667
vt 0.479167 0.722222
vt 0.479167 0.777778
vt 0.479167 0.833333
vt 0.479167 0.888889
vt 0.479167 0.944444
vt 0.479167 1.000000
vt 0.479167 0.000000
vt 0.479167 0.055556
vt 0.479167 0.111111
vt 0.479167 0.166667
vt 0.479167 0.222222
vt 0.479167 0.277778
vt 0.479167 0.333333
vt 0.479167 0.388889
vt 0.479167 0.444444
vt 0.729167 0.500000
vt 0.729167 0.555556
vt 0.729167 0.611111
vt 0.729167 0.666667
vt 0.729167 0.722222
vt 0.729167 0.777778
vt 0.729167 0.833333
vt 0.729167 0.888889
vt 0.729167 0.944444
vt 0.729167 1.000000
vt 0.729167 0.000000
vt 0.729167 0.055556
vt 0.729167 0.111111
vt 0.729167 0.166667
vt 0.729167 0.222222
vt 0.729167 0.277778
vt 0.729167 0.333333
vt 0.729167 0.388889
vt 0.729167 0.444444
vt 0.750000 0.500000
vt 0.750000 0.555556
vt 0.750000 0.611111
vt 0.750000 0.666667
vt 0.750000 0.722222
vt 0.750000 0.777778
vt 0.750000 0.833333
vt 0.750000 0.888889
vt 0.750000 0.944444
vt 0.750000 1.000000
vt 0.750000 0.000000
vt 0.750000 0.055556
vt 0.750000 0.111111
vt 0.750000 0.166667
vt 0.750000 0.222222
vt 0.750000 0.277778
vt 0.750000 0.333333
vt 0.750000 0.388889
vt 0.750000 0.444444
vt 0.770833 0.500000
vt 0.770833 0.555556
vt 0.770833 0.611111
vt 0.770833 0.666667
vt 0.770833 0.722222
vt 0.770833 0.777778
vt 0.770833 0.833333
vt 0.770833 0.888889
vt 0.770833 0.944444
vt 0.770833 0.000000
vt 0.770833 1.000000
vt 0.770833 0.055556
vt 0.770833 0.111111
vt 0.770833 0.166667
vt 0.770833 0.222222
vt 0.770833 0.277778
vt 0.770833 0.333333
vt 0.770833 0.388889
vt 0.770833 0.444444
vt 0.250000 0.444444
vt 0.250000 0.388889
vt 0.250000 0.333333
vt 0.250000 0.277778
vt 0.250000 0.222222
vt 0.250000 0.166667
vt 0.250000 0.111111
vt 0.250000 0.055556
vt 0.250000 1.000000
vt 0.250000 0.000000
vt 0.250000 0.944444
vt 0.250000 0.888889
vt 0.250000 0.833333
vt 0.250000 0.777778
vt 0.250000 0.722222
vt 0.250000 0.666667
vt 0.250000 0.611111
vt 0.250000 0.555556
vt 0.250000 0.500000
vt 0.770833 0.444444
vt 0.770833 0.388889
vt 0.770833 0.333333
vt 0.770833 0.277778
vt 0.770833 0.222222
vt 0.770833 0.166667
vt 0.770833 0.111111
vt 0.770833 0.055556
vt 0.770833 1.000000
vt 0.770833 0.000000
vt 0.770833 0.944444
vt 0.770833 0.888889
vt 0.770833 0.833333
vt 0.770833 0.777778
vt 0.770833 0.722222
vt 0.770833 0.666667
vt 0.770833 0.611111
vt 0.770833 0.555556
vt 0.770833 0.500000
vt 0.500000 0.500000
vt 0.500000 0.555556
vt 0.500000 0.611111
vt 0.500000 0.666667
vt 0.500000 0.722222
vt 0.500000 0.777778
vt 0.500000 0.833333
vt 0.500000 0.888889
vt 0.500000 0.944444
vt 0.500000 1.000000
vt 0.500000 0.000000
vt 0.500000 0.055556
vt 0.500000 0.111111
vt 0.500000 0.166667
vt 0.500000 0.222222
vt 0.500000 0.277778
vt 0.500000 0.333333
vt 0.500000 0.388889
vt 0.500000 0.444444
vt 0.520833 0.500000
vt 0.520833 0.555556
vt 0.520833 0.611111
vt 0.520833 0.666667
vt 0.520833 0.722222
vt 0.520833 0.777778
vt 0.520833 0.833333
vt 0.520833 0.888889
vt 0.520833 0.944444
vt 0.520833 1.000000
vt 0.520833 0.000000
vt 0.520833 0.055556
vt 0.520833 0.111111
vt 0.520833 0.166667
vt 0.520833 0.222222
vt 0.520833 0.277778
vt 0.520833 0.333333
vt 0.520833 0.388889
vt 0.520833 0.444444
vt 0.541667 0.500000
vt 0.541667 0.555556
vt 0.541667 0.611111
vt 0.541667 0.666667
vt 0.541667 0.722222
vt 0.541667 0.777778
vt 0.541667 0.833333
vt 0.541667 0.888889
vt 0.541667 0.944444
vt 0.541667 1.000000
vt 0.541667 0.000000
vt 0.541667 0.055556
vt 0.541667 0.111111
vt 0.541667 0.166667
vt 0.541667 0.222222
vt 0.541667 0.277778
vt 0.541667 0.333333
vt 0.541667 0.388889
vt 0.541667 0.444444
vt 0.562500 0.500000
vt 0.562500 0.555556
vt 0.562500 0.611111
vt 0.562500 0.666667
vt 0.562500 0.722222
vt 0.562500 0.777778
vt 0.562500 0.833333
vt 0.562500 0.888889
vt 0.562500 0.944444
vt 0.562500 1.000000
vt 0.562500 0.000000
vt 0.562500 0.055556
vt 0.562500 0.111111
vt 0.562500 0.166667
vt 0.562500 0.222222
vt 0.562500 0.277778
vt 0.562500 0.333333
vt 0.562500 0.388889
vt 0.562500 0.444444
vt 0.583333 0.500000
vt 0.583333 0.555556
vt 0.583333 0.611111
vt 0.583333 0.666667
vt 0.583333 0.722222
vt 0.583333 0.777778
vt 0.583333 0.833333
vt 0.583333 0.888889
vt 0.583333 0.944444
vt 0.583333 1.000000
vt 0.583333 0.000000
vt 0.583333 0.055556
vt 0.583333 0.111111
vt 0.583333 0.166667
vt 0.583333 0.222222
vt 0.583333 0.277778
vt 0.583333 0.333333
vt 0.583333 0.388889
vt 0.583333 0.444444
vt 0.604167 0.500000
vt 0.604167 0.555556
vt 0.604167 0.611111
vt 0.604167 0.666667
vt 0.604167 0.722222
vt 0.604167 0.777778
vt 0.604167 0.833333
vt 0.604167 0.888889
vt 0.604167 0.944444
vt 0.604167 1.000000
vt 0.604167 0.000000
vt 0.604167 0.055556
vt 0.604167 0.111111
vt 0.604167 0.166667
vt 0.604167 0.222222
vt 0.604167 0.277778
vt 0.604167 0.333333
vt 0.604167 0.388889
vt 0.604167 0.444444
vt 0.625000 0.500000
vt 0.625000 0.555556
vt 0.625000 0.611111
vt 0.625000 0.666667
vt 0.625000 0.722222
vt 0.625000 0.777778
vt 0.625000 0.833333
vt 0.625000 0.888889
vt 0.625000 0.944444
vt 0.625000 1.000000
vt 0.625000 0.000000
vt 0.625000 0.055556
vt 0.625000 0.111111
vt 0.625000 0.166667
vt 0.625000 0.222222
vt 0.625000 0.277778
vt 0.625000 0.333333
vt 0.625000 0.388889
vt 0.625000 0.444444
vt 0.645833 0.500000
vt 0.645833 0.555556
vt 0.645833 0.611111
vt 0.645833 0.666667
vt 0.645833 0.722222
vt 0.645833 0.777778
vt 0.645833 0.833333
vt 0.645833 0.888889
vt 0.645833 0.944444
vt 0.645833 1.000000
vt 0.645833 0.000000
vt 0.645833 0.055556
vt 0.645833 0.111111
vt 0.645833 0.166667
vt 0.645833 0.222222
vt 0.645833 0.277778
vt 0.645833 0.333333
vt 0.645833 0.388889
vt 0.645833 0.444444
vt 0.666667 0.500000
vt 0.666667 0.555556
vt 0.666667 0.611111
vt 0.666667 0.666667
vt 0.666667 0.722222
vt 0.666667 0.777778
vt 0.666667 0.833333
vt 0.666667 0.888889
vt 0.666667 0.944444
vt 0.666667 1.000000
vt 0.666667 0.000000
vt 0.666667 0.055556
vt 0.666667 0.111111
vt 0.666667 0.166667
vt 0.666667 0.222222
vt 0.666667 0.277778
vt 0.666667 0.333333
vt 0.666667 0.388889
vt 0.666667 0.444444
vt 0.687500 0.500000
vt 0.687500 0.555556
vt 0.687500 0.611111
vt 0.687500 0.666667
vt 0.687500 0.722222
vt 0.687500 0.777778
vt 0.687500 0.833333
vt 0.687500 0.888889
vt 0.687500 0.944444
vt 0.687500 1.000000
vt 0.687500 0.000000
vt 0.687500 0.055556
vt 0.687500 0.111111
vt 0.687500 0.166667
vt 0.687500 0.222222
vt 0.687500 0.277778
vt 0.687500 0.333333
vt 0.687500 0.388889
vt 0.687500 0.444444
vt 0.708333 0.500000
vt 0.708333 0.555556
vt 0.708333 0.611111
vt 0.708333 0.666667
vt 0.708333 0.722222
vt 0.708333 0.777778
vt 0.708333 0.833333
vt 0.708333 0.888889
vt 0.708333 0.944444
vt 0.708333 1.000000
vt 0.708333 0.000000
vt 0.708333 0.055556
vt 0.708333 0.111111
vt 0.708333 0.166667
vt 0.708333 0.222222
vt 0.708333 0.277778
vt 0.708333 0.333333
vt 0.708333 0.388889
vt 0.708333 0.444444
vt 0.729167 0.500000
vt 0.729167 0.555556
vt 0.729167 0.611111
vt 0.729167 0.666667
vt 0.729167 0.722222
vt 0.729167 0.777778
vt 0.729167 0.833333
vt 0.729167 0.888889
vt 0.729167 0.944444
vt 0.729167 1.000000
vt 0.729167 0.000000
vt 0.729167 0.055556
vt 0.729167 0.111111
vt 0.729167 0.166667
vt 0.729167 0.222222
vt 0.729167 0.277778
vt 0.729167 0.333333
vt 0.729167 0.388889
vt 0.729167 0.444444
vt 0.250000 0.500000
vt 0.250000 0.555556
vt 0.250000 0.611111
vt 0.250000 0.666667
vt 0.250000 0.722222
vt 0.250000 0.777778
vt 0.250000 0.833333
vt 0.250000 0.888889
vt 0.250000 0.944444
vt 0.250000 1.000000
vt 0.250000 0.000000
vt 0.250000 0.055556
vt 0.250000 0.111111
vt 0.250000 0.166667
vt 0.250000 0.222222
vt 0.250000 0.277778
vt 0.250000 0.333333
vt 0.250000 0.388889
vt 0.250000 0.444444
vt 0.270833 0.500000
vt 0.270833 0.555556
vt 0.270833 0.611111
vt 0.270833 0.666667
vt 0.270833 0.722222
vt 0.270833 0.777778
vt 0.270833 0.833333
vt 0.270833 0.888889
vt 0.270833 0.944444
vt 0.270833 1.000000
vt 0.270833 0.000000
vt 0.270833 0.055556
vt 0.270833 0.111111
vt 0.270833 0.166667
vt 0.270833 0.222222
vt 0.270833 0.277778
vt 0.270833 0.333333
vt 0.270833 0.388889
vt 0.270833 0.444444
vt 0.291667 0.500000
vt 0.291667 0.555556
vt 0.291667 0.611111
vt 0.291667 0.666667
vt 0.291667 0.722222
vt 0.291667 0.777778
vt 0.291667 0.833333
vt 0.291667 0.888889
vt 0.291667 0.944444
vt 0.291667 1.000000
vt 0.291667 0.000000
vt 0.291667 0.055556
vt 0.291667 0.111111
vt 0.291667 0.166667
vt 0.291667 0.222222
vt 0.291667 0.277778
vt 0.291667 0.333333
vt 0.291667 0.388889
vt 0.291667 0.444444
vt 0.312500 0.500000
vt 0.312500 0.555556
vt 0.312500 0.611111
vt 0.312500 0.666667
vt 0.312500 0.722222
vt 0.312500 0.777778
vt 0.312500 0.833333
vt 0.312500 0.888889
vt 0.312500 0.944444
vt 0.312500 1.000000
vt 0.312500 0.000000
vt 0.312500 0.055556
vt 0.312500 0.111111
vt 0.312500 0.166667
vt 0.312500 0.222222
vt 0.312500 0.277778
vt 0.312500 0.333333
vt 0.312500 0.388889
vt 0.312500 0.444444
vt 0.333333 0.500000
vt 0.333333 0.555556
vt 0.333333 0.611111
vt 0.333333 0.666667
vt 0.333333 0.722222
vt 0.333333 0.777778
vt 0.333333 0.833333
vt 0.333333 0.888889
vt 0.333333 0.944444
vt 0.333333 1.000000
vt 0.333333 0.000000
vt 0.333333 0.055556
vt 0.333333 0.111111
vt 0.333333 0.166667
vt 0.333333 0.222222
vt 0.333333 0.277778
vt 0.333333 0.333333
vt 0.333333 0.388889
vt 0.333333 0.444444
vt 0.354167 0.500000
vt 0.354167 0.555556
vt 0.354167 0.611111
vt 0.354167 0.666667
vt 0.354167 0.722222
vt 0.354167 0.777778
vt 0.354167 0.833333
vt 0.354167 0.888889
vt 0.354167 0.944444
vt 0.354167 1.000000
vt 0.354167 0.000000
vt 0.354167 0.055556
vt 0.354167 0.111111
vt 0.354167 0.166667
vt 0.354167 0.222222
vt 0.354167 0.277778
vt 0.354167 0.333333
vt 0.354167 0.388889
vt 0.354167 0.444444
vt 0.375000 0.500000
vt 0.375000 0.555556
vt 0.375000 0.611111
vt 0.375000 0.666667
vt 0.375000 0.722222
vt 0.375000 0.777778
vt 0.375000 0.833333
vt 0.375000 0.888889
vt 0.375000 0.944444
vt 0.375000 1.000000
vt 0.375000 0.000000
vt 0.375000 0.055556
vt 0.375000 0.111111
vt 0.375000 0.166667
vt 0.375000 0.222222
vt 0.375000 0.277778
vt 0.375000 0.333333
vt 0.375000 0.388889
vt 0.375000 0.444444
vt 0.395833 0.500000
vt 0.395833 0.555556
vt 0.395833 0.611111
vt 0.395833 0.666667
vt 0.395833 0.722222
vt 0.395833 0.777778
vt 0.395833 0.833333
vt 0.395833 0.888889
vt 0.395833 0.944444
vt 0.395833 1.000000
vt 0.395833 0.000000
vt 0.395833 0.055556
vt 0.395833 0.111111
vt 0.395833 0.166667
vt 0.395833 0.222222
vt 0.395833 0.277778
vt 0.395833 0.333333
vt 0.395833 0.388889
vt 0.395833 0.444444
vt 0.416667 0.500000
vt 0.416667 0.555556
vt 0.416667 0.611111
vt 0.416667 0.666667
vt 0.416667 0.722222
vt 0.416667 0.777778
vt 0.416667 0.833333
vt 0.416667 0.888889
vt 0.416667 0.944444
vt 0.416667 1.000000
vt 0.416667 0.000000
vt 0.416667 0.055556
vt 0.416667 0.111111
vt 0.416667 0.166667
vt 0.416667 0.222222
vt 0.416667 0.277778
vt 0.416667 0.333333
vt 0.416667 0.388889
vt 0.416667 0.444444
vt 0.437500 0.500000
vt 0.437500 0.555556
vt 0.437500 0.611111
vt 0.437500 0.666667
vt 0.437500 0.722222
vt 0.437500 0.777778
vt 0.437500 0.833333
vt 0.437500 0.888889
vt 0.437500 0.944444
vt 0.437500 1.000000
vt 0.437500 0.000000
vt 0.437500 0.055556
vt 0.437500 0.111111
vt 0.437500 0.166667
vt 0.437500 0.222222
vt 0.437500 0.277778
vt 0.437500 0.333333
vt 0.437500 0.388889
vt 0.437500 0.444444
vt 0.458333 0.500000
vt 0.458333 0.555556
vt 0.458333 0.611111
vt 0.458333 0.666667
vt 0.458333 0.722222
vt 0.458333 0.777778
vt 0.458333 0.833333
vt 0.458333 0.888889
vt 0.458333 0.944444
vt 0.458333 1.000000
vt 0.458333 0.000000
vt 0.458333 0.055556
vt 0.458333 0.111111
vt 0.458333 0.166667
vt 0.458333 0.222222
vt 0.458333 0.277778
vt 0.458333 0.333333
vt 0.458333 0.388889
vt 0.458333 0.444444
vt 0.479167 0.500000
vt 0.479167 0.555556
vt 0.479167 0.611111
vt 0.479167 0.666667
vt 0.479167 0.722222
vt 0.479167 0.777778
vt 0.479167 0.833333
vt 0.479167 0.888889
vt 0.479167 0.944444
vt 0.479167 1.000000
vt 0.479167 0.000000
vt 0.479167 0.055556
vt 0.479167 0.111111
vt 0.479167 0.166667
vt 0.479167 0.222222
vt 0.479167 0.277778
vt 0.479167 0.333333
vt 0.479167 0.388889
vt 0.479167 0.444444
vt 0.729167 0.500000
vt 0.729167 0.555556
vt 0.729167 0.611111
vt 0.729167 0.666667
vt 0.729167 0.722222
vt 0.729167 0.777778
vt 0.729167 0.833333
vt 0.729167 0.888889
vt 0.729167 0.944444
vt 0.729167 1.000000
vt 0.729167 0.000000
vt 0.729167 0.055556
vt 0.729167 0.111111
vt 0.729167 0.166667
vt 0.729167 0.222222
vt 0.729167 0.277778
vt 0.729167 0.333333
vt 0.729167 0.388889
vt 0.729167 0.444444
vt 0.750000 0.500000
vt 0.750000 0.555556
vt 0.750000 0.611111
vt 0.750000 0.666667
vt 0.750000 0.722222
vt 0.750000 0.777778
vt 0.750000 0.833333
vt 0.750000 0.888889
vt 0.750000 0.944444
vt 0.750000 1.000000
vt 0.750000 0.000000
vt 0.750000 0.055556
vt 0.750000 0.111111
vt 0.750000 0.166667
vt 0.750000 0.222222
vt 0.750000 0.277778
vt 0.750000 0.333333
vt 0.750000 0.388889
vt 0.750000 0.444444
vt 0.770833 0.500000
vt 0.770833 0.555556
vt 0.770833 0.611111
vt 0.770833 0.666667
vt 0.770833 0.722222
vt 0.770833 0.777778
vt 0.770833 0.833333
vt 0.770833 0.888889
vt 0.770833 0.944444
vt 0.770833 1.000000
vt 0.770833 0.000000
vt 0.770833 0.055556
vt 0.770833 0.111111
vt 0.770833 0.166667
vt 0.770833 0.222222
vt 0.770833 0.277778
vt 0.770833 0.333333
vt 0.770833 0.388889
vt 0.770833 0.444444
vt 0.791667 0.500000
vt 0.791667 0.555556
vt 0.791667 0.611111
vt 0.791667 0.666667
vt 0.791667 0.722222
vt 0.791667 0.777778
vt 0.791667 0.833333
vt 0.791667 0.888889
vt 0.791667 0.944444
vt 0.791667 1.000000
vt 0.791667 0.000000
vt 0.791667 0.055556
vt 0.791667 0.111111
vt 0.791667 0.166667
vt 0.791667 0.222222
vt 0.791667 0.277778
vt 0.791667 0.333333
vt 0.791667 0.388889
vt 0.791667 0.444444
vt 0.812500 0.500000
vt 0.812500 0.555556
vt 0.812500 0.611111
vt 0.812500 0.666667
vt 0.812500 0.722222
vt 0.812500 0.777778
vt 0.812500 0.833333
vt 0.812500 0.888889
vt 0.812500 0.944444
vt 0.812500 1.000000
vt 0.812500 0.000000
vt 0.812500 0.055556
vt 0.812500 0.111111
vt 0.812500 0.166667
vt 0.812500 0.222222
vt 0.812500 0.277778
vt 0.812500 0.333333
vt 0.812500 0.388889
vt 0.812500 0.444444
vt 0.833333 0.500000
vt 0.833333 0.555556
vt 0.833333 0.611111
vt 0.833333 0.666667
vt 0.833333 0.722222
vt 0.833333 0.777778
vt 0.833333 0.833333
vt 0.833333 0.888889
vt 0.833333 0.944444
vt 0.833333 1.000000
vt 0.833333 0.000000
vt 0.833333 0.055556
vt 0.833333 0.111111
vt 0.833333 0.166667
vt 0.833333 0.222222
vt 0.833333 0.277778
vt 0.833333 0.333333
vt 0.833333 0.388889
vt 0.833333 0.444444
vt 0.854167 0.500000
vt 0.854167 0.555556
vt 0.854167 0.611111
vt 0.854167 0.666667
vt 0.854167 0.722222
vt 0.854167 0.777778
vt 0.854167 0.833333
vt 0.854167 0.888889
vt 0.854167 0.944444
vt 0.854167 1.000000
vt 0.854167 0.000000
vt 0.854167 0.055556
vt 0.854167 0.111111
vt 0.854167 0.166667
vt 0.854167 0.222222
vt 0.854167 0.277778
vt 0.854167 0.333333
vt 0.854167 0.388889
vt 0.854167 0.444444
vt 0.875000 0.500000
vt 0.875000 0.555556
vt 0.875000 0.611111
vt 0.875000 0.666667
vt 0.875000 0.722222
vt 0.875000 0.777778
vt 0.875000 0.833333
vt 0.875000 0.888889
vt 0.875000 0.944444
vt 0.875000 1.000000
vt 0.875000 0.000000
vt 0.875000 0.055556
vt 0.875000 0.111111
vt 0.875000 0.166667
vt 0.875000 0.222222
vt 0.875000 0.277778
vt 0.875000 0.333333
vt 0.875000 0.388889
vt 0.875000 0.444444
vt 0.895833 0.500000
vt 0.895833 0.555556
vt 0.895833 0.611111
vt 0.895833 0.666667
vt 0.895833 0.722222
vt 0.895833 0.777778
vt 0.895833 0.833333
vt 0.895833 0.888889
vt 0.895833 0.944444
vt 0.895833 1.000000
vt 0.895833 0.000000
vt 0.895833 0.055556
vt 0.895833 0.111111
vt 0.895833 0.166667
vt 0.895833 0.222222
vt 0.895833 0.277778
vt 0.895833 0.333333
vt 0.895833 0.388889
vt 0.895833 0.444444
vt 0.916667 0.500000
vt 0.916667 0.555556
vt 0.916667 0.611111
vt 0.916667 0.666667
vt 0.916667 0.722222
vt 0.916667 0.777778
vt 0.916667 0.833333
vt 0.916667 0.888889
vt 0.916667 0.944444
vt 0.916667 1.000000
vt 0.916667 0.000000
vt 0.916667 0.055556
vt 0.916667 0.111111
vt 0.916667 0.166667
vt 0.916667 0.222222
vt 0.916667 0.277778
vt 0.916667 0.333333
vt 0.916667 0.388889
vt 0.916667 0.444444
vt 0.937500 0.500000
vt 0.937500 0.555556
vt 0.937500 0.611111
vt 0.937500 0.666667
vt 0.937500 0.722222
vt 0.937500 0.777778
vt 0.937500 0.833333
vt 0.937500 0.888889
vt 0.937500 0.944444
vt 0.937500 1.000000
vt 0.937500 0.000000
vt 0.937500 0.055556
vt 0.937500 0.111111
vt 0.937500 0.166667
vt 0.937500 0.222222
vt 0.937500 0.277778
vt 0.937500 0.333333
vt 0.937500 0.388889
vt 0.937500 0.444444
vt 0.958333 0.500000
vt 0.958333 0.555556
vt 0.958333 0.611111
vt 0.958333 0.666667
vt 0.958333 0.722222
vt 0.958333 0.777778
vt 0.958333 0.833333
vt 0.958333 0.888889
vt 0.958333 0.944444
vt 0.958333 1.000000
vt 0.958333 0.000000
vt 0.958333 0.055556
vt 0.958333 0.111111
vt 0.958333 0.166667
vt 0.958333 0.222222
vt 0.958333 0.277778
vt 0.958333 0.333333
vt 0.958333 0.388889
vt 0.958333 0.444444
vt 0.979167 0.500000
vt 0.979167 0.555556
vt 0.979167 0.611111
vt 0.979167 0.666667
vt 0.979167 0.722222
vt 0.979167 0.777778
vt 0.979167 0.833333
vt 0.979167 0.888889
vt 0.979167 0.944444
vt 0.979167 1.000000
vt 0.979167 0.000000
vt 0.979167 0.055556
vt 0.979167 0.111111
vt 0.979167 0.166667
vt 0.979167 0.222222
vt 0.979167 0.277778
vt 0.979167 0.333333
vt 0.979167 0.388889
vt 0.979167 0.444444
vt 1.000000 0.500000
vt 0.000000 0.500000
vt 1.000000 0.555556
vt 0.000000 0.555556
vt 1.000000 0.611111
vt 0.000000 0.611111
vt 1.000000 0.666667
vt 0.000000 0.666667
vt 1.000000 0.722222
vt 0.000000 0.722222
vt 1.000000 0.777778
vt 0.000000 0.777778
vt 1.000000 0.833333
vt 0.000000 0.833333
vt 1.000000 0.888889
vt 0.000000 0.888889
vt 1.000000 0.944444
vt 0.000000 0.944444
vt 1.000000 1.000000
vt 1.000000 0.000000
vt 0.000000 1.000000
vt 0.000000 0.000000
vt 1.000000 0.055556
vt 0.000000 0.055556
vt 1.000000 0.111111
vt 0.000000 0.111111
vt 1.000000 0.166667
vt 0.000000 0.166667
vt 1.000000 0.222222
vt 0.000000 0.222222
vt 1.000000 0.277778
vt 0.000000 0.277778
vt 1.000000 0.333333
vt 0.000000 0.333333
vt 1.000000 0.388889
vt 0.000000 0.388889
vt 1.000000 0.444444
vt 0.000000 0.444444
vt 0.020833 0.500000
vt 0.020833 0.555556
vt 0.020833 0.611111
vt 0.020833 0.666667
vt 0.020833 0.722222
vt 0.020833 0.777778
vt 0.020833 0.833333
vt 0.020833 0.888889
vt 0.020833 0.944444
vt 0.020833 1.000000
vt 0.020833 0.000000
vt 0.020833 0.055556
vt 0.020833 0.111111
vt 0.020833 0.166667
vt 0.020833 0.222222
vt 0.020833 0.277778
vt 0.020833 0.333333
vt 0.020833 0.388889
vt 0.020833 0.444444
vt 0.041667 0.500000
vt 0.041667 0.555556
vt 0.041667 0.611111
vt 0.041667 0.666667
vt 0.041667 0.722222
vt 0.041667 0.777778
vt 0.041667 0.833333
vt 0.041667 0.888889
vt 0.041667 0.944444
vt 0.041667 1.000000
vt 0.041667 0.000000
vt 0.041667 0.055556
vt 0.041667 0.111111
vt 0.041667 0.166667
vt 0.041667 0.222222
vt 0.041667 0.277778
vt 0.041667 0.333333
vt 0.041667 0.388889
vt 0.041667 0.444444
vt 0.062500 0.500000
vt 0.062500 0.555556
vt 0.062500 0.611111
vt 0.062500 0.666667
vt 0.062500 0.722222
vt 0.062500 0.777778
vt 0.062500 0.833333
vt 0.062500 0.888889
vt 0.062500 0.944444
vt 0.062500 1.000000
vt 0.062500 0.000000
vt 0.062500 0.055556
vt 0.062500 0.111111
vt 0.062500 0.166667
vt 0.062500 0.222222
vt 0.062500 0.277778
vt 0.062500 0.333333
vt 0.062500 0.388889
vt 0.062500 0.444444
vt 0.083333 0.500000
vt 0.083333 0.555556
vt 0.083333 0.611111
vt 0.083333 0.666667
vt 0.083333 0.722222
vt 0.083333 0.777778
vt 0.083333 0.833333
vt 0.083333 0.888889
vt 0.083333 0.944444
vt 0.083333 1.000000
vt 0.083333 0.000000
vt 0.083333 0.055556
vt 0.083333 0.111111
vt 0.083333 0.166667
vt 0.083333 0.222222
vt 0.083333 0.277778
vt 0.083333 0.333333
vt 0.083333 0.388889
vt 0.083333 0.444444
vt 0.104167 0.500000
vt 0.104167 0.555556
vt 0.104167 0.611111
vt 0.104167 0.666667
vt 0.104167 0.722222
vt 0.104167 0.777778
vt 0.104167 0.833333
vt 0.104167 0.888889
vt 0.104167 0.944444
vt 0.104167 1.000000
vt 0.104167 0.000000
vt 0.104167 0.055556
vt 0.104167 0.111111
vt 0.104167 0.166667
vt 0.104167 0.222222
vt 0.104167 0.277778
vt 0.104167 0.333333
vt 0.104167 0.388889
vt 0.104167 0.444444
vt 0.125000 0.500000
vt 0.125000 0.555556
vt 0.125000 0.611111
vt 0.125000 0.666667
vt 0.125000 0.722222
vt 0.125000 0.777778
vt 0.125000 0.833333
vt 0.125000 0.888889
vt 0.125000 0.944444
vt 0.125000 1.000000
vt 0.125000 0.000000
vt 0.125000 0.055556
vt 0.125000 0.111111
vt 0.125000 0.166667
vt 0.125000 0.222222
vt 0.125000 0.277778
vt 0.125000 0.333333
vt 0.125000 0.388889
vt 0.125000 0.444444
vt 0.145833 0.500000
vt 0.145833 0.555556
vt 0.145833 0.611111
vt 0.145833 0.666667
vt 0.145833 0.722222
vt 0.145833 0.777778
vt 0.145833 0.833333
vt 0.145833 0.888889
vt 0.145833 0.944444
vt 0.145833 1.000000
vt 0.145833 0.000000
vt 0.145833 0.055556
vt 0.145833 0.111111
vt 0.145833 0.166667
vt 0.145833 0.222222
vt 0.145833 0.277778
vt 0.145833 0.333333
vt 0.145833 0.388889
vt 0.145833 0.444444
vt 0.166667 0.500000
vt 0.166667 0.555556
vt 0.166667 0.611111
vt 0.166667 0.666667
vt 0.166667 0.722222
vt 0.166667 0.777778
vt 0.166667 0.833333
vt 0.166667 0.888889
vt 0.166667 0.944444
vt 0.166667 1.000000
vt 0.166667 0.000000
vt 0.166667 0.055556
vt 0.166667 0.111111
vt 0.166667 0.166667
vt 0.166667 0.222222
vt 0.166667 0.277778
vt 0.166667 0.333333
vt 0.166667 0.388889
vt 0.166667 0.444444
vt 0.187500 0.500000
vt 0.187500 0.555556
vt 0.187500 0.611111
vt 0.187500 0.666667
vt 0.187500 0.722222
vt 0.187500 0.777778
vt 0.187500 0.833333
vt 0.187500 0.888889
vt 0.187500 0.944444
vt 0.187500 1.000000
vt 0.187500 0.000000
vt 0.187500 0.055556
vt 0.187500 0.111111
vt 0.187500 0.166667
vt 0.187500 0.222222
vt 0.187500 0.277778
vt 0.187500 0.333333
vt 0.187500 0.388889
vt 0.187500 0.444444
vt 0.208333 0.500000
vt 0.208333 0.555556
vt 0.208333 0.611111
vt 0.208333 0.666667
vt 0.208333 0.722222
vt 0.208333 0.777778
vt 0.208333 0.833333
vt 0.208333 0.888889
vt 0.208333 0.944444
vt 0.208333 1.000000
vt 0.208333 0.000000
vt 0.208333 0.055556
vt 0.208333 0.111111
vt 0.208333 0.166667
vt 0.208333 0.222222
vt 0.208333 0.277778
vt 0.208333 0.333333
vt 0.208333 0.388889
vt 0.208333 0.444444
vt 0.229167 0.500000
vt 0.229167 0.555556
vt 0.229167 0.611111
vt 0.229167 0.666667
vt 0.229167 0.722222
vt 0.229167 0.777778
vt 0.229167 0.833333
vt 0.229167 0.888889
vt 0.229167 0.944444
vt 0.229167 1.000000
vt 0.229167 0.000000
vt 0.229167 0.055556
vt 0.229167 0.111111
vt 0.229167 0.166667
vt 0.229167 0.222222
vt 0.229167 0.277778
vt 0.229167 0.333333
vt 0.229167 0.388889
vt 0.229167 0.444444
vt 0.500000 0.500000
vt 0.500000 0.555556
vt 0.500000 0.611111
vt 0.500000 0.666667
vt 0.500000 0.722222
vt 0.500000 0.777778
vt 0.500000 0.833333
vt 0.500000 0.888889
vt 0.500000 0.944444
vt 0.500000 1.000000
vt 0.500000 0.000000
vt 0.500000 0.055556
vt 0.500000 0.111111
vt 0.500000 0.166667
vt 0.500000 0.222222
vt 0.500000 0.277778
vt 0.500000 0.333333
vt 0.500000 0.388889
vt 0.500000 0.444444
vt 0.520833 0.500000
vt 0.520833 0.555556
vt 0.520833 0.611111
vt 0.520833 0.666667
vt 0.520833 0.722222
vt 0.520833 0.777778
vt 0.520833 0.833333
vt 0.520833 0.888889
vt 0.520833 0.944444
vt 0.520833 1.000000
vt 0.520833 0.000000
vt 0.520833 0.055556
vt 0.520833 0.111111
vt 0.520833 0.166667
vt 0.520833 0.222222
vt 0.520833 0.277778
vt 0.520833 0.333333
vt 0.520833 0.388889
vt 0.520833 0.444444
vt 0.541667 0.500000
vt 0.541667 0.555556
vt 0.541667 0.611111
vt 0.541667 0.666667
vt 0.541667 0.722222
vt 0.541667 0.777778
vt 0.541667 0.833333
vt 0.541667 0.888889
vt 0.541667 0.944444
vt 0.541667 1.000000
vt 0.541667 0.000000
vt 0.541667 0.055556
vt 0.541667 0.111111
vt 0.541667 0.166667
vt 0.541667 0.222222
vt 0.541667 0.277778
vt 0.541667 0.333333
vt 0.541667 0.388889
vt 0.541667 0.444444
vt 0.562500 0.500000
vt 0.562500 0.555556
vt 0.562500 0.611111
vt 0.562500 0.666667
vt 0.562500 0.722222
vt 0.562500 0.777778
vt 0.562500 0.833333
vt 0.562500 0.888889
vt 0.562500 0.944444
vt 0.562500 1.000000
vt 0.562500 0.000000
vt 0.562500 0.055556
vt 0.562500 0.111111
vt 0.562500 0.166667
vt 0.562500 0.222222
vt 0.562500 0.277778
vt 0.562500 0.333333
vt 0.562500 0.388889
vt 0.562500 0.444444
vt 0.583333 0.500000
vt 0.583333 0.555556
vt 0.583333 0.611111
vt 0.583333 0.666667
vt 0.583333 0.722222
vt 0.583333 0.777778
vt 0.583333 0.833333
vt 0.583333 0.888889
vt 0.583333 0.944444
vt 0.583333 1.000000
vt 0.583333 0.000000
vt 0.583333 0.055556
vt 0.583333 0.111111
vt 0.583333 0.166667
vt 0.583333 0.222222
vt 0.583333 0.277778
vt 0.583333 0.333333
vt 0.583333 0.388889
vt 0.583333 0.444444
vt 0.604167 0.500000
vt 0.604167 0.555556
vt 0.604167 0.611111
vt 0.604167 0.666667
vt 0.604167 0.722222
vt 0.604167 0.777778
vt 0.604167 0.833333
vt 0.604167 0.888889
vt 0.604167 0.944444
vt 0.604167 1.000000
vt 0.604167 0.000000
vt 0.604167 0.055556
vt 0.604167 0.111111
vt 0.604167 0.166667
vt 0.604167 0.222222
vt 0.604167 0.277778
vt 0.604167 0.333333
vt 0.604167 0.388889
vt 0.604167 0.444444
vt 0.625000 0.500000
vt 0.625000 0.555556
vt 0.625000 0.611111
vt 0.625000 0.666667
vt 0.625000 0.722222
vt 0.625000 0.777778
vt 0.625000 0.833333
vt 0.625000 0.888889
vt 0.625000 0.944444
vt 0.625000 1.000000
vt 0.625000 0.000000
vt 0.625000 0.055556
vt 0.625000 0.111111
vt 0.625000 0.166667
vt 0.625000 0.222222
vt 0.625000 0.277778
vt 0.625000 0.333333
vt 0.625000 0.388889
vt 0.625000 0.444444
vt 0.645833 0.500000
vt 0.645833 0.555556
vt 0.645833 0.611111
vt 0.645833 0.666667
vt 0.645833 0.722222
vt 0.645833 0.777778
vt 0.645833 0.833333
vt 0.645833 0.888889
vt 0.645833 0.944444
vt 0.645833 1.000000
vt 0.645833 0.000000
vt 0.645833 0.055556
vt 0.645833 0.111111
vt 0.645833 0.166667
vt 0.645833 0.222222
vt 0.645833 0.277778
vt 0.645833 0.333333
vt 0.645833 0.388889
vt 0.645833 0.444444
vt 0.666667 0.500000
vt 0.666667 0.555556
vt 0.666667 0.611111
vt 0.666667 0.666667
vt 0.666667 0.722222
vt 0.666667 0.777778
vt 0.666667 0.833333
vt 0.666667 0.888889
vt 0.666667 0.944444
vt 0.666667 1.000000
vt 0.666667 0.000000
vt 0.666667 0.055556
vt 0.666667 0.111111
vt 0.666667 0.166667
vt 0.666667 0.222222
vt 0.666667 0.277778
vt 0.666667 0.333333
vt 0.666667 0.388889
vt 0.666667 0.444444
vt 0.687500 0.500000
vt 0.687500 0.555556
vt 0.687500 0.611111
vt 0.687500 0.666667
vt 0.687500 0.722222
vt 0.687500 0.777778
vt 0.687500 0.833333
vt 0.687500 0.888889
vt 0.687500 0.944444
vt 0.687500 1.000000
vt 0.687500 0.000000
vt 0.687500 0.055556
vt 0.687500 0.111111
vt 0.687500 0.166667
vt 0.687500 0.222222
vt 0.687500 0.277778
vt 0.687500 0.333333
vt 0.687500 0.388889
vt 0.687500 0.444444
vt 0.708333 0.500000
vt 0.708333 0.555556
vt 0.708333 0.611111
vt 0.708333 0.666667
vt 0.708333 0.722222
vt 0.708333 0.777778
vt 0.708333 0.833333
vt 0.708333 0.888889
vt 0.708333 0.944444
vt 0.708333 1.000000
vt 0.708333 0.000000
vt 0.708333 0.055556
vt 0.708333 0.111111
vt 0.708333 0.166667
vt 0.708333 0.222222
vt 0.708333 0.277778
vt 0.708333 0.333333
vt 0.708333 0.388889
vt 0.708333 0.444444
vt 0.729167 0.500000
vt 0.729167 0.555556
vt 0.729167 0.611111
vt 0.729167 0.666667
vt 0.729167 0.722222
vt 0.729167 0.777778
vt 0.729167 0.833333
vt 0.729167 0.888889
vt 0.729167 0.944444
vt 0.729167 1.000000
vt 0.729167 0.000000
vt 0.729167 0.055556
vt 0.729167 0.111111
vt 0.729167 0.166667
vt 0.729167 0.222222
vt 0.729167 0.277778
vt 0.729167 0.333333
vt 0.729167 0.388889
vt 0.729167 0.444444
vt 0.270833 0.500000
vt 0.270833 0.555556
vt 0.270833 0.611111
vt 0.270833 0.666667
vt 0.270833 0.722222
vt 0.270833 0.777778
vt 0.270833 0.833333
vt 0.270833 0.888889
vt 0.270833 0.944444
vt 0.270833 1.000000
vt 0.270833 0.000000
vt 0.270833 0.055556
vt 0.270833 0.111111
vt 0.270833 0.166667
vt 0.270833 0.222222
vt 0.270833 0.277778
vt 0.270833 0.333333
vt 0.270833 0.388889
vt 0.270833 0.444444
vt 0.291667 0.500000
vt 0.291667 0.555556
vt 0.291667 0.611111
vt 0.291667 0.666667
vt 0.291667 0.722222
vt 0.291667 0.777778
vt 0.291667 0.833333
vt 0.291667 0.888889
vt 0.291667 0.944444
vt 0.291667 1.000000
vt 0.291667 0.000000
vt 0.291667 0.055556
vt 0.291667 0.111111
vt 0.291667 0.166667
vt 0.291667 0.222222
vt 0.291667 0.277778
vt 0.291667 0.333333
vt 0.291667 0.388889
vt 0.291667 0.444444
vt 0.312500 0.500000
vt 0.312500 0.555556
vt 0.312500 0.611111
vt 0.312500 0.666667
vt 0.312500 0.722222
vt 0.312500 0.777778
vt 0.312500 0.833333
vt 0.312500 0.888889
vt 0.312500 0.944444
vt 0.312500 1.000000
vt 0.312500 0.000000
vt 0.312500 0.055556
vt 0.312500 0.111111
vt 0.312500 0.166667
vt 0.312500 0.222222
vt 0.312500 0.277778
vt 0.312500 0.333333
vt 0.312500 0.388889
vt 0.312500 0.444444
vt 0.333333 0.500000
vt 0.333333 0.555556
vt 0.333333 0.611111
vt 0.333333 0.666667
vt 0.333333 0.722222
vt 0.333333 0.777778
vt 0.333333 0.833333
vt 0.333333 0.888889
vt 0.333333 0.944444
vt 0.333333 1.000000
vt 0.333333 0.000000
vt 0.333333 0.055556
vt 0.333333 0.111111
vt 0.333333 0.166667
vt 0.333333 0.222222
vt 0.333333 0.277778
vt 0.333333 0.333333
vt 0.333333 0.388889
vt 0.333333 0.444444
vt 0.354167 0.500000
vt 0.354167 0.555556
vt 0.354167 0.611111
vt 0.354167 0.666667
vt 0.354167 0.722222
vt 0.354167 0.777778
vt 0.354167 0.833333
vt 0.354167 0.888889
vt 0.354167 0.944444
vt 0.354167 1.000000
vt 0.354167 0.000000
vt 0.354167 0.055556
vt 0.354167 0.111111
vt 0.354167 0.166667
vt 0.354167 0.222222
vt 0.354167 0.277778
vt 0.354167 0.333333
vt 0.354167 0.388889
vt 0.354167 0.444444
vt 0.375000 0.500000
vt 0.375000 0.555556
vt 0.375000 0.611111
vt 0.375000 0.666667
vt 0.375000 0.722222
vt 0.375000 0.777778
vt 0.375000 0.833333
vt 0.375000 0.888889
vt 0.375000 0.944444
vt 0.375000 1.000000
vt 0.375000 0.000000
vt 0.375000 0.055556
vt 0.375000 0.111111
vt 0.375000 0.166667
vt 0.375000 0.222222
vt 0.375000 0.277778
vt 0.375000 0.333333
vt 0.375000 0.388889
vt 0.375000 0.444444
vt 0.395833 0.500000
vt 0.395833 0.555556
vt 0.395833 0.611111
vt 0.395833 0.666667
vt 0.395833 0.722222
vt 0.395833 0.777778
vt 0.395833 0.833333
vt 0.395833 0.888889
vt 0.395833 0.944444
vt 0.395833 1.000000
vt 0.395833 0.000000
vt 0.395833 0.055556
vt 0.395833 0.111111
vt 0.395833 0.166667
vt 0.395833 0.222222
vt 0.395833 0.277778
vt 0.395833 0.333333
vt 0.395833 0.388889
vt 0.395833 0.444444
vt 0.416667 0.500000
vt 0.416667 0.555556
vt 0.416667 0.611111
vt 0.416667 0.666667
vt 0.416667 0.722222
vt 0.416667 0.777778
vt 0.416667 0.833333
vt 0.416667 0.888889
vt 0.416667 0.944444
vt 0.416667 1.000000
vt 0.416667 0.000000
vt 0.416667 0.055556
vt 0.416667 0.111111
vt 0.416667 0.166667
vt 0.416667 0.222222
vt 0.416667 0.277778
vt 0.416667 0.333333
vt 0.416667 0.388889
vt 0.416667 0.444444
vt 0.437500 0.500000
vt 0.437500 0.555556
vt 0.437500 0.611111
vt 0.437500 0.666667
vt 0.437500 0.722222
vt 0.437500 0.777778
vt 0.437500 0.833333
vt 0.437500 0.888889
vt 0.437500 0.944444
vt 0.437500 1.000000
vt 0.437500 0.000000
vt 0.437500 0.055556
vt 0.437500 0.111111
vt 0.437500 0.166667
vt 0.437500 0.222222
vt 0.437500 0.277778
vt 0.437500 0.333333
vt 0.437500 0.388889
vt 0.437500 0.444444
vt 0.458333 0.500000
vt 0.458333 0.555556
vt 0.458333 0.611111
vt 0.458333 0.666667
vt 0.458333 0.722222
vt 0.458333 0.777778
vt 0.458333 0.833333
vt 0.458333 0.888889
vt 0.458333 0.944444
vt 0.458333 1.000000
vt 0.458333 0.000000
vt 0.458333 0.055556
vt 0.458333 0.111111
vt 0.458333 0.166667
vt 0.458333 0.222222
vt 0.458333 0.277778
vt 0.458333 0.333333
vt 0.458333 0.388889
vt 0.458333 0.444444
vt 0.479167 0.500000
vt 0.479167 0.555556
vt 0.479167 0.611111
vt 0.479167 0.666667
vt 0.479167 0.722222
vt 0.479167 0.777778
vt 0.479167 0.833333
vt 0.479167 0.888889
vt 0.479167 0.944444
vt 0.479167 1.000000
vt 0.479167 0.000000
vt 0.479167 0.055556
vt 0.479167 0.111111
vt 0.479167 0.166667
vt 0.479167 0.222222
vt 0.479167 0.277778
vt 0.479167 0.333333
vt 0.479167 0.388889
vt 0.479167 0.444444
vt 0.729167 0.500000
vt 0.729167 0.555556
vt 0.729167 0.611111
vt 0.729167 0.666667
vt 0.729167 0.722222
vt 0.729167 0.777778
vt 0.729167 0.833333
vt 0.729167 0.888889
vt 0.729167 0.944444
vt 0.729167 1.000000
vt 0.729167 0.000000
vt 0.729167 0.055556
vt 0.729167 0.111111
vt 0.729167 0.166667
vt 0.729167 0.222222
vt 0.729167 0.277778
vt 0.729167 0.333333
vt 0.729167 0.388889
vt 0.729167 0.444444
vt 0.750000 0.500000
vt 0.750000 0.555556
vt 0.750000 0.611111
vt 0.750000 0.666667
vt 0.750000 0.722222
vt 0.750000 0.777778
vt 0.750000 0.833333
vt 0.750000 0.888889
vt 0.750000 0.944444
vt 0.750000 1.000000
vt 0.750000 0.000000
vt 0.750000 0.055556
vt 0.750000 0.111111
vt 0.750000 0.166667
vt 0.750000 0.222222
vt 0.750000 0.277778
vt 0.750000 0.333333
vt 0.750000 0.388889
vt 0.750000 0.444444
vt 0.770833 0.500000
vt 0.770833 0.555556
vt 0.770833 0.611111
vt 0.770833 0.666667
vt 0.770833 0.722222
vt 0.770833 0.777778
vt 0.770833 0.833333
vt 0.770833 0.888889
vt 0.770833 0.944444
vt 0.770833 1.000000
vt 0.770833 0.000000
vt 0.770833 0.055556
vt 0.770833 0.111111
vt 0.770833 0.166667
vt 0.770833 0.222222
vt 0.770833 0.277778
vt 0.770833 0.333333
vt 0.770833 0.388889
vt 0.770833 0.444444
vt 0.791667 0.500000
vt 0.791667 0.555556
vt 0.791667 0.611111
vt 0.791667 0.666667
vt 0.791667 0.722222
vt 0.791667 0.777778
vt 0.791667 0.833333
vt 0.791667 0.888889
vt 0.791667 0.944444
vt 0.791667 1.000000
vt 0.791667 0.000000
vt 0.791667 0.055556
vt 0.791667 0.111111
vt 0.791667 0.166667
vt 0.791667 0.222222
vt 0.791667 0.277778
vt 0.791667 0.333333
vt 0.791667 0.388889
vt 0.791667 0.444444
vt 0.812500 0.500000
vt 0.812500 0.555556
vt 0.812500 0.611111
vt 0.812500 0.666667
vt 0.812500 0.722222
vt 0.812500 0.777778
vt 0.812500 0.833333
vt 0.812500 0.888889
vt 0.812500 0.944444
vt 0.812500 1.000000
vt 0.812500 0.000000
vt 0.812500 0.055556
vt 0.812500 0.111111
vt 0.812500 0.166667
vt 0.812500 0.222222
vt 0.812500 0.277778
vt 0.812500 0.333333
vt 0.812500 0.388889
vt 0.812500 0.444444
vt 0.833333 0.500000
vt 0.833333 0.555556
vt 0.833333 0.611111
vt 0.833333 0.666667
vt 0.833333 0.722222
vt 0.833333 0.777778
vt 0.833333 0.833333
vt 0.833333 0.888889
vt 0.833333 0.944444
vt 0.833333 1.000000
vt 0.833333 0.000000
vt 0.833333 0.055556
vt 0.833333 0.111111
vt 0.833333 0.166667
vt 0.833333 0.222222
vt 0.833333 0.277778
vt 0.833333 0.333333
vt 0.833333 0.388889
vt 0.833333 0.444444
vt 0.854167 0.500000
vt 0.854167 0.555556
vt 0.854167 0.611111
vt 0.854167 0.666667
vt 0.854167 0.722222
vt 0.854167 0.777778
vt 0.854167 0.833333
vt 0.854167 0.888889
vt 0.854167 0.944444
vt 0.854167 1.000000
vt 0.854167 0.000000
vt 0.854167 0.055556
vt 0.854167 0.111111
vt 0.854167 0.166667
vt 0.854167 0.222222
vt 0.854167 0.277778
vt 0.854167 0.333333
vt 0.854167 0.388889
vt 0.854167 0.444444
vt 0.875000 0.500000
vt 0.875000 0.555556
vt 0.875000 0.611111
vt 0.875000 0.666667
vt 0.875000 0.722222
vt 0.875000 0.777778
vt 0.875000 0.833333
vt 0.875000 0.888889
vt 0.875000 0.944444
vt 0.875000 1.000000
vt 0.875000 0.000000
vt 0.875000 0.055556
vt 0.875000 0.111111
vt 0.875000 0.166667
vt 0.875000 0.222222
vt 0.875000 0.277778
vt 0.875000 0.333333
vt 0.875000 0.388889
vt 0.875000 0.444444
vt 0.895833 0.500000
vt 0.895833 0.555556
vt 0.895833 0.611111
vt 0.895833 0.666667
vt 0.895833 0.722222
vt 0.895833 0.777778
vt 0.895833 0.833333
vt 0.895833 0.888889
vt 0.895833 0.944444
vt 0.895833 1.000000
vt 0.895833 0.000000
vt 0.895833 0.055556
vt 0.895833 0.111111
vt 0.895833 0.166667
vt 0.895833 0.222222
vt 0.895833 0.277778
vt 0.895833 0.333333
vt 0.895833 0.388889
vt 0.895833 0.444444
vt 0.916667 0.500000
vt 0.916667 0.555556
vt 0.916667 0.611111
vt 0.916667 0.666667
vt 0.916667 0.722222
vt 0.916667 0.777778
vt 0.916667 0.833333
vt 0.916667 0.888889
vt 0.916667 0.944444
vt 0.916667 1.000000
vt 0.916667 0.000000
vt 0.916667 0.055556
vt 0.916667 0.111111
vt 0.916667 0.166667
vt 0.916667 0.222222
vt 0.916667 0.277778
vt 0.916667 0.333333
vt 0.916667 0.388889
vt 0.916667 0.444444
vt 0.937500 0.500000
vt 0.937500 0.555556
vt 0.937500 0.611111
vt 0.937500 0.666667
vt 0.937500 0.722222
vt 0.937500 0.777778
vt 0.937500 0.833333
vt 0.937500 0.888889
vt 0.937500 0.944444
vt 0.937500 1.000000
vt 0.937500 0.000000
vt 0.937500 0.055556
vt 0.937500 0.111111
vt 0.937500 0.166667
vt 0.937500 0.222222
vt 0.937500 0.277778
vt 0.937500 0.333333
vt 0.937500 0.388889
vt 0.937500 0.444444
vt 0.958333 0.500000
vt 0.958333 0.555556
vt 0.958333 0.611111
vt 0.958333 0.666667
vt 0.958333 0.722222
vt 0.958333 0.777778
vt 0.958333 0.833333
vt 0.958333 0.888889
vt 0.958333 0.944444
vt 0.958333 1.000000
vt 0.958333 0.000000
vt 0.958333 0.055556
vt 0.958333 0.111111
vt 0.958333 0.166667
vt 0.958333 0.222222
vt 0.958333 0.277778
vt 0.958333 0.333333
vt 0.958333 0.388889
vt 0.958333 0.444444
vt 0.979167 0.500000
vt 0.979167 0.555556
vt 0.979167 0.611111
vt 0.979167 0.666667
vt 0.979167 0.722222
vt 0.979167 0.777778
vt 0.979167 0.833333
vt 0.979167 0.888889
vt 0.979167 0.944444
vt 0.979167 1.000000
vt 0.979167 0.000000
vt 0.979167 0.055556
vt 0.979167 0.111111
vt 0.979167 0.166667
vt 0.979167 0.222222
vt 0.979167 0.277778
vt 0.979167 0.333333
vt 0.979167 0.388889
vt 0.979167 0.444444
vt 1.000000 0.500000
vt 0.000000 0.500000
vt 1.000000 0.555556
vt 0.000000 0.555556
vt 1.000000 0.611111
vt 0.000000 0.611111
vt 1.000000 0.666667
vt 0.000000 0.666667
vt 1.000000 0.722222
vt 0.000000 0.722222
vt 1.000000 0.777778
vt 0.000000 0.777778
vt 1.000000 0.833333
vt 0.000000 0.833333
vt 1.000000 0.888889
vt 0.000000 0.888889
vt 1.000000 0.944444
vt 0.000000 0.944444
vt 1.000000 1.000000
vt 1.000000 0.000000
vt 0.000000 1.000000
vt 0.000000 0.000000
vt 1.000000 0.055556
vt 0.000000 0.055556
vt 1.000000 0.111111
vt 0.000000 0.111111
vt 1.000000 0.166667
vt 0.000000 0.166667
vt 1.000000 0.222222
vt 0.000000 0.222222
vt 1.000000 0.277778
vt 0.000000 0.277778
vt 1.000000 0.333333
vt 0.000000 0.333333
vt 1.000000 0.388889
vt 0.000000 0.388889
vt 1.000000 0.444444
vt 0.000000 0.444444
vt 0.020833 0.500000
vt 0.020833 0.555556
vt 0.020833 0.611111
vt 0.020833 0.666667
vt 0.020833 0.722222
vt 0.020833 0.777778
vt 0.020833 0.833333
vt 0.020833 0.888889
vt 0.020833 0.944444
vt 0.020833 1.000000
vt 0.020833 0.000000
vt 0.020833 0.055556
vt 0.020833 0.111111
vt 0.020833 0.166667
vt 0.020833 0.222222
vt 0.020833 0.277778
vt 0.020833 0.333333
vt 0.020833 0.388889
vt 0.020833 0.444444
vt 0.041667 0.500000
vt 0.041667 0.555556
vt 0.041667 0.611111
vt 0.041667 0.666667
vt 0.041667 0.722222
vt 0.041667 0.777778
vt 0.041667 0.833333
vt 0.041667 0.888889
vt 0.041667 0.944444
vt 0.041667 1.000000
vt 0.041667 0.000000
vt 0.041667 0.055556
vt 0.041667 0.111111
vt 0.041667 0.166667
vt 0.041667 0.222222
vt 0.041667 0.277778
vt 0.041667 0.333333
vt 0.041667 0.388889
vt 0.041667 0.444444
vt 0.062500 0.500000
vt 0.062500 0.555556
vt 0.062500 0.611111
vt 0.062500 0.666667
vt 0.062500 0.722222
vt 0.062500 0.777778
vt 0.062500 0.833333
vt 0.062500 0.888889
vt 0.062500 0.944444
vt 0.062500 1.000000
vt 0.062500 0.000000
vt 0.062500 0.055556
vt 0.062500 0.111111
vt 0.062500 0.166667
vt 0.062500 0.222222
vt 0.062500 0.277778
vt 0.062500 0.333333
vt 0.062500 0.388889
vt 0.062500 0.444444
vt 0.083333 0.500000
vt 0.083333 0.555556
vt 0.083333 0.611111
vt 0.083333 0.666667
vt 0.083333 0.722222
vt 0.083333 0.777778
vt 0.083333 0.833333
vt 0.083333 0.888889
vt 0.083333 0.944444
vt 0.083333 1.000000
vt 0.083333 0.000000
vt 0.083333 0.055556
vt 0.083333 0.111111
vt 0.083333 0.166667
vt 0.083333 0.222222
vt 0.083333 0.277778
vt 0.083333 0.333333
vt 0.083333 0.388889
vt 0.083333 0.444444
vt 0.104167 0.500000
vt 0.104167 0.555556
vt 0.104167 0.611111
vt 0.104167 0.666667
vt 0.104167 0.722222
vt 0.104167 0.777778
vt 0.104167 0.833333
vt 0.104167 0.888889
vt 0.104167 0.944444
vt 0.104167 1.000000
vt 0.104167 0.000000
vt 0.104167 0.055556
vt 0.104167 0.111111
vt 0.104167 0.166667
vt 0.104167 0.222222
vt 0.104167 0.277778
vt 0.104167 0.333333
vt 0.104167 0.388889
vt 0.104167 0.444444
vt 0.125000 0.500000
vt 0.125000 0.555556
vt 0.125000 0.611111
vt 0.125000 0.666667
vt 0.125000 0.722222
vt 0.125000 0.777778
vt 0.125000 0.833333
vt 0.125000 0.888889
vt 0.125000 0.944444
vt 0.125000 1.000000
vt 0.125000 0.000000
vt 0.125000 0.055556
vt 0.125000 0.111111
vt 0.125000 0.166667
vt 0.125000 0.222222
vt 0.125000 0.277778
vt 0.125000 0.333333
vt 0.125000 0.388889
vt 0.125000 0.444444
vt 0.145833 0.500000
vt 0.145833 0.555556
vt 0.145833 0.611111
vt 0.145833 0.666667
vt 0.145833 0.722222
vt 0.145833 0.777778
vt 0.145833 0.833333
vt 0.145833 0.888889
vt 0.145833 0.944444
vt 0.145833 1.000000
vt 0.145833 0.000000
vt 0.145833 0.055556
vt 0.145833 0.111111
vt 0.145833 0.166667
vt 0.145833 0.222222
vt 0.145833 0.277778
vt 0.145833 0.333333
vt 0.145833 0.388889
vt 0.145833 0.444444
vt 0.166667 0.500000
vt 0.166667 0.555556
vt 0.166667 0.611111
vt 0.166667 0.666667
vt 0.166667 0.722222
vt 0.166667 0.777778
vt 0.166667 0.833333
vt 0.166667 0.888889
vt 0.166667 0.944444
vt 0.166667 1.000000
vt 0.166667 0.000000
vt 0.166667 0.055556
vt 0.166667 0.111111
vt 0.166667 0.166667
vt 0.166667 0.222222
vt 0.166667 0.277778
vt 0.166667 0.333333
vt 0.166667 0.388889
vt 0.166667 0.444444
vt 0.187500 0.500000
vt 0.187500 0.555556
vt 0.187500 0.611111
vt 0.187500 0.666667
vt 0.187500 0.722222
vt 0.187500 0.777778
vt 0.187500 0.833333
vt 0.187500 0.888889
vt 0.187500 0.944444
vt 0.187500 1.000000
vt 0.187500 0.000000
vt 0.187500 0.055556
vt 0.187500 0.111111
vt 0.187500 0.166667
vt 0.187500 0.222222
vt 0.187500 0.277778
vt 0.187500 0.333333
vt 0.187500 0.388889
vt 0.187500 0.444444
vt 0.208333 0.500000
vt 0.208333 0.555556
vt 0.208333 0.611111
vt 0.208333 0.666667
vt 0.208333 0.722222
vt 0.208333 0.777778
vt 0.208333 0.833333
vt 0.208333 0.888889
vt 0.208333 0.944444
vt 0.208333 1.000000
vt 0.208333 0.000000
vt 0.208333 0.055556
vt 0.208333 0.111111
vt 0.208333 0.166667
vt 0.208333 0.222222
vt 0.208333 0.277778
vt 0.208333 0.333333
vt 0.208333 0.388889
vt 0.208333 0.444444
vt 0.229167 0.500000
vt 0.229167 0.555556
vt 0.229167 0.611111
vt 0.229167 0.666667
vt 0.229167 0.722222
vt 0.229167 0.777778
vt 0.229167 0.833333
vt 0.229167 0.888889
vt 0.229167 0.944444
vt 0.229167 1.000000
vt 0.229167 0.000000
vt 0.229167 0.055556
vt 0.229167 0.111111
vt 0.229167 0.166667
vt 0.229167 0.222222
vt 0.229167 0.277778
vt 0.229167 0.333333
vt 0.229167 0.388889
vt 0.229167 0.444444
vt 0.250000 0.500000
vt 0.250000 0.555556
vt 0.250000 0.611111
vt 0.250000 0.666667
vt 0.250000 0.722222
vt 0.250000 0.777778
vt 0.250000 0.833333
vt 0.250000 0.888889
vt 0.250000 0.944444
vt 0.250000 1.000000
vt 0.250000 0.000000
vt 0.250000 0.055556
vt 0.250000 0.111111
vt 0.250000 0.166667
vt 0.250000 0.222222
vt 0.250000 0.277778
vt 0.250000 0.333333
vt 0.250000 0.388889
vt 0.250000 0.444444
vt 0.500000 0.500000
vt 0.500000 0.555556
vt 0.500000 0.611111
vt 0.500000 0.666667
vt 0.500000 0.722222
vt 0.500000 0.777778
vt 0.500000 0.833333
vt 0.500000 0.888889
vt 0.500000 0.944444
vt 0.500000 1.000000
vt 0.500000 0.000000
vt 0.500000 0.055556
vt 0.500000 0.111111
vt 0.500000 0.166667
vt 0.500000 0.222222
vt 0.500000 0.277778
vt 0.500000 0.333333
vt 0.500000 0.388889
vt 0.500000 0.444444
vt 0.520833 0.500000
vt 0.520833 0.555556
vt 0.520833 0.611111
vt 0.520833 0.666667
vt 0.520833 0.722222
vt 0.520833 0.777778
vt 0.520833 0.833333
vt 0.520833 0.888889
vt 0.520833 0.944444
vt 0.520833 1.000000
vt 0.520833 0.000000
vt 0.520833 0.055556
vt 0.520833 0.111111
vt 0.520833 0.166667
vt 0.520833 0.222222
vt 0.520833 0.277778
vt 0.520833 0.333333
vt 0.520833 0.388889
vt 0.520833 0.444444
vt 0.541667 0.500000
vt 0.541667 0.555556
vt 0.541667 0.611111
vt 0.541667 0.666667
vt 0.541667 0.722222
vt 0.541667 0.777778
vt 0.541667 0.833333
vt 0.541667 0.888889
vt 0.541667 0.944444
vt 0.541667 1.000000
vt 0.541667 0.000000
vt 0.541667 0.055556
vt 0.541667 0.111111
vt 0.541667 0.166667
vt 0.541667 0.222222
vt 0.541667 0.277778
vt 0.541667 0.333333
vt 0.541667 0.388889
vt 0.541667 0.444444
vt 0.562500 0.500000
vt 0.562500 0.555556
vt 0.562500 0.611111
vt 0.562500 0.666667
vt 0.562500 0.722222
vt 0.562500 0.777778
vt 0.562500 0.833333
vt 0.562500 0.888889
vt 0.562500 0.944444
vt 0.562500 1.000000
vt 0.562500 0.000000
vt 0.562500 0.055556
vt 0.562500 0.111111
vt 0.562500 0.166667
vt 0.562500 0.222222
vt 0.562500 0.277778
vt 0.562500 0.333333
vt 0.562500 0.388889
vt 0.562500 0.444444
vt 0.583333 0.500000
vt 0.583333 0.555556
vt 0.583333 0.611111
vt 0.583333 0.666667
vt 0.583333 0.722222
vt 0.583333 0.777778
vt 0.583333 0.833333
vt 0.583333 0.888889
vt 0.583333 0.944444
vt 0.583333 1.000000
vt 0.583333 0.000000
vt 0.583333 0.055556
vt 0.583333 0.111111
vt 0.583333 0.166667
vt 0.583333 0.222222
vt 0.583333 0.277778
vt 0.583333 0.333333
vt 0.583333 0.388889
vt 0.583333 0.444444
vt 0.604167 0.500000
vt 0.604167 0.555556
vt 0.604167 0.611111
vt 0.604167 0.666667
vt 0.604167 0.722222
vt 0.604167 0.777778
vt 0.604167 0.833333
vt 0.604167 0.888889
vt 0.604167 0.944444
vt 0.604167 1.000000
vt 0.604167 0.000000
vt 0.604167 0.055556
vt 0.604167 0.111111
vt 0.604167 0.166667
vt 0.604167 0.222222
vt 0.604167 0.277778
vt 0.604167 0.333333
vt 0.604167 0.388889
vt 0.604167 0.444444
vt 0.625000 0.500000
vt 0.625000 0.555556
vt 0.625000 0.611111
vt 0.625000 0.666667
vt 0.625000 0.722222
vt 0.625000 0.777778
vt 0.625000 0.833333
vt 0.625000 0.888889
vt 0.625000 0.944444
vt 0.625000 1.000000
vt 0.625000 0.000000
vt 0.625000 0.055556
vt 0.625000 0.111111
vt 0.625000 0.166667
vt 0.625000 0.222222
vt 0.625000 0.277778
vt 0.625000 0.333333
vt 0.625000 0.388889
vt 0.625000 0.444444
vt 0.645833 0.500000
vt 0.645833 0.555556
vt 0.645833 0.611111
vt 0.645833 0.666667
vt 0.645833 0.722222
vt 0.645833 0.777778
vt 0.645833 0.833333
vt 0.645833 0.888889
vt 0.645833 0.944444
vt 0.645833 1.000000
vt 0.645833 0.000000
vt 0.645833 0.055556
vt 0.645833 0.111111
vt 0.645833 0.166667
vt 0.645833 0.222222
vt 0.645833 0.277778
vt 0.645833 0.333333
vt 0.645833 0.388889
vt 0.645833 0.444444
vt 0.666667 0.500000
vt 0.666667 0.555556
vt 0.666667 0.611111
vt 0.666667 0.666667
vt 0.666667 0.722222
vt 0.666667 0.777778
vt 0.666667 0.833333
vt 0.666667 0.888889
vt 0.666667 0.944444
vt 0.666667 1.000000
vt 0.666667 0.000000
vt 0.666667 0.055556
vt 0.666667 0.111111
vt 0.666667 0.166667
vt 0.666667 0.222222
vt 0.666667 0.277778
vt 0.666667 0.333333
vt 0.666667 0.388889
vt 0.666667 0.444444
vt 0.687500 0.500000
vt 0.687500 0.555556
vt 0.687500 0.611111
vt 0.687500 0.666667
vt 0.687500 0.722222
vt 0.687500 0.777778
vt 0.687500 0.833333
vt 0.687500 0.888889
vt 0.687500 0.944444
vt 0.687500 1.000000
vt 0.687500 0.000000
vt 0.687500 0.055556
vt 0.687500 0.111111
vt 0.687500 0.166667
vt 0.687500 0.222222
vt 0.687500 0.277778
vt 0.687500 0.333333
vt 0.687500 0.388889
vt 0.687500 0.444444
vt 0.708333 0.500000
vt 0.708333 0.555556
vt 0.708333 0.611111
vt 0.708333 0.666667
vt 0.708333 0.722222
vt 0.708333 0.777778
vt 0.708333 0.833333
vt 0.708333 0.888889
vt 0.708333 0.944444
vt 0.708333 1.000000
vt 0.708333 0.000000
vt 0.708333 0.055556
vt 0.708333 0.111111
vt 0.708333 0.166667
vt 0.708333 0.222222
vt 0.708333 0.277778
vt 0.708333 0.333333
vt 0.708333 0.388889
vt 0.708333 0.444444
vt 0.729167 0.500000
vt 0.729167 0.555556
vt 0.729167 0.611111
vt 0.729167 0.666667
vt 0.729167 0.722222
vt 0.729167 0.777778
vt 0.729167 0.833333
vt 0.729167 0.888889
vt 0.729167 0.944444
vt 0.729167 1.000000
vt 0.729167 0.000000
vt 0.729167 0.055556
vt 0.729167 0.111111
vt 0.729167 0.166667
vt 0.729167 0.222222
vt 0.729167 0.277778
vt 0.729167 0.333333
vt 0.729167 0.388889
vt 0.729167 0.444444
vt 0.250000 0.500000
vt 0.250000 0.555556
vt 0.250000 0.611111
vt 0.250000 0.666667
vt 0.250000 0.722222
vt 0.250000 0.777778
vt 0.250000 0.833333
vt 0.250000 0.888889
vt 0.250000 0.944444
vt 0.250000 1.000000
vt 0.250000 0.000000
vt 0.250000 0.055556
vt 0.250000 0.111111
vt 0.250000 0.166667
vt 0.250000 0.222222
vt 0.250000 0.277778
vt 0.250000 0.333333
vt 0.250000 0.388889
vt 0.250000 0.444444
vt 0.270833 0.500000
vt 0.270833 0.555556
vt 0.270833 0.611111
vt 0.270833 0.666667
vt 0.270833 0.722222
vt 0.270833 0.777778
vt 0.270833 0.833333
vt 0.270833 0.888889
vt 0.270833 0.944444
vt 0.270833 1.000000
vt 0.270833 0.000000
vt 0.270833 0.055556
vt 0.270833 0.111111
vt 0.270833 0.166667
vt 0.270833 0.222222
vt 0.270833 0.277778
vt 0.270833 0.333333
vt 0.270833 0.388889
vt 0.270833 0.444444
vt 0.291667 0.500000
vt 0.291667 0.555556
vt 0.291667 0.611111
vt 0.291667 0.666667
vt 0.291667 0.722222
vt 0.291667 0.777778
vt 0.291667 0.833333
vt 0.291667 0.888889
vt 0.291667 0.944444
vt 0.291667 1.000000
vt 0.291667 0.000000
vt 0.291667 0.055556
vt 0.291667 0.111111
vt 0.291667 0.166667
vt 0.291667 0.222222
vt 0.291667 0.277778
vt 0.291667 0.333333
vt 0.291667 0.388889
vt 0.291667 0.444444
vt 0.312500 0.500000
vt 0.312500 0.555556
vt 0.312500 0.611111
vt 0.312500 0.666667
vt 0.312500 0.722222
vt 0.312500 0.777778
vt 0.312500 0.833333
vt 0.312500 0.888889
vt 0.312500 0.944444
vt 0.312500 1.000000
vt 0.312500 0.000000
vt 0.312500 0.055556
vt 0.312500 0.111111
vt 0.312500 0.166667
vt 0.312500 0.222222
vt 0.312500 0.277778
vt 0.312500 0.333333
vt 0.312500 0.388889
vt 0.312500 0.444444
vt 0.333333 0.500000
vt 0.333333 0.555556
vt 0.333333 0.611111
vt 0.333333 0.666667
vt 0.333333 0.722222
vt 0.333333 0.777778
vt 0.333333 0.833333
vt 0.333333 0.888889
vt 0.333333 0.944444
vt 0.333333 1.000000
vt 0.333333 0.000000
vt 0.333333 0.055556
vt 0.333333 0.111111
vt 0.333333 0.166667
vt 0.333333 0.222222
vt 0.333333 0.277778
vt 0.333333 0.333333
vt 0.333333 0.388889
vt 0.333333 0.444444
vt 0.354167 0.500000
vt 0.354167 0.555556
vt 0.354167 0.611111
vt 0.354167 0.666667
vt 0.354167 0.722222
vt 0.354167 0.777778
vt 0.354167 0.833333
vt 0.354167 0.888889
vt 0.354167 0.944444
vt 0.354167 1.000000
vt 0.354167 0.000000
vt 0.354167 0.055556
vt 0.354167 0.111111
vt 0.354167 0.166667
vt 0.354167 0.222222
vt 0.354167 0.277778
vt 0.354167 0.333333
vt 0.354167 0.388889
vt 0.354167 0.444444
vt 0.375000 0.500000
vt 0.375000 0.555556
vt 0.375000 0.611111
vt 0.375000 0.666667
vt 0.375000 0.722222
vt 0.375000 0.777778
vt 0.375000 0.833333
vt 0.375000 0.888889
vt 0.375000 0.944444
vt 0.375000 1.000000
vt 0.375000 0.000000
vt 0.375000 0.055556
vt 0.375000 0.111111
vt 0.375000 0.166667
vt 0.375000 0.222222
vt 0.375000 0.277778
vt 0.375000 0.333333
vt 0.375000 0.388889
vt 0.375000 0.444444
vt 0.395833 0.500000
vt 0.395833 0.555556
vt 0.395833 0.611111
vt 0.395833 0.666667
vt 0.395833 0.722222
vt 0.395833 0.777778
vt 0.395833 0.833333
vt 0.395833 0.888889
vt 0.395833 0.944444
vt 0.395833 1.000000
vt 0.395833 0.000000
vt 0.395833 0.055556
vt 0.395833 0.111111
vt 0.395833 0.166667
vt 0.395833 0.222222
vt 0.395833 0.277778
vt 0.395833 0.333333
vt 0.395833 0.388889
vt 0.395833 0.444444
vt 0.416667 0.500000
vt 0.416667 0.555556
vt 0.416667 0.611111
vt 0.416667 0.666667
vt 0.416667 0.722222
vt 0.416667 0.777778
vt 0.416667 0.833333
vt 0.416667 0.888889
vt 0.416667 0.944444
vt 0.416667 1.000000
vt 0.416667 0.000000
vt 0.416667 0.055556
vt 0.416667 0.111111
vt 0.416667 0.166667
vt 0.416667 0.222222
vt 0.416667 0.277778
vt 0.416667 0.333333
vt 0.416667 0.388889
vt 0.416667 0.444444
vt 0.437500 0.500000
vt 0.437500 0.555556
vt 0.437500 0.611111
vt 0.437500 0.666667
vt 0.437500 0.722222
vt 0.437500 0.777778
vt 0.437500 0.833333
vt 0.437500 0.888889
vt 0.437500 0.944444
vt 0.437500 1.000000
vt 0.437500 0.000000
vt 0.437500 0.055556
vt 0.437500 0.111111
vt 0.437500 0.166667
vt 0.437500 0.222222
vt 0.437500 0.277778
vt 0.437500 0.333333
vt 0.437500 0.388889
vt 0.437500 0.444444
vt 0.458333 0.500000
vt 0.458333 0.555556
vt 0.458333 0.611111
vt 0.458333 0.666667
vt 0.458333 0.722222
vt 0.458333 0.777778
vt 0.458333 0.833333
vt 0.458333 0.888889
vt 0.458333 0.944444
vt 0.458333 1.000000
vt 0.458333 0.000000
vt 0.458333 0.055556
vt 0.458333 0.111111
vt 0.458333 0.166667
vt 0.458333 0.222222
vt 0.458333 0.277778
vt 0.458333 0.333333
vt 0.458333 0.388889
vt 0.458333 0.444444
vt 0.479167 0.500000
vt 0.479167 0.555556
vt 0.479167 0.611111
vt 0.479167 0.666667
vt 0.479167 0.722222
vt 0.479167 0.777778
vt 0.479167 0.833333
vt 0.479167 0.888889
vt 0.479167 0.944444
vt 0.479167 1.000000
vt 0.479167 0.000000
vt 0.479167 0.055556
vt 0.479167 0.111111
vt 0.479167 0.166667
vt 0.479167 0.222222
vt 0.479167 0.277778
vt 0.479167 0.333333
vt 0.479167 0.388889
vt 0.479167 0.444444
vt 0.729167 0.500000
vt 0.729167 0.555556
vt 0.729167 0.611111
vt 0.729167 0.666667
vt 0.729167 0.722222
vt 0.729167 0.777778
vt 0.729167 0.833333
vt 0.729167 0.888889
vt 0.729167 0.944444
vt 0.729167 1.000000
vt 0.729167 0.000000
vt 0.729167 0.055556
vt 0.729167 0.111111
vt 0.729167 0.166667
vt 0.729167 0.222222
vt 0.729167 0.277778
vt 0.729167 0.333333
vt 0.729167 0.388889
vt 0.729167 0.444444
vt 0.750000 0.500000
vt 0.750000 0.555556
vt 0.750000 0.611111
vt 0.750000 0.666667
vt 0.750000 0.722222
vt 0.750000 0.777778
vt 0.750000 0.833333
vt 0.750000 0.888889
vt 0.750000 0.944444
vt 0.750000 1.000000
vt 0.750000 0.000000
vt 0.750000 0.055556
vt 0.750000 0.111111
vt 0.750000 0.166667
vt 0.750000 0.222222
vt 0.750000 0.277778
vt 0.750000 0.333333
vt 0.750000 0.388889
vt 0.750000 0.444444
vt 0.770833 0.500000
vt 0.770833 0.555556
vt 0.770833 0.611111
vt 0.770833 0.666667
vt 0.770833 0.722222
vt 0.770833 0.777778
vt 0.770833 0.833333
vt 0.770833 0.888889
vt 0.770833 0.944444
vt 0.770833 1.000000
vt 0.770833 0.000000
vt 0.770833 0.055556
vt 0.770833 0.111111
vt 0.770833 0.166667
vt 0.770833 0.222222
vt 0.770833 0.277778
vt 0.770833 0.333333
vt 0.770833 0.388889
vt 0.770833 0.444444
vt 0.791667 0.500000
vt 0.791667 0.555556
vt 0.791667 0.611111
vt 0.791667 0.666667
vt 0.791667 0.722222
vt 0.791667 0.777778
vt 0.791667 0.833333
vt 0.791667 0.888889
vt 0.791667 0.944444
vt 0.791667 1.000000
vt 0.791667 0.000000
vt 0.791667 0.055556
vt 0.791667 0.111111
vt 0.791667 0.166667
vt 0.791667 0.222222
vt 0.791667 0.277778
vt 0.791667 0.333333
vt 0.791667 0.388889
vt 0.791667 0.444444
vt 0.812500 0.500000
vt 0.812500 0.555556
vt 0.812500 0.611111
vt 0.812500 0.666667
vt 0.812500 0.722222
vt 0.812500 0.777778
vt 0.812500 0.833333
vt 0.812500 0.888889
vt 0.812500 0.944444
vt 0.812500 1.000000
vt 0.812500 0.000000
vt 0.812500 0.055556
vt 0.812500 0.111111
vt 0.812500 0.166667
vt 0.812500 0.222222
vt 0.812500 0.277778
vt 0.812500 0.333333
vt 0.812500 0.388889
vt 0.812500 0.444444
vt 0.833333 0.500000
vt 0.833333 0.555556
vt 0.833333 0.611111
vt 0.833333 0.666667
vt 0.833333 0.722222
vt 0.833333 0.777778
vt 0.833333 0.833333
vt 0.833333 0.888889
vt 0.833333 0.944444
vt 0.833333 1.000000
vt 0.833333 0.000000
vt 0.833333 0.055556
vt 0.833333 0.111111
vt 0.833333 0.166667
vt 0.833333 0.222222
vt 0.833333 0.277778
vt 0.833333 0.333333
vt 0.833333 0.388889
vt 0.833333 0.444444
vt 0.854167 0.500000
vt 0.854167 0.555556
vt 0.854167 0.611111
vt 0.854167 0.666667
vt 0.854167 0.722222
vt 0.854167 0.777778
vt 0.854167 0.833333
vt 0.854167 0.888889
vt 0.854167 0.944444
vt 0.854167 1.000000
vt 0.854167 0.000000
vt 0.854167 0.055556
vt 0.854167 0.111111
vt 0.854167 0.166667
vt 0.854167 0.222222
vt 0.854167 0.277778
vt 0.854167 0.333333
vt 0.854167 0.388889
vt 0.854167 0.444444
vt 0.875000 0.500000
vt 0.875000 0.555556
vt 0.875000 0.611111
vt 0.875000 0.666667
vt 0.875000 0.722222
vt 0.875000 0.777778
vt 0.875000 0.833333
vt 0.875000 0.888889
vt 0.875000 0.944444
vt 0.875000 1.000000
vt 0.875000 0.000000
vt 0.875000 0.055556
vt 0.875000 0.111111
vt 0.875000 0.166667
vt 0.875000 0.222222
vt 0.875000 0.277778
vt 0.875000 0.333333
vt 0.875000 0.388889
vt 0.875000 0.444444
vt 0.895833 0.500000
vt 0.895833 0.555556
vt 0.895833 0.611111
vt 0.895833 0.666667
vt 0.895833 0.722222
vt 0.895833 0.777778
vt 0.895833 0.833333
vt 0.895833 0.888889
vt 0.895833 0.944444
vt 0.895833 1.000000
vt 0.895833 0.000000
vt 0.895833 0.055556
vt 0.895833 0.111111
vt 0.895833 0.166667
vt 0.895833 0.222222
vt 0.895833 0.277778
vt 0.895833 0.333333
vt 0.895833 0.388889
vt 0.895833 0.444444
vt 0.916667 0.500000
vt 0.916667 0.555556
vt 0.916667 0.611111
vt 0.916667 0.666667
vt 0.916667 0.722222
vt 0.916667 0.777778
vt 0.916667 0.833333
vt 0.916667 0.888889
vt 0.916667 0.944444
vt 0.916667 1.000000
vt 0.916667 0.000000
vt 0.916667 0.055556
vt 0.916667 0.111111
vt 0.916667 0.166667
vt 0.916667 0.222222
vt 0.916667 0.277778
vt 0.916667 0.333333
vt 0.916667 0.388889
vt 0.916667 0.444444
vt 0.937500 0.500000
vt 0.937500 0.555556
vt 0.937500 0.611111
vt 0.937500 0.666667
vt 0.937500 0.722222
vt 0.937500 0.777778
vt 0.937500 0.833333
vt 0.937500 0.888889
vt 0.937500 0.944444
vt 0.937500 1.000000
vt 0.937500 0.000000
vt 0.937500 0.055556
vt 0.937500 0.111111
vt 0.937500 0.166667
vt 0.937500 0.222222
vt 0.937500 0.277778
vt 0.937500 0.333333
vt 0.937500 0.388889
vt 0.937500 0.444444
vt 0.958333 0.500000
vt 0.958333 0.555556
vt 0.958333 0.611111
vt 0.958333 0.666667
vt 0.958333 0.722222
vt 0.958333 0.777778
vt 0.958333 0.833333
vt 0.958333 0.888889
vt 0.958333 0.944444
vt 0.958333 1.000000
vt 0.958333 0.000000
vt 0.958333 0.055556
vt 0.958333 0.111111
vt 0.958333 0.166667
vt 0.958333 0.222222
vt 0.958333 0.277778
vt 0.958333 0.333333
vt 0.958333 0.388889
vt 0.958333 0.444444
vt 0.979167 0.500000
vt 0.979167 0.555556
vt 0.979167 0.611111
vt 0.979167 0.666667
vt 0.979167 0.722222
vt 0.979167 0.777778
vt 0.979167 0.833333
vt 0.979167 0.888889
vt 0.979167 0.944444
vt 0.979167 1.000000
vt 0.979167 0.000000
vt 0.979167 0.055556
vt 0.979167 0.111111
vt 0.979167 0.166667
vt 0.979167 0.222222
vt 0.979167 0.277778
vt 0.979167 0.333333
vt 0.979167 0.388889
vt 0.979167 0.444444
vt 1.000000 0.500000
vt 0.000000 0.500000
vt 1.000000 0.555556
vt 0.000000 0.555556
vt 1.000000 0.611111
vt 0.000000 0.611111
vt 1.000000 0.666667
vt 0.000000 0.666667
vt 1.000000 0.722222
vt 0.000000 0.722222
vt 1.000000 0.777778
vt 0.000000 0.777778
vt 1.000000 0.833333
vt 0.000000 0.833333
vt 1.000000 0.888889
vt 0.000000 0.888889
vt 1.000000 0.944444
vt 0.000000 0.944444
vt 1.000000 1.000000
vt 1.000000 0.000000
vt 0.000000 1.000000
vt 0.000000 0.000000
vt 1.000000 0.055556
vt 0.000000 0.055556
vt 1.000000 0.111111
vt 0.000000 0.111111
vt 1.000000 0.166667
vt 0.000000 0.166667
vt 1.000000 0.222222
vt 0.000000 0.222222
vt 1.000000 0.277778
vt 0.000000 0.277778
vt 1.000000 0.333333
vt 0.000000 0.333333
vt 1.000000 0.388889
vt 0.000000 0.388889
vt 1.000000 0.444444
vt 0.000000 0.444444
vt 0.020833 0.500000
vt 0.020833 0.555556
vt 0.020833 0.611111
vt 0.020833 0.666667
vt 0.020833 0.722222
vt 0.020833 0.777778
vt 0.020833 0.833333
vt 0.020833 0.888889
vt 0.020833 0.944444
vt 0.020833 1.000000
vt 0.020833 0.000000
vt 0.020833 0.055556
vt 0.020833 0.111111
vt 0.020833 0.166667
vt 0.020833 0.222222
vt 0.020833 0.277778
vt 0.020833 0.333333
vt 0.020833 0.388889
vt 0.020833 0.444444
vt 0.041667 0.500000
vt 0.041667 0.555556
vt 0.041667 0.611111
vt 0.041667 0.666667
vt 0.041667 0.722222
vt 0.041667 0.777778
vt 0.041667 0.833333
vt 0.041667 0.888889
vt 0.041667 0.944444
vt 0.041667 1.000000
vt 0.041667 0.000000
vt 0.041667 0.055556
vt 0.041667 0.111111
vt 0.041667 0.166667
vt 0.041667 0.222222
vt 0.041667 0.277778
vt 0.041667 0.333333
vt 0.041667 0.388889
vt 0.041667 0.444444
vt 0.062500 0.500000
vt 0.062500 0.555556
vt 0.062500 0.611111
vt 0.062500 0.666667
vt 0.062500 0.722222
vt 0.062500 0.777778
vt 0.062500 0.833333
vt 0.062500 0.888889
vt 0.062500 0.944444
vt 0.062500 1.000000
vt 0.062500 0.000000
vt 0.062500 0.055556
vt 0.062500 0.111111
vt 0.062500 0.166667
vt 0.062500 0.222222
vt 0.062500 0.277778
vt 0.062500 0.333333
vt 0.062500 0.388889
vt 0.062500 0.444444
vt 0.083333 0.500000
vt 0.083333 0.555556
vt 0.083333 0.611111
vt 0.083333 0.666667
vt 0.083333 0.722222
vt 0.083333 0.777778
vt 0.083333 0.833333
vt 0.083333 0.888889
vt 0.083333 0.944444
vt 0.083333 1.000000
vt 0.083333 0.000000
vt 0.083333 0.055556
vt 0.083333 0.111111
vt 0.083333 0.166667
vt 0.083333 0.222222
vt 0.083333 0.277778
vt 0.083333 0.333333
vt 0.083333 0.388889
vt 0.083333 0.444444
vt 0.104167 0.500000
vt 0.104167 0.555556
vt 0.104167 0.611111
vt 0.104167 0.666667
vt 0.104167 0.722222
vt 0.104167 0.777778
vt 0.104167 0.833333
vt 0.104167 0.888889
vt 0.104167 0.944444
vt 0.104167 1.000000
vt 0.104167 0.000000
vt 0.104167 0.055556
vt 0.104167 0.111111
vt 0.104167 0.166667
vt 0.104167 0.222222
vt 0.104167 0.277778
vt 0.104167 0.333333
vt 0.104167 0.388889
vt 0.104167 0.444444
vt 0.125000 0.500000
vt 0.125000 0.555556
vt 0.125000 0.611111
vt 0.125000 0.666667
vt 0.125000 0.722222
vt 0.125000 0.777778
vt 0.125000 0.833333
vt 0.125000 0.888889
vt 0.125000 0.944444
vt 0.125000 1.000000
vt 0.125000 0.000000
vt 0.125000 0.055556
vt 0.125000 0.111111
vt 0.125000 0.166667
vt 0.125000 0.222222
vt 0.125000 0.277778
vt 0.125000 0.333333
vt 0.125000 0.388889
vt 0.125000 0.444444
vt 0.145833 0.500000
vt 0.145833 0.555556
vt 0.145833 0.611111
vt 0.145833 0.666667
vt 0.145833 0.722222
vt 0.145833 0.777778
vt 0.145833 0.833333
vt 0.145833 0.888889
vt 0.145833 0.944444
vt 0.145833 1.000000
vt 0.145833 0.000000
vt 0.145833 0.055556
vt 0.145833 0.111111
vt 0.145833 0.166667
vt 0.145833 0.222222
vt 0.145833 0.277778
vt 0.145833 0.333333
vt 0.145833 0.388889
vt 0.145833 0.444444
vt 0.166667 0.500000
vt 0.166667 0.555556
vt 0.166667 0.611111
vt 0.166667 0.666667
vt 0.166667 0.722222
vt 0.166667 0.777778
vt 0.166667 0.833333
vt 0.166667 0.888889
vt 0.166667 0.944444
vt 0.166667 1.000000
vt 0.166667 0.000000
vt 0.166667 0.055556
vt 0.166667 0.111111
vt 0.166667 0.166667
vt 0.166667 0.222222
vt 0.166667 0.277778
vt 0.166667 0.333333
vt 0.166667 0.388889
vt 0.166667 0.444444
vt 0.187500 0.500000
vt 0.187500 0.555556
vt 0.187500 0.611111
vt 0.187500 0.666667
vt 0.187500 0.722222
vt 0.187500 0.777778
vt 0.187500 0.833333
vt 0.187500 0.888889
vt 0.187500 0.944444
vt 0.187500 1.000000
vt 0.187500 0.000000
vt 0.187500 0.055556
vt 0.187500 0.111111
vt 0.187500 0.166667
vt 0.187500 0.222222
vt 0.187500 0.277778
vt 0.187500 0.333333
vt 0.187500 0.388889
vt 0.187500 0.444444
vt 0.208333 0.500000
vt 0.208333 0.555556
vt 0.208333 0.611111
vt 0.208333 0.666667
vt 0.208333 0.722222
vt 0.208333 0.777778
vt 0.208333 0.833333
vt 0.208333 0.888889
vt 0.208333 0.944444
vt 0.208333 1.000000
vt 0.208333 0.000000
vt 0.208333 0.055556
vt 0.208333 0.111111
vt 0.208333 0.166667
vt 0.208333 0.222222
vt 0.208333 0.277778
vt 0.208333 0.333333
vt 0.208333 0.388889
vt 0.208333 0.444444
vt 0.229167 0.500000
vt 0.229167 0.555556
vt 0.229167 0.611111
vt 0.229167 0.666667
vt 0.229167 0.722222
vt 0.229167 0.777778
vt 0.229167 0.833333
vt 0.229167 0.888889
vt 0.229167 0.944444
vt 0.229167 1.000000
vt 0.229167 0.000000
vt 0.229167 0.055556
vt 0.229167 0.111111
vt 0.229167 0.166667
vt 0.229167 0.222222
vt 0.229167 0.277778
vt 0.229167 0.333333
vt 0.229167 0.388889
vt 0.229167 0.444444
vt 0.500000 0.500000
vt 0.500000 0.555556
vt 0.500000 0.611111
vt 0.500000 0.666667
vt 0.500000 0.722222
vt 0.500000 0.777778
vt 0.500000 0.833333
vt 0.500000 0.888889
vt 0.500000 0.944444
vt 0.500000 1.000000
vt 0.500000 0.000000
vt 0.500000 0.055556
vt 0.500000 0.111111
vt 0.500000 0.166667
vt 0.500000 0.222222
vt 0.500000 0.277778
vt 0.500000 0.333333
vt 0.500000 0.388889
vt 0.500000 0.444444
vt 0.520833 0.500000
vt 0.520833 0.555556
vt 0.520833 0.611111
vt 0.520833 0.666667
vt 0.520833 0.722222
vt 0.520833 0.777778
vt 0.520833 0.833333
vt 0.520833 0.888889
vt 0.520833 0.944444
vt 0.520833 1.000000
vt 0.520833 0.000000
vt 0.520833 0.055556
vt 0.520833 0.111111
vt 0.520833 0.166667
vt 0.520833 0.222222
vt 0.520833 0.277778
vt 0.520833 0.333333
vt 0.520833 0.388889
vt 0.520833 0.444444
vt 0.541667 0.500000
vt 0.541667 0.555556
vt 0.541667 0.611111
vt 0.541667 0.666667
vt 0.541667 0.722222
vt 0.541667 0.777778
vt 0.541667 0.833333
vt 0.541667 0.888889
vt 0.541667 0.944444
vt 0.541667 1.000000
vt 0.541667 0.000000
vt 0.541667 0.055556
vt 0.541667 0.111111
vt 0.541667 0.166667
vt 0.541667 0.222222
vt 0.541667 0.277778
vt 0.541667 0.333333
vt 0.541667 0.388889
vt 0.541667 0.444444
vt 0.562500 0.500000
vt 0.562500 0.555556
vt 0.562500 0.611111
vt 0.562500 0.666667
vt 0.562500 0.722222
vt 0.562500 0.777778
vt 0.562500 0.833333
vt 0.562500 0.888889
vt 0.562500 0.944444
vt 0.562500 1.000000
vt 0.562500 0.000000
vt 0.562500 0.055556
vt 0.562500 0.111111
vt 0.562500 0.166667
vt 0.562500 0.222222
vt 0.562500 0.277778
vt 0.562500 0.333333
vt 0.562500 0.388889
vt 0.562500 0.444444
vt 0.583333 0.500000
vt 0.583333 0.555556
vt 0.583333 0.611111
vt 0.583333 0.666667
vt 0.583333 0.722222
vt 0.583333 0.777778
vt 0.583333 0.833333
vt 0.583333 0.888889
vt 0.583333 0.944444
vt 0.583333 1.000000
vt 0.583333 0.000000
vt 0.583333 0.055556
vt 0.583333 0.111111
vt 0.583333 0.166667
vt 0.583333 0.222222
vt 0.583333 0.277778
vt 0.583333 0.333333
vt 0.583333 0.388889
vt 0.583333 0.444444
vt 0.604167 0.500000
vt 0.604167 0.555556
vt 0.604167 0.611111
vt 0.604167 0.666667
vt 0.604167 0.722222
vt 0.604167 0.777778
vt 0.604167 0.833333
vt 0.604167 0.888889
vt 0.604167 0.944444
vt 0.604167 1.000000
vt 0.604167 0.000000
vt 0.604167 0.055556
vt 0.604167 0.111111
vt 0.604167 0.166667
vt 0.604167 0.222222
vt 0.604167 0.277778
vt 0.604167 0.333333
vt 0.604167 0.388889
vt 0.604167 0.444444
vt 0.625000 0.500000
vt 0.625000 0.555556
vt 0.625000 0.611111
vt 0.625000 0.666667
vt 0.625000 0.722222
vt 0.625000 0.777778
vt 0.625000 0.833333
vt 0.625000 0.888889
vt 0.625000 0.944444
vt 0.625000 1.000000
vt 0.625000 0.000000
vt 0.625000 0.055556
vt 0.625000 0.111111
vt 0.625000 0.166667
vt 0.625000 0.222222
vt 0.625000 0.277778
vt 0.625000 0.333333
vt 0.625000 0.388889
vt 0.625000 0.444444
vt 0.645833 0.500000
vt 0.645833 0.555556
vt 0.645833 0.611111
vt 0.645833 0.666667
vt 0.645833 0.722222
vt 0.645833 0.777778
vt 0.645833 0.833333
vt 0.645833 0.888889
vt 0.645833 0.944444
vt 0.645833 1.000000
vt 0.645833 0.000000
vt 0.645833 0.055556
vt 0.645833 0.111111
vt 0.645833 0.166667
vt 0.645833 0.222222
vt 0.645833 0.277778
vt 0.645833 0.333333
vt 0.645833 0.388889
vt 0.645833 0.444444
vt 0.666667 0.500000
vt 0.666667 0.555556
vt 0.666667 0.611111
vt 0.666667 0.666667
vt 0.666667 0.722222
vt 0.666667 0.777778
vt 0.666667 0.833333
vt 0.666667 0.888889
vt 0.666667 0.944444
vt 0.666667 1.000000
vt 0.666667 0.000000
vt 0.666667 0.055556
vt 0.666667 0.111111
vt 0.666667 0.166667
vt 0.666667 0.222222
vt 0.666667 0.277778
vt 0.666667 0.333333
vt 0.666667 0.388889
vt 0.666667 0.444444
vt 0.687500 0.500000
vt 0.687500 0.555556
vt 0.687500 0.611111
vt 0.687500 0.666667
vt 0.687500 0.722222
vt 0.687500 0.777778
vt 0.687500 0.833333
vt 0.687500 0.888889
vt 0.687500 0.944444
vt 0.687500 1.000000
vt 0.687500 0.000000
vt 0.687500 0.055556
vt 0.687500 0.111111
vt 0.687500 0.166667
vt 0.687500 0.222222
vt 0.687500 0.277778
vt 0.687500 0.333333
vt 0.687500 0.388889
vt 0.687500 0.444444
vt 0.708333 0.500000
vt 0.708333 0.555556
vt 0.708333 0.611111
vt 0.708333 0.666667
vt 0.708333 0.722222
vt 0.708333 0.777778
vt 0.708333 0.833333
vt 0.708333 0.888889
vt 0.708333 0.944444
vt 0.708333 1.000000
vt 0.708333 0.000000
vt 0.708333 0.055556
vt 0.708333 0.111111
vt 0.708333 0.166667
vt 0.708333 0.222222
vt 0.708333 0.277778
vt 0.708333 0.333333
vt 0.708333 0.388889
vt 0.708333 0.444444
vt 0.729167 0.500000
vt 0.729167 0.555556
vt 0.729167 0.611111
vt 0.729167 0.666667
vt 0.729167 0.722222
vt 0.729167 0.777778
vt 0.729167 0.833333
vt 0.729167 0.888889
vt 0.729167 0.944444
vt 0.729167 1.000000
vt 0.729167 0.000000
vt 0.729167 0.055556
vt 0.729167 0.111111
vt 0.729167 0.166667
vt 0.729167 0.222222
vt 0.729167 0.277778
vt 0.729167 0.333333
vt 0.729167 0.388889
vt 0.729167 0.444444
vt 0.250000 0.500000
vt 0.250000 0.555556
vt 0.250000 0.611111
vt 0.250000 0.666667
vt 0.250000 0.722222
vt 0.250000 0.777778
vt 0.250000 0.833333
vt 0.250000 0.888889
vt 0.250000 0.944444
vt 0.250000 1.000000
vt 0.250000 0.000000
vt 0.250000 0.055556
vt 0.250000 0.111111
vt 0.250000 0.166667
vt 0.250000 0.222222
vt 0.250000 0.277778
vt 0.250000 0.333333
vt 0.250000 0.388889
vt 0.250000 0.444444
vt 0.270833 0.500000
vt 0.270833 0.555556
vt 0.270833 0.611111
vt 0.270833 0.666667
vt 0.270833 0.722222
vt 0.270833 0.777778
vt 0.270833 0.833333
vt 0.270833 0.888889
vt 0.270833 0.944444
vt 0.270833 1.000000
vt 0.270833 0.000000
vt 0.270833 0.055556
vt 0.270833 0.111111
vt 0.270833 0.166667
vt 0.270833 0.222222
vt 0.270833 0.277778
vt 0.270833 0.333333
vt 0.270833 0.388889
vt 0.270833 0.444444
vt 0.291667 0.500000
vt 0.291667 0.555556
vt 0.291667 0.611111
vt 0.291667 0.666667
vt 0.291667 0.722222
vt 0.291667 0.777778
vt 0.291667 0.833333
vt 0.291667 0.888889
vt 0.291667 0.944444
vt 0.291667 1.000000
vt 0.291667 0.000000
vt 0.291667 0.055556
vt 0.291667 0.111111
vt 0.291667 0.166667
vt 0.291667 0.222222
vt 0.291667 0.277778
vt 0.291667 0.333333
vt 0.291667 0.388889
vt 0.291667 0.444444
vt 0.312500 0.500000
vt 0.312500 0.555556
vt 0.312500 0.611111
vt 0.312500 0.666667
vt 0.312500 0.722222
vt 0.312500 0.777778
vt 0.312500 0.833333
vt 0.312500 0.888889
vt 0.312500 0.944444
vt 0.312500 1.000000
vt 0.312500 0.000000
vt 0.312500 0.055556
vt 0.312500 0.111111
vt 0.312500 0.166667
vt 0.312500 0.222222
vt 0.312500 0.277778
vt 0.312500 0.333333
vt 0.312500 0.388889
vt 0.312500 0.444444
vt 0.333333 0.500000
vt 0.333333 0.555556
vt 0.333333 0.611111
vt 0.333333 0.666667
vt 0.333333 0.722222
vt 0.333333 0.777778
vt 0.333333 0.833333
vt 0.333333 0.888889
vt 0.333333 0.944444
vt 0.333333 1.000000
vt 0.333333 0.000000
vt 0.333333 0.055556
vt 0.333333 0.111111
vt 0.333333 0.166667
vt 0.333333 0.222222
vt 0.333333 0.277778
vt 0.333333 0.333333
vt 0.333333 0.388889
vt 0.333333 0.444444
vt 0.354167 0.500000
vt 0.354167 0.555556
vt 0.354167 0.611111
vt 0.354167 0.666667
vt 0.354167 0.722222
vt 0.354167 0.777778
vt 0.354167 0.833333
vt 0.354167 0.888889
vt 0.354167 0.944444
vt 0.354167 1.000000
vt 0.354167 0.000000
vt 0.354167 0.055556
vt 0.354167 0.111111
vt 0.354167 0.166667
vt 0.354167 0.222222
vt 0.354167 0.277778
vt 0.354167 0.333333
vt 0.354167 0.388889
vt 0.354167 0.444444
vt 0.375000 0.500000
vt 0.375000 0.555556
vt 0.375000 0.611111
vt 0.375000 0.666667
vt 0.375000 0.722222
vt 0.375000 0.777778
vt 0.375000 0.833333
vt 0.375000 0.888889
vt 0.375000 0.944444
vt 0.375000 1.000000
vt 0.375000 0.000000
vt 0.375000 0.055556
vt 0.375000 0.111111
vt 0.375000 0.166667
vt 0.375000 0.222222
vt 0.375000 0.277778
vt 0.375000 0.333333
vt 0.375000 0.388889
vt 0.375000 0.444444
vt 0.395833 0.500000
vt 0.395833 0.555556
vt 0.395833 0.611111
vt 0.395833 0.666667
vt 0.395833 0.722222
vt 0.395833 0.777778
vt 0.395833 0.833333
vt 0.395833 0.888889
vt 0.395833 0.944444
vt 0.395833 1.000000
vt 0.395833 0.000000
vt 0.395833 0.055556
vt 0.395833 0.111111
vt 0.395833 0.166667
vt 0.395833 0.222222
vt 0.395833 0.277778
vt 0.395833 0.333333
vt 0.395833 0.388889
vt 0.395833 0.444444
vt 0.416667 0.500000
vt 0.416667 0.555556
vt 0.416667 0.611111
vt 0.416667 0.666667
vt 0.416667 0.722222
vt 0.416667 0.777778
vt 0.416667 0.833333
vt 0.416667 0.888889
vt 0.416667 0.944444
vt 0.416667 1.000000
vt 0.416667 0.000000
vt 0.416667 0.055556
vt 0.416667 0.111111
vt 0.416667 0.166667
vt 0.416667 0.222222
vt 0.416667 0.277778
vt 0.416667 0.333333
vt 0.416667 0.388889
vt 0.416667 0.444444
vt 0.437500 0.500000
vt 0.437500 0.555556
vt 0.437500 0.611111
vt 0.437500 0.666667
vt 0.437500 0.722222
vt 0.437500 0.777778
vt 0.437500 0.833333
vt 0.437500 0.888889
vt 0.437500 0.944444
vt 0.437500 1.000000
vt 0.437500 0.000000
vt 0.437500 0.055556
vt 0.437500 0.111111
vt 0.437500 0.166667
vt 0.437500 0.222222
vt 0.437500 0.277778
vt 0.437500 0.333333
vt 0.437500 0.388889
vt 0.437500 0.444444
vt 0.458333 0.500000
vt 0.458333 0.555556
vt 0.458333 0.611111
vt 0.458333 0.666667
vt 0.458333 0.722222
vt 0.458333 0.777778
vt 0.458333 0.833333
vt 0.458333 0.888889
vt 0.458333 0.944444
vt 0.458333 1.000000
vt 0.458333 0.000000
vt 0.458333 0.055556
vt 0.458333 0.111111
vt 0.458333 0.166667
vt 0.458333 0.222222
vt 0.458333 0.277778
vt 0.458333 0.333333
vt 0.458333 0.388889
vt 0.458333 0.444444
vt 0.479167 0.500000
vt 0.479167 0.555556
vt 0.479167 0.611111
vt 0.479167 0.666667
vt 0.479167 0.722222
vt 0.479167 0.777778
vt 0.479167 0.833333
vt 0.479167 0.888889
vt 0.479167 0.944444
vt 0.479167 1.000000
vt 0.479167 0.000000
vt 0.479167 0.055556
vt 0.479167 0.111111
vt 0.479167 0.166667
vt 0.479167 0.222222
vt 0.479167 0.277778
vt 0.479167 0.333333
vt 0.479167 0.388889
vt 0.479167 0.444444
vt 0.729167 0.500000
vt 0.729167 0.555556
vt 0.729167 0.611111
vt 0.729167 0.666667
vt 0.729167 0.722222
vt 0.729167 0.777778
vt 0.729167 0.833333
vt 0.729167 0.888889
vt 0.729167 0.944444
vt 0.729167 1.000000
vt 0.729167 0.000000
vt 0.729167 0.055556
vt 0.729167 0.111111
vt 0.729167 0.166667
vt 0.729167 0.222222
vt 0.729167 0.277778
vt 0.729167 0.333333
vt 0.729167 0.388889
vt 0.729167 0.444444
vt 0.750000 0.500000
vt 0.750000 0.555556
vt 0.750000 0.611111
vt 0.750000 0.666667
vt 0.750000 0.722222
vt 0.750000 0.777778
vt 0.750000 0.833333
vt 0.750000 0.888889
vt 0.750000 0.944444
vt 0.750000 1.000000
vt 0.750000 0.000000
vt 0.750000 0.055556
vt 0.750000 0.111111
vt 0.750000 0.166667
vt 0.750000 0.222222
vt 0.750000 0.277778
vt 0.750000 0.333333
vt 0.750000 0.388889
vt 0.750000 0.444444
vt 0.770833 0.500000
vt 0.770833 0.555556
vt 0.770833 0.611111
vt 0.770833 0.666667
vt 0.770833 0.722222
vt 0.770833 0.777778
vt 0.770833 0.833333
vt 0.770833 0.888889
vt 0.770833 0.944444
vt 0.770833 1.000000
vt 0.770833 0.000000
vt 0.770833 0.055556
vt 0.770833 0.111111
vt 0.770833 0.166667
vt 0.770833 0.222222
vt 0.770833 0.277778
vt 0.770833 0.333333
vt 0.770833 0.388889
vt 0.770833 0.444444
vt 0.791667 0.500000
vt 0.791667 0.555556
vt 0.791667 0.611111
vt 0.791667 0.666667
vt 0.791667 0.722222
vt 0.791667 0.777778
vt 0.791667 0.833333
vt 0.791667 0.888889
vt 0.791667 0.944444
vt 0.791667 1.000000
vt 0.791667 0.000000
vt 0.791667 0.055556
vt 0.791667 0.111111
vt 0.791667 0.166667
vt 0.791667 0.222222
vt 0.791667 0.277778
vt 0.791667 0.333333
vt 0.791667 0.388889
vt 0.791667 0.444444
vt 0.812500 0.500000
vt 0.812500 0.555556
vt 0.812500 0.611111
vt 0.812500 0.666667
vt 0.812500 0.722222
vt 0.812500 0.777778
vt 0.812500 0.833333
vt 0.812500 0.888889
vt 0.812500 0.944444
vt 0.812500 1.000000
vt 0.812500 0.000000
vt 0.812500 0.055556
vt 0.812500 0.111111
vt 0.812500 0.166667
vt 0.812500 0.222222
vt 0.812500 0.277778
vt 0.812500 0.333333
vt 0.812500 0.388889
vt 0.812500 0.444444
vt 0.833333 0.500000
vt 0.833333 0.555556
vt 0.833333 0.611111
vt 0.833333 0.666667
vt 0.833333 0.722222
vt 0.833333 0.777778
vt 0.833333 0.833333
vt 0.833333 0.888889
vt 0.833333 0.944444
vt 0.833333 1.000000
vt 0.833333 0.000000
vt 0.833333 0.055556
vt 0.833333 0.111111
vt 0.833333 0.166667
vt 0.833333 0.222222
vt 0.833333 0.277778
vt 0.833333 0.333333
vt 0.833333 0.388889
vt 0.833333 0.444444
vt 0.854167 0.500000
vt 0.854167 0.555556
vt 0.854167 0.611111
vt 0.854167 0.666667
vt 0.854167 0.722222
vt 0.854167 0.777778
vt 0.854167 0.833333
vt 0.854167 0.888889
vt 0.854167 0.944444
vt 0.854167 1.000000
vt 0.854167 0.000000
vt 0.854167 0.055556
vt 0.854167 0.111111
vt 0.854167 0.166667
vt 0.854167 0.222222
vt 0.854167 0.277778
vt 0.854167 0.333333
vt 0.854167 0.388889
vt 0.854167 0.444444
vt 0.875000 0.500000
vt 0.875000 0.555556
vt 0.875000 0.611111
vt 0.875000 0.666667
vt 0.875000 0.722222
vt 0.875000 0.777778
vt 0.875000 0.833333
vt 0.875000 0.888889
vt 0.875000 0.944444
vt 0.875000 1.000000
vt 0.875000 0.000000
vt 0.875000 0.055556
vt 0.875000 0.111111
vt 0.875000 0.166667
vt 0.875000 0.222222
vt 0.875000 0.277778
vt 0.875000 0.333333
vt 0.875000 0.388889
vt 0.875000 0.444444
vt 0.895833 0.500000
vt 0.895833 0.555556
vt 0.895833 0.611111
vt 0.895833 0.666667
vt 0.895833 0.722222
vt 0.895833 0.777778
vt 0.895833 0.833333
vt 0.895833 0.888889
vt 0.895833 0.944444
vt 0.895833 1.000000
vt 0.895833 0.000000
vt 0.895833 0.055556
vt 0.895833 0.111111
vt 0.895833 0.166667
vt 0.895833 0.222222
vt 0.895833 0.277778
vt 0.895833 0.333333
vt 0.895833 0.388889
vt 0.895833 0.444444
vt 0.916667 0.500000
vt 0.916667 0.555556
vt 0.916667 0.611111
vt 0.916667 0.666667
vt 0.916667 0.722222
vt 0.916667 0.777778
vt 0.916667 0.833333
vt 0.916667 0.888889
vt 0.916667 0.944444
vt 0.916667 1.000000
vt 0.916667 0.000000
vt 0.916667 0.055556
vt 0.916667 0.111111
vt 0.916667 0.166667
vt 0.916667 0.222222
vt 0.916667 0.277778
vt 0.916667 0.333333
vt 0.916667 0.388889
vt 0.916667 0.444444
vt 0.937500 0.500000
vt 0.937500 0.555556
vt 0.937500 0.611111
vt 0.937500 0.666667
vt 0.937500 0.722222
vt 0.937500 0.777778
vt 0.937500 0.833333
vt 0.937500 0.888889
vt 0.937500 0.944444
vt 0.937500 1.000000
vt 0.937500 0.000000
vt 0.937500 0.055556
vt 0.937500 0.111111
vt 0.937500 0.166667
vt 0.937500 0.222222
vt 0.937500 0.277778
vt 0.937500 0.333333
vt 0.937500 0.388889
vt 0.937500 0.444444
vt 0.958333 0.500000
vt 0.958333 0.555556
vt 0.958333 0.611111
vt 0.958333 0.666667
vt 0.958333 0.722222
vt 0.958333 0.777778
vt 0.958333 0.833333
vt 0.958333 0.888889
vt 0.958333 0.944444
vt 0.958333 1.000000
vt 0.958333 0.000000
vt 0.958333 0.055556
vt 0.958333 0.111111
vt 0.958333 0.166667
vt 0.958333 0.222222
vt 0.958333 0.277778
vt 0.958333 0.333333
vt 0.958333 0.388889
vt 0.958333 0.444444
vt 0.979167 0.500000
vt 0.979167 0.555556
vt 0.979167 0.611111
vt 0.979167 0.666667
vt 0.979167 0.722222
vt 0.979167 0.777778
vt 0.979167 0.833333
vt 0.979167 0.888889
vt 0.979167 0.944444
vt 0.979167 1.000000
vt 0.979167 0.000000
vt 0.979167 0.055556
vt 0.979167 0.111111
vt 0.979167 0.166667
vt 0.979167 0.222222
vt 0.979167 0.277778
vt 0.979167 0.333333
vt 0.979167 0.388889
vt 0.979167 0.444444
vt 1.000000 0.500000
vt 0.000000 0.500000
vt 1.000000 0.555556
vt 0.000000 0.555556
vt 1.000000 0.611111
vt 0.000000 0.611111
vt 1.000000 0.666667
vt 0.000000 0.666667
vt 1.000000 0.722222
vt 0.000000 0.722222
vt 1.000000 0.777778
vt 0.000000 0.777778
vt 1.000000 0.833333
vt 0.000000 0.833333
vt 1.000000 0.888889
vt 0.000000 0.888889
vt 1.000000 0.944444
vt 0.000000 0.944444
vt 1.000000 1.000000
vt 1.000000 0.000000
vt 0.000000 1.000000
vt 0.000000 0.000000
vt 1.000000 0.055556
vt 0.000000 0.055556
vt 1.000000 0.111111
vt 0.000000 0.111111
vt 1.000000 0.166667
vt 0.000000 0.166667
vt 1.000000 0.222222
vt 0.000000 0.222222
vt 1.000000 0.277778
vt 0.000000 0.277778
vt 1.000000 0.333333
vt 0.000000 0.333333
vt 1.000000 0.388889
vt 0.000000 0.388889
vt 1.000000 0.444444
vt 0.000000 0.444444
vt 0.020833 0.500000
vt 0.020833 0.555556
vt 0.020833 0.611111
vt 0.020833 0.666667
vt 0.020833 0.722222
vt 0.020833 0.777778
vt 0.020833 0.833333
vt 0.020833 0.888889
vt 0.020833 0.944444
vt 0.020833 1.000000
vt 0.020833 0.000000
vt 0.020833 0.055556
vt 0.020833 0.111111
vt 0.020833 0.166667
vt 0.020833 0.222222
vt 0.020833 0.277778
vt 0.020833 0.333333
vt 0.020833 0.388889
vt 0.020833 0.444444
vt 0.041667 0.500000
vt 0.041667 0.555556
vt 0.041667 0.611111
vt 0.041667 0.666667
vt 0.041667 0.722222
vt 0.041667 0.777778
vt 0.041667 0.833333
vt 0.041667 0.888889
vt 0.041667 0.944444
vt 0.041667 1.000000
vt 0.041667 0.000000
vt 0.041667 0.055556
vt 0.041667 0.111111
vt 0.041667 0.166667
vt 0.041667 0.222222
vt 0.041667 0.277778
vt 0.041667 0.333333
vt 0.041667 0.388889
vt 0.041667 0.444444
vt 0.062500 0.500000
vt 0.062500 0.555556
vt 0.062500 0.611111
vt 0.062500 0.666667
vt 0.062500 0.722222
vt 0.062500 0.777778
vt 0.062500 0.833333
vt 0.062500 0.888889
vt 0.062500 0.944444
vt 0.062500 1.000000
vt 0.062500 0.000000
vt 0.062500 0.055556
vt 0.062500 0.111111
vt 0.062500 0.166667
vt 0.062500 0.222222
vt 0.062500 0.277778
vt 0.062500 0.333333
vt 0.062500 0.388889
vt 0.062500 0.444444
vt 0.083333 0.500000
vt 0.083333 0.555556
vt 0.083333 0.611111
vt 0.083333 0.666667
vt 0.083333 0.722222
vt 0.083333 0.777778
vt 0.083333 0.833333
vt 0.083333 0.888889
vt 0.083333 0.944444
vt 0.083333 1.000000
vt 0.083333 0.000000
vt 0.083333 0.055556
vt 0.083333 0.111111
vt 0.083333 0.166667
vt 0.083333 0.222222
vt 0.083333 0.277778
vt 0.083333 0.333333
vt 0.083333 0.388889
vt 0.083333 0.444444
vt 0.104167 0.500000
vt 0.104167 0.555556
vt 0.104167 0.611111
vt 0.104167 0.666667
vt 0.104167 0.722222
vt 0.104167 0.777778
vt 0.104167 0.833333
vt 0.104167 0.888889
vt 0.104167 0.944444
vt 0.104167 1.000000
vt 0.104167 0.000000
vt 0.104167 0.055556
vt 0.104167 0.111111
vt 0.104167 0.166667
vt 0.104167 0.222222
vt 0.104167 0.277778
vt 0.104167 0.333333
vt 0.104167 0.388889
vt 0.104167 0.444444
vt 0.125000 0.500000
vt 0.125000 0.555556
vt 0.125000 0.611111
vt 0.125000 0.666667
vt 0.125000 0.722222
vt 0.125000 0.777778
vt 0.125000 0.833333
vt 0.125000 0.888889
vt 0.125000 0.944444
vt 0.125000 1.000000
vt 0.125000 0.000000
vt 0.125000 0.055556
vt 0.125000 0.111111
vt 0.125000 0.166667
vt 0.125000 0.222222
vt 0.125000 0.277778
vt 0.125000 0.333333
vt 0.125000 0.388889
vt 0.125000 0.444444
vt 0.145833 0.500000
vt 0.145833 0.555556
vt 0.145833 0.611111
vt 0.145833 0.666667
vt 0.145833 0.722222
vt 0.145833 0.777778
vt 0.145833 0.833333
vt 0.145833 0.888889
vt 0.145833 0.944444
vt 0.145833 1.000000
vt 0.145833 0.000000
vt 0.145833 0.055556
vt 0.145833 0.111111
vt 0.145833 0.166667
vt 0.145833 0.222222
vt 0.145833 0.277778
vt 0.145833 0.333333
vt 0.145833 0.388889
vt 0.145833 0.444444
vt 0.166667 0.500000
vt 0.166667 0.555556
vt 0.166667 0.611111
vt 0.166667 0.666667
vt 0.166667 0.722222
vt 0.166667 0.777778
vt 0.166667 0.833333
vt 0.166667 0.888889
vt 0.166667 0.944444
vt 0.166667 1.000000
vt 0.166667 0.000000
vt 0.166667 0.055556
vt 0.166667 0.111111
vt 0.166667 0.166667
vt 0.166667 0.222222
vt 0.166667 0.277778
vt 0.166667 0.333333
vt 0.166667 0.388889
vt 0.166667 0.444444
vt 0.187500 0.500000
vt 0.187500 0.555556
vt 0.187500 0.611111
vt 0.187500 0.666667
vt 0.187500 0.722222
vt 0.187500 0.777778
vt 0.187500 0.833333
vt 0.187500 0.888889
vt 0.187500 0.944444
vt 0.187500 1.000000
vt 0.187500 0.000000
vt 0.187500 0.055556
vt 0.187500 0.111111
vt 0.187500 0.166667
vt 0.187500 0.222222
vt 0.187500 0.277778
vt 0.187500 0.333333
vt 0.187500 0.388889
vt 0.187500 0.444444
vt 0.208333 0.500000
vt 0.208333 0.555556
vt 0.208333 0.611111
vt 0.208333 0.666667
vt 0.208333 0.722222
vt 0.208333 0.777778
vt 0.208333 0.833333
vt 0.208333 0.888889
vt 0.208333 0.944444
vt 0.208333 1.000000
vt 0.208333 0.000000
vt 0.208333 0.055556
vt 0.208333 0.111111
vt 0.208333 0.166667
vt 0.208333 0.222222
vt 0.208333 0.277778
vt 0.208333 0.333333
vt 0.208333 0.388889
vt 0.208333 0.444444
vt 0.229167 0.500000
vt 0.229167 0.555556
vt 0.229167 0.611111
vt 0.229167 0.666667
vt 0.229167 0.722222
vt 0.229167 0.777778
vt 0.229167 0.833333
vt 0.229167 0.888889
vt 0.229167 0.944444
vt 0.229167 1.000000
vt 0.229167 0.000000
vt 0.229167 0.055556
vt 0.229167 0.111111
vt 0.229167 0.166667
vt 0.229167 0.222222
vt 0.229167 0.277778
vt 0.229167 0.333333
vt 0.229167 0.388889
vt 0.229167 0.444444
vt 0.500000 0.500000
vt 0.500000 0.555556
vt 0.500000 0.611111
vt 0.500000 0.666667
vt 0.500000 0.722222
vt 0.500000 0.777778
vt 0.500000 0.833333
vt 0.500000 0.888889
vt 0.500000 0.944444
vt 0.500000 1.000000
vt 0.500000 0.000000
vt 0.500000 0.055556
vt 0.500000 0.111111
vt 0.500000 0.166667
vt 0.500000 0.222222
vt 0.500000 0.277778
vt 0.500000 0.333333
vt 0.500000 0.388889
vt 0.500000 0.444444
vt 0.520833 0.500000
vt 0.520833 0.555556
vt 0.520833 0.611111
vt 0.520833 0.666667
vt 0.520833 0.722222
vt 0.520833 0.777778
vt 0.520833 0.833333
vt 0.520833 0.888889
vt 0.520833 0.944444
vt 0.520833 1.000000
vt 0.520833 0.000000
vt 0.520833 0.055556
vt 0.520833 0.111111
vt 0.520833 0.166667
vt 0.520833 0.222222
vt 0.520833 0.277778
vt 0.520833 0.333333
vt 0.520833 0.388889
vt 0.520833 0.444444
vt 0.541667 0.500000
vt 0.541667 0.555556
vt 0.541667 0.611111
vt 0.541667 0.666667
vt 0.541667 0.722222
vt 0.541667 0.777778
vt 0.541667 0.833333
vt 0.541667 0.888889
vt 0.541667 0.944444
vt 0.541667 1.000000
vt 0.541667 0.000000
vt 0.541667 0.055556
vt 0.541667 0.111111
vt 0.541667 0.166667
vt 0.541667 0.222222
vt 0.541667 0.277778
vt 0.541667 0.333333
vt 0.541667 0.388889
vt 0.541667 0.444444
vt 0.562500 0.500000
vt 0.562500 0.555556
vt 0.562500 0.611111
vt 0.562500 0.666667
vt 0.562500 0.722222
vt 0.562500 0.777778
vt 0.562500 0.833333
vt 0.562500 0.888889
vt 0.562500 0.944444
vt 0.562500 1.000000
vt 0.562500 0.000000
vt 0.562500 0.055556
vt 0.562500 0.111111
vt 0.562500 0.166667
vt 0.562500 0.222222
vt 0.562500 0.277778
vt 0.562500 0.333333
vt 0.562500 0.388889
vt 0.562500 0.444444
vt 0.583333 0.500000
vt 0.583333 0.555556
vt 0.583333 0.611111
vt 0.583333 0.666667
vt 0.583333 0.722222
vt 0.583333 0.777778
vt 0.583333 0.833333
vt 0.583333 0.888889
vt 0.583333 0.944444
vt 0.583333 1.000000
vt 0.583333 0.000000
vt 0.583333 0.055556
vt 0.583333 0.111111
vt 0.583333 0.166667
vt 0.583333 0.222222
vt 0.583333 0.277778
vt 0.583333 0.333333
vt 0.583333 0.388889
vt 0.583333 0.444444
vt 0.604167 0.500000
vt 0.604167 0.555556
vt 0.604167 0.611111
vt 0.604167 0.666667
vt 0.604167 0.722222
vt 0.604167 0.777778
vt 0.604167 0.833333
vt 0.604167 0.888889
vt 0.604167 0.944444
vt 0.604167 1.000000
vt 0.604167 0.000000
vt 0.604167 0.055556
vt 0.604167 0.111111
vt 0.604167 0.166667
vt 0.604167 0.222222
vt 0.604167 0.277778
vt 0.604167 0.333333
vt 0.604167 0.388889
vt 0.604167 0.444444
vt 0.625000 0.500000
vt 0.625000 0.555556
vt 0.625000 0.611111
vt 0.625000 0.666667
vt 0.625000 0.722222
vt 0.625000 0.777778
vt 0.625000 0.833333
vt 0.625000 0.888889
vt 0.625000 0.944444
vt 0.625000 1.000000
vt 0.625000 0.000000
vt 0.625000 0.055556
vt 0.625000 0.111111
vt 0.625000 0.166667
vt 0.625000 0.222222
vt 0.625000 0.277778
vt 0.625000 0.333333
vt 0.625000 0.388889
vt 0.625000 0.444444
vt 0.645833 0.500000
vt 0.645833 0.555556
vt 0.645833 0.611111
vt 0.645833 0.666667
vt 0.645833 0.722222
vt 0.645833 0.777778
vt 0.645833 0.833333
vt 0.645833 0.888889
vt 0.645833 0.944444
vt 0.645833 1.000000
vt 0.645833 0.000000
vt 0.645833 0.055556
vt 0.645833 0.111111
vt 0.645833 0.166667
vt 0.645833 0.222222
vt 0.645833 0.277778
vt 0.645833 0.333333
vt 0.645833 0.388889
vt 0.645833 0.444444
vt 0.666667 0.500000
vt 0.666667 0.555556
vt 0.666667 0.611111
vt 0.666667 0.666667
vt 0.666667 0.722222
vt 0.666667 0.777778
vt 0.666667 0.833333
vt 0.666667 0.888889
vt 0.666667 0.944444
vt 0.666667 1.000000
vt 0.666667 0.000000
vt 0.666667 0.055556
vt 0.666667 0.111111
vt 0.666667 0.166667
vt 0.666667 0.222222
vt 0.666667 0.277778
vt 0.666667 0.333333
vt 0.666667 0.388889
vt 0.666667 0.444444
vt 0.687500 0.500000
vt 0.687500 0.555556
vt 0.687500 0.611111
vt 0.687500 0.666667
vt 0.687500 0.722222
vt 0.687500 0.777778
vt 0.687500 0.833333
vt 0.687500 0.888889
vt 0.687500 0.944444
vt 0.687500 1.000000
vt 0.687500 0.000000
vt 0.687500 0.055556
vt 0.687500 0.111111
vt 0.687500 0.166667
vt 0.687500 0.222222
vt 0.687500 0.277778
vt 0.687500 0.333333
vt 0.687500 0.388889
vt 0.687500 0.444444
vt 0.708333 0.500000
vt 0.708333 0.555556
vt 0.708333 0.611111
vt 0.708333 0.666667
vt 0.708333 0.722222
vt 0.708333 0.777778
vt 0.708333 0.833333
vt 0.708333 0.888889
vt 0.708333 0.944444
vt 0.708333 1.000000
vt 0.708333 0.000000
vt 0.708333 0.055556
vt 0.708333 0.111111
vt 0.708333 0.166667
vt 0.708333 0.222222
vt 0.708333 0.277778
vt 0.708333 0.333333
vt 0.708333 0.388889
vt 0.708333 0.444444
vt 0.729167 0.500000
vt 0.729167 0.555556
vt 0.729167 0.611111
vt 0.729167 0.666667
vt 0.729167 0.722222
vt 0.729167 0.777778
vt 0.729167 0.833333
vt 0.729167 0.888889
vt 0.729167 0.944444
vt 0.729167 1.000000
vt 0.729167 0.000000
vt 0.729167 0.055556
vt 0.729167 0.111111
vt 0.729167 0.166667
vt 0.729167 0.222222
vt 0.729167 0.277778
vt 0.729167 0.333333
vt 0.729167 0.388889
vt 0.729167 0.444444
vt 0.250000 0.500000
vt 0.250000 0.555556
vt 0.250000 0.611111
vt 0.250000 0.666667
vt 0.250000 0.722222
vt 0.250000 0.777778
vt 0.250000 0.833333
vt 0.250000 0.888889
vt 0.250000 0.944444
vt 0.250000 1.000000
vt 0.250000 0.000000
vt 0.250000 0.055556
vt 0.250000 0.111111
vt 0.250000 0.166667
vt 0.250000 0.222222
vt 0.250000 0.277778
vt 0.250000 0.333333
vt 0.250000 0.388889
vt 0.250000 0.444444
vt 0.270833 0.500000
vt 0.270833 0.555556
vt 0.270833 0.611111
vt 0.270833 0.666667
vt 0.270833 0.722222
vt 0.270833 0.777778
vt 0.270833 0.833333
vt 0.270833 0.888889
vt 0.270833 0.944444
vt 0.270833 1.000000
vt 0.270833 0.000000
vt 0.270833 0.055556
vt 0.270833 0.111111
vt 0.270833 0.166667
vt 0.270833 0.222222
vt 0.270833 0.277778
vt 0.270833 0.333333
vt 0.270833 0.388889
vt 0.270833 0.444444
vt 0.291667 0.500000
vt 0.291667 0.555556
vt 0.291667 0.611111
vt 0.291667 0.666667
vt 0.291667 0.722222
vt 0.291667 0.777778
vt 0.291667 0.833333
vt 0.291667 0.888889
vt 0.291667 0.944444
vt 0.291667 1.000000
vt 0.291667 0.000000
vt 0.291667 0.055556
vt 0.291667 0.111111
vt 0.291667 0.166667
vt 0.291667 0.222222
vt 0.291667 0.277778
vt 0.291667 0.333333
vt 0.291667 0.388889
vt 0.291667 0.444444
vt 0.312500 0.500000
vt 0.312500 0.555556
vt 0.312500 0.611111
vt 0.312500 0.666667
vt 0.312500 0.722222
vt 0.312500 0.777778
vt 0.312500 0.833333
vt 0.312500 0.888889
vt 0.312500 0.944444
vt 0.312500 1.000000
vt 0.312500 0.000000
vt 0.312500 0.055556
vt 0.312500 0.111111
vt 0.312500 0.166667
vt 0.312500 0.222222
vt 0.312500 0.277778
vt 0.312500 0.333333
vt 0.312500 0.388889
vt 0.312500 0.444444
vt 0.333333 0.500000
vt 0.333333 0.555556
vt 0.333333 0.611111
vt 0.333333 0.666667
vt 0.333333 0.722222
vt 0.333333 0.777778
vt 0.333333 0.833333
vt 0.333333 0.888889
vt 0.333333 0.944444
vt 0.333333 1.000000
vt 0.333333 0.000000
vt 0.333333 0.055556
vt 0.333333 0.111111
vt 0.333333 0.166667
vt 0.333333 0.222222
vt 0.333333 0.277778
vt 0.333333 0.333333
vt 0.333333 0.388889
vt 0.333333 0.444444
vt 0.354167 0.500000
vt 0.354167 0.555556
vt 0.354167 0.611111
vt 0.354167 0.666667
vt 0.354167 0.722222
vt 0.354167 0.777778
vt 0.354167 0.833333
vt 0.354167 0.888889
vt 0.354167 0.944444
vt 0.354167 1.000000
vt 0.354167 0.000000
vt 0.354167 0.055556
vt 0.354167 0.111111
vt 0.354167 0.166667
vt 0.354167 0.222222
vt 0.354167 0.277778
vt 0.354167 0.333333
vt 0.354167 0.388889
vt 0.354167 0.444444
vt 0.375000 0.500000
vt 0.375000 0.555556
vt 0.375000 0.611111
vt 0.375000 0.666667
vt 0.375000 0.722222
vt 0.375000 0.777778
vt 0.375000 0.833333
vt 0.375000 0.888889
vt 0.375000 0.944444
vt 0.375000 1.000000
vt 0.375000 0.000000
vt 0.375000 0.055556
vt 0.375000 0.111111
vt 0.375000 0.166667
vt 0.375000 0.222222
vt 0.375000 0.277778
vt 0.375000 0.333333
vt 0.375000 0.388889
vt 0.375000 0.444444
vt 0.395833 0.500000
vt 0.395833 0.555556
vt 0.395833 0.611111
vt 0.395833 0.666667
vt 0.395833 0.722222
vt 0.395833 0.777778
vt 0.395833 0.833333
vt 0.395833 0.888889
vt 0.395833 0.944444
vt 0.395833 1.000000
vt 0.395833 0.000000
vt 0.395833 0.055556
vt 0.395833 0.111111
vt 0.395833 0.166667
vt 0.395833 0.222222
vt 0.395833 0.277778
vt 0.395833 0.333333
vt 0.395833 0.388889
vt 0.395833 0.444444
vt 0.416667 0.500000
vt 0.416667 0.555556
vt 0.416667 0.611111
vt 0.416667 0.666667
vt 0.416667 0.722222
vt 0.416667 0.777778
vt 0.416667 0.833333
vt 0.416667 0.888889
vt 0.416667 0.944444
vt 0.416667 1.000000
vt 0.416667 0.000000
vt 0.416667 0.055556
vt 0.416667 0.111111
vt 0.416667 0.166667
vt 0.416667 0.222222
vt 0.416667 0.277778
vt 0.416667 0.333333
vt 0.416667 0.388889
vt 0.416667 0.444444
vt 0.437500 0.500000
vt 0.437500 0.555556
vt 0.437500 0.611111
vt 0.437500 0.666667
vt 0.437500 0.722222
vt 0.437500 0.777778
vt 0.437500 0.833333
vt 0.437500 0.888889
vt 0.437500 0.944444
vt 0.437500 1.000000
vt 0.437500 0.000000
vt 0.437500 0.055556
vt 0.437500 0.111111
vt 0.437500 0.166667
vt 0.437500 0.222222
vt 0.437500 0.277778
vt 0.437500 0.333333
vt 0.437500 0.388889
vt 0.437500 0.444444
vt 0.458333 0.500000
vt 0.458333 0.555556
vt 0.458333 0.611111
vt 0.458333 0.666667
vt 0.458333 0.722222
vt 0.458333 0.777778
vt 0.458333 0.833333
vt 0.458333 0.888889
vt 0.458333 0.944444
vt 0.458333 1.000000
vt 0.458333 0.000000
vt 0.458333 0.055556
vt 0.458333 0.111111
vt 0.458333 0.166667
vt 0.458333 0.222222
vt 0.458333 0.277778
vt 0.458333 0.333333
vt 0.458333 0.388889
vt 0.458333 0.444444
vt 0.479167 0.500000
vt 0.479167 0.555556
vt 0.479167 0.611111
vt 0.479167 0.666667
vt 0.479167 0.722222
vt 0.479167 0.777778
vt 0.479167 0.833333
vt 0.479167 0.888889
vt 0.479167 0.944444
vt 0.479167 1.000000
vt 0.479167 0.000000
vt 0.479167 0.055556
vt 0.479167 0.111111
vt 0.479167 0.166667
vt 0.479167 0.222222
vt 0.479167 0.277778
vt 0.479167 0.333333
vt 0.479167 0.388889
vt 0.479167 0.444444
vt 0.729167 0.500000
vt 0.729167 0.555556
vt 0.729167 0.611111
vt 0.729167 0.666667
vt 0.729167 0.722222
vt 0.729167 0.777778
vt 0.729167 0.833333
vt 0.729167 0.888889
vt 0.729167 0.944444
vt 0.729167 1.000000
vt 0.729167 0.000000
vt 0.729167 0.055556
vt 0.729167 0.111111
vt 0.729167 0.166667
vt 0.729167 0.222222
vt 0.729167 0.277778
vt 0.729167 0.333333
vt 0.729167 0.388889
vt 0.729167 0.444444
vt 0.750000 0.500000
vt 0.750000 0.555556
vt 0.750000 0.611111
vt 0.750000 0.666667
vt 0.750000 0.722222
vt 0.750000 0.777778
vt 0.750000 0.833333
vt 0.750000 0.888889
vt 0.750000 0.944444
vt 0.750000 1.000000
vt 0.750000 0.000000
vt 0.750000 0.055556
vt 0.750000 0.111111
vt 0.750000 0.166667
vt 0.750000 0.222222
vt 0.750000 0.277778
vt 0.750000 0.333333
vt 0.750000 0.388889
vt 0.750000 0.444444
vt 0.770833 0.500000
vt 0.770833 0.555556
vt 0.770833 0.611111
vt 0.770833 0.666667
vt 0.770833 0.722222
vt 0.770833 0.777778
vt 0.770833 0.833333
vt 0.770833 0.888889
vt 0.770833 0.944444
vt 0.770833 1.000000
vt 0.770833 0.000000
vt 0.770833 0.055556
vt 0.770833 0.111111
vt 0.770833 0.166667
vt 0.770833 0.222222
vt 0.770833 0.277778
vt 0.770833 0.333333
vt 0.770833 0.388889
vt 0.770833 0.444444
vt 0.791667 0.500000
vt 0.791667 0.555556
vt 0.791667 0.611111
vt 0.791667 0.666667
vt 0.791667 0.722222
vt 0.791667 0.777778
vt 0.791667 0.833333
vt 0.791667 0.888889
vt 0.791667 0.944444
vt 0.791667 1.000000
vt 0.791667 0.000000
vt 0.791667 0.055556
vt 0.791667 0.111111
vt 0.791667 0.166667
vt 0.791667 0.222222
vt 0.791667 0.277778
vt 0.791667 0.333333
vt 0.791667 0.388889
vt 0.791667 0.444444
vt 0.812500 0.500000
vt 0.812500 0.555556
vt 0.812500 0.611111
vt 0.812500 0.666667
vt 0.812500 0.722222
vt 0.812500 0.777778
vt 0.812500 0.833333
vt 0.812500 0.888889
vt 0.812500 0.944444
vt 0.812500 1.000000
vt 0.812500 0.000000
vt 0.812500 0.055556
vt 0.812500 0.111111
vt 0.812500 0.166667
vt 0.812500 0.222222
vt 0.812500 0.277778
vt 0.812500 0.333333
vt 0.812500 0.388889
vt 0.812500 0.444444
vt 0.833333 0.500000
vt 0.833333 0.555556
vt 0.833333 0.611111
vt 0.833333 0.666667
vt 0.833333 0.722222
vt 0.833333 0.777778
vt 0.833333 0.833333
vt 0.833333 0.888889
vt 0.833333 0.944444
vt 0.833333 1.000000
vt 0.833333 0.000000
vt 0.833333 0.055556
vt 0.833333 0.111111
vt 0.833333 0.166667
vt 0.833333 0.222222
vt 0.833333 0.277778
vt 0.833333 0.333333
vt 0.833333 0.388889
vt 0.833333 0.444444
vt 0.854167 0.500000
vt 0.854167 0.555556
vt 0.854167 0.611111
vt 0.854167 0.666667
vt 0.854167 0.722222
vt 0.854167 0.777778
vt 0.854167 0.833333
vt 0.854167 0.888889
vt 0.854167 0.944444
vt 0.854167 1.000000
vt 0.854167 0.000000
vt 0.854167 0.055556
vt 0.854167 0.111111
vt 0.854167 0.166667
vt 0.854167 0.222222
vt 0.854167 0.277778
vt 0.854167 0.333333
vt 0.854167 0.388889
vt 0.854167 0.444444
vt 0.875000 0.500000
vt 0.875000 0.555556
vt 0.875000 0.611111
vt 0.875000 0.666667
vt 0.875000 0.722222
vt 0.875000 0.777778
vt 0.875000 0.833333
vt 0.875000 0.888889
vt 0.875000 0.944444
vt 0.875000 1.000000
vt 0.875000 0.000000
vt 0.875000 0.055556
vt 0.875000 0.111111
vt 0.875000 0.166667
vt 0.875000 0.222222
vt 0.875000 0.277778
vt 0.875000 0.333333
vt 0.875000 0.388889
vt 0.875000 0.444444
vt 0.895833 0.500000
vt 0.895833 0.555556
vt 0.895833 0.611111
vt 0.895833 0.666667
vt 0.895833 0.722222
vt 0.895833 0.777778
vt 0.895833 0.833333
vt 0.895833 0.888889
vt 0.895833 0.944444
vt 0.895833 1.000000
vt 0.895833 0.000000
vt 0.895833 0.055556
vt 0.895833 0.111111
vt 0.895833 0.166667
vt 0.895833 0.222222
vt 0.895833 0.277778
vt 0.895833 0.333333
vt 0.895833 0.388889
vt 0.895833 0.444444
vt 0.916667 0.500000
vt 0.916667 0.555556
vt 0.916667 0.611111
vt 0.916667 0.666667
vt 0.916667 0.722222
vt 0.916667 0.777778
vt 0.916667 0.833333
vt 0.916667 0.888889
vt 0.916667 0.944444
vt 0.916667 1.000000
vt 0.916667 0.000000
vt 0.916667 0.055556
vt 0.916667 0.111111
vt 0.916667 0.166667
vt 0.916667 0.222222
vt 0.916667 0.277778
vt 0.916667 0.333333
vt 0.916667 0.388889
vt 0.916667 0.444444
vt 0.937500 0.500000
vt 0.937500 0.555556
vt 0.937500 0.611111
vt 0.937500 0.666667
vt 0.937500 0.722222
vt 0.937500 0.777778
vt 0.937500 0.833333
vt 0.937500 0.888889
vt 0.937500 0.944444
vt 0.937500 1.000000
vt 0.937500 0.000000
vt 0.937500 0.055556
vt 0.937500 0.111111
vt 0.937500 0.166667
vt 0.937500 0.222222
vt 0.937500 0.277778
vt 0.937500 0.333333
vt 0.937500 0.388889
vt 0.937500 0.444444
vt 0.958333 0.500000
vt 0.958333 0.555556
vt 0.958333 0.611111
vt 0.958333 0.666667
vt 0.958333 0.722222
vt 0.958333 0.777778
vt 0.958333 0.833333
vt 0.958333 0.888889
vt 0.958333 0.944444
vt 0.958333 1.000000
vt 0.958333 0.000000
vt 0.958333 0.055556
vt 0.958333 0.111111
vt 0.958333 0.166667
vt 0.958333 0.222222
vt 0.958333 0.277778
vt 0.958333 0.333333
vt 0.958333 0.388889
vt 0.958333 0.444444
vt 0.979167 0.500000
vt 0.979167 0.555556
vt 0.979167 0.611111
vt 0.979167 0.666667
vt 0.979167 0.722222
vt 0.979167 0.777778
vt 0.979167 0.833333
vt 0.979167 0.888889
vt 0.979167 0.944444
vt 0.979167 1.000000
vt 0.979167 0.000000
vt 0.979167 0.055556
vt 0.979167 0.111111
vt 0.979167 0.166667
vt 0.979167 0.222222
vt 0.979167 0.277778
vt 0.979167 0.333333
vt 0.979167 0.388889
vt 0.979167 0.444444
vt 1.000000 0.500000
vt 0.000000 0.500000
vt 1.000000 0.555556
vt 0.000000 0.555556
vt 1.000000 0.611111
vt 0.000000 0.611111
vt 1.000000 0.666667
vt 0.000000 0.666667
vt 1.000000 0.722222
vt 0.000000 0.722222
vt 1.000000 0.777778
vt 0.000000 0.777778
vt 1.000000 0.833333
vt 0.000000 0.833333
vt 1.000000 0.888889
vt 0.000000 0.888889
vt 1.000000 0.944444
vt 0.000000 0.944444
vt 1.000000 1.000000
vt 1.000000 0.000000
vt 0.000000 1.000000
vt 0.000000 0.000000
vt 1.000000 0.055556
vt 0.000000 0.055556
vt 1.000000 0.111111
vt 0.000000 0.111111
vt 1.000000 0.166667
vt 0.000000 0.166667
vt 1.000000 0.222222
vt 0.000000 0.222222
vt 1.000000 0.277778
vt 0.000000 0.277778
vt 1.000000 0.333333
vt 0.000000 0.333333
vt 1.000000 0.388889
vt 0.000000 0.388889
vt 1.000000 0.444444
vt 0.000000 0.444444
vt 0.020833 0.500000
vt 0.020833 0.555556
vt 0.020833 0.611111
vt 0.020833 0.666667
vt 0.020833 0.722222
vt 0.020833 0.777778
vt 0.020833 0.833333
vt 0.020833 0.888889
vt 0.020833 0.944444
vt 0.020833 1.000000
vt 0.020833 0.000000
vt 0.020833 0.055556
vt 0.020833 0.111111
vt 0.020833 0.166667
vt 0.020833 0.222222
vt 0.020833 0.277778
vt 0.020833 0.333333
vt 0.020833 0.388889
vt 0.020833 0.444444
vt 0.041667 0.500000
vt 0.041667 0.555556
vt 0.041667 0.611111
vt 0.041667 0.666667
vt 0.041667 0.722222
vt 0.041667 0.777778
vt 0.041667 0.833333
vt 0.041667 0.888889
vt 0.041667 0.944444
vt 0.041667 1.000000
vt 0.041667 0.000000
vt 0.041667 0.055556
vt 0.041667 0.111111
vt 0.041667 0.166667
vt 0.041667 0.222222
vt 0.041667 0.277778
vt 0.041667 0.333333
vt 0.041667 0.388889
vt 0.041667 0.444444
vt 0.062500 0.500000
vt 0.062500 0.555556
vt 0.062500 0.611111
vt 0.062500 0.666667
vt 0.062500 0.722222
vt 0.062500 0.777778
vt 0.062500 0.833333
vt 0.062500 0.888889
vt 0.062500 0.944444
vt 0.062500 1.000000
vt 0.062500 0.000000
vt 0.062500 0.055556
vt 0.062500 0.111111
vt 0.062500 0.166667
vt 0.062500 0.222222
vt 0.062500 0.277778
vt 0.062500 0.333333
vt 0.062500 0.388889
vt 0.062500 0.444444
vt 0.083333 0.500000
vt 0.083333 0.555556
vt 0.083333 0.611111
vt 0.083333 0.666667
vt 0.083333 0.722222
vt 0.083333 0.777778
vt 0.083333 0.833333
vt 0.083333 0.888889
vt 0.083333 0.944444
vt 0.083333 1.000000
vt 0.083333 0.000000
vt 0.083333 0.055556
vt 0.083333 0.111111
vt 0.083333 0.166667
vt 0.083333 0.222222
vt 0.083333 0.277778
vt 0.083333 0.333333
vt 0.083333 0.388889
vt 0.083333 0.444444
vt 0.104167 0.500000
vt 0.104167 0.555556
vt 0.104167 0.611111
vt 0.104167 0.666667
vt 0.104167 0.722222
vt 0.104167 0.777778
vt 0.104167 0.833333
vt 0.104167 0.888889
vt 0.104167 0.944444
vt 0.104167 1.000000
vt 0.104167 0.000000
vt 0.104167 0.055556
vt 0.104167 0.111111
vt 0.104167 0.166667
vt 0.104167 0.222222
vt 0.104167 0.277778
vt 0.104167 0.333333
vt 0.104167 0.388889
vt 0.104167 0.444444
vt 0.125000 0.500000
vt 0.125000 0.555556
vt 0.125000 0.611111
vt 0.125000 0.666667
vt 0.125000 0.722222
vt 0.125000 0.777778
vt 0.125000 0.833333
vt 0.125000 0.888889
vt 0.125000 0.944444
vt 0.125000 1.000000
vt 0.125000 0.000000
vt 0.125000 0.055556
vt 0.125000 0.111111
vt 0.125000 0.166667
vt 0.125000 0.222222
vt 0.125000 0.277778
vt 0.125000 0.333333
vt 0.125000 0.388889
vt 0.125000 0.444444
vt 0.145833 0.500000
vt 0.145833 0.555556
vt 0.145833 0.611111
vt 0.145833 0.666667
vt 0.145833 0.722222
vt 0.145833 0.777778
vt 0.145833 0.833333
vt 0.145833 0.888889
vt 0.145833 0.944444
vt 0.145833 1.000000
vt 0.145833 0.000000
vt 0.145833 0.055556
vt 0.145833 0.111111
vt 0.145833 0.166667
vt 0.145833 0.222222
vt 0.145833 0.277778
vt 0.145833 0.333333
vt 0.145833 0.388889
vt 0.145833 0.444444
vt 0.166667 0.500000
vt 0.166667 0.555556
vt 0.166667 0.611111
vt 0.166667 0.666667
vt 0.166667 0.722222
vt 0.166667 0.777778
vt 0.166667 0.833333
vt 0.166667 0.888889
vt 0.166667 0.944444
vt 0.166667 1.000000
vt 0.166667 0.000000
vt 0.166667 0.055556
vt 0.166667 0.111111
vt 0.166667 0.166667
vt 0.166667 0.222222
vt 0.166667 0.277778
vt 0.166667 0.333333
vt 0.166667 0.388889
vt 0.166667 0.444444
vt 0.187500 0.500000
vt 0.187500 0.555556
vt 0.187500 0.611111
vt 0.187500 0.666667
vt 0.187500 0.722222
vt 0.187500 0.777778
vt 0.187500 0.833333
vt 0.187500 0.888889
vt 0.187500 0.944444
vt 0.187500 1.000000
vt 0.187500 0.000000
vt 0.187500 0.055556
vt 0.187500 0.111111
vt 0.187500 0.166667
vt 0.187500 0.222222
vt 0.187500 0.277778
vt 0.187500 0.333333
vt 0.187500 0.388889
vt 0.187500 0.444444
vt 0.208333 0.500000
vt 0.208333 0.555556
vt 0.208333 0.611111
vt 0.208333 0.666667
vt 0.208333 0.722222
vt 0.208333 0.777778
vt 0.208333 0.833333
vt 0.208333 0.888889
vt 0.208333 0.944444
vt 0.208333 1.000000
vt 0.208333 0.000000
vt 0.208333 0.055556
vt 0.208333 0.111111
vt 0.208333 0.166667
vt 0.208333 0.222222
vt 0.208333 0.277778
vt 0.208333 0.333333
vt 0.208333 0.388889
vt 0.208333 0.444444
vt 0.229167 0.500000
vt 0.229167 0.555556
vt 0.229167 0.611111
vt 0.229167 0.666667
vt 0.229167 0.722222
vt 0.229167 0.777778
vt 0.229167 0.833333
vt 0.229167 0.888889
vt 0.229167 0.944444
vt 0.229167 1.000000
vt 0.229167 0.000000
vt 0.229167 0.055556
vt 0.229167 0.111111
vt 0.229167 0.166667
vt 0.229167 0.222222
vt 0.229167 0.277778
vt 0.229167 0.333333
vt 0.229167 0.388889
vt 0.229167 0.444444
vt 0.500000 0.500000
vt 0.500000 0.555556
vt 0.500000 0.611111
vt 0.500000 0.666667
vt 0.500000 0.722222
vt 0.500000 0.777778
vt 0.500000 0.833333
vt 0.500000 0.888889
vt 0.500000 0.944444
vt 0.500000 1.000000
vt 0.500000 0.000000
vt 0.500000 0.055556
vt 0.500000 0.111111
vt 0.500000 0.166667
vt 0.500000 0.222222
vt 0.500000 0.277778
vt 0.500000 0.333333
vt 0.500000 0.388889
vt 0.500000 0.444444
vt 0.520833 0.500000
vt 0.520833 0.555556
vt 0.520833 0.611111
vt 0.520833 0.666667
vt 0.520833 0.722222
vt 0.520833 0.777778
vt 0.520833 0.833333
vt 0.520833 0.888889
vt 0.520833 0.944444
vt 0.520833 1.000000
vt 0.520833 0.000000
vt 0.520833 0.055556
vt 0.520833 0.111111
vt 0.520833 0.166667
vt 0.520833 0.222222
vt 0.520833 0.277778
vt 0.520833 0.333333
vt 0.520833 0.388889
vt 0.520833 0.444444
vt 0.541667 0.500000
vt 0.541667 0.555556
vt 0.541667 0.611111
vt 0.541667 0.666667
vt 0.541667 0.722222
vt 0.541667 0.777778
vt 0.541667 0.833333
vt 0.541667 0.888889
vt 0.541667 0.944444
vt 0.541667 1.000000
vt 0.541667 0.000000
vt 0.541667 0.055556
vt 0.541667 0.111111
vt 0.541667 0.166667
vt 0.541667 0.222222
vt 0.541667 0.277778
vt 0.541667 0.333333
vt 0.541667 0.388889
vt 0.541667 0.444444
vt 0.562500 0.500000
vt 0.562500 0.555556
vt 0.562500 0.611111
vt 0.562500 0.666667
vt 0.562500 0.722222
vt 0.562500 0.777778
vt 0.562500 0.833333
vt 0.562500 0.888889
vt 0.562500 0.944444
vt 0.562500 1.000000
vt 0.562500 0.000000
vt 0.562500 0.055556
vt 0.562500 0.111111
vt 0.562500 0.166667
vt 0.562500 0.222222
vt 0.562500 0.277778
vt 0.562500 0.333333
vt 0.562500 0.388889
vt 0.562500 0.444444
vt 0.583333 0.500000
vt 0.583333 0.555556
vt 0.583333 0.611111
vt 0.583333 0.666667
vt 0.583333 0.722222
vt 0.583333 0.777778
vt 0.583333 0.833333
vt 0.583333 0.888889
vt 0.583333 0.944444
vt 0.583333 1.000000
vt 0.583333 0.000000
vt 0.583333 0.055556
vt 0.583333 0.111111
vt 0.583333 0.166667
vt 0.583333 0.222222
vt 0.583333 0.277778
vt 0.583333 0.333333
vt 0.583333 0.388889
vt 0.583333 0.444444
vt 0.604167 0.500000
vt 0.604167 0.555556
vt 0.604167 0.611111
vt 0.604167 0.666667
vt 0.604167 0.722222
vt 0.604167 0.777778
vt 0.604167 0.833333
vt 0.604167 0.888889
vt 0.604167 0.944444
vt 0.604167 1.000000
vt 0.604167 0.000000
vt 0.604167 0.055556
vt 0.604167 0.111111
vt 0.604167 0.166667
vt 0.604167 0.222222
vt 0.604167 0.277778
vt 0.604167 0.333333
vt 0.604167 0.388889
vt 0.604167 0.444444
vt 0.625000 0.500000
vt 0.625000 0.555556
vt 0.625000 0.611111
vt 0.625000 0.666667
vt 0.625000 0.722222
vt 0.625000 0.777778
vt 0.625000 0.833333
vt 0.625000 0.888889
vt 0.625000 0.944444
vt 0.625000 1.000000
vt 0.625000 0.000000
vt 0.625000 0.055556
vt 0.625000 0.111111
vt 0.625000 0.166667
vt 0.625000 0.222222
vt 0.625000 0.277778
vt 0.625000 0.333333
vt 0.625000 0.388889
vt 0.625000 0.444444
vt 0.645833 0.500000
vt 0.645833 0.555556
vt 0.645833 0.611111
vt 0.645833 0.666667
vt 0.645833 0.722222
vt 0.645833 0.777778
vt 0.645833 0.833333
vt 0.645833 0.888889
vt 0.645833 0.944444
vt 0.645833 1.000000
vt 0.645833 0.000000
vt 0.645833 0.055556
vt 0.645833 0.111111
vt 0.645833 0.166667
vt 0.645833 0.222222
vt 0.645833 0.277778
vt 0.645833 0.333333
vt 0.645833 0.388889
vt 0.645833 0.444444
vt 0.666667 0.500000
vt 0.666667 0.555556
vt 0.666667 0.611111
vt 0.666667 0.666667
vt 0.666667 0.722222
vt 0.666667 0.777778
vt 0.666667 0.833333
vt 0.666667 0.888889
vt 0.666667 0.944444
vt 0.666667 1.000000
vt 0.666667 0.000000
vt 0.666667 0.055556
vt 0.666667 0.111111
vt 0.666667 0.166667
vt 0.666667 0.222222
vt 0.666667 0.277778
vt 0.666667 0.333333
vt 0.666667 0.388889
vt 0.666667 0.444444
vt 0.687500 0.500000
vt 0.687500 0.555556
vt 0.687500 0.611111
vt 0.687500 0.666667
vt 0.687500 0.722222
vt 0.687500 0.777778
vt 0.687500 0.833333
vt 0.687500 0.888889
vt 0.687500 0.944444
vt 0.687500 1.000000
vt 0.687500 0.000000
vt 0.687500 0.055556
vt 0.687500 0.111111
vt 0.687500 0.166667
vt 0.687500 0.222222
vt 0.687500 0.277778
vt 0.687500 0.333333
vt 0.687500 0.388889
vt 0.687500 0.444444
vt 0.708333 0.500000
vt 0.708333 0.555556
vt 0.708333 0.611111
vt 0.708333 0.666667
vt 0.708333 0.722222
vt 0.708333 0.777778
vt 0.708333 0.833333
vt 0.708333 0.888889
vt 0.708333 0.944444
vt 0.708333 1.000000
vt 0.708333 0.000000
vt 0.708333 0.055556
vt 0.708333 0.111111
vt 0.708333 0.166667
vt 0.708333 0.222222
vt 0.708333 0.277778
vt 0.708333 0.333333
vt 0.708333 0.388889
vt 0.708333 0.444444
vt 0.729167 0.500000
vt 0.729167 0.555556
vt 0.729167 0.611111
vt 0.729167 0.666667
vt 0.729167 0.722222
vt 0.729167 0.777778
vt 0.729167 0.833333
vt 0.729167 0.888889
vt 0.729167 0.944444
vt 0.729167 1.000000
vt 0.729167 0.000000
vt 0.729167 0.055556
vt 0.729167 0.111111
vt 0.729167 0.166667
vt 0.729167 0.222222
vt 0.729167 0.277778
vt 0.729167 0.333333
vt 0.729167 0.388889
vt 0.729167 0.444444
vt 0.270833 0.500000
vt 0.270833 0.555556
vt 0.270833 0.611111
vt 0.270833 0.666667
vt 0.270833 0.722222
vt 0.270833 0.777778
vt 0.270833 0.833333
vt 0.270833 0.888889
vt 0.270833 0.944444
vt 0.270833 1.000000
vt 0.270833 0.000000
vt 0.270833 0.055556
vt 0.270833 0.111111
vt 0.270833 0.166667
vt 0.270833 0.222222
vt 0.270833 0.277778
vt 0.270833 0.333333
vt 0.270833 0.388889
vt 0.270833 0.444444
vt 0.291667 0.500000
vt 0.291667 0.555556
vt 0.291667 0.611111
vt 0.291667 0.666667
vt 0.291667 0.722222
vt 0.291667 0.777778
vt 0.291667 0.833333
vt 0.291667 0.888889
vt 0.291667 0.944444
vt 0.291667 1.000000
vt 0.291667 0.000000
vt 0.291667 0.055556
vt 0.291667 0.111111
vt 0.291667 0.166667
vt 0.291667 0.222222
vt 0.291667 0.277778
vt 0.291667 0.333333
vt 0.291667 0.388889
vt 0.291667 0.444444
vt 0.312500 0.500000
vt 0.312500 0.555556
vt 0.312500 0.611111
vt 0.312500 0.666667
vt 0.312500 0.722222
vt 0.312500 0.777778
vt 0.312500 0.833333
vt 0.312500 0.888889
vt 0.312500 0.944444
vt 0.312500 1.000000
vt 0.312500 0.000000
vt 0.312500 0.055556
vt 0.312500 0.111111
vt 0.312500 0.166667
vt 0.312500 0.222222
vt 0.312500 0.277778
vt 0.312500 0.333333
vt 0.312500 0.388889
vt 0.312500 0.444444
vt 0.333333 0.500000
vt 0.333333 0.555556
vt 0.333333 0.611111
vt 0.333333 0.666667
vt 0.333333 0.722222
vt 0.333333 0.777778
vt 0.333333 0.833333
vt 0.333333 0.888889
vt 0.333333 0.944444
vt 0.333333 1.000000
vt 0.333333 0.000000
vt 0.333333 0.055556
vt 0.333333 0.111111
vt 0.333333 0.166667
vt 0.333333 0.222222
vt 0.333333 0.277778
vt 0.333333 0.333333
vt 0.333333 0.388889
vt 0.333333 0.444444
vt 0.354167 0.500000
vt 0.354167 0.555556
vt 0.354167 0.611111
vt 0.354167 0.666667
vt 0.354167 0.722222
vt 0.354167 0.777778
vt 0.354167 0.833333
vt 0.354167 0.888889
vt 0.354167 0.944444
vt 0.354167 1.000000
vt 0.354167 0.000000
vt 0.354167 0.055556
vt 0.354167 0.111111
vt 0.354167 0.166667
vt 0.354167 0.222222
vt 0.354167 0.277778
vt 0.354167 0.333333
vt 0.354167 0.388889
vt 0.354167 0.444444
vt 0.375000 0.500000
vt 0.375000 0.555556
vt 0.375000 0.611111
vt 0.375000 0.666667
vt 0.375000 0.722222
vt 0.375000 0.777778
vt 0.375000 0.833333
vt 0.375000 0.888889
vt 0.375000 0.944444
vt 0.375000 1.000000
vt 0.375000 0.000000
vt 0.375000 0.055556
vt 0.375000 0.111111
vt 0.375000 0.166667
vt 0.375000 0.222222
vt 0.375000 0.277778
vt 0.375000 0.333333
vt 0.375000 0.388889
vt 0.375000 0.444444
vt 0.395833 0.500000
vt 0.395833 0.555556
vt 0.395833 0.611111
vt 0.395833 0.666667
vt 0.395833 0.722222
vt 0.395833 0.777778
vt 0.395833 0.833333
vt 0.395833 0.888889
vt 0.395833 0.944444
vt 0.395833 1.000000
vt 0.395833 0.000000
vt 0.395833 0.055556
vt 0.395833 0.111111
vt 0.395833 0.166667
vt 0.395833 0.222222
vt 0.395833 0.277778
vt 0.395833 0.333333
vt 0.395833 0.388889
vt 0.395833 0.444444
vt 0.416667 0.500000
vt 0.416667 0.555556
vt 0.416667 0.611111
vt 0.416667 0.666667
vt 0.416667 0.722222
vt 0.416667 0.777778
vt 0.416667 0.833333
vt 0.416667 0.888889
vt 0.416667 0.944444
vt 0.416667 1.000000
vt 0.416667 0.000000
vt 0.416667 0.055556
vt 0.416667 0.111111
vt 0.416667 0.166667
vt 0.416667 0.222222
vt 0.416667 0.277778
vt 0.416667 0.333333
vt 0.416667 0.388889
vt 0.416667 0.444444
vt 0.437500 0.500000
vt 0.437500 0.555556
vt 0.437500 0.611111
vt 0.437500 0.666667
vt 0.437500 0.722222
vt 0.437500 0.777778
vt 0.437500 0.833333
vt 0.437500 0.888889
vt 0.437500 0.944444
vt 0.437500 1.000000
vt 0.437500 0.000000
vt 0.437500 0.055556
vt 0.437500 0.111111
vt 0.437500 0.166667
vt 0.437500 0.222222
vt 0.437500 0.277778
vt 0.437500 0.333333
vt 0.437500 0.388889
vt 0.437500 0.444444
vt 0.458333 0.500000
vt 0.458333 0.555556
vt 0.458333 0.611111
vt 0.458333 0.666667
vt 0.458333 0.722222
vt 0.458333 0.777778
vt 0.458333 0.833333
vt 0.458333 0.888889
vt 0.458333 0.944444
vt 0.458333 1.000000
vt 0.458333 0.000000
vt 0.458333 0.055556
vt 0.458333 0.111111
vt 0.458333 0.166667
vt 0.458333 0.222222
vt 0.458333 0.277778
vt 0.458333 0.333333
vt 0.458333 0.388889
vt 0.458333 0.444444
vt 0.479167 0.500000
vt 0.479167 0.555556
vt 0.479167 0.611111
vt 0.479167 0.666667
vt 0.479167 0.722222
vt 0.479167 0.777778
vt 0.479167 0.833333
vt 0.479167 0.888889
vt 0.479167 0.944444
vt 0.479167 1.000000
vt 0.479167 0.000000
vt 0.479167 0.055556
vt 0.479167 0.111111
vt 0.479167 0.166667
vt 0.479167 0.222222
vt 0.479167 0.277778
vt 0.479167 0.333333
vt 0.479167 0.388889
vt 0.479167 0.444444
s 1
usemtl Material.001
f 1/1/1 19/20/2 20/21/3 2/2/4
f 2/2/4 20/21/3 21/22/5 3/3/6
f 3/3/6 21/22/5 22/23/7 4/4/8
f 4/4/8 22/23/7 23/24/9 5/5/10
f 5/5/10 23/24/9 24/25/11 6/6/12
f 6/6/12 24/25/11 25/26/13 7/7/14
f 7/7/14 25/26/13 26/27/15 8/8/16
f 8/8/16 26/27/15 27/28/17 9/9/18
f 9/9/18 27/28/17 28/29/19 10/10/20
f 10/11/20 28/30/19 29/31/21 11/12/22
f 11/12/22 29/31/21 30/32/23 12/13/24
f 12/13/24 30/32/23 31/33/25 13/14/26
f 13/14/26 31/33/25 32/34/27 14/15/28
f 14/15/28 32/34/27 33/35/29 15/16/30
f 15/16/30 33/35/29 34/36/31 16/17/32
f 16/17/32 34/36/31 35/37/33 17/18/34
f 17/18/34 35/37/33 36/38/35 18/19/36
f 18/19/36 36/38/35 19/20/2 1/1/1
f 19/20/2 37/39/37 38/40/38 20/21/3
f 20/21/3 38/40/38 39/41/39 21/22/5
f 21/22/5 39/41/39 40/42/40 22/23/7
f 22/23/7 40/42/40 41/43/41 23/24/9
f 23/24/9 41/43/41 42/44/42 24/25/11
f 24/25/11 42/44/42 43/45/43 25/26/13
f 25/26/13 43/45/43 44/46/44 26/27/15
f 26/27/15 44/46/44 45/47/45 27/28/17
f 27/28/17 45/47/45 46/48/46 28/29/19
f 28/30/19 46/49/46 47/50/47 29/31/21
f 29/31/21 47/50/47 48/51/48 30/32/23
f 30/32/23 48/51/48 49/52/49 31/33/25
f 31/33/25 49/52/49 50/53/50 32/34/27
f 32/34/27 50/53/50 51/54/51 33/35/29
f 33/35/29 51/54/51 52/55/52 34/36/31
f 34/36/31 52/55/52 53/56/53 35/37/33
f 35/37/33 53/56/53 54/57/54 36/38/35
f 36/38/35 54/57/54 37/39/37 19/20/2
f 37/39/37 55/58/55 56/59/56 38/40/38
f 38/40/38 56/59/56 57/60/57 39/41/39
f 39/41/39 57/60/57 58/61/58 40/42/40
f 40/42/40 58/61/58 59/62/59 41/43/41
f 41/43/41 59/62/59 60/63/60 42/44/42
f 42/44/42 60/63/60 61/64/61 43/45/43
f 43/45/43 61/64/61 62/65/62 44/46/44
f 44/46/44 62/65/62 63/66/63 45/47/45
f 45/47/45 63/66/63 64/67/64 46/48/46
f 46/49/46 64/68/64 65/69/65 47/50/47
f 47/50/47 65/69/65 66/70/66 48/51/48
f 48/51/48 66/70/66 67/71/67 49/52/49
f 49/52/49 67/71/67 68/72/68 50/53/50
f 50/53/50 68/72/68 69/73/69 51/54/51
f 51/54/51 69/73/69 70/74/70 52/55/52
f 52/55/52 70/74/70 71/75/71 53/56/53
f 53/56/53 71/75/71 72/76/72 54/57/54
f 54/57/54 72/76/72 55/58/55 37/39/37
f 55/58/55 73/77/73 74/78/74 56/59/56
f 56/59/56 74/78/74 75/79/75 57/60/57
f 57/60/57 75/79/75 76/80/76 58/61/58
f 58/61/58 76/80/76 77/81/77 59/62/59
f 59/62/59 77/81/77 78/82/78 60/63/60
f 60/63/60 78/82/78 79/83/79 61/64/61
f 61/64/61 79/83/79 80/84/80 62/65/62
f 62/65/62 80/84/80 81/85/81 63/66/63
f 63/66/63 81/85/81 82/86/82 64/67/64
f 64/68/64 82/87/82 83/88/83 65/69/65
f 65/69/65 83/88/83 84/89/84 66/70/66
f 66/70/66 84/89/84 85/90/85 67/71/67
f 67/71/67 85/90/85 86/91/86 68/72/68
f 68/72/68 86/91/86 87/92/87 69/73/69
f 69/73/69 87/92/87 88/93/88 70/74/70
f 70/74/70 88/93/88 89/94/89 71/75/71
f 71/75/71 89/94/89 90/95/90 72/76/72
f 72/76/72 90/95/90 73/77/73 55/58/55
f 73/77/73 91/96/91 92/97/92 74/78/74
f 74/78/74 92/97/92 93/98/93 75/79/75
f 75/79/75 93/98/93 94/99/94 76/80/76
f 76/80/76 94/99/94 95/100/95 77/81/77
f 77/81/77 95/100/95 96/101/96 78/82/78
f 78/82/78 96/101/96 97/102/97 79/83/79
f 79/83/79 97/102/97 98/103/98 80/84/80
f 80/84/80 98/103/98 99/104/99 81/85/81
f 81/85/81 99/104/99 100/105/100 82/86/82
f 82/87/82 100/106/100 101/107/101 83/88/83
f 83/88/83 101/107/101 102/108/102 84/89/84
f 84/89/84 102/108/102 103/109/103 85/90/85
f 85/90/85 103/109/103 104/110/104 86/91/86
f 86/91/86 104/110/104 105/111/105 87/92/87
f 87/92/87 105/111/105 106/112/106 88/93/88
f 88/93/88 106/112/106 107/113/107 89/94/89
f 89/94/89 107/113/107 108/114/108 90/95/90
f 90/95/90 108/114/108 91/96/91 73/77/73
f 91/96/91 109/115/109 110/116/110 92/97/92
f 92/97/92 110/116/110 111/117/111 93/98/93
f 93/98/93 111/117/111 112/118/112 94/99/94
f 94/99/94 112/118/112 113/119/113 95/100/95
f 95/100/95 113/119/113 114/120/114 96/101/96
f 96/101/96 114/120/114 115/121/115 97/102/97
f 97/102/97 115/121/115 116/122/116 98/103/98
f 98/103/98 116/122/116 117/123/117 99/104/99
f 99/104/99 117/123/117 118/124/118 100/105/100
f 100/106/100 118/125/118 119/126/119 101/107/101
f 101/107/101 119/126/119 120/127/120 102/108/102
f 102/108/102 120/127/120 121/128/121 103/109/103
f 103/109/103 121/128/121 122/129/122 104/110/104
f 104/110/104 122/129/122 123/130/123 105/111/105
f 105/111/105 123/130/123 124/131/124 106/112/106
f 106/112/106 124/131/124 125/132/125 107/113/107
f 107/113/107 125/132/125 126/133/126 108/114/108
f 108/114/108 126/133/126 109/115/109 91/96/91
f 109/115/109 127/134/127 128/135/128 110/116/110
f 110/116/110 128/135/128 129/136/129 111/117/111
f 111/117/111 129/136/129 130/137/130 112/118/112
f 112/118/112 130/137/130 131/138/131 113/119/113
f 113/119/113 131/138/131 132/139/132 114/120/114
f 114/120/114 132/139/132 133/140/133 115/121/115
f 115/121/115 133/140/133 134/141/134 116/122/116
f 116/122/116 134/141/134 135/142/135 117/123/117
f 117/123/117 135/142/135 136/143/136 118/124/118
f 118/125/118 136/144/136 137/145/137 119/126/119
f 119/126/119 137/145/137 138/146/138 120/127/120
f 120/127/120 138/146/138 139/147/139 121/128/121
f 121/128/121 139/147/139 140/148/140 122/129/122
f 122/129/122 140/148/140 141/149/141 123/130/123
f 123/130/123 141/149/141 142/150/142 124/131/124
f 124/131/124 142/150/142 143/151/143 125/132/125
f 125/132/125 143/151/143 144/152/144 126/133/126
f 126/133/126 144/152/144 127/134/127 109/115/109
f 127/134/127 145/153/145 146/154/146 128/135/128
f 128/135/128 146/154/146 147/155/147 129/136/129
f 129/136/129 147/155/147 148/156/148 130/137/130
f 130/137/130 148/156/148 149/157/149 131/138/131
f 131/138/131 149/157/149 150/158/150 132/139/132
f 132/139/132 150/158/150 151/159/151 133/140/133
f 133/140/133 151/159/151 152/160/152 134/141/134
f 134/141/134 152/160/152 153/161/153 135/142/135
f 135/142/135 153/161/153 154/162/154 136/143/136
f 136/144/136 154/163/154 155/164/155 137/145/137
f 137/145/137 155/164/155 156/165/156 138/146/138
f 138/146/138 156/165/156 157/166/157 139/147/139
f 139/147/139 157/166/157 158/167/158 140/148/140
f 140/148/140 158/167/158 159/168/159 141/149/141
f 141/149/141 159/168/159 160/169/160 142/150/142
f 142/150/142 160/169/160 161/170/161 143/151/143
f 143/151/143 161/170/161 162/171/162 144/152/144
f 144/152/144 162/171/162 145/153/145 127/134/127
f 145/153/145 163/172/163 164/173/164 146/154/146
f 146/154/146 164/173/164 165/174/165 147/155/147
f 147/155/147 165/174/165 166/175/166 148/156/148
f 148/156/148 166/175/166 167/176/167 149/157/149
f 149/157/149 167/176/167 168/177/168 150/158/150
f 150/158/150 168/177/168 169/178/169 151/159/151
f 151/159/151 169/178/169 170/179/170 152/160/152
f 152/160/152 170/179/170 171/180/171 153/161/153
f 153/161/153 171/180/171 172/181/172 154/162/154
f 154/163/154 172/182/172 173/183/173 155/164/155
f 155/164/155 173/183/173 174/184/174 156/165/156
f 156/165/156 174/184/174 175/185/175 157/166/157
f 157/166/157 175/185/175 176/186/176 158/167/158
f 158/167/158 176/186/176 177/187/177 159/168/159
f 159/168/159 177/187/177 178/188/178 160/169/160
f 160/169/160 178/188/178 179/189/179 161/170/161
f 161/170/161 179/189/179 180/190/180 162/171/162
f 162/171/162 180/190/180 163/172/163 145/153/145
f 163/172/163 181/191/181 182/192/182 164/173/164
f 164/173/164 182/192/182 183/193/183 165/174/165
f 165/174/165 183/193/183 184/194/184 166/175/166
f 166/175/166 184/194/184 185/195/185 167/176/167
f 167/176/167 185/195/185 186/196/186 168/177/168
f 168/177/168 186/196/186 187/197/187 169/178/169
f 169/178/169 187/197/187 188/198/188 170/179/170
f 170/179/170 188/198/188 189/199/189 171/180/171
f 171/180/171 189/199/189 190/200/190 172/181/172
f 172/182/172 190/201/190 191/202/191 173/183/173
f 173/183/173 191/202/191 192/203/192 174/184/174
f 174/184/174 192/203/192 193/204/193 175/185/175
f 175/185/175 193/204/193 194/205/194 176/186/176
f 176/186/176 194/205/194 195/206/195 177/187/177
f 177/187/177 195/206/195 196/207/196 178/188/178
f 178/188/178 196/207/196 197/208/197 179/189/179
f 179/189/179 197/208/197 198/209/198 180/190/180
f 180/190/180 198/209/198 181/191/181 163/172/163
f 181/191/181 199/210/199 200/211/200 182/192/182
f 182/192/182 200/211/200 201/212/201 183/193/183
f 183/193/183 201/212/201 202/213/202 184/194/184
f 184/194/184 202/213/202 203/214/203 185/195/185
f 185/195/185 203/214/203 204/215/204 186/196/186
f 186/196/186 204/215/204 205/216/205 187/197/187
f 187/197/187 205/216/205 206/217/206 188/198/188
f 188/198/188 206/217/206 207/218/207 189/199/189
f 189/199/189 207/218/207 208/219/208 190/200/190
f 190/201/190 208/220/208 209/221/209 191/202/191
f 191/202/191 209/221/209 210/222/210 192/203/192
f 192/203/192 210/222/210 211/223/211 193/204/193
f 193/204/193 211/223/211 212/224/212 194/205/194
f 194/205/194 212/224/212 213/225/213 195/206/195
f 195/206/195 213/225/213 214/226/214 196/207/196
f 196/207/196 214/226/214 215/227/215 197/208/197
f 197/208/197 215/227/215 216/228/216 198/209/198
f 198/209/198 216/228/216 199/210/199 181/191/181
f 199/210/199 217/229/217 218/230/218 200/211/200
f 200/211/200 218/230/218 219/231/219 201/212/201
f 201/212/201 219/231/219 220/232/220 202/213/202
f 202/213/202 220/232/220 221/233/221 203/214/203
f 203/214/203 221/233/221 222/234/222 204/215/204
f 204/215/204 222/234/222 223/235/223 205/216/205
f 205/216/205 223/235/223 224/236/224 206/217/206
f 206/217/206 224/236/224 225/237/225 207/218/207
f 207/218/207 225/237/225 226/238/226 208/219/208
f 208/220/208 226/239/226 227/240/227 209/221/209
f 209/221/209 227/240/227 228/241/228 210/222/210
f 210/222/210 228/241/228 229/242/229 211/223/211
f 211/223/211 229/242/229 230/243/230 212/224/212
f 212/224/212 230/243/230 231/244/231 213/225/213
f 213/225/213 231/244/231 232/245/232 214/226/214
f 214/226/214 232/245/232 233/246/233 215/227/215
f 215/227/215 233/246/233 234/247/234 216/228/216
f 216/228/216 234/247/234 217/229/217 199/210/199
f 217/229/217 235/248/235 236/250/236 218/230/218
f 218/230/218 236/250/236 237/252/237 219/231/219
f 219/231/219 237/252/237 238/254/238 220/232/220
f 220/232/220 238/254/238 239/256/239 221/233/221
f 221/233/221 239/256/239 240/258/240 222/234/222
f 222/234/222 240/258/240 241/260/241 223/235/223
f 223/235/223 241/260/241 242/262/242 224/236/224
f 224/236/224 242/262/242 243/264/243 225/237/225
f 225/237/225 243/264/243 244/266/244 226/238/226
f 226/239/226 244/267/244 245/270/245 227/240/227
f 227/240/227 245/270/245 246/272/246 228/241/228
f 228/241/228 246/272/246 247/274/247 229/242/229
f 229/242/229 247/274/247 248/276/248 230/243/230
f 230/243/230 248/276/248 249/278/249 231/244/231
f 231/244/231 249/278/249 250/280/250 232/245/232
f 232/245/232 250/280/250 251/282/251 233/246/233
f 233/246/233 251/282/251 252/284/252 234/247/234
f 234/247/234 252/284/252 235/248/235 217/229/217
f 235/249/235 253/286/253 254/287/254 236/251/236
f 236/251/236 254/287/254 255/288/255 237/253/237
f 237/253/237 255/288/255 256/289/256 238/255/238
f 238/255/238 256/289/256 257/290/257 239/257/239
f 239/257/239 257/290/257 258/291/258 240/259/240
f 240/259/240 258/291/258 259/292/259 241/261/241
f 241/261/241 259/292/259 260/293/260 242/263/242
f 242/263/242 260/293/260 261/294/261 243/265/243
f 243/265/243 261/294/261 262/295/262 244/268/244
f 244/269/244 262/296/262 263/297/263 245/271/245
f 245/271/245 263/297/263 264/298/264 246/273/246
f 246/273/246 264/298/264 265/299/265 247/275/247
f 247/275/247 265/299/265 266/300/266 248/277/248
f 248/277/248 266/300/266 267/301/267 249/279/249
f 249/279/249 267/301/267 268/302/268 250/281/250
f 250/281/250 268/302/268 269/303/269 251/283/251
f 251/283/251 269/303/269 270/304/270 252/285/252
f 252/285/252 270/304/270 253/286/253 235/249/235
f 253/286/253 271/305/271 272/306/272 254/287/254
f 254/287/254 272/306/272 273/307/273 255/288/255
f 255/288/255 273/307/273 274/308/274 256/289/256
f 256/289/256 274/308/274 275/309/275 257/290/257
f 257/290/257 275/309/275 276/310/276 258/291/258
f 258/291/258 276/310/276 277/311/277 259/292/259
f 259/292/259 277/311/277 278/312/278 260/293/260
f 260/293/260 278/312/278 279/313/279 261/294/261
f 261/294/261 279/313/279 280/314/280 262/295/262
f 262/296/262 280/315/280 281/316/281 263/297/263
f 263/297/263 281/316/281 282/317/282 264/298/264
f 264/298/264 282/317/282 283/318/283 265/299/265
f 265/299/265 283/318/283 284/319/284 266/300/266
f 266/300/266 284/319/284 285/320/285 267/301/267
f 267/301/267 285/320/285 286/321/286 268/302/268
f 268/302/268 286/321/286 287/322/287 269/303/269
f 269/303/269 287/322/287 288/323/288 270/304/270
f 270/304/270 288/323/288 271/305/271 253/286/253
f 271/305/271 289/324/289 290/325/290 272/306/272
f 272/306/272 290/325/290 291/326/291 273/307/273
f 273/307/273 291/326/291 292/327/292 274/308/274
f 274/308/274 292/327/292 293/328/293 275/309/275
f 275/309/275 293/328/293 294/329/294 276/310/276
f 276/310/276 294/329/294 295/330/295 277/311/277
f 277/311/277 295/330/295 296/331/296 278/312/278
f 278/312/278 296/331/296 297/332/297 279/313/279
f 279/313/279 297/332/297 298/333/298 280/314/280
f 280/315/280 298/334/298 299/335/299 281/316/281
f 281/316/281 299/335/299 300/336/300 282/317/282
f 282/317/282 300/336/300 301/337/301 283/318/283
f 283/318/283 301/337/301 302/338/302 284/319/284
f 284/319/284 302/338/302 303/339/303 285/320/285
f 285/320/285 303/339/303 304/340/304 286/321/286
f 286/321/286 304/340/304 305/341/305 287/322/287
f 287/322/287 305/341/305 306/342/306 288/323/288
f 288/323/288 306/342/306 289/324/289 271/305/271
f 289/324/289 307/343/307 308/344/308 290/325/290
f 290/325/290 308/344/308 309/345/309 291/326/291
f 291/326/291 309/345/309 310/346/310 292/327/292
f 292/327/292 310/346/310 311/347/311 293/328/293
f 293/328/293 311/347/311 312/348/312 294/329/294
f 294/329/294 312/348/312 313/349/313 295/330/295
f 295/330/295 313/349/313 314/350/314 296/331/296
f 296/331/296 314/350/314 315/351/315 297/332/297
f 297/332/297 315/351/315 316/352/316 298/333/298
f 298/334/298 316/353/316 317/354/317 299/335/299
f 299/335/299 317/354/317 318/355/318 300/336/300
f 300/336/300 318/355/318 319/356/319 301/337/301
f 301/337/301 319/356/319 320/357/320 302/338/302
f 302/338/302 320/357/320 321/358/321 303/339/303
f 303/339/303 321/358/321 322/359/322 304/340/304
f 304/340/304 322/359/322 323/360/323 305/341/305
f 305/341/305 323/360/323 324/361/324 306/342/306
f 306/342/306 324/361/324 307/343/307 289/324/289
f 307/343/307 325/362/325 326/363/326 308/344/308
f 308/344/308 326/363/326 327/364/327 309/345/309
f 309/345/309 327/364/327 328/365/328 310/346/310
f 310/346/310 328/365/328 329/366/329 311/347/311
f 311/347/311 329/366/329 330/367/330 312/348/312
f 312/348/312 330/367/330 331/368/331 313/349/313
f 313/349/313 331/368/331 332/369/332 314/350/314
f 314/350/314 332/369/332 333/370/333 315/351/315
f 315/351/315 333/370/333 334/371/334 316/352/316
f 316/353/316 334/372/334 335/373/335 317/354/317
f 317/354/317 335/373/335 336/374/336 318/355/318
f 318/355/318 336/374/336 337/375/337 319/356/319
f 319/356/319 337/375/337 338/376/338 320/357/320
f 320/357/320 338/376/338 339/377/339 321/358/321
f 321/358/321 339/377/339 340/378/340 322/359/322
f 322/359/322 340/378/340 341/379/341 323/360/323
f 323/360/323 341/379/341 342/380/342 324/361/324
f 324/361/324 342/380/342 325/362/325 307/343/307
f 325/362/325 343/381/343 344/382/344 326/363/326
f 326/363/326 344/382/344 345/383/345 327/364/327
f 327/364/327 345/383/345 346/384/346 328/365/328
f 328/365/328 346/384/346 347/385/347 329/366/329
f 329/366/329 347/385/347 348/386/348 330/367/330
f 330/367/330 348/386/348 349/387/349 331/368/331
f 331/368/331 349/387/349 350/388/350 332/369/332
f 332/369/332 350/388/350 351/389/351 333/370/333
f 333/370/333 351/389/351 352/390/352 334/371/334
f 334/372/334 352/391/352 353/392/353 335/373/335
f 335/373/335 353/392/353 354/393/354 336/374/336
f 336/374/336 354/393/354 355/394/355 337/375/337
f 337/375/337 355/394/355 356/395/356 338/376/338
f 338/376/338 356/395/356 357/396/357 339/377/339
f 339/377/339 357/396/357 358/397/358 340/378/340
f 340/378/340 358/397/358 359/398/359 341/379/341
f 341/379/341 359/398/359 360/399/360 342/380/342
f 342/380/342 360/399/360 343/381/343 325/362/325
f 343/381/343 361/400/361 362/401/362 344/382/344
f 344/382/344 362/401/362 363/402/363 345/383/345
f 345/383/345 363/402/363 364/403/364 346/384/346
f 346/384/346 364/403/364 365/404/365 347/385/347
f 347/385/347 365/404/365 366/405/366 348/386/348
f 348/386/348 366/405/366 367/406/367 349/387/349
f 349/387/349 367/406/367 368/407/368 350/388/350
f 350/388/350 368/407/368 369/408/369 351/389/351
f 351/389/351 369/408/369 370/409/370 352/390/352
f 352/391/352 370/410/370 371/411/371 353/392/353
f 353/392/353 371/411/371 372/412/372 354/393/354
f 354/393/354 372/412/372 373/413/373 355/394/355
f 355/394/355 373/413/373 374/414/374 356/395/356
f 356/395/356 374/414/374 375/415/375 357/396/357
f 357/396/357 375/415/375 376/416/376 358/397/358
f 358/397/358 376/416/376 377/417/377 359/398/359
f 359/398/359 377/417/377 378/418/378 360/399/360
f 360/399/360 378/418/378 361/400/361 343/381/343
f 361/400/361 379/419/379 380/420/380 362/401/362
f 362/401/362 380/420/380 381/421/381 363/402/363
f 363/402/363 381/421/381 382/422/382 364/403/364
f 364/403/364 382/422/382 383/423/383 365/404/365
f 365/404/365 383/423/383 384/424/384 366/405/366
f 366/405/366 384/424/384 385/425/385 367/406/367
f 367/406/367 385/425/385 386/426/386 368/407/368
f 368/407/368 386/426/386 387/427/387 369/408/369
f 369/408/369 387/427/387 388/428/388 370/409/370
f 370/410/370 388/429/388 389/430/389 371/411/371
f 371/411/371 389/430/389 390/431/390 372/412/372
f 372/412/372 390/431/390 391/432/391 373/413/373
f 373/413/373 391/432/391 392/433/392 374/414/374
f 374/414/374 392/433/392 393/434/393 375/415/375
f 375/415/375 393/434/393 394/435/394 376/416/376
f 376/416/376 394/435/394 395/436/395 377/417/377
f 377/417/377 395/436/395 396/437/396 378/418/378
f 378/418/378 396/437/396 379/419/379 361/400/361
f 379/419/379 397/438/397 398/439/398 380/420/380
f 380/420/380 398/439/398 399/440/399 381/421/381
f 381/421/381 399/440/399 400/441/400 382/422/382
f 382/422/382 400/441/400 401/442/401 383/423/383
f 383/423/383 401/442/401 402/443/402 384/424/384
f 384/424/384 402/443/402 403/444/403 385/425/385
f 385/425/385 403/444/403 404/445/404 386/426/386
f 386/426/386 404/445/404 405/446/405 387/427/387
f 387/427/387 405/446/405 406/447/406 388/428/388
f 388/429/388 406/448/406 407/449/407 389/430/389
f 389/430/389 407/449/407 408/450/408 390/431/390
f 390/431/390 408/450/408 409/451/409 391/432/391
f 391/432/391 409/451/409 410/452/410 392/433/392
f 392/433/392 410/452/410 411/453/411 393/434/393
f 393/434/393 411/453/411 412/454/412 394/435/394
f 394/435/394 412/454/412 413/455/413 395/436/395
f 395/436/395 413/455/413 414/456/414 396/437/396
f 396/437/396 414/456/414 397/438/397 379/419/379
f 397/438/397 415/457/415 416/458/416 398/439/398
f 398/439/398 416/458/416 417/459/417 399/440/399
f 399/440/399 417/459/417 418/460/418 400/441/400
f 400/441/400 418/460/418 419/461/419 401/442/401
f 401/442/401 419/461/419 420/462/420 402/443/402
f 402/443/402 420/462/420 421/463/421 403/444/403
f 403/444/403 421/463/421 422/464/422 404/445/404
f 404/445/404 422/464/422 423/465/423 405/446/405
f 405/446/405 423/465/423 424/466/424 406/447/406
f 406/448/406 424/467/424 425/468/425 407/449/407
f 407/449/407 425/468/425 426/469/426 408/450/408
f 408/450/408 426/469/426 427/470/427 409/451/409
f 409/451/409 427/470/427 428/471/428 410/452/410
f 410/452/410 428/471/428 429/472/429 411/453/411
f 411/453/411 429/472/429 430/473/430 412/454/412
f 412/454/412 430/473/430 431/474/431 413/455/413
f 413/455/413 431/474/431 432/475/432 414/456/414
f 414/456/414 432/475/432 415/457/415 397/438/397
f 415/457/415 433/476/433 434/477/434 416/458/416
f 416/458/416 434/477/434 435/478/435 417/459/417
f 417/459/417 435/478/435 436/479/436 418/460/418
f 418/460/418 436/479/436 437/480/437 419/461/419
f 419/461/419 437/480/437 438/481/438 420/462/420
f 420/462/420 438/481/438 439/482/439 421/463/421
f 421/463/421 439/482/439 440/483/440 422/464/422
f 422/464/422 440/483/440 441/484/441 423/465/423
f 423/465/423 441/484/441 442/485/442 424/466/424
f 424/467/424 442/486/442 443/487/443 425/468/425
f 425/468/425 443/487/443 444/488/444 426/469/426
f 426/469/426 444/488/444 445/489/445 427/470/427
f 427/470/427 445/489/445 446/490/446 428/471/428
f 428/471/428 446/490/446 447/491/447 429/472/429
f 429/472/429 447/491/447 448/492/448 430/473/430
f 430/473/430 448/492/448 449/493/449 431/474/431
f 431/474/431 449/493/449 450/494/450 432/475/432
f 432/475/432 450/494/450 433/476/433 415/457/415
f 433/476/433 451/495/451 452/496/452 434/477/434
f 434/477/434 452/496/452 453/497/453 435/478/435
f 435/478/435 453/497/453 454/498/454 436/479/436
f 436/479/436 454/498/454 455/499/455 437/480/437
f 437/480/437 455/499/455 456/500/456 438/481/438
f 438/481/438 456/500/456 457/501/457 439/482/439
f 439/482/439 457/501/457 458/502/458 440/483/440
f 440/483/440 458/502/458 459/503/459 441/484/441
f 441/484/441 459/503/459 460/504/460 442/485/442
f 442/486/442 460/505/460 461/506/461 443/487/443
f 443/487/443 461/506/461 462/507/462 444/488/444
f 444/488/444 462/507/462 463/508/463 445/489/445
f 445/489/445 463/508/463 464/509/464 446/490/446
f 446/490/446 464/509/464 465/510/465 447/491/447
f 447/491/447 465/510/465 466/511/466 448/492/448
f 448/492/448 466/511/466 467/512/467 449/493/449
f 449/493/449 467/512/467 468/513/468 450/494/450
f 450/494/450 468/513/468 451/495/451 433/476/433
f 469/514/469 487/533/470 488/534/471 470/515/472
f 470/515/472 488/534/471 489/535/473 471/516/474
f 471/516/474 489/535/473 490/536/475 472/517/476
f 472/517/476 490/536/475 491/537/477 473/518/478
f 473/518/478 491/537/477 492/538/479 474/519/480
f 474/519/480 492/538/479 493/539/481 475/520/482
f 475/520/482 493/539/481 494/540/483 476/521/484
f 476/521/484 494/540/483 495/541/485 477/522/486
f 477/522/486 495/541/485 496/542/487 478/523/488
f 478/524/488 496/543/487 497/544/489 479/525/490
f 479/525/490 497/544/489 498/545/491 480/526/492
f 480/526/492 498/545/491 499/546/493 481/527/494
f 481/527/494 499/546/493 500/547/495 482/528/496
f 482/528/496 500/547/495 501/548/497 483/529/498
f 483/529/498 501/548/497 502/549/499 484/530/500
f 484/530/500 502/549/499 503/550/501 485/531/502
f 485/531/502 503/550/501 504/551/503 486/532/504
f 486/532/504 504/551/503 487/533/470 469/514/469
f 487/533/470 505/552/505 506/553/506 488/534/471
f 488/534/471 506/553/506 507/554/507 489/535/473
f 489/535/473 507/554/507 508/555/508 490/536/475
f 490/536/475 508/555/508 509/556/509 491/537/477
f 491/537/477 509/556/509 510/557/510 492/538/479
f 492/538/479 510/557/510 511/558/511 493/539/481
f 493/539/481 511/558/511 512/559/512 494/540/483
f 494/540/483 512/559/512 513/560/513 495/541/485
f 495/541/485 513/560/513 514/561/514 496/542/487
f 496/543/487 514/562/514 515/563/515 497/544/489
f 497/544/489 515/563/515 516/564/516 498/545/491
f 498/545/491 516/564/516 517/565/517 499/546/493
f 499/546/493 517/565/517 518/566/518 500/547/495
f 500/547/495 518/566/518 519/567/519 501/548/497
f 501/548/497 519/567/519 520/568/520 502/549/499
f 502/549/499 520/568/520 521/569/521 503/550/501
f 503/550/501 521/569/521 522/570/522 504/551/503
f 504/551/503 522/570/522 505/552/505 487/533/470
f 505/552/505 523/571/523 524/572/524 506/553/506
f 506/553/506 524/572/524 525/573/525 507/554/507
f 507/554/507 525/573/525 526/574/526 508/555/508
f 508/555/508 526/574/526 527/575/527 509/556/509
f 509/556/509 527/575/527 528/576/528 510/557/510
f 510/557/510 528/576/528 529/577/529 511/558/511
f 511/558/511 529/577/529 530/578/530 512/559/512
f 512/559/512 530/578/530 531/579/531 513/560/513
f 513/560/513 531/579/531 532/580/532 514/561/514
f 514/562/514 532/581/532 533/582/533 515/563/515
f 515/563/515 533/582/533 534/583/534 516/564/516
f 516/564/516 534/583/534 535/584/535 517/565/517
f 517/565/517 535/584/535 536/585/536 518/566/518
f 518/566/518 536/585/536 537/586/537 519/567/519
f 519/567/519 537/586/537 538/587/538 520/568/520
f 520/568/520 538/587/538 539/588/539 521/569/521
f 521/569/521 539/588/539 540/589/540 522/570/522
f 522/570/522 540/589/540 523/571/523 505/552/505
f 523/571/523 541/590/541 542/591/542 524/572/524
f 524/572/524 542/591/542 543/592/543 525/573/525
f 525/573/525 543/592/543 544/593/544 526/574/526
f 526/574/526 544/593/544 545/594/545 527/575/527
f 527/575/527 545/594/545 546/595/546 528/576/528
f 528/576/528 546/595/546 547/596/547 529/577/529
f 529/577/529 547/596/547 548/597/548 530/578/530
f 530/578/530 548/597/548 549/598/549 531/579/531
f 531/579/531 549/598/549 550/599/550 532/580/532
f 532/581/532 550/600/550 551/601/551 533/582/533
f 533/582/533 551/601/551 552/602/552 534/583/534
f 534/583/534 552/602/552 553/603/553 535/584/535
f 535/584/535 553/603/553 554/604/554 536/585/536
f 536/585/536 554/604/554 555/605/555 537/586/537
f 537/586/537 555/605/555 556/606/556 538/587/538
f 538/587/538 556/606/556 557/607/557 539/588/539
f 539/588/539 557/607/557 558/608/558 540/589/540
f 540/589/540 558/608/558 541/590/541 523/571/523
f 541/590/541 559/609/559 560/610/560 542/591/542
f 542/591/542 560/610/560 561/611/561 543/592/543
f 543/592/543 561/611/561 562/612/562 544/593/544
f 544/593/544 562/612/562 563/613/563 545/594/545
f 545/594/545 563/613/563 564/614/564 546/595/546
f 546/595/546 564/614/564 565/615/565 547/596/547
f 547/596/547 565/615/565 566/616/566 548/597/548
f 548/597/548 566/616/566 567/617/567 549/598/549
f 549/598/549 567/617/567 568/618/568 550/599/550
f 550/600/550 568/619/568 569/620/569 551/601/551
f 551/601/551 569/620/569 570/621/570 552/602/552
f 552/602/552 570/621/570 571/622/571 553/603/553
f 553/603/553 571/622/571 572/623/572 554/604/554
f 554/604/554 572/623/572 573/624/573 555/605/555
f 555/605/555 573/624/573 574/625/574 556/606/556
f 556/606/556 574/625/574 575/626/575 557/607/557
f 557/607/557 575/626/575 576/627/576 558/608/558
f 558/608/558 576/627/576 559/609/559 541/590/541
f 559/609/559 577/628/577 578/629/578 560/610/560
f 560/610/560 578/629/578 579/630/579 561/611/561
f 561/611/561 579/630/579 580/631/580 562/612/562
f 562/612/562 580/631/580 581/632/581 563/613/563
f 563/613/563 581/632/581 582/633/582 564/614/564
f 564/614/564 582/633/582 583/634/583 565/615/565
f 565/615/565 583/634/583 584/635/584 566/616/566
f 566/616/566 584/635/584 585/636/585 567/617/567
f 567/617/567 585/636/585 586/637/586 568/618/568
f 568/619/568 586/638/586 587/639/587 569/620/569
f 569/620/569 587/639/587 588/640/588 570/621/570
f 570/621/570 588/640/588 589/641/589 571/622/571
f 571/622/571 589/641/589 590/642/590 572/623/572
f 572/623/572 590/642/590 591/643/591 573/624/573
f 573/624/573 591/643/591 592/644/592 574/625/574
f 574/625/574 592/644/592 593/645/593 575/626/575
f 575/626/575 593/645/593 594/646/594 576/627/576
f 576/627/576 594/646/594 577/628/577 559/609/559
f 577/628/577 595/647/595 596/648/596 578/629/578
f 578/629/578 596/648/596 597/649/597 579/630/579
f 579/630/579 597/649/597 598/650/598 580/631/580
f 580/631/580 598/650/598 599/651/599 581/632/581
f 581/632/581 599/651/599 600/652/600 582/633/582
f 582/633/582 600/652/600 601/653/601 583/634/583
f 583/634/583 601/653/601 602/654/602 584/635/584
f 584/635/584 602/654/602 603/655/603 585/636/585
f 585/636/585 603/655/603 604/656/604 586/637/586
f 586/638/586 604/657/604 605/658/605 587/639/587
f 587/639/587 605/658/605 606/659/606 588/640/588
f 588/640/588 606/659/606 607/660/607 589/641/589
f 589/641/589 607/660/607 608/661/608 590/642/590
f 590/642/590 608/661/608 609/662/609 591/643/591
f 591/643/591 609/662/609 610/663/610 592/644/592
f 592/644/592 610/663/610 611/664/611 593/645/593
f 593/645/593 611/664/611 612/665/612 594/646/594
f 594/646/594 612/665/612 595/647/595 577/628/577
f 595/647/595 613/666/613 614/667/614 596/648/596
f 596/648/596 614/667/614 615/668/615 597/649/597
f 597/649/597 615/668/615 616/669/616 598/650/598
f 598/650/598 616/669/616 617/670/617 599/651/599
f 599/651/599 617/670/617 618/671/618 600/652/600
f 600/652/600 618/671/618 619/672/619 601/653/601
f 601/653/601 619/672/619 620/673/620 602/654/602
f 602/654/602 620/673/620 621/674/621 603/655/603
f 603/655/603 621/674/621 622/675/622 604/656/604
f 604/657/604 622/676/622 623/677/623 605/658/605
f 605/658/605 623/677/623 624/678/624 606/659/606
f 606/659/606 624/678/624 625/679/625 607/660/607
f 607/660/607 625/679/625 626/680/626 608/661/608
f 608/661/608 626/680/626 627/681/627 609/662/609
f 609/662/609 627/681/627 628/682/628 610/663/610
f 610/663/610 628/682/628 629/683/629 611/664/611
f 611/664/611 629/683/629 630/684/630 612/665/612
f 612/665/612 630/684/630 613/666/613 595/647/595
f 613/666/613 631/685/631 632/686/632 614/667/614
f 614/667/614 632/686/632 633/687/633 615/668/615
f 615/668/615 633/687/633 634/688/634 616/669/616
f 616/669/616 634/688/634 635/689/635 617/670/617
f 617/670/617 635/689/635 636/690/636 618/671/618
f 618/671/618 636/690/636 637/691/637 619/672/619
f 619/672/619 637/691/637 638/692/638 620/673/620
f 620/673/620 638/692/638 639/693/639 621/674/621
f 621/674/621 639/693/639 640/694/640 622/675/622
f 622/676/622 640/695/640 641/696/641 623/677/623
f 623/677/623 641/696/641 642/697/642 624/678/624
f 624/678/624 642/697/642 643/698/643 625/679/625
f 625/679/625 643/698/643 644/699/644 626/680/626
f 626/680/626 644/699/644 645/700/645 627/681/627
f 627/681/627 645/700/645 646/701/646 628/682/628
f 628/682/628 646/701/646 647/702/647 629/683/629
f 629/683/629 647/702/647 648/703/648 630/684/630
f 630/684/630 648/703/648 631/685/631 613/666/613
f 631/685/631 649/704/649 650/705/650 632/686/632
f 632/686/632 650/705/650 651/706/651 633/687/633
f 633/687/633 651/706/651 652/707/652 634/688/634
f 634/688/634 652/707/652 653/708/653 635/689/635
f 635/689/635 653/708/653 654/709/654 636/690/636
f 636/690/636 654/709/654 655/710/655 637/691/637
f 637/691/637 655/710/655 656/711/656 638/692/638
f 638/692/638 656/711/656 657/712/657 639/693/639
f 639/693/639 657/712/657 658/713/658 640/694/640
f 640/695/640 658/714/658 659/715/659 641/696/641
f 641/696/641 659/715/659 660/716/660 642/697/642
f 642/697/642 660/716/660 661/717/661 643/698/643
f 643/698/643 661/717/661 662/718/662 644/699/644
f 644/699/644 662/718/662 663/719/663 645/700/645
f 645/700/645 663/719/663 664/720/664 646/701/646
f 646/701/646 664/720/664 665/721/665 647/702/647
f 647/702/647 665/721/665 666/722/666 648/703/648
f 648/703/648 666/722/666 649/704/649 631/685/631
f 649/704/649 667/723/667 668/724/668 650/705/650
f 650/705/650 668/724/668 669/725/669 651/706/651
f 651/706/651 669/725/669 670/726/670 652/707/652
f 652/707/652 670/726/670 671/727/671 653/708/653
f 653/708/653 671/727/671 672/728/672 654/709/654
f 654/709/654 672/728/672 673/729/673 655/710/655
f 655/710/655 673/729/673 674/730/674 656/711/656
f 656/711/656 674/730/674 675/731/675 657/712/657
f 657/712/657 675/731/675 676/732/676 658/713/658
f 658/714/658 676/733/676 677/734/677 659/715/659
f 659/715/659 677/734/677 678/735/678 660/716/660
f 660/716/660 678/735/678 679/736/679 661/717/661
f 661/717/661 679/736/679 680/737/680 662/718/662
f 662/718/662 680/737/680 681/738/681 663/719/663
f 663/719/663 681/738/681 682/739/682 664/720/664
f 664/720/664 682/739/682 683/740/683 665/721/665
f 665/721/665 683/740/683 684/741/684 666/722/666
f 666/722/666 684/741/684 667/723/667 649/704/649
f 685/742/685 703/761/686 704/762/687 686/743/688
f 686/743/688 704/762/687 705/763/689 687/744/690
f 687/744/690 705/763/689 706/764/691 688/745/692
f 688/745/692 706/764/691 707/765/693 689/746/694
f 689/746/694 707/765/693 708/766/695 690/747/696
f 690/747/696 708/766/695 709/767/697 691/748/698
f 691/748/698 709/767/697 710/768/699 692/749/700
f 692/749/700 710/768/699 711/769/701 693/750/702
f 693/750/702 711/769/701 712/770/703 694/751/704
f 694/752/704 712/771/703 713/772/705 695/753/706
f 695/753/706 713/772/705 714/773/707 696/754/708
f 696/754/708 714/773/707 715/774/709 697/755/710
f 697/755/710 715/774/709 716/775/711 698/756/712
f 698/756/712 716/775/711 717/776/713 699/757/714
f 699/757/714 717/776/713 718/777/715 700/758/716
f 700/758/716 718/777/715 719/778/717 701/759/718
f 701/759/718 719/778/717 720/779/719 702/760/720
f 702/760/720 720/779/719 703/761/686 685/742/685
f 703/761/686 721/780/721 722/781/722 704/762/687
f 704/762/687 722/781/722 723/782/723 705/763/689
f 705/763/689 723/782/723 724/783/724 706/764/691
f 706/764/691 724/783/724 725/784/725 707/765/693
f 707/765/693 725/784/725 726/785/726 708/766/695
f 708/766/695 726/785/726 727/786/727 709/767/697
f 709/767/697 727/786/727 728/787/728 710/768/699
f 710/768/699 728/787/728 729/788/729 711/769/701
f 711/769/701 729/788/729 730/789/730 712/770/703
f 712/771/703 730/790/730 731/791/731 713/772/705
f 713/772/705 731/791/731 732/792/732 714/773/707
f 714/773/707 732/792/732 733/793/733 715/774/709
f 715/774/709 733/793/733 734/794/734 716/775/711
f 716/775/711 734/794/734 735/795/735 717/776/713
f 717/776/713 735/795/735 736/796/736 718/777/715
f 718/777/715 736/796/736 737/797/737 719/778/717
f 719/778/717 737/797/737 738/798/738 720/779/719
f 720/779/719 738/798/738 721/780/721 703/761/686
f 721/780/721 739/799/739 740/800/740 722/781/722
f 722/781/722 740/800/740 741/801/741 723/782/723
f 723/782/723 741/801/741 742/802/742 724/783/724
f 724/783/724 742/802/742 743/803/743 725/784/725
f 725/784/725 743/803/743 744/804/744 726/785/726
f 726/785/726 744/804/744 745/805/745 727/786/727
f 727/786/727 745/805/745 746/806/746 728/787/728
f 728/787/728 746/806/746 747/807/747 729/788/729
f 729/788/729 747/807/747 748/808/748 730/789/730
f 730/790/730 748/809/748 749/810/749 731/791/731
f 731/791/731 749/810/749 750/811/750 732/792/732
f 732/792/732 750/811/750 751/812/751 733/793/733
f 733/793/733 751/812/751 752/813/752 734/794/734
f 734/794/734 752/813/752 753/814/753 735/795/735
f 735/795/735 753/814/753 754/815/754 736/796/736
f 736/796/736 754/815/754 755/816/755 737/797/737
f 737/797/737 755/816/755 756/817/756 738/798/738
f 738/798/738 756/817/756 739/799/739 721/780/721
f 739/799/739 757/818/757 758/819/758 740/800/740
f 740/800/740 758/819/758 759/820/759 741/801/741
f 741/801/741 759/820/759 760/821/760 742/802/742
f 742/802/742 760/821/760 761/822/761 743/803/743
f 743/803/743 761/822/761 762/823/762 744/804/744
f 744/804/744 762/823/762 763/824/763 745/805/745
f 745/805/745 763/824/763 764/825/764 746/806/746
f 746/806/746 764/825/764 765/826/765 747/807/747
f 747/807/747 765/826/765 766/827/766 748/808/748
f 748/809/748 766/828/766 767/829/767 749/810/749
f 749/810/749 767/829/767 768/830/768 750/811/750
f 750/811/750 768/830/768 769/831/769 751/812/751
f 751/812/751 769/831/769 770/832/770 752/813/752
f 752/813/752 770/832/770 771/833/771 753/814/753
f 753/814/753 771/833/771 772/834/772 754/815/754
f 754/815/754 772/834/772 773/835/773 755/816/755
f 755/816/755 773/835/773 774/836/774 756/817/756
f 756/817/756 774/836/774 757/818/757 739/799/739
f 757/818/757 775/837/775 776/838/776 758/819/758
f 758/819/758 776/838/776 777/839/777 759/820/759
f 759/820/759 777/839/777 778/840/778 760/821/760
f 760/821/760 778/840/778 779/841/779 761/822/761
f 761/822/761 779/841/779 780/842/780 762/823/762
f 762/823/762 780/842/780 781/843/781 763/824/763
f 763/824/763 781/843/781 782/844/782 764/825/764
f 764/825/764 782/844/782 783/845/783 765/826/765
f 765/826/765 783/845/783 784/846/784 766/827/766
f 766/828/766 784/847/784 785/848/785 767/829/767
f 767/829/767 785/848/785 786/849/786 768/830/768
f 768/830/768 786/849/786 787/850/787 769/831/769
f 769/831/769 787/850/787 788/851/788 770/832/770
f 770/832/770 788/851/788 789/852/789 771/833/771
f 771/833/771 789/852/789 790/853/790 772/834/772
f 772/834/772 790/853/790 791/854/791 773/835/773
f 773/835/773 791/854/791 792/855/792 774/836/774
f 774/836/774 792/855/792 775/837/775 757/818/757
f 775/837/775 793/856/793 794/857/794 776/838/776
f 776/838/776 794/857/794 795/858/795 777/839/777
f 777/839/777 795/858/795 796/859/796 778/840/778
f 778/840/778 796/859/796 797/860/797 779/841/779
f 779/841/779 797/860/797 798/861/798 780/842/780
f 780/842/780 798/861/798 799/862/799 781/843/781
f 781/843/781 799/862/799 800/863/800 782/844/782
f 782/844/782 800/863/800 801/864/801 783/845/783
f 783/845/783 801/864/801 802/865/802 784/846/784
f 784/847/784 802/866/802 803/867/803 785/848/785
f 785/848/785 803/867/803 804/868/804 786/849/786
f 786/849/786 804/868/804 805/869/805 787/850/787
f 787/850/787 805/869/805 806/870/806 788/851/788
f 788/851/788 806/870/806 807/871/807 789/852/789
f 789/852/789 807/871/807 808/872/808 790/853/790
f 790/853/790 808/872/808 809/873/809 791/854/791
f 791/854/791 809/873/809 810/874/810 792/855/792
f 792/855/792 810/874/810 793/856/793 775/837/775
f 793/856/793 811/875/811 812/876/812 794/857/794
f 794/857/794 812/876/812 813/877/813 795/858/795
f 795/858/795 813/877/813 814/878/814 796/859/796
f 796/859/796 814/878/814 815/879/815 797/860/797
f 797/860/797 815/879/815 816/880/816 798/861/798
f 798/861/798 816/880/816 817/881/817 799/862/799
f 799/862/799 817/881/817 818/882/818 800/863/800
f 800/863/800 818/882/818 819/883/819 801/864/801
f 801/864/801 819/883/819 820/884/820 802/865/802
f 802/866/802 820/885/820 821/886/821 803/867/803
f 803/867/803 821/886/821 822/887/822 804/868/804
f 804/868/804 822/887/822 823/888/823 805/869/805
f 805/869/805 823/888/823 824/889/824 806/870/806
f 806/870/806 824/889/824 825/890/825 807/871/807
f 807/871/807 825/890/825 826/891/826 808/872/808
f 808/872/808 826/891/826 827/892/827 809/873/809
f 809/873/809 827/892/827 828/893/828 810/874/810
f 810/874/810 828/893/828 811/875/811 793/856/793
f 811/875/811 829/894/829 830/895/830 812/876/812
f 812/876/812 830/895/830 831/896/831 813/877/813
f 813/877/813 831/896/831 832/897/832 814/878/814
f 814/878/814 832/897/832 833/898/833 815/879/815
f 815/879/815 833/898/833 834/899/834 816/880/816
f 816/880/816 834/899/834 835/900/835 817/881/817
f 817/881/817 835/900/835 836/901/836 818/882/818
f 818/882/818 836/901/836 837/902/837 819/883/819
f 819/883/819 837/902/837 838/903/838 820/884/820
f 820/885/820 838/904/838 839/905/839 821/886/821
f 821/886/821 839/905/839 840/906/840 822/887/822
f 822/887/822 840/906/840 841/907/841 823/888/823
f 823/888/823 841/907/841 842/908/842 824/889/824
f 824/889/824 842/908/842 843/909/843 825/890/825
f 825/890/825 843/909/843 844/910/844 826/891/826
f 826/891/826 844/910/844 845/911/845 827/892/827
f 827/892/827 845/911/845 846/912/846 828/893/828
f 828/893/828 846/912/846 829/894/829 811/875/811
f 829/894/829 847/913/847 848/914/848 830/895/830
f 830/895/830 848/914/848 849/915/849 831/896/831
f 831/896/831 849/915/849 850/916/850 832/897/832
f 832/897/832 850/916/850 851/917/851 833/898/833
f 833/898/833 851/917/851 852/918/852 834/899/834
f 834/899/834 852/918/852 853/919/853 835/900/835
f 835/900/835 853/919/853 854/920/854 836/901/836
f 836/901/836 854/920/854 855/921/855 837/902/837
f 837/902/837 855/921/855 856/922/856 838/903/838
f 838/904/838 856/923/856 857/924/857 839/905/839
f 839/905/839 857/924/857 858/925/858 840/906/840
f 840/906/840 858/925/858 859/926/859 841/907/841
f 841/907/841 859/926/859 860/927/860 842/908/842
f 842/908/842 860/927/860 861/928/861 843/909/843
f 843/909/843 861/928/861 862/929/862 844/910/844
f 844/910/844 862/929/862 863/930/863 845/911/845
f 845/911/845 863/930/863 864/931/864 846/912/846
f 846/912/846 864/931/864 847/913/847 829/894/829
f 847/913/847 865/932/865 866/933/866 848/914/848
f 848/914/848 866/933/866 867/934/867 849/915/849
f 849/915/849 867/934/867 868/935/868 850/916/850
f 850/916/850 868/935/868 869/936/869 851/917/851
f 851/917/851 869/936/869 870/937/870 852/918/852
f 852/918/852 870/937/870 871/938/871 853/919/853
f 853/919/853 871/938/871 872/939/872 854/920/854
f 854/920/854 872/939/872 873/940/873 855/921/855
f 855/921/855 873/940/873 874/941/874 856/922/856
f 856/923/856 874/942/874 875/943/875 857/924/857
f 857/924/857 875/943/875 876/944/876 858/925/858
f 858/925/858 876/944/876 877/945/877 859/926/859
f 859/926/859 877/945/877 878/946/878 860/927/860
f 860/927/860 878/946/878 879/947/879 861/928/861
f 861/928/861 879/947/879 880/948/880 862/929/862
f 862/929/862 880/948/880 881/949/881 863/930/863
f 863/930/863 881/949/881 882/950/882 864/931/864
f 864/931/864 882/950/882 865/932/865 847/913/847
f 865/932/865 883/951/883 884/952/884 866/933/866
f 866/933/866 884/952/884 885/953/885 867/934/867
f 867/934/867 885/953/885 886/954/886 868/935/868
f 868/935/868 886/954/886 887/955/887 869/936/869
f 869/936/869 887/955/887 888/956/888 870/937/870
f 870/937/870 888/956/888 889/957/889 871/938/871
f 871/938/871 889/957/889 890/958/890 872/939/872
f 872/939/872 890/958/890 891/959/891 873/940/873
f 873/940/873 891/959/891 892/960/892 874/941/874
f 874/942/874 892/961/892 893/962/893 875/943/875
f 875/943/875 893/962/893 894/963/894 876/944/876
f 876/944/876 894/963/894 895/964/895 877/945/877
f 877/945/877 895/964/895 896/965/896 878/946/878
f 878/946/878 896/965/896 897/966/897 879/947/879
f 879/947/879 897/966/897 898/967/898 880/948/880
f 880/948/880 898/967/898 899/968/899 881/949/881
f 881/949/881 899/968/899 900/969/900 882/950/882
f 882/950/882 900/969/900 883/951/883 865/932/865
f 883/951/883 469/514/469 470/515/472 884/952/884
f 884/952/884 470/515/472 471/516/474 885/953/885
f 885/953/885 471/516/474 472/517/476 886/954/886
f 886/954/886 472/517/476 473/518/478 887/955/887
f 887/955/887 473/518/478 474/519/480 888/956/888
f 888/956/888 474/519/480 475/520/482 889/957/889
f 889/957/889 475/520/482 476/521/484 890/958/890
f 890/958/890 476/521/484 477/522/486 891/959/891
f 891/959/891 477/522/486 478/523/488 892/960/892
f 892/961/892 478/524/488 479/525/490 893/962/893
f 893/962/893 479/525/490 480/526/492 894/963/894
f 894/963/894 480/526/492 481/527/494 895/964/895
f 895/964/895 481/527/494 482/528/496 896/965/896
f 896/965/896 482/528/496 483/529/498 897/966/897
f 897/966/897 483/529/498 484/530/500 898/967/898
f 898/967/898 484/530/500 485/531/502 899/968/899
f 899/968/899 485/531/502 486/532/504 900/969/900
f 900/969/900 486/532/504 469/514/469 883/951/883
f 901/970/1 919/989/2 920/990/3 902/971/901
f 902/971/901 920/990/3 921/991/5 903/972/6
f 903/972/6 921/991/5 922/992/7 904/973/8
f 904/973/8 922/992/7 923/993/9 905/974/10
f 905/974/10 923/993/9 924/994/11 906/975/12
f 906/975/12 924/994/11 925/995/13 907/976/14
f 907/976/14 925/995/13 926/996/15 908/977/16
f 908/977/16 926/996/15 927/997/17 909/978/902
f 909/978/902 927/997/17 928/998/19 910/979/20
f 910/980/20 928/999/19 929/1000/21 911/981/22
f 911/981/22 929/1000/21 930/1001/23 912/982/24
f 912/982/24 930/1001/23 931/1002/25 913/983/26
f 913/983/26 931/1002/25 932/1003/27 914/984/28
f 914/984/28 932/1003/27 933/1004/29 915/985/30
f 915/985/30 933/1004/29 934/1005/31 916/986/32
f 916/986/32 934/1005/31 935/1006/33 917/987/34
f 917/987/34 935/1006/33 936/1007/35 918/988/903
f 918/988/903 936/1007/35 919/989/2 901/970/1
f 919/989/2 937/1008/37 938/1009/38 920/990/3
f 920/990/3 938/1009/38 939/1010/39 921/991/5
f 921/991/5 939/1010/39 940/1011/40 922/992/7
f 922/992/7 940/1011/40 941/1012/41 923/993/9
f 923/993/9 941/1012/41 942/1013/42 924/994/11
f 924/994/11 942/1013/42 943/1014/43 925/995/13
f 925/995/13 943/1014/43 944/1015/44 926/996/15
f 926/996/15 944/1015/44 945/1016/45 927/997/17
f 927/997/17 945/1016/45 946/1017/46 928/998/19
f 928/999/19 946/1018/46 947/1019/47 929/1000/21
f 929/1000/21 947/1019/47 948/1020/48 930/1001/23
f 930/1001/23 948/1020/48 949/1021/49 931/1002/25
f 931/1002/25 949/1021/49 950/1022/50 932/1003/27
f 932/1003/27 950/1022/50 951/1023/51 933/1004/29
f 933/1004/29 951/1023/51 952/1024/52 934/1005/31
f 934/1005/31 952/1024/52 953/1025/53 935/1006/33
f 935/1006/33 953/1025/53 954/1026/904 936/1007/35
f 936/1007/35 954/1026/904 937/1008/37 919/989/2
f 937/1008/37 955/1027/55 956/1028/56 938/1009/38
f 938/1009/38 956/1028/56 957/1029/57 939/1010/39
f 939/1010/39 957/1029/57 958/1030/58 940/1011/40
f 940/1011/40 958/1030/58 959/1031/59 941/1012/41
f 941/1012/41 959/1031/59 960/1032/60 942/1013/42
f 942/1013/42 960/1032/60 961/1033/61 943/1014/43
f 943/1014/43 961/1033/61 962/1034/62 944/1015/44
f 944/1015/44 962/1034/62 963/1035/63 945/1016/45
f 945/1016/45 963/1035/63 964/1036/64 946/1017/46
f 946/1018/46 964/1037/64 965/1038/65 947/1019/47
f 947/1019/47 965/1038/65 966/1039/66 948/1020/48
f 948/1020/48 966/1039/66 967/1040/67 949/1021/49
f 949/1021/49 967/1040/67 968/1041/68 950/1022/50
f 950/1022/50 968/1041/68 969/1042/69 951/1023/51
f 951/1023/51 969/1042/69 970/1043/70 952/1024/52
f 952/1024/52 970/1043/70 971/1044/71 953/1025/53
f 953/1025/53 971/1044/71 972/1045/72 954/1026/904
f 954/1026/904 972/1045/72 955/1027/55 937/1008/37
f 955/1027/55 973/1046/73 974/1047/74 956/1028/56
f 956/1028/56 974/1047/74 975/1048/75 957/1029/57
f 957/1029/57 975/1048/75 976/1049/76 958/1030/58
f 958/1030/58 976/1049/76 977/1050/77 959/1031/59
f 959/1031/59 977/1050/77 978/1051/78 960/1032/60
f 960/1032/60 978/1051/78 979/1052/79 961/1033/61
f 961/1033/61 979/1052/79 980/1053/80 962/1034/62
f 962/1034/62 980/1053/80 981/1054/81 963/1035/63
f 963/1035/63 981/1054/81 982/1055/82 964/1036/64
f 964/1037/64 982/1056/82 983/1057/83 965/1038/65
f 965/1038/65 983/1057/83 984/1058/84 966/1039/66
f 966/1039/66 984/1058/84 985/1059/85 967/1040/67
f 967/1040/67 985/1059/85 986/1060/86 968/1041/68
f 968/1041/68 986/1060/86 987/1061/87 969/1042/69
f 969/1042/69 987/1061/87 988/1062/88 970/1043/70
f 970/1043/70 988/1062/88 989/1063/89 971/1044/71
f 971/1044/71 989/1063/89 990/1064/90 972/1045/72
f 972/1045/72 990/1064/90 973/1046/73 955/1027/55
f 973/1046/73 991/1065/91 992/1066/92 974/1047/74
f 974/1047/74 992/1066/92 993/1067/93 975/1048/75
f 975/1048/75 993/1067/93 994/1068/94 976/1049/76
f 976/1049/76 994/1068/94 995/1069/95 977/1050/77
f 977/1050/77 995/1069/95 996/1070/96 978/1051/78
f 978/1051/78 996/1070/96 997/1071/97 979/1052/79
f 979/1052/79 997/1071/97 998/1072/98 980/1053/80
f 980/1053/80 998/1072/98 999/1073/99 981/1054/81
f 981/1054/81 999/1073/99 1000/1074/100 982/1055/82
f 982/1056/82 1000/1075/100 1001/1076/101 983/1057/83
f 983/1057/83 1001/1076/101 1002/1077/102 984/1058/84
f 984/1058/84 1002/1077/102 1003/1078/103 985/1059/85
f 985/1059/85 1003/1078/103 1004/1079/104 986/1060/86
f 986/1060/86 1004/1079/104 1005/1080/105 987/1061/87
f 987/1061/87 1005/1080/105 1006/1081/106 988/1062/88
f 988/1062/88 1006/1081/106 1007/1082/107 989/1063/89
f 989/1063/89 1007/1082/107 1008/1083/108 990/1064/90
f 990/1064/90 1008/1083/108 991/1065/91 973/1046/73
f 991/1065/91 1009/1084/109 1010/1085/110 992/1066/92
f 992/1066/92 1010/1085/110 1011/1086/111 993/1067/93
f 993/1067/93 1011/1086/111 1012/1087/112 994/1068/94
f 994/1068/94 1012/1087/112 1013/1088/113 995/1069/95
f 995/1069/95 1013/1088/113 1014/1089/114 996/1070/96
f 996/1070/96 1014/1089/114 1015/1090/115 997/1071/97
f 997/1071/97 1015/1090/115 1016/1091/116 998/1072/98
f 998/1072/98 1016/1091/116 1017/1092/117 999/1073/99
f 999/1073/99 1017/1092/117 1018/1093/118 1000/1074/100
f 1000/1075/100 1018/1094/118 1019/1095/119 1001/1076/101
f 1001/1076/101 1019/1095/119 1020/1096/120 1002/1077/102
f 1002/1077/102 1020/1096/120 1021/1097/905 1003/1078/103
f 1003/1078/103 1021/1097/905 1022/1098/122 1004/1079/104
f 1004/1079/104 1022/1098/122 1023/1099/123 1005/1080/105
f 1005/1080/105 1023/1099/123 1024/1100/124 1006/1081/106
f 1006/1081/106 1024/1100/124 1025/1101/125 1007/1082/107
f 1007/1082/107 1025/1101/125 1026/1102/126 1008/1083/108
f 1008/1083/108 1026/1102/126 1009/1084/109 991/1065/91
f 1009/1084/109 1027/1103/127 1028/1104/128 1010/1085/110
f 1010/1085/110 1028/1104/128 1029/1105/129 1011/1086/111
f 1011/1086/111 1029/1105/129 1030/1106/130 1012/1087/112
f 1012/1087/112 1030/1106/130 1031/1107/131 1013/1088/113
f 1013/1088/113 1031/1107/131 1032/1108/132 1014/1089/114
f 1014/1089/114 1032/1108/132 1033/1109/133 1015/1090/115
f 1015/1090/115 1033/1109/133 1034/1110/134 1016/1091/116
f 1016/1091/116 1034/1110/134 1035/1111/135 1017/1092/117
f 1017/1092/117 1035/1111/135 1036/1112/136 1018/1093/118
f 1018/1094/118 1036/1113/136 1037/1114/137 1019/1095/119
f 1019/1095/119 1037/1114/137 1038/1115/138 1020/1096/120
f 1020/1096/120 1038/1115/138 1039/1116/139 1021/1097/905
f 1021/1097/905 1039/1116/139 1040/1117/140 1022/1098/122
f 1022/1098/122 1040/1117/140 1041/1118/141 1023/1099/123
f 1023/1099/123 1041/1118/141 1042/1119/142 1024/1100/124
f 1024/1100/124 1042/1119/142 1043/1120/143 1025/1101/125
f 1025/1101/125 1043/1120/143 1044/1121/144 1026/1102/126
f 1026/1102/126 1044/1121/144 1027/1103/127 1009/1084/109
f 1027/1103/127 1045/1122/145 1046/1123/146 1028/1104/128
f 1028/1104/128 1046/1123/146 1047/1124/147 1029/1105/129
f 1029/1105/129 1047/1124/147 1048/1125/148 1030/1106/130
f 1030/1106/130 1048/1125/148 1049/1126/149 1031/1107/131
f 1031/1107/131 1049/1126/149 1050/1127/150 1032/1108/132
f 1032/1108/132 1050/1127/150 1051/1128/151 1033/1109/133
f 1033/1109/133 1051/1128/151 1052/1129/152 1034/1110/134
f 1034/1110/134 1052/1129/152 1053/1130/153 1035/1111/135
f 1035/1111/135 1053/1130/153 1054/1131/154 1036/1112/136
f 1036/1113/136 1054/1132/154 1055/1133/155 1037/1114/137
f 1037/1114/137 1055/1133/155 1056/1134/156 1038/1115/138
f 1038/1115/138 1056/1134/156 1057/1135/157 1039/1116/139
f 1039/1116/139 1057/1135/157 1058/1136/158 1040/1117/140
f 1040/1117/140 1058/1136/158 1059/1137/159 1041/1118/141
f 1041/1118/141 1059/1137/159 1060/1138/160 1042/1119/142
f 1042/1119/142 1060/1138/160 1061/1139/161 1043/1120/143
f 1043/1120/143 1061/1139/161 1062/1140/162 1044/1121/144
f 1044/1121/144 1062/1140/162 1045/1122/145 1027/1103/127
f 1045/1122/145 1063/1141/163 1064/1142/164 1046/1123/146
f 1046/1123/146 1064/1142/164 1065/1143/165 1047/1124/147
f 1047/1124/147 1065/1143/165 1066/1144/166 1048/1125/148
f 1048/1125/148 1066/1144/166 1067/1145/167 1049/1126/149
f 1049/1126/149 1067/1145/167 1068/1146/168 1050/1127/150
f 1050/1127/150 1068/1146/168 1069/1147/169 1051/1128/151
f 1051/1128/151 1069/1147/169 1070/1148/170 1052/1129/152
f 1052/1129/152 1070/1148/170 1071/1149/171 1053/1130/153
f 1053/1130/153 1071/1149/171 1072/1150/172 1054/1131/154
f 1054/1132/154 1072/1151/172 1073/1152/173 1055/1133/155
f 1055/1133/155 1073/1152/173 1074/1153/174 1056/1134/156
f 1056/1134/156 1074/1153/174 1075/1154/175 1057/1135/157
f 1057/1135/157 1075/1154/175 1076/1155/176 1058/1136/158
f 1058/1136/158 1076/1155/176 1077/1156/177 1059/1137/159
f 1059/1137/159 1077/1156/177 1078/1157/178 1060/1138/160
f 1060/1138/160 1078/1157/178 1079/1158/179 1061/1139/161
f 1061/1139/161 1079/1158/179 1080/1159/180 1062/1140/162
f 1062/1140/162 1080/1159/180 1063/1141/163 1045/1122/145
f 1063/1141/163 1081/1160/181 1082/1161/182 1064/1142/164
f 1064/1142/164 1082/1161/182 1083/1162/183 1065/1143/165
f 1065/1143/165 1083/1162/183 1084/1163/184 1066/1144/166
f 1066/1144/166 1084/1163/184 1085/1164/185 1067/1145/167
f 1067/1145/167 1085/1164/185 1086/1165/186 1068/1146/168
f 1068/1146/168 1086/1165/186 1087/1166/187 1069/1147/169
f 1069/1147/169 1087/1166/187 1088/1167/188 1070/1148/170
f 1070/1148/170 1088/1167/188 1089/1168/189 1071/1149/171
f 1071/1149/171 1089/1168/189 1090/1169/190 1072/1150/172
f 1072/1151/172 1090/1170/190 1091/1171/191 1073/1152/173
f 1073/1152/173 1091/1171/191 1092/1172/192 1074/1153/174
f 1074/1153/174 1092/1172/192 1093/1173/193 1075/1154/175
f 1075/1154/175 1093/1173/193 1094/1174/194 1076/1155/176
f 1076/1155/176 1094/1174/194 1095/1175/195 1077/1156/177
f 1077/1156/177 1095/1175/195 1096/1176/196 1078/1157/178
f 1078/1157/178 1096/1176/196 1097/1177/197 1079/1158/179
f 1079/1158/179 1097/1177/197 1098/1178/198 1080/1159/180
f 1080/1159/180 1098/1178/198 1081/1160/181 1063/1141/163
f 1081/1160/181 1099/1179/199 1100/1180/200 1082/1161/182
f 1082/1161/182 1100/1180/200 1101/1181/201 1083/1162/183
f 1083/1162/183 1101/1181/201 1102/1182/202 1084/1163/184
f 1084/1163/184 1102/1182/202 1103/1183/203 1085/1164/185
f 1085/1164/185 1103/1183/203 1104/1184/906 1086/1165/186
f 1086/1165/186 1104/1184/906 1105/1185/205 1087/1166/187
f 1087/1166/187 1105/1185/205 1106/1186/206 1088/1167/188
f 1088/1167/188 1106/1186/206 1107/1187/207 1089/1168/189
f 1089/1168/189 1107/1187/207 1108/1188/208 1090/1169/190
f 1090/1170/190 1108/1189/208 1109/1190/209 1091/1171/191
f 1091/1171/191 1109/1190/209 1110/1191/210 1092/1172/192
f 1092/1172/192 1110/1191/210 1111/1192/211 1093/1173/193
f 1093/1173/193 1111/1192/211 1112/1193/212 1094/1174/194
f 1094/1174/194 1112/1193/212 1113/1194/213 1095/1175/195
f 1095/1175/195 1113/1194/213 1114/1195/214 1096/1176/196
f 1096/1176/196 1114/1195/214 1115/1196/215 1097/1177/197
f 1097/1177/197 1115/1196/215 1116/1197/216 1098/1178/198
f 1098/1178/198 1116/1197/216 1099/1179/199 1081/1160/181
f 1099/1179/199 1117/1198/217 1118/1199/907 1100/1180/200
f 1100/1180/200 1118/1199/907 1119/1200/219 1101/1181/201
f 1101/1181/201 1119/1200/219 1120/1201/220 1102/1182/202
f 1102/1182/202 1120/1201/220 1121/1202/221 1103/1183/203
f 1103/1183/203 1121/1202/221 1122/1203/222 1104/1184/906
f 1104/1184/906 1122/1203/222 1123/1204/223 1105/1185/205
f 1105/1185/205 1123/1204/223 1124/1205/224 1106/1186/206
f 1106/1186/206 1124/1205/224 1125/1206/225 1107/1187/207
f 1107/1187/207 1125/1206/225 1126/1207/226 1108/1188/208
f 1108/1189/208 1126/1208/226 1127/1209/227 1109/1190/209
f 1109/1190/209 1127/1209/227 1128/1210/228 1110/1191/210
f 1110/1191/210 1128/1210/228 1129/1211/229 1111/1192/211
f 1111/1192/211 1129/1211/229 1130/1212/230 1112/1193/212
f 1112/1193/212 1130/1212/230 1131/1213/231 1113/1194/213
f 1113/1194/213 1131/1213/231 1132/1214/232 1114/1195/214
f 1114/1195/214 1132/1214/232 1133/1215/233 1115/1196/215
f 1115/1196/215 1133/1215/233 1134/1216/234 1116/1197/216
f 1116/1197/216 1134/1216/234 1117/1198/217 1099/1179/199
f 1117/1198/217 1135/1217/235 1136/1219/236 1118/1199/907
f 1118/1199/907 1136/1219/236 1137/1221/237 1119/1200/219
f 1119/1200/219 1137/1221/237 1138/1223/238 1120/1201/220
f 1120/1201/220 1138/1223/238 1139/1225/239 1121/1202/221
f 1121/1202/221 1139/1225/239 1140/1227/240 1122/1203/222
f 1122/1203/222 1140/1227/240 1141/1229/241 1123/1204/223
f 1123/1204/223 1141/1229/241 1142/1231/242 1124/1205/224
f 1124/1205/224 1142/1231/242 1143/1233/243 1125/1206/225
f 1125/1206/225 1143/1233/243 1144/1235/244 1126/1207/226
f 1126/1208/226 1144/1236/244 1145/1239/245 1127/1209/227
f 1127/1209/227 1145/1239/245 1146/1241/246 1128/1210/228
f 1128/1210/228 1146/1241/246 1147/1243/247 1129/1211/229
f 1129/1211/229 1147/1243/247 1148/1245/248 1130/1212/230
f 1130/1212/230 1148/1245/248 1149/1247/249 1131/1213/231
f 1131/1213/231 1149/1247/249 1150/1249/250 1132/1214/232
f 1132/1214/232 1150/1249/250 1151/1251/251 1133/1215/233
f 1133/1215/233 1151/1251/251 1152/1253/252 1134/1216/234
f 1134/1216/234 1152/1253/252 1135/1217/235 1117/1198/217
f 1135/1218/235 1153/1255/253 1154/1256/254 1136/1220/236
f 1136/1220/236 1154/1256/254 1155/1257/255 1137/1222/237
f 1137/1222/237 1155/1257/255 1156/1258/256 1138/1224/238
f 1138/1224/238 1156/1258/256 1157/1259/257 1139/1226/239
f 1139/1226/239 1157/1259/257 1158/1260/258 1140/1228/240
f 1140/1228/240 1158/1260/258 1159/1261/259 1141/1230/241
f 1141/1230/241 1159/1261/259 1160/1262/260 1142/1232/242
f 1142/1232/242 1160/1262/260 1161/1263/261 1143/1234/243
f 1143/1234/243 1161/1263/261 1162/1264/262 1144/1237/244
f 1144/1238/244 1162/1265/262 1163/1266/263 1145/1240/245
f 1145/1240/245 1163/1266/263 1164/1267/264 1146/1242/246
f 1146/1242/246 1164/1267/264 1165/1268/265 1147/1244/247
f 1147/1244/247 1165/1268/265 1166/1269/266 1148/1246/248
f 1148/1246/248 1166/1269/266 1167/1270/267 1149/1248/249
f 1149/1248/249 1167/1270/267 1168/1271/268 1150/1250/250
f 1150/1250/250 1168/1271/268 1169/1272/269 1151/1252/251
f 1151/1252/251 1169/1272/269 1170/1273/270 1152/1254/252
f 1152/1254/252 1170/1273/270 1153/1255/253 1135/1218/235
f 1153/1255/253 1171/1274/271 1172/1275/272 1154/1256/254
f 1154/1256/254 1172/1275/272 1173/1276/273 1155/1257/255
f 1155/1257/255 1173/1276/273 1174/1277/274 1156/1258/256
f 1156/1258/256 1174/1277/274 1175/1278/275 1157/1259/257
f 1157/1259/257 1175/1278/275 1176/1279/276 1158/1260/258
f 1158/1260/258 1176/1279/276 1177/1280/277 1159/1261/259
f 1159/1261/259 1177/1280/277 1178/1281/278 1160/1262/260
f 1160/1262/260 1178/1281/278 1179/1282/279 1161/1263/261
f 1161/1263/261 1179/1282/279 1180/1283/280 1162/1264/262
f 1162/1265/262 1180/1284/280 1181/1285/281 1163/1266/263
f 1163/1266/263 1181/1285/281 1182/1286/282 1164/1267/264
f 1164/1267/264 1182/1286/282 1183/1287/283 1165/1268/265
f 1165/1268/265 1183/1287/283 1184/1288/284 1166/1269/266
f 1166/1269/266 1184/1288/284 1185/1289/285 1167/1270/267
f 1167/1270/267 1185/1289/285 1186/1290/286 1168/1271/268
f 1168/1271/268 1186/1290/286 1187/1291/287 1169/1272/269
f 1169/1272/269 1187/1291/287 1188/1292/288 1170/1273/270
f 1170/1273/270 1188/1292/288 1171/1274/271 1153/1255/253
f 1171/1274/271 1189/1293/289 1190/1294/290 1172/1275/272
f 1172/1275/272 1190/1294/290 1191/1295/291 1173/1276/273
f 1173/1276/273 1191/1295/291 1192/1296/292 1174/1277/274
f 1174/1277/274 1192/1296/292 1193/1297/293 1175/1278/275
f 1175/1278/275 1193/1297/293 1194/1298/294 1176/1279/276
f 1176/1279/276 1194/1298/294 1195/1299/295 1177/1280/277
f 1177/1280/277 1195/1299/295 1196/1300/296 1178/1281/278
f 1178/1281/278 1196/1300/296 1197/1301/297 1179/1282/279
f 1179/1282/279 1197/1301/297 1198/1302/298 1180/1283/280
f 1180/1284/280 1198/1303/298 1199/1304/299 1181/1285/281
f 1181/1285/281 1199/1304/299 1200/1305/300 1182/1286/282
f 1182/1286/282 1200/1305/300 1201/1306/301 1183/1287/283
f 1183/1287/283 1201/1306/301 1202/1307/302 1184/1288/284
f 1184/1288/284 1202/1307/302 1203/1308/303 1185/1289/285
f 1185/1289/285 1203/1308/303 1204/1309/304 1186/1290/286
f 1186/1290/286 1204/1309/304 1205/1310/305 1187/1291/287
f 1187/1291/287 1205/1310/305 1206/1311/306 1188/1292/288
f 1188/1292/288 1206/1311/306 1189/1293/289 1171/1274/271
f 1189/1293/289 1207/1312/307 1208/1313/308 1190/1294/290
f 1190/1294/290 1208/1313/308 1209/1314/309 1191/1295/291
f 1191/1295/291 1209/1314/309 1210/1315/310 1192/1296/292
f 1192/1296/292 1210/1315/310 1211/1316/311 1193/1297/293
f 1193/1297/293 1211/1316/311 1212/1317/312 1194/1298/294
f 1194/1298/294 1212/1317/312 1213/1318/313 1195/1299/295
f 1195/1299/295 1213/1318/313 1214/1319/314 1196/1300/296
f 1196/1300/296 1214/1319/314 1215/1320/315 1197/1301/297
f 1197/1301/297 1215/1320/315 1216/1321/316 1198/1302/298
f 1198/1303/298 1216/1322/316 1217/1323/317 1199/1304/299
f 1199/1304/299 1217/1323/317 1218/1324/318 1200/1305/300
f 1200/1305/300 1218/1324/318 1219/1325/319 1201/1306/301
f 1201/1306/301 1219/1325/319 1220/1326/320 1202/1307/302
f 1202/1307/302 1220/1326/320 1221/1327/321 1203/1308/303
f 1203/1308/303 1221/1327/321 1222/1328/322 1204/1309/304
f 1204/1309/304 1222/1328/322 1223/1329/323 1205/1310/305
f 1205/1310/305 1223/1329/323 1224/1330/324 1206/1311/306
f 1206/1311/306 1224/1330/324 1207/1312/307 1189/1293/289
f 1207/1312/307 1225/1331/325 1226/1332/326 1208/1313/308
f 1208/1313/308 1226/1332/326 1227/1333/327 1209/1314/309
f 1209/1314/309 1227/1333/327 1228/1334/328 1210/1315/310
f 1210/1315/310 1228/1334/328 1229/1335/329 1211/1316/311
f 1211/1316/311 1229/1335/329 1230/1336/330 1212/1317/312
f 1212/1317/312 1230/1336/330 1231/1337/331 1213/1318/313
f 1213/1318/313 1231/1337/331 1232/1338/332 1214/1319/314
f 1214/1319/314 1232/1338/332 1233/1339/333 1215/1320/315
f 1215/1320/315 1233/1339/333 1234/1340/334 1216/1321/316
f 1216/1322/316 1234/1341/334 1235/1342/335 1217/1323/317
f 1217/1323/317 1235/1342/335 1236/1343/336 1218/1324/318
f 1218/1324/318 1236/1343/336 1237/1344/337 1219/1325/319
f 1219/1325/319 1237/1344/337 1238/1345/338 1220/1326/320
f 1220/1326/320 1238/1345/338 1239/1346/339 1221/1327/321
f 1221/1327/321 1239/1346/339 1240/1347/340 1222/1328/322
f 1222/1328/322 1240/1347/340 1241/1348/341 1223/1329/323
f 1223/1329/323 1241/1348/341 1242/1349/342 1224/1330/324
f 1224/1330/324 1242/1349/342 1225/1331/325 1207/1312/307
f 1225/1331/325 1243/1350/343 1244/1351/344 1226/1332/326
f 1226/1332/326 1244/1351/344 1245/1352/345 1227/1333/327
f 1227/1333/327 1245/1352/345 1246/1353/346 1228/1334/328
f 1228/1334/328 1246/1353/346 1247/1354/347 1229/1335/329
f 1229/1335/329 1247/1354/347 1248/1355/348 1230/1336/330
f 1230/1336/330 1248/1355/348 1249/1356/349 1231/1337/331
f 1231/1337/331 1249/1356/349 1250/1357/350 1232/1338/332
f 1232/1338/332 1250/1357/350 1251/1358/351 1233/1339/333
f 1233/1339/333 1251/1358/351 1252/1359/352 1234/1340/334
f 1234/1341/334 1252/1360/352 1253/1361/353 1235/1342/335
f 1235/1342/335 1253/1361/353 1254/1362/354 1236/1343/336
f 1236/1343/336 1254/1362/354 1255/1363/355 1237/1344/337
f 1237/1344/337 1255/1363/355 1256/1364/356 1238/1345/338
f 1238/1345/338 1256/1364/356 1257/1365/357 1239/1346/339
f 1239/1346/339 1257/1365/357 1258/1366/358 1240/1347/340
f 1240/1347/340 1258/1366/358 1259/1367/359 1241/1348/341
f 1241/1348/341 1259/1367/359 1260/1368/360 1242/1349/342
f 1242/1349/342 1260/1368/360 1243/1350/343 1225/1331/325
f 1243/1350/343 1261/1369/361 1262/1370/362 1244/1351/344
f 1244/1351/344 1262/1370/362 1263/1371/363 1245/1352/345
f 1245/1352/345 1263/1371/363 1264/1372/364 1246/1353/346
f 1246/1353/346 1264/1372/364 1265/1373/365 1247/1354/347
f 1247/1354/347 1265/1373/365 1266/1374/366 1248/1355/348
f 1248/1355/348 1266/1374/366 1267/1375/367 1249/1356/349
f 1249/1356/349 1267/1375/367 1268/1376/368 1250/1357/350
f 1250/1357/350 1268/1376/368 1269/1377/369 1251/1358/351
f 1251/1358/351 1269/1377/369 1270/1378/370 1252/1359/352
f 1252/1360/352 1270/1379/370 1271/1380/371 1253/1361/353
f 1253/1361/353 1271/1380/371 1272/1381/372 1254/1362/354
f 1254/1362/354 1272/1381/372 1273/1382/373 1255/1363/355
f 1255/1363/355 1273/1382/373 1274/1383/374 1256/1364/356
f 1256/1364/356 1274/1383/374 1275/1384/908 1257/1365/357
f 1257/1365/357 1275/1384/908 1276/1385/376 1258/1366/358
f 1258/1366/358 1276/1385/376 1277/1386/377 1259/1367/359
f 1259/1367/359 1277/1386/377 1278/1387/378 1260/1368/360
f 1260/1368/360 1278/1387/378 1261/1369/361 1243/1350/343
f 1261/1369/361 1279/1388/379 1280/1389/380 1262/1370/362
f 1262/1370/362 1280/1389/380 1281/1390/381 1263/1371/363
f 1263/1371/363 1281/1390/381 1282/1391/382 1264/1372/364
f 1264/1372/364 1282/1391/382 1283/1392/383 1265/1373/365
f 1265/1373/365 1283/1392/383 1284/1393/384 1266/1374/366
f 1266/1374/366 1284/1393/384 1285/1394/385 1267/1375/367
f 1267/1375/367 1285/1394/385 1286/1395/386 1268/1376/368
f 1268/1376/368 1286/1395/386 1287/1396/387 1269/1377/369
f 1269/1377/369 1287/1396/387 1288/1397/388 1270/1378/370
f 1270/1379/370 1288/1398/388 1289/1399/389 1271/1380/371
f 1271/1380/371 1289/1399/389 1290/1400/390 1272/1381/372
f 1272/1381/372 1290/1400/390 1291/1401/391 1273/1382/373
f 1273/1382/373 1291/1401/391 1292/1402/392 1274/1383/374
f 1274/1383/374 1292/1402/392 1293/1403/909 1275/1384/908
f 1275/1384/908 1293/1403/909 1294/1404/394 1276/1385/376
f 1276/1385/376 1294/1404/394 1295/1405/395 1277/1386/377
f 1277/1386/377 1295/1405/395 1296/1406/396 1278/1387/378
f 1278/1387/378 1296/1406/396 1279/1388/379 1261/1369/361
f 1279/1388/379 1297/1407/397 1298/1408/398 1280/1389/380
f 1280/1389/380 1298/1408/398 1299/1409/399 1281/1390/381
f 1281/1390/381 1299/1409/399 1300/1410/400 1282/1391/382
f 1282/1391/382 1300/1410/400 1301/1411/401 1283/1392/383
f 1283/1392/383 1301/1411/401 1302/1412/402 1284/1393/384
f 1284/1393/384 1302/1412/402 1303/1413/403 1285/1394/385
f 1285/1394/385 1303/1413/403 1304/1414/404 1286/1395/386
f 1286/1395/386 1304/1414/404 1305/1415/405 1287/1396/387
f 1287/1396/387 1305/1415/405 1306/1416/406 1288/1397/388
f 1288/1398/388 1306/1417/406 1307/1418/407 1289/1399/389
f 1289/1399/389 1307/1418/407 1308/1419/408 1290/1400/390
f 1290/1400/390 1308/1419/408 1309/1420/409 1291/1401/391
f 1291/1401/391 1309/1420/409 1310/1421/410 1292/1402/392
f 1292/1402/392 1310/1421/410 1311/1422/411 1293/1403/909
f 1293/1403/909 1311/1422/411 1312/1423/412 1294/1404/394
f 1294/1404/394 1312/1423/412 1313/1424/413 1295/1405/395
f 1295/1405/395 1313/1424/413 1314/1425/414 1296/1406/396
f 1296/1406/396 1314/1425/414 1297/1407/397 1279/1388/379
f 1297/1407/397 1315/1426/415 1316/1427/416 1298/1408/398
f 1298/1408/398 1316/1427/416 1317/1428/417 1299/1409/399
f 1299/1409/399 1317/1428/417 1318/1429/418 1300/1410/400
f 1300/1410/400 1318/1429/418 1319/1430/419 1301/1411/401
f 1301/1411/401 1319/1430/419 1320/1431/420 1302/1412/402
f 1302/1412/402 1320/1431/420 1321/1432/421 1303/1413/403
f 1303/1413/403 1321/1432/421 1322/1433/422 1304/1414/404
f 1304/1414/404 1322/1433/422 1323/1434/423 1305/1415/405
f 1305/1415/405 1323/1434/423 1324/1435/424 1306/1416/406
f 1306/1417/406 1324/1436/424 1325/1437/425 1307/1418/407
f 1307/1418/407 1325/1437/425 1326/1438/426 1308/1419/408
f 1308/1419/408 1326/1438/426 1327/1439/427 1309/1420/409
f 1309/1420/409 1327/1439/427 1328/1440/428 1310/1421/410
f 1310/1421/410 1328/1440/428 1329/1441/429 1311/1422/411
f 1311/1422/411 1329/1441/429 1330/1442/430 1312/1423/412
f 1312/1423/412 1330/1442/430 1331/1443/431 1313/1424/413
f 1313/1424/413 1331/1443/431 1332/1444/432 1314/1425/414
f 1314/1425/414 1332/1444/432 1315/1426/415 1297/1407/397
f 1315/1426/415 1333/1445/910 1334/1446/911 1316/1427/416
f 1316/1427/416 1334/1446/911 1335/1447/912 1317/1428/417
f 1317/1428/417 1335/1447/912 1336/1448/913 1318/1429/418
f 1318/1429/418 1336/1448/913 1337/1449/914 1319/1430/419
f 1319/1430/419 1337/1449/914 1338/1450/915 1320/1431/420
f 1320/1431/420 1338/1450/915 1339/1451/916 1321/1432/421
f 1321/1432/421 1339/1451/916 1340/1452/917 1322/1433/422
f 1322/1433/422 1340/1452/917 1341/1453/918 1323/1434/423
f 1323/1434/423 1341/1453/918 1342/1454/919 1324/1435/424
f 1324/1436/424 1342/1455/919 1343/1456/920 1325/1437/425
f 1325/1437/425 1343/1456/920 1344/1457/921 1326/1438/426
f 1326/1438/426 1344/1457/921 1345/1458/922 1327/1439/427
f 1327/1439/427 1345/1458/922 1346/1459/923 1328/1440/428
f 1328/1440/428 1346/1459/923 1347/1460/924 1329/1441/429
f 1329/1441/429 1347/1460/924 1348/1461/925 1330/1442/430
f 1330/1442/430 1348/1461/925 1349/1462/926 1331/1443/431
f 1331/1443/431 1349/1462/926 1350/1463/927 1332/1444/432
f 1332/1444/432 1350/1463/927 1333/1445/910 1315/1426/415
f 1333/1445/910 685/742/685 686/743/688 1334/1446/911
f 1334/1446/911 686/743/688 687/744/690 1335/1447/912
f 1335/1447/912 687/744/690 688/745/692 1336/1448/913
f 1336/1448/913 688/745/692 689/746/694 1337/1449/914
f 1337/1449/914 689/746/694 690/747/696 1338/1450/915
f 1338/1450/915 690/747/696 691/748/698 1339/1451/916
f 1339/1451/916 691/748/698 692/749/700 1340/1452/917
f 1340/1452/917 692/749/700 693/750/702 1341/1453/918
f 1341/1453/918 693/750/702 694/751/704 1342/1454/919
f 1342/1455/919 694/752/704 695/753/706 1343/1456/920
f 1343/1456/920 695/753/706 696/754/708 1344/1457/921
f 1344/1457/921 696/754/708 697/755/710 1345/1458/922
f 1345/1458/922 697/755/710 698/756/712 1346/1459/923
f 1346/1459/923 698/756/712 699/757/714 1347/1460/924
f 1347/1460/924 699/757/714 700/758/716 1348/1461/925
f 1348/1461/925 700/758/716 701/759/718 1349/1462/926
f 1349/1462/926 701/759/718 702/760/720 1350/1463/927
f 1350/1463/927 702/760/720 685/742/685 1333/1445/910
f 1351/1464/469 1369/1483/470 1370/1484/471 1352/1465/472
f 1352/1465/472 1370/1484/471 1371/1485/473 1353/1466/474
f 1353/1466/474 1371/1485/473 1372/1486/475 1354/1467/476
f 1354/1467/476 1372/1486/475 1373/1487/477 1355/1468/478
f 1355/1468/478 1373/1487/477 1374/1488/479 1356/1469/480
f 1356/1469/480 1374/1488/479 1375/1489/481 1357/1470/482
f 1357/1470/482 1375/1489/481 1376/1490/483 1358/1471/484
f 1358/1471/484 1376/1490/483 1377/1491/485 1359/1472/486
f 1359/1472/486 1377/1491/485 1378/1492/487 1360/1473/488
f 1360/1474/488 1378/1493/487 1379/1494/489 1361/1475/490
f 1361/1475/490 1379/1494/489 1380/1495/491 1362/1476/492
f 1362/1476/492 1380/1495/491 1381/1496/493 1363/1477/494
f 1363/1477/494 1381/1496/493 1382/1497/495 1364/1478/496
f 1364/1478/496 1382/1497/495 1383/1498/497 1365/1479/498
f 1365/1479/498 1383/1498/497 1384/1499/499 1366/1480/500
f 1366/1480/500 1384/1499/499 1385/1500/501 1367/1481/502
f 1367/1481/502 1385/1500/501 1386/1501/503 1368/1482/504
f 1368/1482/504 1386/1501/503 1369/1483/470 1351/1464/469
f 1369/1483/470 1387/1502/505 1388/1503/506 1370/1484/471
f 1370/1484/471 1388/1503/506 1389/1504/507 1371/1485/473
f 1371/1485/473 1389/1504/507 1390/1505/508 1372/1486/475
f 1372/1486/475 1390/1505/508 1391/1506/509 1373/1487/477
f 1373/1487/477 1391/1506/509 1392/1507/510 1374/1488/479
f 1374/1488/479 1392/1507/510 1393/1508/511 1375/1489/481
f 1375/1489/481 1393/1508/511 1394/1509/512 1376/1490/483
f 1376/1490/483 1394/1509/512 1395/1510/513 1377/1491/485
f 1377/1491/485 1395/1510/513 1396/1511/514 1378/1492/487
f 1378/1493/487 1396/1512/514 1397/1513/515 1379/1494/489
f 1379/1494/489 1397/1513/515 1398/1514/516 1380/1495/491
f 1380/1495/491 1398/1514/516 1399/1515/517 1381/1496/493
f 1381/1496/493 1399/1515/517 1400/1516/518 1382/1497/495
f 1382/1497/495 1400/1516/518 1401/1517/519 1383/1498/497
f 1383/1498/497 1401/1517/519 1402/1518/520 1384/1499/499
f 1384/1499/499 1402/1518/520 1403/1519/521 1385/1500/501
f 1385/1500/501 1403/1519/521 1404/1520/522 1386/1501/503
f 1386/1501/503 1404/1520/522 1387/1502/505 1369/1483/470
f 1387/1502/505 1405/1521/523 1406/1522/928 1388/1503/506
f 1388/1503/506 1406/1522/928 1407/1523/525 1389/1504/507
f 1389/1504/507 1407/1523/525 1408/1524/526 1390/1505/508
f 1390/1505/508 1408/1524/526 1409/1525/527 1391/1506/509
f 1391/1506/509 1409/1525/527 1410/1526/528 1392/1507/510
f 1392/1507/510 1410/1526/528 1411/1527/529 1393/1508/511
f 1393/1508/511 1411/1527/529 1412/1528/530 1394/1509/512
f 1394/1509/512 1412/1528/530 1413/1529/929 1395/1510/513
f 1395/1510/513 1413/1529/929 1414/1530/930 1396/1511/514
f 1396/1512/514 1414/1531/930 1415/1532/533 1397/1513/515
f 1397/1513/515 1415/1532/533 1416/1533/534 1398/1514/516
f 1398/1514/516 1416/1533/534 1417/1534/535 1399/1515/517
f 1399/1515/517 1417/1534/535 1418/1535/536 1400/1516/518
f 1400/1516/518 1418/1535/536 1419/1536/537 1401/1517/519
f 1401/1517/519 1419/1536/537 1420/1537/538 1402/1518/520
f 1402/1518/520 1420/1537/538 1421/1538/539 1403/1519/521
f 1403/1519/521 1421/1538/539 1422/1539/540 1404/1520/522
f 1404/1520/522 1422/1539/540 1405/1521/523 1387/1502/505
f 1405/1521/523 1423/1540/541 1424/1541/542 1406/1522/928
f 1406/1522/928 1424/1541/542 1425/1542/543 1407/1523/525
f 1407/1523/525 1425/1542/543 1426/1543/544 1408/1524/526
f 1408/1524/526 1426/1543/544 1427/1544/545 1409/1525/527
f 1409/1525/527 1427/1544/545 1428/1545/546 1410/1526/528
f 1410/1526/528 1428/1545/546 1429/1546/547 1411/1527/529
f 1411/1527/529 1429/1546/547 1430/1547/548 1412/1528/530
f 1412/1528/530 1430/1547/548 1431/1548/549 1413/1529/929
f 1413/1529/929 1431/1548/549 1432/1549/550 1414/1530/930
f 1414/1531/930 1432/1550/550 1433/1551/551 1415/1532/533
f 1415/1532/533 1433/1551/551 1434/1552/552 1416/1533/534
f 1416/1533/534 1434/1552/552 1435/1553/553 1417/1534/535
f 1417/1534/535 1435/1553/553 1436/1554/554 1418/1535/536
f 1418/1535/536 1436/1554/554 1437/1555/555 1419/1536/537
f 1419/1536/537 1437/1555/555 1438/1556/556 1420/1537/538
f 1420/1537/538 1438/1556/556 1439/1557/557 1421/1538/539
f 1421/1538/539 1439/1557/557 1440/1558/558 1422/1539/540
f 1422/1539/540 1440/1558/558 1423/1540/541 1405/1521/523
f 1423/1540/541 1441/1559/559 1442/1560/560 1424/1541/542
f 1424/1541/542 1442/1560/560 1443/1561/561 1425/1542/543
f 1425/1542/543 1443/1561/561 1444/1562/562 1426/1543/544
f 1426/1543/544 1444/1562/562 1445/1563/563 1427/1544/545
f 1427/1544/545 1445/1563/563 1446/1564/564 1428/1545/546
f 1428/1545/546 1446/1564/564 1447/1565/565 1429/1546/547
f 1429/1546/547 1447/1565/565 1448/1566/566 1430/1547/548
f 1430/1547/548 1448/1566/566 1449/1567/567 1431/1548/549
f 1431/1548/549 1449/1567/567 1450/1568/568 1432/1549/550
f 1432/1550/550 1450/1569/568 1451/1570/569 1433/1551/551
f 1433/1551/551 1451/1570/569 1452/1571/570 1434/1552/552
f 1434/1552/552 1452/1571/570 1453/1572/571 1435/1553/553
f 1435/1553/553 1453/1572/571 1454/1573/572 1436/1554/554
f 1436/1554/554 1454/1573/572 1455/1574/573 1437/1555/555
f 1437/1555/555 1455/1574/573 1456/1575/574 1438/1556/556
f 1438/1556/556 1456/1575/574 1457/1576/575 1439/1557/557
f 1439/1557/557 1457/1576/575 1458/1577/576 1440/1558/558
f 1440/1558/558 1458/1577/576 1441/1559/559 1423/1540/541
f 1441/1559/559 1459/1578/577 1460/1579/578 1442/1560/560
f 1442/1560/560 1460/1579/578 1461/1580/579 1443/1561/561
f 1443/1561/561 1461/1580/579 1462/1581/580 1444/1562/562
f 1444/1562/562 1462/1581/580 1463/1582/581 1445/1563/563
f 1445/1563/563 1463/1582/581 1464/1583/582 1446/1564/564
f 1446/1564/564 1464/1583/582 1465/1584/583 1447/1565/565
f 1447/1565/565 1465/1584/583 1466/1585/584 1448/1566/566
f 1448/1566/566 1466/1585/584 1467/1586/585 1449/1567/567
f 1449/1567/567 1467/1586/585 1468/1587/586 1450/1568/568
f 1450/1569/568 1468/1588/586 1469/1589/587 1451/1570/569
f 1451/1570/569 1469/1589/587 1470/1590/588 1452/1571/570
f 1452/1571/570 1470/1590/588 1471/1591/589 1453/1572/571
f 1453/1572/571 1471/1591/589 1472/1592/590 1454/1573/572
f 1454/1573/572 1472/1592/590 1473/1593/591 1455/1574/573
f 1455/1574/573 1473/1593/591 1474/1594/592 1456/1575/574
f 1456/1575/574 1474/1594/592 1475/1595/593 1457/1576/575
f 1457/1576/575 1475/1595/593 1476/1596/931 1458/1577/576
f 1458/1577/576 1476/1596/931 1459/1578/577 1441/1559/559
f 1459/1578/577 1477/1597/595 1478/1598/596 1460/1579/578
f 1460/1579/578 1478/1598/596 1479/1599/597 1461/1580/579
f 1461/1580/579 1479/1599/597 1480/1600/598 1462/1581/580
f 1462/1581/580 1480/1600/598 1481/1601/599 1463/1582/581
f 1463/1582/581 1481/1601/599 1482/1602/600 1464/1583/582
f 1464/1583/582 1482/1602/600 1483/1603/601 1465/1584/583
f 1465/1584/583 1483/1603/601 1484/1604/602 1466/1585/584
f 1466/1585/584 1484/1604/602 1485/1605/603 1467/1586/585
f 1467/1586/585 1485/1605/603 1486/1606/604 1468/1587/586
f 1468/1588/586 1486/1607/604 1487/1608/605 1469/1589/587
f 1469/1589/587 1487/1608/605 1488/1609/606 1470/1590/588
f 1470/1590/588 1488/1609/606 1489/1610/607 1471/1591/589
f 1471/1591/589 1489/1610/607 1490/1611/608 1472/1592/590
f 1472/1592/590 1490/1611/608 1491/1612/609 1473/1593/591
f 1473/1593/591 1491/1612/609 1492/1613/610 1474/1594/592
f 1474/1594/592 1492/1613/610 1493/1614/611 1475/1595/593
f 1475/1595/593 1493/1614/611 1494/1615/612 1476/1596/931
f 1476/1596/931 1494/1615/612 1477/1597/595 1459/1578/577
f 1477/1597/595 1495/1616/613 1496/1617/614 1478/1598/596
f 1478/1598/596 1496/1617/614 1497/1618/615 1479/1599/597
f 1479/1599/597 1497/1618/615 1498/1619/616 1480/1600/598
f 1480/1600/598 1498/1619/616 1499/1620/617 1481/1601/599
f 1481/1601/599 1499/1620/617 1500/1621/618 1482/1602/600
f 1482/1602/600 1500/1621/618 1501/1622/619 1483/1603/601
f 1483/1603/601 1501/1622/619 1502/1623/620 1484/1604/602
f 1484/1604/602 1502/1623/620 1503/1624/621 1485/1605/603
f 1485/1605/603 1503/1624/621 1504/1625/622 1486/1606/604
f 1486/1607/604 1504/1626/622 1505/1627/623 1487/1608/605
f 1487/1608/605 1505/1627/623 1506/1628/932 1488/1609/606
f 1488/1609/606 1506/1628/932 1507/1629/625 1489/1610/607
f 1489/1610/607 1507/1629/625 1508/1630/626 1490/1611/608
f 1490/1611/608 1508/1630/626 1509/1631/627 1491/1612/609
f 1491/1612/609 1509/1631/627 1510/1632/628 1492/1613/610
f 1492/1613/610 1510/1632/628 1511/1633/629 1493/1614/611
f 1493/1614/611 1511/1633/629 1512/1634/630 1494/1615/612
f 1494/1615/612 1512/1634/630 1495/1616/613 1477/1597/595
f 1495/1616/613 1513/1635/631 1514/1636/632 1496/1617/614
f 1496/1617/614 1514/1636/632 1515/1637/633 1497/1618/615
f 1497/1618/615 1515/1637/633 1516/1638/634 1498/1619/616
f 1498/1619/616 1516/1638/634 1517/1639/635 1499/1620/617
f 1499/1620/617 1517/1639/635 1518/1640/636 1500/1621/618
f 1500/1621/618 1518/1640/636 1519/1641/637 1501/1622/619
f 1501/1622/619 1519/1641/637 1520/1642/638 1502/1623/620
f 1502/1623/620 1520/1642/638 1521/1643/639 1503/1624/621
f 1503/1624/621 1521/1643/639 1522/1644/640 1504/1625/622
f 1504/1626/622 1522/1645/640 1523/1646/933 1505/1627/623
f 1505/1627/623 1523/1646/933 1524/1647/642 1506/1628/932
f 1506/1628/932 1524/1647/642 1525/1648/643 1507/1629/625
f 1507/1629/625 1525/1648/643 1526/1649/644 1508/1630/626
f 1508/1630/626 1526/1649/644 1527/1650/645 1509/1631/627
f 1509/1631/627 1527/1650/645 1528/1651/646 1510/1632/628
f 1510/1632/628 1528/1651/646 1529/1652/647 1511/1633/629
f 1511/1633/629 1529/1652/647 1530/1653/648 1512/1634/630
f 1512/1634/630 1530/1653/648 1513/1635/631 1495/1616/613
f 1513/1635/631 1531/1654/649 1532/1655/650 1514/1636/632
f 1514/1636/632 1532/1655/650 1533/1656/651 1515/1637/633
f 1515/1637/633 1533/1656/651 1534/1657/652 1516/1638/634
f 1516/1638/634 1534/1657/652 1535/1658/653 1517/1639/635
f 1517/1639/635 1535/1658/653 1536/1659/654 1518/1640/636
f 1518/1640/636 1536/1659/654 1537/1660/655 1519/1641/637
f 1519/1641/637 1537/1660/655 1538/1661/656 1520/1642/638
f 1520/1642/638 1538/1661/656 1539/1662/657 1521/1643/639
f 1521/1643/639 1539/1662/657 1540/1663/658 1522/1644/640
f 1522/1645/640 1540/1664/658 1541/1665/659 1523/1646/933
f 1523/1646/933 1541/1665/659 1542/1666/660 1524/1647/642
f 1524/1647/642 1542/1666/660 1543/1667/661 1525/1648/643
f 1525/1648/643 1543/1667/661 1544/1668/662 1526/1649/644
f 1526/1649/644 1544/1668/662 1545/1669/663 1527/1650/645
f 1527/1650/645 1545/1669/663 1546/1670/664 1528/1651/646
f 1528/1651/646 1546/1670/664 1547/1671/665 1529/1652/647
f 1529/1652/647 1547/1671/665 1548/1672/666 1530/1653/648
f 1530/1653/648 1548/1672/666 1531/1654/649 1513/1635/631
f 1531/1654/649 1549/1673/667 1550/1674/668 1532/1655/650
f 1532/1655/650 1550/1674/668 1551/1675/669 1533/1656/651
f 1533/1656/651 1551/1675/669 1552/1676/670 1534/1657/652
f 1534/1657/652 1552/1676/670 1553/1677/671 1535/1658/653
f 1535/1658/653 1553/1677/671 1554/1678/672 1536/1659/654
f 1536/1659/654 1554/1678/672 1555/1679/673 1537/1660/655
f 1537/1660/655 1555/1679/673 1556/1680/674 1538/1661/656
f 1538/1661/656 1556/1680/674 1557/1681/675 1539/1662/657
f 1539/1662/657 1557/1681/675 1558/1682/676 1540/1663/658
f 1540/1664/658 1558/1683/676 1559/1684/677 1541/1665/659
f 1541/1665/659 1559/1684/677 1560/1685/678 1542/1666/660
f 1542/1666/660 1560/1685/678 1561/1686/679 1543/1667/661
f 1543/1667/661 1561/1686/679 1562/1687/680 1544/1668/662
f 1544/1668/662 1562/1687/680 1563/1688/681 1545/1669/663
f 1545/1669/663 1563/1688/681 1564/1689/682 1546/1670/664
f 1546/1670/664 1564/1689/682 1565/1690/683 1547/1671/665
f 1547/1671/665 1565/1690/683 1566/1691/684 1548/1672/666
f 1548/1672/666 1566/1691/684 1549/1673/667 1531/1654/649
f 1567/1692/934 1585/1711/935 1586/1712/936 1568/1693/937
f 1568/1693/937 1586/1712/936 1587/1713/938 1569/1694/939
f 1569/1694/939 1587/1713/938 1588/1714/940 1570/1695/941
f 1570/1695/941 1588/1714/940 1589/1715/942 1571/1696/943
f 1571/1696/943 1589/1715/942 1590/1716/944 1572/1697/945
f 1572/1697/945 1590/1716/944 1591/1717/946 1573/1698/947
f 1573/1698/947 1591/1717/946 1592/1718/948 1574/1699/949
f 1574/1699/949 1592/1718/948 1593/1719/950 1575/1700/951
f 1575/1700/951 1593/1719/950 1594/1720/952 1576/1701/953
f 1576/1702/953 1594/1721/952 1595/1722/954 1577/1703/955
f 1577/1703/955 1595/1722/954 1596/1723/956 1578/1704/957
f 1578/1704/957 1596/1723/956 1597/1724/958 1579/1705/959
f 1579/1705/959 1597/1724/958 1598/1725/960 1580/1706/961
f 1580/1706/961 1598/1725/960 1599/1726/962 1581/1707/963
f 1581/1707/963 1599/1726/962 1600/1727/964 1582/1708/965
f 1582/1708/965 1600/1727/964 1601/1728/966 1583/1709/967
f 1583/1709/967 1601/1728/966 1602/1729/968 1584/1710/969
f 1584/1710/969 1602/1729/968 1585/1711/935 1567/1692/934
f 1585/1711/935 1603/1730/721 1604/1731/722 1586/1712/936
f 1586/1712/936 1604/1731/722 1605/1732/723 1587/1713/938
f 1587/1713/938 1605/1732/723 1606/1733/724 1588/1714/940
f 1588/1714/940 1606/1733/724 1607/1734/725 1589/1715/942
f 1589/1715/942 1607/1734/725 1608/1735/726 1590/1716/944
f 1590/1716/944 1608/1735/726 1609/1736/727 1591/1717/946
f 1591/1717/946 1609/1736/727 1610/1737/728 1592/1718/948
f 1592/1718/948 1610/1737/728 1611/1738/729 1593/1719/950
f 1593/1719/950 1611/1738/729 1612/1739/730 1594/1720/952
f 1594/1721/952 1612/1740/730 1613/1741/731 1595/1722/954
f 1595/1722/954 1613/1741/731 1614/1742/732 1596/1723/956
f 1596/1723/956 1614/1742/732 1615/1743/733 1597/1724/958
f 1597/1724/958 1615/1743/733 1616/1744/734 1598/1725/960
f 1598/1725/960 1616/1744/734 1617/1745/735 1599/1726/962
f 1599/1726/962 1617/1745/735 1618/1746/736 1600/1727/964
f 1600/1727/964 1618/1746/736 1619/1747/737 1601/1728/966
f 1601/1728/966 1619/1747/737 1620/1748/738 1602/1729/968
f 1602/1729/968 1620/1748/738 1603/1730/721 1585/1711/935
f 1603/1730/721 1621/1749/739 1622/1750/740 1604/1731/722
f 1604/1731/722 1622/1750/740 1623/1751/741 1605/1732/723
f 1605/1732/723 1623/1751/741 1624/1752/742 1606/1733/724
f 1606/1733/724 1624/1752/742 1625/1753/743 1607/1734/725
f 1607/1734/725 1625/1753/743 1626/1754/744 1608/1735/726
f 1608/1735/726 1626/1754/744 1627/1755/745 1609/1736/727
f 1609/1736/727 1627/1755/745 1628/1756/746 1610/1737/728
f 1610/1737/728 1628/1756/746 1629/1757/970 1611/1738/729
f 1611/1738/729 1629/1757/970 1630/1758/748 1612/1739/730
f 1612/1740/730 1630/1759/748 1631/1760/749 1613/1741/731
f 1613/1741/731 1631/1760/749 1632/1761/750 1614/1742/732
f 1614/1742/732 1632/1761/750 1633/1762/751 1615/1743/733
f 1615/1743/733 1633/1762/751 1634/1763/752 1616/1744/734
f 1616/1744/734 1634/1763/752 1635/1764/753 1617/1745/735
f 1617/1745/735 1635/1764/753 1636/1765/754 1618/1746/736
f 1618/1746/736 1636/1765/754 1637/1766/755 1619/1747/737
f 1619/1747/737 1637/1766/755 1638/1767/756 1620/1748/738
f 1620/1748/738 1638/1767/756 1621/1749/739 1603/1730/721
f 1621/1749/739 1639/1768/757 1640/1769/758 1622/1750/740
f 1622/1750/740 1640/1769/758 1641/1770/759 1623/1751/741
f 1623/1751/741 1641/1770/759 1642/1771/760 1624/1752/742
f 1624/1752/742 1642/1771/760 1643/1772/761 1625/1753/743
f 1625/1753/743 1643/1772/761 1644/1773/762 1626/1754/744
f 1626/1754/744 1644/1773/762 1645/1774/763 1627/1755/745
f 1627/1755/745 1645/1774/763 1646/1775/764 1628/1756/746
f 1628/1756/746 1646/1775/764 1647/1776/765 1629/1757/970
f 1629/1757/970 1647/1776/765 1648/1777/766 1630/1758/748
f 1630/1759/748 1648/1778/766 1649/1779/767 1631/1760/749
f 1631/1760/749 1649/1779/767 1650/1780/768 1632/1761/750
f 1632/1761/750 1650/1780/768 1651/1781/769 1633/1762/751
f 1633/1762/751 1651/1781/769 1652/1782/770 1634/1763/752
f 1634/1763/752 1652/1782/770 1653/1783/771 1635/1764/753
f 1635/1764/753 1653/1783/771 1654/1784/772 1636/1765/754
f 1636/1765/754 1654/1784/772 1655/1785/773 1637/1766/755
f 1637/1766/755 1655/1785/773 1656/1786/774 1638/1767/756
f 1638/1767/756 1656/1786/774 1639/1768/757 1621/1749/739
f 1639/1768/757 1657/1787/775 1658/1788/776 1640/1769/758
f 1640/1769/758 1658/1788/776 1659/1789/777 1641/1770/759
f 1641/1770/759 1659/1789/777 1660/1790/778 1642/1771/760
f 1642/1771/760 1660/1790/778 1661/1791/779 1643/1772/761
f 1643/1772/761 1661/1791/779 1662/1792/780 1644/1773/762
f 1644/1773/762 1662/1792/780 1663/1793/781 1645/1774/763
f 1645/1774/763 1663/1793/781 1664/1794/782 1646/1775/764
f 1646/1775/764 1664/1794/782 1665/1795/783 1647/1776/765
f 1647/1776/765 1665/1795/783 1666/1796/784 1648/1777/766
f 1648/1778/766 1666/1797/784 1667/1798/785 1649/1779/767
f 1649/1779/767 1667/1798/785 1668/1799/786 1650/1780/768
f 1650/1780/768 1668/1799/786 1669/1800/787 1651/1781/769
f 1651/1781/769 1669/1800/787 1670/1801/788 1652/1782/770
f 1652/1782/770 1670/1801/788 1671/1802/789 1653/1783/771
f 1653/1783/771 1671/1802/789 1672/1803/790 1654/1784/772
f 1654/1784/772 1672/1803/790 1673/1804/791 1655/1785/773
f 1655/1785/773 1673/1804/791 1674/1805/792 1656/1786/774
f 1656/1786/774 1674/1805/792 1657/1787/775 1639/1768/757
f 1657/1787/775 1675/1806/793 1676/1807/794 1658/1788/776
f 1658/1788/776 1676/1807/794 1677/1808/795 1659/1789/777
f 1659/1789/777 1677/1808/795 1678/1809/796 1660/1790/778
f 1660/1790/778 1678/1809/796 1679/1810/797 1661/1791/779
f 1661/1791/779 1679/1810/797 1680/1811/798 1662/1792/780
f 1662/1792/780 1680/1811/798 1681/1812/799 1663/1793/781
f 1663/1793/781 1681/1812/799 1682/1813/800 1664/1794/782
f 1664/1794/782 1682/1813/800 1683/1814/801 1665/1795/783
f 1665/1795/783 1683/1814/801 1684/1815/802 1666/1796/784
f 1666/1797/784 1684/1816/802 1685/1817/803 1667/1798/785
f 1667/1798/785 1685/1817/803 1686/1818/804 1668/1799/786
f 1668/1799/786 1686/1818/804 1687/1819/805 1669/1800/787
f 1669/1800/787 1687/1819/805 1688/1820/806 1670/1801/788
f 1670/1801/788 1688/1820/806 1689/1821/807 1671/1802/789
f 1671/1802/789 1689/1821/807 1690/1822/808 1672/1803/790
f 1672/1803/790 1690/1822/808 1691/1823/809 1673/1804/791
f 1673/1804/791 1691/1823/809 1692/1824/810 1674/1805/792
f 1674/1805/792 1692/1824/810 1675/1806/793 1657/1787/775
f 1675/1806/793 1693/1825/811 1694/1826/812 1676/1807/794
f 1676/1807/794 1694/1826/812 1695/1827/813 1677/1808/795
f 1677/1808/795 1695/1827/813 1696/1828/814 1678/1809/796
f 1678/1809/796 1696/1828/814 1697/1829/815 1679/1810/797
f 1679/1810/797 1697/1829/815 1698/1830/816 1680/1811/798
f 1680/1811/798 1698/1830/816 1699/1831/817 1681/1812/799
f 1681/1812/799 1699/1831/817 1700/1832/818 1682/1813/800
f 1682/1813/800 1700/1832/818 1701/1833/819 1683/1814/801
f 1683/1814/801 1701/1833/819 1702/1834/820 1684/1815/802
f 1684/1816/802 1702/1835/820 1703/1836/821 1685/1817/803
f 1685/1817/803 1703/1836/821 1704/1837/822 1686/1818/804
f 1686/1818/804 1704/1837/822 1705/1838/823 1687/1819/805
f 1687/1819/805 1705/1838/823 1706/1839/824 1688/1820/806
f 1688/1820/806 1706/1839/824 1707/1840/825 1689/1821/807
f 1689/1821/807 1707/1840/825 1708/1841/826 1690/1822/808
f 1690/1822/808 1708/1841/826 1709/1842/827 1691/1823/809
f 1691/1823/809 1709/1842/827 1710/1843/828 1692/1824/810
f 1692/1824/810 1710/1843/828 1693/1825/811 1675/1806/793
f 1693/1825/811 1711/1844/829 1712/1845/830 1694/1826/812
f 1694/1826/812 1712/1845/830 1713/1846/831 1695/1827/813
f 1695/1827/813 1713/1846/831 1714/1847/832 1696/1828/814
f 1696/1828/814 1714/1847/832 1715/1848/833 1697/1829/815
f 1697/1829/815 1715/1848/833 1716/1849/834 1698/1830/816
f 1698/1830/816 1716/1849/834 1717/1850/835 1699/1831/817
f 1699/1831/817 1717/1850/835 1718/1851/836 1700/1832/818
f 1700/1832/818 1718/1851/836 1719/1852/837 1701/1833/819
f 1701/1833/819 1719/1852/837 1720/1853/838 1702/1834/820
f 1702/1835/820 1720/1854/838 1721/1855/839 1703/1836/821
f 1703/1836/821 1721/1855/839 1722/1856/971 1704/1837/822
f 1704/1837/822 1722/1856/971 1723/1857/841 1705/1838/823
f 1705/1838/823 1723/1857/841 1724/1858/842 1706/1839/824
f 1706/1839/824 1724/1858/842 1725/1859/843 1707/1840/825
f 1707/1840/825 1725/1859/843 1726/1860/844 1708/1841/826
f 1708/1841/826 1726/1860/844 1727/1861/845 1709/1842/827
f 1709/1842/827 1727/1861/845 1728/1862/846 1710/1843/828
f 1710/1843/828 1728/1862/846 1711/1844/829 1693/1825/811
f 1711/1844/829 1729/1863/847 1730/1864/848 1712/1845/830
f 1712/1845/830 1730/1864/848 1731/1865/849 1713/1846/831
f 1713/1846/831 1731/1865/849 1732/1866/850 1714/1847/832
f 1714/1847/832 1732/1866/850 1733/1867/851 1715/1848/833
f 1715/1848/833 1733/1867/851 1734/1868/852 1716/1849/834
f 1716/1849/834 1734/1868/852 1735/1869/853 1717/1850/835
f 1717/1850/835 1735/1869/853 1736/1870/854 1718/1851/836
f 1718/1851/836 1736/1870/854 1737/1871/855 1719/1852/837
f 1719/1852/837 1737/1871/855 1738/1872/856 1720/1853/838
f 1720/1854/838 1738/1873/856 1739/1874/857 1721/1855/839
f 1721/1855/839 1739/1874/857 1740/1875/858 1722/1856/971
f 1722/1856/971 1740/1875/858 1741/1876/859 1723/1857/841
f 1723/1857/841 1741/1876/859 1742/1877/860 1724/1858/842
f 1724/1858/842 1742/1877/860 1743/1878/861 1725/1859/843
f 1725/1859/843 1743/1878/861 1744/1879/862 1726/1860/844
f 1726/1860/844 1744/1879/862 1745/1880/863 1727/1861/845
f 1727/1861/845 1745/1880/863 1746/1881/864 1728/1862/846
f 1728/1862/846 1746/1881/864 1729/1863/847 1711/1844/829
f 1729/1863/847 1747/1882/865 1748/1883/866 1730/1864/848
f 1730/1864/848 1748/1883/866 1749/1884/867 1731/1865/849
f 1731/1865/849 1749/1884/867 1750/1885/868 1732/1866/850
f 1732/1866/850 1750/1885/868 1751/1886/869 1733/1867/851
f 1733/1867/851 1751/1886/869 1752/1887/870 1734/1868/852
f 1734/1868/852 1752/1887/870 1753/1888/871 1735/1869/853
f 1735/1869/853 1753/1888/871 1754/1889/872 1736/1870/854
f 1736/1870/854 1754/1889/872 1755/1890/873 1737/1871/855
f 1737/1871/855 1755/1890/873 1756/1891/874 1738/1872/856
f 1738/1873/856 1756/1892/874 1757/1893/875 1739/1874/857
f 1739/1874/857 1757/1893/875 1758/1894/876 1740/1875/858
f 1740/1875/858 1758/1894/876 1759/1895/877 1741/1876/859
f 1741/1876/859 1759/1895/877 1760/1896/878 1742/1877/860
f 1742/1877/860 1760/1896/878 1761/1897/879 1743/1878/861
f 1743/1878/861 1761/1897/879 1762/1898/880 1744/1879/862
f 1744/1879/862 1762/1898/880 1763/1899/881 1745/1880/863
f 1745/1880/863 1763/1899/881 1764/1900/882 1746/1881/864
f 1746/1881/864 1764/1900/882 1747/1882/865 1729/1863/847
f 1747/1882/865 1765/1901/883 1766/1902/884 1748/1883/866
f 1748/1883/866 1766/1902/884 1767/1903/885 1749/1884/867
f 1749/1884/867 1767/1903/885 1768/1904/886 1750/1885/868
f 1750/1885/868 1768/1904/886 1769/1905/887 1751/1886/869
f 1751/1886/869 1769/1905/887 1770/1906/888 1752/1887/870
f 1752/1887/870 1770/1906/888 1771/1907/889 1753/1888/871
f 1753/1888/871 1771/1907/889 1772/1908/890 1754/1889/872
f 1754/1889/872 1772/1908/890 1773/1909/891 1755/1890/873
f 1755/1890/873 1773/1909/891 1774/1910/892 1756/1891/874
f 1756/1892/874 1774/1911/892 1775/1912/893 1757/1893/875
f 1757/1893/875 1775/1912/893 1776/1913/894 1758/1894/876
f 1758/1894/876 1776/1913/894 1777/1914/895 1759/1895/877
f 1759/1895/877 1777/1914/895 1778/1915/896 1760/1896/878
f 1760/1896/878 1778/1915/896 1779/1916/897 1761/1897/879
f 1761/1897/879 1779/1916/897 1780/1917/898 1762/1898/880
f 1762/1898/880 1780/1917/898 1781/1918/899 1763/1899/881
f 1763/1899/881 1781/1918/899 1782/1919/900 1764/1900/882
f 1764/1900/882 1782/1919/900 1765/1901/883 1747/1882/865
f 1765/1901/883 1351/1464/469 1352/1465/472 1766/1902/884
f 1766/1902/884 1352/1465/472 1353/1466/474 1767/1903/885
f 1767/1903/885 1353/1466/474 1354/1467/476 1768/1904/886
f 1768/1904/886 1354/1467/476 1355/1468/478 1769/1905/887
f 1769/1905/887 1355/1468/478 1356/1469/480 1770/1906/888
f 1770/1906/888 1356/1469/480 1357/1470/482 1771/1907/889
f 1771/1907/889 1357/1470/482 1358/1471/484 1772/1908/890
f 1772/1908/890 1358/1471/484 1359/1472/486 1773/1909/891
f 1773/1909/891 1359/1472/486 1360/1473/488 1774/1910/892
f 1774/1911/892 1360/1474/488 1361/1475/490 1775/1912/893
f 1775/1912/893 1361/1475/490 1362/1476/492 1776/1913/894
f 1776/1913/894 1362/1476/492 1363/1477/494 1777/1914/895
f 1777/1914/895 1363/1477/494 1364/1478/496 1778/1915/896
f 1778/1915/896 1364/1478/496 1365/1479/498 1779/1916/897
f 1779/1916/897 1365/1479/498 1366/1480/500 1780/1917/898
f 1780/1917/898 1366/1480/500 1367/1481/502 1781/1918/899
f 1781/1918/899 1367/1481/502 1368/1482/504 1782/1919/900
f 1782/1919/900 1368/1482/504 1351/1464/469 1765/1901/883
f 1783/1920/1 1801/1939/2 1802/1940/3 1784/1921/4
f 1784/1921/4 1802/1940/3 1803/1941/5 1785/1922/6
f 1785/1922/6 1803/1941/5 1804/1942/7 1786/1923/8
f 1786/1923/8 1804/1942/7 1805/1943/9 1787/1924/10
f 1787/1924/10 1805/1943/9 1806/1944/11 1788/1925/12
f 1788/1925/12 1806/1944/11 1807/1945/13 1789/1926/14
f 1789/1926/14 1807/1945/13 1808/1946/15 1790/1927/16
f 1790/1927/16 1808/1946/15 1809/1947/17 1791/1928/18
f 1791/1928/18 1809/1947/17 1810/1948/19 1792/1929/20
f 1792/1930/20 1810/1949/19 1811/1950/21 1793/1931/22
f 1793/1931/22 1811/1950/21 1812/1951/23 1794/1932/24
f 1794/1932/24 1812/1951/23 1813/1952/25 1795/1933/26
f 1795/1933/26 1813/1952/25 1814/1953/27 1796/1934/28
f 1796/1934/28 1814/1953/27 1815/1954/29 1797/1935/30
f 1797/1935/30 1815/1954/29 1816/1955/31 1798/1936/32
f 1798/1936/32 1816/1955/31 1817/1956/33 1799/1937/34
f 1799/1937/34 1817/1956/33 1818/1957/35 1800/1938/36
f 1800/1938/36 1818/1957/35 1801/1939/2 1783/1920/1
f 1801/1939/2 1819/1958/972 1820/1959/973 1802/1940/3
f 1802/1940/3 1820/1959/973 1821/1960/974 1803/1941/5
f 1803/1941/5 1821/1960/974 1822/1961/975 1804/1942/7
f 1804/1942/7 1822/1961/975 1823/1962/976 1805/1943/9
f 1805/1943/9 1823/1962/976 1824/1963/977 1806/1944/11
f 1806/1944/11 1824/1963/977 1825/1964/978 1807/1945/13
f 1807/1945/13 1825/1964/978 1826/1965/979 1808/1946/15
f 1808/1946/15 1826/1965/979 1827/1966/980 1809/1947/17
f 1809/1947/17 1827/1966/980 1828/1968/981 1810/1948/19
f 1810/1949/19 1828/1967/981 1829/1969/982 1811/1950/21
f 1811/1950/21 1829/1969/982 1830/1970/983 1812/1951/23
f 1812/1951/23 1830/1970/983 1831/1971/984 1813/1952/25
f 1813/1952/25 1831/1971/984 1832/1972/985 1814/1953/27
f 1814/1953/27 1832/1972/985 1833/1973/986 1815/1954/29
f 1815/1954/29 1833/1973/986 1834/1974/987 1816/1955/31
f 1816/1955/31 1834/1974/987 1835/1975/988 1817/1956/33
f 1817/1956/33 1835/1975/988 1836/1976/989 1818/1957/35
f 1818/1957/35 1836/1976/989 1819/1958/972 1801/1939/2
f 4743/5101/990 4744/5102/991 1845/1985/992 1846/1987/993
f 4740/5098/994 4741/5099/995 1848/1989/996 1849/1990/997
f 4739/5097/998 4740/5098/994 1849/1990/997 1850/1991/999
f 4751/5110/1000 4752/5111/1001 1837/1977/1002 1838/1978/1003
f 4752/5111/1001 4735/5093/1004 1854/1995/1005 1837/1977/1002
f 4748/5107/1006 4749/5108/1007 1840/1980/1008 1841/1981/1009
f 4741/5099/995 4742/5100/1010 1847/1988/1011 1848/1989/996
f 4744/5103/991 4745/5104/1012 1844/1984/1013 1845/1986/992
f 4749/5108/1007 4750/5109/1014 1839/1979/1015 1840/1980/1008
f 4746/5105/1016 4747/5106/1017 1842/1982/1018 1843/1983/1019
f 4737/5095/1020 4738/5096/1021 1851/1992/1022 1852/1993/1023
f 4747/5106/1017 4748/5107/1006 1841/1981/1009 1842/1982/1018
f 4742/5100/1010 4743/5101/990 1846/1987/993 1847/1988/1011
f 4735/5093/1004 4736/5094/1024 1853/1994/1025 1854/1995/1005
f 4750/5109/1014 4751/5110/1000 1838/1978/1003 1839/1979/1015
f 4736/5094/1024 4737/5095/1020 1852/1993/1023 1853/1994/1025
f 4745/5104/1012 4746/5105/1016 1843/1983/1019 1844/1984/1013
f 4738/5096/1021 4739/5097/998 1850/1991/999 1851/1992/1022
f 1830/1970/983 1829/1969/982 1862/2003/1026 1861/2002/1027
f 1827/1966/980 1826/1965/979 1865/2007/1028 1864/2006/1029
f 1822/1961/975 1821/1960/974 1870/2012/1030 1869/2011/1031
f 1833/1973/986 1832/1972/985 1859/2000/1032 1858/1999/1033
f 1836/1976/989 1835/1975/988 1856/1997/1034 1855/1996/1035
f 1826/1965/979 1825/1964/978 1866/2008/1036 1865/2007/1028
f 1835/1975/988 1834/1974/987 1857/1998/1037 1856/1997/1034
f 1829/1969/982 1828/1967/981 1863/2005/1038 1862/2003/1026
f 1825/1964/978 1824/1963/977 1867/2009/1039 1866/2008/1036
f 1834/1974/987 1833/1973/986 1858/1999/1033 1857/1998/1037
f 1821/1960/974 1820/1959/973 1871/2013/1040 1870/2012/1030
f 1832/1972/985 1831/1971/984 1860/2001/1041 1859/2000/1032
f 1819/1958/972 1836/1976/989 1855/1996/1035 1872/2014/1042
f 1824/1963/977 1823/1962/976 1868/2010/1043 1867/2009/1039
f 1820/1959/973 1819/1958/972 1872/2014/1042 1871/2013/1040
f 1823/1962/976 1822/1961/975 1869/2011/1031 1868/2010/1043
f 1828/1968/981 1827/1966/980 1864/2006/1029 1863/2004/1038
f 1831/1971/984 1830/1970/983 1861/2002/1027 1860/2001/1041
f 1873/2015/469 1891/2034/470 1892/2035/471 1874/2016/472
f 1874/2016/472 1892/2035/471 1893/2036/473 1875/2017/474
f 1875/2017/474 1893/2036/473 1894/2037/475 1876/2018/476
f 1876/2018/476 1894/2037/475 1895/2038/477 1877/2019/478
f 1877/2019/478 1895/2038/477 1896/2039/479 1878/2020/480
f 1878/2020/480 1896/2039/479 1897/2040/481 1879/2021/482
f 1879/2021/482 1897/2040/481 1898/2041/483 1880/2022/484
f 1880/2022/484 1898/2041/483 1899/2042/485 1881/2023/486
f 1881/2023/486 1899/2042/485 1900/2043/487 1882/2024/488
f 1882/2025/488 1900/2044/487 1901/2045/1044 1883/2026/490
f 1883/2026/490 1901/2045/1044 1902/2046/491 1884/2027/492
f 1884/2027/492 1902/2046/491 1903/2047/1045 1885/2028/494
f 1885/2028/494 1903/2047/1045 1904/2048/495 1886/2029/496
f 1886/2029/496 1904/2048/495 1905/2049/497 1887/2030/498
f 1887/2030/498 1905/2049/497 1906/2050/499 1888/2031/500
f 1888/2031/500 1906/2050/499 1907/2051/501 1889/2032/502
f 1889/2032/502 1907/2051/501 1908/2052/503 1890/2033/504
f 1890/2033/504 1908/2052/503 1891/2034/470 1873/2015/469
f 1891/2034/470 1909/2053/505 1910/2054/506 1892/2035/471
f 1892/2035/471 1910/2054/506 1911/2055/507 1893/2036/473
f 1893/2036/473 1911/2055/507 1912/2056/508 1894/2037/475
f 1894/2037/475 1912/2056/508 1913/2057/509 1895/2038/477
f 1895/2038/477 1913/2057/509 1914/2058/510 1896/2039/479
f 1896/2039/479 1914/2058/510 1915/2059/511 1897/2040/481
f 1897/2040/481 1915/2059/511 1916/2060/512 1898/2041/483
f 1898/2041/483 1916/2060/512 1917/2061/1046 1899/2042/485
f 1899/2042/485 1917/2061/1046 1918/2062/514 1900/2043/487
f 1900/2044/487 1918/2063/514 1919/2064/515 1901/2045/1044
f 1901/2045/1044 1919/2064/515 1920/2065/516 1902/2046/491
f 1902/2046/491 1920/2065/516 1921/2066/517 1903/2047/1045
f 1903/2047/1045 1921/2066/517 1922/2067/518 1904/2048/495
f 1904/2048/495 1922/2067/518 1923/2068/519 1905/2049/497
f 1905/2049/497 1923/2068/519 1924/2069/520 1906/2050/499
f 1906/2050/499 1924/2069/520 1925/2070/521 1907/2051/501
f 1907/2051/501 1925/2070/521 1926/2071/522 1908/2052/503
f 1908/2052/503 1926/2071/522 1909/2053/505 1891/2034/470
f 1909/2053/505 1927/2072/1047 1928/2073/928 1910/2054/506
f 1910/2054/506 1928/2073/928 1929/2074/525 1911/2055/507
f 1911/2055/507 1929/2074/525 1930/2075/526 1912/2056/508
f 1912/2056/508 1930/2075/526 1931/2076/527 1913/2057/509
f 1913/2057/509 1931/2076/527 1932/2077/528 1914/2058/510
f 1914/2058/510 1932/2077/528 1933/2078/529 1915/2059/511
f 1915/2059/511 1933/2078/529 1934/2079/530 1916/2060/512
f 1916/2060/512 1934/2079/530 1935/2080/929 1917/2061/1046
f 1917/2061/1046 1935/2080/929 1936/2081/930 1918/2062/514
f 1918/2063/514 1936/2082/930 1937/2083/533 1919/2064/515
f 1919/2064/515 1937/2083/533 1938/2084/534 1920/2065/516
f 1920/2065/516 1938/2084/534 1939/2085/535 1921/2066/517
f 1921/2066/517 1939/2085/535 1940/2086/536 1922/2067/518
f 1922/2067/518 1940/2086/536 1941/2087/537 1923/2068/519
f 1923/2068/519 1941/2087/537 1942/2088/538 1924/2069/520
f 1924/2069/520 1942/2088/538 1943/2089/539 1925/2070/521
f 1925/2070/521 1943/2089/539 1944/2090/540 1926/2071/522
f 1926/2071/522 1944/2090/540 1927/2072/1047 1909/2053/505
f 1927/2072/1047 1945/2091/541 1946/2092/542 1928/2073/928
f 1928/2073/928 1946/2092/542 1947/2093/543 1929/2074/525
f 1929/2074/525 1947/2093/543 1948/2094/544 1930/2075/526
f 1930/2075/526 1948/2094/544 1949/2095/545 1931/2076/527
f 1931/2076/527 1949/2095/545 1950/2096/546 1932/2077/528
f 1932/2077/528 1950/2096/546 1951/2097/547 1933/2078/529
f 1933/2078/529 1951/2097/547 1952/2098/548 1934/2079/530
f 1934/2079/530 1952/2098/548 1953/2099/549 1935/2080/929
f 1935/2080/929 1953/2099/549 1954/2100/550 1936/2081/930
f 1936/2082/930 1954/2101/550 1955/2102/551 1937/2083/533
f 1937/2083/533 1955/2102/551 1956/2103/552 1938/2084/534
f 1938/2084/534 1956/2103/552 1957/2104/553 1939/2085/535
f 1939/2085/535 1957/2104/553 1958/2105/554 1940/2086/536
f 1940/2086/536 1958/2105/554 1959/2106/555 1941/2087/537
f 1941/2087/537 1959/2106/555 1960/2107/556 1942/2088/538
f 1942/2088/538 1960/2107/556 1961/2108/1048 1943/2089/539
f 1943/2089/539 1961/2108/1048 1962/2109/558 1944/2090/540
f 1944/2090/540 1962/2109/558 1945/2091/541 1927/2072/1047
f 1945/2091/541 1963/2110/559 1964/2111/560 1946/2092/542
f 1946/2092/542 1964/2111/560 1965/2112/561 1947/2093/543
f 1947/2093/543 1965/2112/561 1966/2113/562 1948/2094/544
f 1948/2094/544 1966/2113/562 1967/2114/563 1949/2095/545
f 1949/2095/545 1967/2114/563 1968/2115/564 1950/2096/546
f 1950/2096/546 1968/2115/564 1969/2116/565 1951/2097/547
f 1951/2097/547 1969/2116/565 1970/2117/566 1952/2098/548
f 1952/2098/548 1970/2117/566 1971/2118/567 1953/2099/549
f 1953/2099/549 1971/2118/567 1972/2119/568 1954/2100/550
f 1954/2101/550 1972/2120/568 1973/2121/569 1955/2102/551
f 1955/2102/551 1973/2121/569 1974/2122/570 1956/2103/552
f 1956/2103/552 1974/2122/570 1975/2123/571 1957/2104/553
f 1957/2104/553 1975/2123/571 1976/2124/572 1958/2105/554
f 1958/2105/554 1976/2124/572 1977/2125/573 1959/2106/555
f 1959/2106/555 1977/2125/573 1978/2126/574 1960/2107/556
f 1960/2107/556 1978/2126/574 1979/2127/575 1961/2108/1048
f 1961/2108/1048 1979/2127/575 1980/2128/576 1962/2109/558
f 1962/2109/558 1980/2128/576 1963/2110/559 1945/2091/541
f 1963/2110/559 1981/2129/577 1982/2130/578 1964/2111/560
f 1964/2111/560 1982/2130/578 1983/2131/579 1965/2112/561
f 1965/2112/561 1983/2131/579 1984/2132/580 1966/2113/562
f 1966/2113/562 1984/2132/580 1985/2133/581 1967/2114/563
f 1967/2114/563 1985/2133/581 1986/2134/582 1968/2115/564
f 1968/2115/564 1986/2134/582 1987/2135/583 1969/2116/565
f 1969/2116/565 1987/2135/583 1988/2136/584 1970/2117/566
f 1970/2117/566 1988/2136/584 1989/2137/585 1971/2118/567
f 1971/2118/567 1989/2137/585 1990/2138/586 1972/2119/568
f 1972/2120/568 1990/2139/586 1991/2140/587 1973/2121/569
f 1973/2121/569 1991/2140/587 1992/2141/588 1974/2122/570
f 1974/2122/570 1992/2141/588 1993/2142/589 1975/2123/571
f 1975/2123/571 1993/2142/589 1994/2143/590 1976/2124/572
f 1976/2124/572 1994/2143/590 1995/2144/591 1977/2125/573
f 1977/2125/573 1995/2144/591 1996/2145/592 1978/2126/574
f 1978/2126/574 1996/2145/592 1997/2146/593 1979/2127/575
f 1979/2127/575 1997/2146/593 1998/2147/594 1980/2128/576
f 1980/2128/576 1998/2147/594 1981/2129/577 1963/2110/559
f 1981/2129/577 1999/2148/595 2000/2149/596 1982/2130/578
f 1982/2130/578 2000/2149/596 2001/2150/597 1983/2131/579
f 1983/2131/579 2001/2150/597 2002/2151/598 1984/2132/580
f 1984/2132/580 2002/2151/598 2003/2152/599 1985/2133/581
f 1985/2133/581 2003/2152/599 2004/2153/600 1986/2134/582
f 1986/2134/582 2004/2153/600 2005/2154/601 1987/2135/583
f 1987/2135/583 2005/2154/601 2006/2155/602 1988/2136/584
f 1988/2136/584 2006/2155/602 2007/2156/603 1989/2137/585
f 1989/2137/585 2007/2156/603 2008/2157/604 1990/2138/586
f 1990/2139/586 2008/2158/604 2009/2159/605 1991/2140/587
f 1991/2140/587 2009/2159/605 2010/2160/606 1992/2141/588
f 1992/2141/588 2010/2160/606 2011/2161/607 1993/2142/589
f 1993/2142/589 2011/2161/607 2012/2162/608 1994/2143/590
f 1994/2143/590 2012/2162/608 2013/2163/609 1995/2144/591
f 1995/2144/591 2013/2163/609 2014/2164/610 1996/2145/592
f 1996/2145/592 2014/2164/610 2015/2165/611 1997/2146/593
f 1997/2146/593 2015/2165/611 2016/2166/612 1998/2147/594
f 1998/2147/594 2016/2166/612 1999/2148/595 1981/2129/577
f 1999/2148/595 2017/2167/613 2018/2168/614 2000/2149/596
f 2000/2149/596 2018/2168/614 2019/2169/615 2001/2150/597
f 2001/2150/597 2019/2169/615 2020/2170/616 2002/2151/598
f 2002/2151/598 2020/2170/616 2021/2171/617 2003/2152/599
f 2003/2152/599 2021/2171/617 2022/2172/618 2004/2153/600
f 2004/2153/600 2022/2172/618 2023/2173/619 2005/2154/601
f 2005/2154/601 2023/2173/619 2024/2174/620 2006/2155/602
f 2006/2155/602 2024/2174/620 2025/2175/621 2007/2156/603
f 2007/2156/603 2025/2175/621 2026/2176/622 2008/2157/604
f 2008/2158/604 2026/2177/622 2027/2178/623 2009/2159/605
f 2009/2159/605 2027/2178/623 2028/2179/932 2010/2160/606
f 2010/2160/606 2028/2179/932 2029/2180/625 2011/2161/607
f 2011/2161/607 2029/2180/625 2030/2181/626 2012/2162/608
f 2012/2162/608 2030/2181/626 2031/2182/627 2013/2163/609
f 2013/2163/609 2031/2182/627 2032/2183/628 2014/2164/610
f 2014/2164/610 2032/2183/628 2033/2184/629 2015/2165/611
f 2015/2165/611 2033/2184/629 2034/2185/630 2016/2166/612
f 2016/2166/612 2034/2185/630 2017/2167/613 1999/2148/595
f 2017/2167/613 2035/2186/631 2036/2187/632 2018/2168/614
f 2018/2168/614 2036/2187/632 2037/2188/633 2019/2169/615
f 2019/2169/615 2037/2188/633 2038/2189/634 2020/2170/616
f 2020/2170/616 2038/2189/634 2039/2190/635 2021/2171/617
f 2021/2171/617 2039/2190/635 2040/2191/636 2022/2172/618
f 2022/2172/618 2040/2191/636 2041/2192/637 2023/2173/619
f 2023/2173/619 2041/2192/637 2042/2193/638 2024/2174/620
f 2024/2174/620 2042/2193/638 2043/2194/1049 2025/2175/621
f 2025/2175/621 2043/2194/1049 2044/2195/640 2026/2176/622
f 2026/2177/622 2044/2196/640 2045/2197/641 2027/2178/623
f 2027/2178/623 2045/2197/641 2046/2198/642 2028/2179/932
f 2028/2179/932 2046/2198/642 2047/2199/643 2029/2180/625
f 2029/2180/625 2047/2199/643 2048/2200/644 2030/2181/626
f 2030/2181/626 2048/2200/644 2049/2201/645 2031/2182/627
f 2031/2182/627 2049/2201/645 2050/2202/646 2032/2183/628
f 2032/2183/628 2050/2202/646 2051/2203/647 2033/2184/629
f 2033/2184/629 2051/2203/647 2052/2204/648 2034/2185/630
f 2034/2185/630 2052/2204/648 2035/2186/631 2017/2167/613
f 2035/2186/631 2053/2205/649 2054/2206/650 2036/2187/632
f 2036/2187/632 2054/2206/650 2055/2207/651 2037/2188/633
f 2037/2188/633 2055/2207/651 2056/2208/652 2038/2189/634
f 2038/2189/634 2056/2208/652 2057/2209/653 2039/2190/635
f 2039/2190/635 2057/2209/653 2058/2210/654 2040/2191/636
f 2040/2191/636 2058/2210/654 2059/2211/655 2041/2192/637
f 2041/2192/637 2059/2211/655 2060/2212/656 2042/2193/638
f 2042/2193/638 2060/2212/656 2061/2213/657 2043/2194/1049
f 2043/2194/1049 2061/2213/657 2062/2214/658 2044/2195/640
f 2044/2196/640 2062/2215/658 2063/2216/659 2045/2197/641
f 2045/2197/641 2063/2216/659 2064/2217/660 2046/2198/642
f 2046/2198/642 2064/2217/660 2065/2218/661 2047/2199/643
f 2047/2199/643 2065/2218/661 2066/2219/662 2048/2200/644
f 2048/2200/644 2066/2219/662 2067/2220/663 2049/2201/645
f 2049/2201/645 2067/2220/663 2068/2221/664 2050/2202/646
f 2050/2202/646 2068/2221/664 2069/2222/665 2051/2203/647
f 2051/2203/647 2069/2222/665 2070/2223/666 2052/2204/648
f 2052/2204/648 2070/2223/666 2053/2205/649 2035/2186/631
f 2053/2205/649 2071/2224/667 2072/2225/668 2054/2206/650
f 2054/2206/650 2072/2225/668 2073/2226/669 2055/2207/651
f 2055/2207/651 2073/2226/669 2074/2227/670 2056/2208/652
f 2056/2208/652 2074/2227/670 2075/2228/671 2057/2209/653
f 2057/2209/653 2075/2228/671 2076/2229/672 2058/2210/654
f 2058/2210/654 2076/2229/672 2077/2230/673 2059/2211/655
f 2059/2211/655 2077/2230/673 2078/2231/674 2060/2212/656
f 2060/2212/656 2078/2231/674 2079/2232/675 2061/2213/657
f 2061/2213/657 2079/2232/675 2080/2233/676 2062/2214/658
f 2062/2215/658 2080/2234/676 2081/2235/677 2063/2216/659
f 2063/2216/659 2081/2235/677 2082/2236/1050 2064/2217/660
f 2064/2217/660 2082/2236/1050 2083/2237/679 2065/2218/661
f 2065/2218/661 2083/2237/679 2084/2238/680 2066/2219/662
f 2066/2219/662 2084/2238/680 2085/2239/681 2067/2220/663
f 2067/2220/663 2085/2239/681 2086/2240/682 2068/2221/664
f 2068/2221/664 2086/2240/682 2087/2241/683 2069/2222/665
f 2069/2222/665 2087/2241/683 2088/2242/684 2070/2223/666
f 2070/2223/666 2088/2242/684 2071/2224/667 2053/2205/649
f 2089/2243/685 2107/2262/686 2108/2263/687 2090/2244/1051
f 2090/2244/1051 2108/2263/687 2109/2264/689 2091/2245/690
f 2091/2245/690 2109/2264/689 2110/2265/691 2092/2246/692
f 2092/2246/692 2110/2265/691 2111/2266/693 2093/2247/694
f 2093/2247/694 2111/2266/693 2112/2267/695 2094/2248/696
f 2094/2248/696 2112/2267/695 2113/2268/697 2095/2249/698
f 2095/2249/698 2113/2268/697 2114/2269/699 2096/2250/700
f 2096/2250/700 2114/2269/699 2115/2270/701 2097/2251/702
f 2097/2251/702 2115/2270/701 2116/2271/703 2098/2252/704
f 2098/2253/704 2116/2272/703 2117/2273/705 2099/2254/706
f 2099/2254/706 2117/2273/705 2118/2274/707 2100/2255/708
f 2100/2255/708 2118/2274/707 2119/2275/709 2101/2256/710
f 2101/2256/710 2119/2275/709 2120/2276/711 2102/2257/712
f 2102/2257/712 2120/2276/711 2121/2277/713 2103/2258/714
f 2103/2258/714 2121/2277/713 2122/2278/715 2104/2259/716
f 2104/2259/716 2122/2278/715 2123/2279/717 2105/2260/718
f 2105/2260/718 2123/2279/717 2124/2280/719 2106/2261/720
f 2106/2261/720 2124/2280/719 2107/2262/686 2089/2243/685
f 2107/2262/686 2125/2281/721 2126/2282/722 2108/2263/687
f 2108/2263/687 2126/2282/722 2127/2283/723 2109/2264/689
f 2109/2264/689 2127/2283/723 2128/2284/724 2110/2265/691
f 2110/2265/691 2128/2284/724 2129/2285/725 2111/2266/693
f 2111/2266/693 2129/2285/725 2130/2286/726 2112/2267/695
f 2112/2267/695 2130/2286/726 2131/2287/727 2113/2268/697
f 2113/2268/697 2131/2287/727 2132/2288/728 2114/2269/699
f 2114/2269/699 2132/2288/728 2133/2289/729 2115/2270/701
f 2115/2270/701 2133/2289/729 2134/2290/730 2116/2271/703
f 2116/2272/703 2134/2291/730 2135/2292/731 2117/2273/705
f 2117/2273/705 2135/2292/731 2136/2293/732 2118/2274/707
f 2118/2274/707 2136/2293/732 2137/2294/733 2119/2275/709
f 2119/2275/709 2137/2294/733 2138/2295/734 2120/2276/711
f 2120/2276/711 2138/2295/734 2139/2296/735 2121/2277/713
f 2121/2277/713 2139/2296/735 2140/2297/736 2122/2278/715
f 2122/2278/715 2140/2297/736 2141/2298/737 2123/2279/717
f 2123/2279/717 2141/2298/737 2142/2299/738 2124/2280/719
f 2124/2280/719 2142/2299/738 2125/2281/721 2107/2262/686
f 2125/2281/721 2143/2300/739 2144/2301/740 2126/2282/722
f 2126/2282/722 2144/2301/740 2145/2302/741 2127/2283/723
f 2127/2283/723 2145/2302/741 2146/2303/742 2128/2284/724
f 2128/2284/724 2146/2303/742 2147/2304/743 2129/2285/725
f 2129/2285/725 2147/2304/743 2148/2305/744 2130/2286/726
f 2130/2286/726 2148/2305/744 2149/2306/745 2131/2287/727
f 2131/2287/727 2149/2306/745 2150/2307/746 2132/2288/728
f 2132/2288/728 2150/2307/746 2151/2308/747 2133/2289/729
f 2133/2289/729 2151/2308/747 2152/2309/748 2134/2290/730
f 2134/2291/730 2152/2310/748 2153/2311/749 2135/2292/731
f 2135/2292/731 2153/2311/749 2154/2312/750 2136/2293/732
f 2136/2293/732 2154/2312/750 2155/2313/751 2137/2294/733
f 2137/2294/733 2155/2313/751 2156/2314/752 2138/2295/734
f 2138/2295/734 2156/2314/752 2157/2315/753 2139/2296/735
f 2139/2296/735 2157/2315/753 2158/2316/754 2140/2297/736
f 2140/2297/736 2158/2316/754 2159/2317/1052 2141/2298/737
f 2141/2298/737 2159/2317/1052 2160/2318/756 2142/2299/738
f 2142/2299/738 2160/2318/756 2143/2300/739 2125/2281/721
f 2143/2300/739 2161/2319/757 2162/2320/758 2144/2301/740
f 2144/2301/740 2162/2320/758 2163/2321/759 2145/2302/741
f 2145/2302/741 2163/2321/759 2164/2322/760 2146/2303/742
f 2146/2303/742 2164/2322/760 2165/2323/761 2147/2304/743
f 2147/2304/743 2165/2323/761 2166/2324/762 2148/2305/744
f 2148/2305/744 2166/2324/762 2167/2325/763 2149/2306/745
f 2149/2306/745 2167/2325/763 2168/2326/1053 2150/2307/746
f 2150/2307/746 2168/2326/1053 2169/2327/765 2151/2308/747
f 2151/2308/747 2169/2327/765 2170/2328/766 2152/2309/748
f 2152/2310/748 2170/2329/766 2171/2330/767 2153/2311/749
f 2153/2311/749 2171/2330/767 2172/2331/768 2154/2312/750
f 2154/2312/750 2172/2331/768 2173/2332/769 2155/2313/751
f 2155/2313/751 2173/2332/769 2174/2333/770 2156/2314/752
f 2156/2314/752 2174/2333/770 2175/2334/771 2157/2315/753
f 2157/2315/753 2175/2334/771 2176/2335/772 2158/2316/754
f 2158/2316/754 2176/2335/772 2177/2336/773 2159/2317/1052
f 2159/2317/1052 2177/2336/773 2178/2337/774 2160/2318/756
f 2160/2318/756 2178/2337/774 2161/2319/757 2143/2300/739
f 2161/2319/757 2179/2338/775 2180/2339/776 2162/2320/758
f 2162/2320/758 2180/2339/776 2181/2340/777 2163/2321/759
f 2163/2321/759 2181/2340/777 2182/2341/778 2164/2322/760
f 2164/2322/760 2182/2341/778 2183/2342/779 2165/2323/761
f 2165/2323/761 2183/2342/779 2184/2343/780 2166/2324/762
f 2166/2324/762 2184/2343/780 2185/2344/781 2167/2325/763
f 2167/2325/763 2185/2344/781 2186/2345/782 2168/2326/1053
f 2168/2326/1053 2186/2345/782 2187/2346/783 2169/2327/765
f 2169/2327/765 2187/2346/783 2188/2347/784 2170/2328/766
f 2170/2329/766 2188/2348/784 2189/2349/785 2171/2330/767
f 2171/2330/767 2189/2349/785 2190/2350/786 2172/2331/768
f 2172/2331/768 2190/2350/786 2191/2351/787 2173/2332/769
f 2173/2332/769 2191/2351/787 2192/2352/788 2174/2333/770
f 2174/2333/770 2192/2352/788 2193/2353/789 2175/2334/771
f 2175/2334/771 2193/2353/789 2194/2354/790 2176/2335/772
f 2176/2335/772 2194/2354/790 2195/2355/791 2177/2336/773
f 2177/2336/773 2195/2355/791 2196/2356/792 2178/2337/774
f 2178/2337/774 2196/2356/792 2179/2338/775 2161/2319/757
f 2179/2338/775 2197/2357/793 2198/2358/794 2180/2339/776
f 2180/2339/776 2198/2358/794 2199/2359/795 2181/2340/777
f 2181/2340/777 2199/2359/795 2200/2360/796 2182/2341/778
f 2182/2341/778 2200/2360/796 2201/2361/797 2183/2342/779
f 2183/2342/779 2201/2361/797 2202/2362/798 2184/2343/780
f 2184/2343/780 2202/2362/798 2203/2363/799 2185/2344/781
f 2185/2344/781 2203/2363/799 2204/2364/800 2186/2345/782
f 2186/2345/782 2204/2364/800 2205/2365/801 2187/2346/783
f 2187/2346/783 2205/2365/801 2206/2366/802 2188/2347/784
f 2188/2348/784 2206/2367/802 2207/2368/803 2189/2349/785
f 2189/2349/785 2207/2368/803 2208/2369/804 2190/2350/786
f 2190/2350/786 2208/2369/804 2209/2370/805 2191/2351/787
f 2191/2351/787 2209/2370/805 2210/2371/806 2192/2352/788
f 2192/2352/788 2210/2371/806 2211/2372/807 2193/2353/789
f 2193/2353/789 2211/2372/807 2212/2373/808 2194/2354/790
f 2194/2354/790 2212/2373/808 2213/2374/809 2195/2355/791
f 2195/2355/791 2213/2374/809 2214/2375/810 2196/2356/792
f 2196/2356/792 2214/2375/810 2197/2357/793 2179/2338/775
f 2197/2357/793 2215/2376/811 2216/2377/812 2198/2358/794
f 2198/2358/794 2216/2377/812 2217/2378/813 2199/2359/795
f 2199/2359/795 2217/2378/813 2218/2379/814 2200/2360/796
f 2200/2360/796 2218/2379/814 2219/2380/815 2201/2361/797
f 2201/2361/797 2219/2380/815 2220/2381/816 2202/2362/798
f 2202/2362/798 2220/2381/816 2221/2382/817 2203/2363/799
f 2203/2363/799 2221/2382/817 2222/2383/818 2204/2364/800
f 2204/2364/800 2222/2383/818 2223/2384/819 2205/2365/801
f 2205/2365/801 2223/2384/819 2224/2385/820 2206/2366/802
f 2206/2367/802 2224/2386/820 2225/2387/821 2207/2368/803
f 2207/2368/803 2225/2387/821 2226/2388/822 2208/2369/804
f 2208/2369/804 2226/2388/822 2227/2389/823 2209/2370/805
f 2209/2370/805 2227/2389/823 2228/2390/824 2210/2371/806
f 2210/2371/806 2228/2390/824 2229/2391/825 2211/2372/807
f 2211/2372/807 2229/2391/825 2230/2392/826 2212/2373/808
f 2212/2373/808 2230/2392/826 2231/2393/827 2213/2374/809
f 2213/2374/809 2231/2393/827 2232/2394/828 2214/2375/810
f 2214/2375/810 2232/2394/828 2215/2376/811 2197/2357/793
f 2215/2376/811 2233/2395/829 2234/2396/830 2216/2377/812
f 2216/2377/812 2234/2396/830 2235/2397/831 2217/2378/813
f 2217/2378/813 2235/2397/831 2236/2398/832 2218/2379/814
f 2218/2379/814 2236/2398/832 2237/2399/833 2219/2380/815
f 2219/2380/815 2237/2399/833 2238/2400/834 2220/2381/816
f 2220/2381/816 2238/2400/834 2239/2401/835 2221/2382/817
f 2221/2382/817 2239/2401/835 2240/2402/836 2222/2383/818
f 2222/2383/818 2240/2402/836 2241/2403/837 2223/2384/819
f 2223/2384/819 2241/2403/837 2242/2404/838 2224/2385/820
f 2224/2386/820 2242/2405/838 2243/2406/839 2225/2387/821
f 2225/2387/821 2243/2406/839 2244/2407/840 2226/2388/822
f 2226/2388/822 2244/2407/840 2245/2408/841 2227/2389/823
f 2227/2389/823 2245/2408/841 2246/2409/842 2228/2390/824
f 2228/2390/824 2246/2409/842 2247/2410/843 2229/2391/825
f 2229/2391/825 2247/2410/843 2248/2411/844 2230/2392/826
f 2230/2392/826 2248/2411/844 2249/2412/845 2231/2393/827
f 2231/2393/827 2249/2412/845 2250/2413/846 2232/2394/828
f 2232/2394/828 2250/2413/846 2233/2395/829 2215/2376/811
f 2233/2395/829 2251/2414/847 2252/2415/848 2234/2396/830
f 2234/2396/830 2252/2415/848 2253/2416/849 2235/2397/831
f 2235/2397/831 2253/2416/849 2254/2417/850 2236/2398/832
f 2236/2398/832 2254/2417/850 2255/2418/851 2237/2399/833
f 2237/2399/833 2255/2418/851 2256/2419/852 2238/2400/834
f 2238/2400/834 2256/2419/852 2257/2420/853 2239/2401/835
f 2239/2401/835 2257/2420/853 2258/2421/854 2240/2402/836
f 2240/2402/836 2258/2421/854 2259/2422/855 2241/2403/837
f 2241/2403/837 2259/2422/855 2260/2423/856 2242/2404/838
f 2242/2405/838 2260/2424/856 2261/2425/857 2243/2406/839
f 2243/2406/839 2261/2425/857 2262/2426/858 2244/2407/840
f 2244/2407/840 2262/2426/858 2263/2427/859 2245/2408/841
f 2245/2408/841 2263/2427/859 2264/2428/860 2246/2409/842
f 2246/2409/842 2264/2428/860 2265/2429/861 2247/2410/843
f 2247/2410/843 2265/2429/861 2266/2430/862 2248/2411/844
f 2248/2411/844 2266/2430/862 2267/2431/863 2249/2412/845
f 2249/2412/845 2267/2431/863 2268/2432/864 2250/2413/846
f 2250/2413/846 2268/2432/864 2251/2414/847 2233/2395/829
f 2251/2414/847 2269/2433/865 2270/2434/866 2252/2415/848
f 2252/2415/848 2270/2434/866 2271/2435/867 2253/2416/849
f 2253/2416/849 2271/2435/867 2272/2436/868 2254/2417/850
f 2254/2417/850 2272/2436/868 2273/2437/869 2255/2418/851
f 2255/2418/851 2273/2437/869 2274/2438/870 2256/2419/852
f 2256/2419/852 2274/2438/870 2275/2439/871 2257/2420/853
f 2257/2420/853 2275/2439/871 2276/2440/872 2258/2421/854
f 2258/2421/854 2276/2440/872 2277/2441/873 2259/2422/855
f 2259/2422/855 2277/2441/873 2278/2442/874 2260/2423/856
f 2260/2424/856 2278/2443/874 2279/2444/875 2261/2425/857
f 2261/2425/857 2279/2444/875 2280/2445/876 2262/2426/858
f 2262/2426/858 2280/2445/876 2281/2446/877 2263/2427/859
f 2263/2427/859 2281/2446/877 2282/2447/878 2264/2428/860
f 2264/2428/860 2282/2447/878 2283/2448/879 2265/2429/861
f 2265/2429/861 2283/2448/879 2284/2449/880 2266/2430/862
f 2266/2430/862 2284/2449/880 2285/2450/881 2267/2431/863
f 2267/2431/863 2285/2450/881 2286/2451/882 2268/2432/864
f 2268/2432/864 2286/2451/882 2269/2433/865 2251/2414/847
f 2269/2433/865 2287/2452/883 2288/2453/884 2270/2434/866
f 2270/2434/866 2288/2453/884 2289/2454/885 2271/2435/867
f 2271/2435/867 2289/2454/885 2290/2455/886 2272/2436/868
f 2272/2436/868 2290/2455/886 2291/2456/887 2273/2437/869
f 2273/2437/869 2291/2456/887 2292/2457/888 2274/2438/870
f 2274/2438/870 2292/2457/888 2293/2458/889 2275/2439/871
f 2275/2439/871 2293/2458/889 2294/2459/890 2276/2440/872
f 2276/2440/872 2294/2459/890 2295/2460/891 2277/2441/873
f 2277/2441/873 2295/2460/891 2296/2461/892 2278/2442/874
f 2278/2443/874 2296/2462/892 2297/2463/893 2279/2444/875
f 2279/2444/875 2297/2463/893 2298/2464/894 2280/2445/876
f 2280/2445/876 2298/2464/894 2299/2465/895 2281/2446/877
f 2281/2446/877 2299/2465/895 2300/2466/896 2282/2447/878
f 2282/2447/878 2300/2466/896 2301/2467/897 2283/2448/879
f 2283/2448/879 2301/2467/897 2302/2468/898 2284/2449/880
f 2284/2449/880 2302/2468/898 2303/2469/899 2285/2450/881
f 2285/2450/881 2303/2469/899 2304/2470/900 2286/2451/882
f 2286/2451/882 2304/2470/900 2287/2452/883 2269/2433/865
f 2287/2452/883 1873/2015/469 1874/2016/472 2288/2453/884
f 2288/2453/884 1874/2016/472 1875/2017/474 2289/2454/885
f 2289/2454/885 1875/2017/474 1876/2018/476 2290/2455/886
f 2290/2455/886 1876/2018/476 1877/2019/478 2291/2456/887
f 2291/2456/887 1877/2019/478 1878/2020/480 2292/2457/888
f 2292/2457/888 1878/2020/480 1879/2021/482 2293/2458/889
f 2293/2458/889 1879/2021/482 1880/2022/484 2294/2459/890
f 2294/2459/890 1880/2022/484 1881/2023/486 2295/2460/891
f 2295/2460/891 1881/2023/486 1882/2024/488 2296/2461/892
f 2296/2462/892 1882/2025/488 1883/2026/490 2297/2463/893
f 2297/2463/893 1883/2026/490 1884/2027/492 2298/2464/894
f 2298/2464/894 1884/2027/492 1885/2028/494 2299/2465/895
f 2299/2465/895 1885/2028/494 1886/2029/496 2300/2466/896
f 2300/2466/896 1886/2029/496 1887/2030/498 2301/2467/897
f 2301/2467/897 1887/2030/498 1888/2031/500 2302/2468/898
f 2302/2468/898 1888/2031/500 1889/2032/502 2303/2469/899
f 2303/2469/899 1889/2032/502 1890/2033/504 2304/2470/900
f 2304/2470/900 1890/2033/504 1873/2015/469 2287/2452/883
f 2305/2471/1 2323/2490/2 2324/2491/3 2306/2472/901
f 2306/2472/901 2324/2491/3 2325/2492/5 2307/2473/6
f 2307/2473/6 2325/2492/5 2326/2493/7 2308/2474/8
f 2308/2474/8 2326/2493/7 2327/2494/9 2309/2475/10
f 2309/2475/10 2327/2494/9 2328/2495/11 2310/2476/12
f 2310/2476/12 2328/2495/11 2329/2496/13 2311/2477/14
f 2311/2477/14 2329/2496/13 2330/2497/15 2312/2478/16
f 2312/2478/16 2330/2497/15 2331/2498/17 2313/2479/902
f 2313/2479/902 2331/2498/17 2332/2499/19 2314/2480/20
f 2314/2481/20 2332/2500/19 2333/2501/21 2315/2482/22
f 2315/2482/22 2333/2501/21 2334/2502/23 2316/2483/24
f 2316/2483/24 2334/2502/23 2335/2503/25 2317/2484/26
f 2317/2484/26 2335/2503/25 2336/2504/27 2318/2485/28
f 2318/2485/28 2336/2504/27 2337/2505/29 2319/2486/30
f 2319/2486/30 2337/2505/29 2338/2506/31 2320/2487/32
f 2320/2487/32 2338/2506/31 2339/2507/33 2321/2488/34
f 2321/2488/34 2339/2507/33 2340/2508/35 2322/2489/903
f 2322/2489/903 2340/2508/35 2323/2490/2 2305/2471/1
f 2323/2490/2 2341/2509/37 2342/2510/38 2324/2491/3
f 2324/2491/3 2342/2510/38 2343/2511/39 2325/2492/5
f 2325/2492/5 2343/2511/39 2344/2512/40 2326/2493/7
f 2326/2493/7 2344/2512/40 2345/2513/41 2327/2494/9
f 2327/2494/9 2345/2513/41 2346/2514/42 2328/2495/11
f 2328/2495/11 2346/2514/42 2347/2515/43 2329/2496/13
f 2329/2496/13 2347/2515/43 2348/2516/44 2330/2497/15
f 2330/2497/15 2348/2516/44 2349/2517/45 2331/2498/17
f 2331/2498/17 2349/2517/45 2350/2518/46 2332/2499/19
f 2332/2500/19 2350/2519/46 2351/2520/47 2333/2501/21
f 2333/2501/21 2351/2520/47 2352/2521/48 2334/2502/23
f 2334/2502/23 2352/2521/48 2353/2522/49 2335/2503/25
f 2335/2503/25 2353/2522/49 2354/2523/50 2336/2504/27
f 2336/2504/27 2354/2523/50 2355/2524/51 2337/2505/29
f 2337/2505/29 2355/2524/51 2356/2525/52 2338/2506/31
f 2338/2506/31 2356/2525/52 2357/2526/53 2339/2507/33
f 2339/2507/33 2357/2526/53 2358/2527/904 2340/2508/35
f 2340/2508/35 2358/2527/904 2341/2509/37 2323/2490/2
f 2341/2509/37 2359/2528/55 2360/2529/56 2342/2510/38
f 2342/2510/38 2360/2529/56 2361/2530/57 2343/2511/39
f 2343/2511/39 2361/2530/57 2362/2531/58 2344/2512/40
f 2344/2512/40 2362/2531/58 2363/2532/59 2345/2513/41
f 2345/2513/41 2363/2532/59 2364/2533/60 2346/2514/42
f 2346/2514/42 2364/2533/60 2365/2534/61 2347/2515/43
f 2347/2515/43 2365/2534/61 2366/2535/62 2348/2516/44
f 2348/2516/44 2366/2535/62 2367/2536/63 2349/2517/45
f 2349/2517/45 2367/2536/63 2368/2537/64 2350/2518/46
f 2350/2519/46 2368/2538/64 2369/2539/65 2351/2520/47
f 2351/2520/47 2369/2539/65 2370/2540/66 2352/2521/48
f 2352/2521/48 2370/2540/66 2371/2541/67 2353/2522/49
f 2353/2522/49 2371/2541/67 2372/2542/68 2354/2523/50
f 2354/2523/50 2372/2542/68 2373/2543/69 2355/2524/51
f 2355/2524/51 2373/2543/69 2374/2544/70 2356/2525/52
f 2356/2525/52 2374/2544/70 2375/2545/71 2357/2526/53
f 2357/2526/53 2375/2545/71 2376/2546/72 2358/2527/904
f 2358/2527/904 2376/2546/72 2359/2528/55 2341/2509/37
f 2359/2528/55 2377/2547/73 2378/2548/74 2360/2529/56
f 2360/2529/56 2378/2548/74 2379/2549/75 2361/2530/57
f 2361/2530/57 2379/2549/75 2380/2550/76 2362/2531/58
f 2362/2531/58 2380/2550/76 2381/2551/77 2363/2532/59
f 2363/2532/59 2381/2551/77 2382/2552/78 2364/2533/60
f 2364/2533/60 2382/2552/78 2383/2553/79 2365/2534/61
f 2365/2534/61 2383/2553/79 2384/2554/80 2366/2535/62
f 2366/2535/62 2384/2554/80 2385/2555/81 2367/2536/63
f 2367/2536/63 2385/2555/81 2386/2556/82 2368/2537/64
f 2368/2538/64 2386/2557/82 2387/2558/83 2369/2539/65
f 2369/2539/65 2387/2558/83 2388/2559/84 2370/2540/66
f 2370/2540/66 2388/2559/84 2389/2560/85 2371/2541/67
f 2371/2541/67 2389/2560/85 2390/2561/86 2372/2542/68
f 2372/2542/68 2390/2561/86 2391/2562/87 2373/2543/69
f 2373/2543/69 2391/2562/87 2392/2563/88 2374/2544/70
f 2374/2544/70 2392/2563/88 2393/2564/89 2375/2545/71
f 2375/2545/71 2393/2564/89 2394/2565/90 2376/2546/72
f 2376/2546/72 2394/2565/90 2377/2547/73 2359/2528/55
f 2377/2547/73 2395/2566/91 2396/2567/92 2378/2548/74
f 2378/2548/74 2396/2567/92 2397/2568/93 2379/2549/75
f 2379/2549/75 2397/2568/93 2398/2569/94 2380/2550/76
f 2380/2550/76 2398/2569/94 2399/2570/95 2381/2551/77
f 2381/2551/77 2399/2570/95 2400/2571/96 2382/2552/78
f 2382/2552/78 2400/2571/96 2401/2572/97 2383/2553/79
f 2383/2553/79 2401/2572/97 2402/2573/98 2384/2554/80
f 2384/2554/80 2402/2573/98 2403/2574/99 2385/2555/81
f 2385/2555/81 2403/2574/99 2404/2575/100 2386/2556/82
f 2386/2557/82 2404/2576/100 2405/2577/101 2387/2558/83
f 2387/2558/83 2405/2577/101 2406/2578/102 2388/2559/84
f 2388/2559/84 2406/2578/102 2407/2579/103 2389/2560/85
f 2389/2560/85 2407/2579/103 2408/2580/104 2390/2561/86
f 2390/2561/86 2408/2580/104 2409/2581/105 2391/2562/87
f 2391/2562/87 2409/2581/105 2410/2582/106 2392/2563/88
f 2392/2563/88 2410/2582/106 2411/2583/107 2393/2564/89
f 2393/2564/89 2411/2583/107 2412/2584/108 2394/2565/90
f 2394/2565/90 2412/2584/108 2395/2566/91 2377/2547/73
f 2395/2566/91 2413/2585/109 2414/2586/110 2396/2567/92
f 2396/2567/92 2414/2586/110 2415/2587/111 2397/2568/93
f 2397/2568/93 2415/2587/111 2416/2588/112 2398/2569/94
f 2398/2569/94 2416/2588/112 2417/2589/113 2399/2570/95
f 2399/2570/95 2417/2589/113 2418/2590/114 2400/2571/96
f 2400/2571/96 2418/2590/114 2419/2591/115 2401/2572/97
f 2401/2572/97 2419/2591/115 2420/2592/116 2402/2573/98
f 2402/2573/98 2420/2592/116 2421/2593/117 2403/2574/99
f 2403/2574/99 2421/2593/117 2422/2594/118 2404/2575/100
f 2404/2576/100 2422/2595/118 2423/2596/119 2405/2577/101
f 2405/2577/101 2423/2596/119 2424/2597/120 2406/2578/102
f 2406/2578/102 2424/2597/120 2425/2598/1054 2407/2579/103
f 2407/2579/103 2425/2598/1054 2426/2599/122 2408/2580/104
f 2408/2580/104 2426/2599/122 2427/2600/123 2409/2581/105
f 2409/2581/105 2427/2600/123 2428/2601/124 2410/2582/106
f 2410/2582/106 2428/2601/124 2429/2602/125 2411/2583/107
f 2411/2583/107 2429/2602/125 2430/2603/126 2412/2584/108
f 2412/2584/108 2430/2603/126 2413/2585/109 2395/2566/91
f 2413/2585/109 2431/2604/127 2432/2605/128 2414/2586/110
f 2414/2586/110 2432/2605/128 2433/2606/129 2415/2587/111
f 2415/2587/111 2433/2606/129 2434/2607/130 2416/2588/112
f 2416/2588/112 2434/2607/130 2435/2608/131 2417/2589/113
f 2417/2589/113 2435/2608/131 2436/2609/132 2418/2590/114
f 2418/2590/114 2436/2609/132 2437/2610/133 2419/2591/115
f 2419/2591/115 2437/2610/133 2438/2611/134 2420/2592/116
f 2420/2592/116 2438/2611/134 2439/2612/135 2421/2593/117
f 2421/2593/117 2439/2612/135 2440/2613/136 2422/2594/118
f 2422/2595/118 2440/2614/136 2441/2615/137 2423/2596/119
f 2423/2596/119 2441/2615/137 2442/2616/138 2424/2597/120
f 2424/2597/120 2442/2616/138 2443/2617/139 2425/2598/1054
f 2425/2598/1054 2443/2617/139 2444/2618/140 2426/2599/122
f 2426/2599/122 2444/2618/140 2445/2619/141 2427/2600/123
f 2427/2600/123 2445/2619/141 2446/2620/142 2428/2601/124
f 2428/2601/124 2446/2620/142 2447/2621/143 2429/2602/125
f 2429/2602/125 2447/2621/143 2448/2622/144 2430/2603/126
f 2430/2603/126 2448/2622/144 2431/2604/127 2413/2585/109
f 2431/2604/127 2449/2623/145 2450/2624/146 2432/2605/128
f 2432/2605/128 2450/2624/146 2451/2625/147 2433/2606/129
f 2433/2606/129 2451/2625/147 2452/2626/148 2434/2607/130
f 2434/2607/130 2452/2626/148 2453/2627/149 2435/2608/131
f 2435/2608/131 2453/2627/149 2454/2628/150 2436/2609/132
f 2436/2609/132 2454/2628/150 2455/2629/151 2437/2610/133
f 2437/2610/133 2455/2629/151 2456/2630/152 2438/2611/134
f 2438/2611/134 2456/2630/152 2457/2631/1055 2439/2612/135
f 2439/2612/135 2457/2631/1055 2458/2632/154 2440/2613/136
f 2440/2614/136 2458/2633/154 2459/2634/155 2441/2615/137
f 2441/2615/137 2459/2634/155 2460/2635/156 2442/2616/138
f 2442/2616/138 2460/2635/156 2461/2636/157 2443/2617/139
f 2443/2617/139 2461/2636/157 2462/2637/158 2444/2618/140
f 2444/2618/140 2462/2637/158 2463/2638/159 2445/2619/141
f 2445/2619/141 2463/2638/159 2464/2639/160 2446/2620/142
f 2446/2620/142 2464/2639/160 2465/2640/161 2447/2621/143
f 2447/2621/143 2465/2640/161 2466/2641/162 2448/2622/144
f 2448/2622/144 2466/2641/162 2449/2623/145 2431/2604/127
f 2449/2623/145 2467/2642/163 2468/2643/164 2450/2624/146
f 2450/2624/146 2468/2643/164 2469/2644/165 2451/2625/147
f 2451/2625/147 2469/2644/165 2470/2645/166 2452/2626/148
f 2452/2626/148 2470/2645/166 2471/2646/167 2453/2627/149
f 2453/2627/149 2471/2646/167 2472/2647/168 2454/2628/150
f 2454/2628/150 2472/2647/168 2473/2648/169 2455/2629/151
f 2455/2629/151 2473/2648/169 2474/2649/170 2456/2630/152
f 2456/2630/152 2474/2649/170 2475/2650/171 2457/2631/1055
f 2457/2631/1055 2475/2650/171 2476/2651/172 2458/2632/154
f 2458/2633/154 2476/2652/172 2477/2653/173 2459/2634/155
f 2459/2634/155 2477/2653/173 2478/2654/174 2460/2635/156
f 2460/2635/156 2478/2654/174 2479/2655/175 2461/2636/157
f 2461/2636/157 2479/2655/175 2480/2656/176 2462/2637/158
f 2462/2637/158 2480/2656/176 2481/2657/177 2463/2638/159
f 2463/2638/159 2481/2657/177 2482/2658/178 2464/2639/160
f 2464/2639/160 2482/2658/178 2483/2659/179 2465/2640/161
f 2465/2640/161 2483/2659/179 2484/2660/180 2466/2641/162
f 2466/2641/162 2484/2660/180 2467/2642/163 2449/2623/145
f 2467/2642/163 2485/2661/181 2486/2662/182 2468/2643/164
f 2468/2643/164 2486/2662/182 2487/2663/183 2469/2644/165
f 2469/2644/165 2487/2663/183 2488/2664/184 2470/2645/166
f 2470/2645/166 2488/2664/184 2489/2665/185 2471/2646/167
f 2471/2646/167 2489/2665/185 2490/2666/186 2472/2647/168
f 2472/2647/168 2490/2666/186 2491/2667/187 2473/2648/169
f 2473/2648/169 2491/2667/187 2492/2668/188 2474/2649/170
f 2474/2649/170 2492/2668/188 2493/2669/189 2475/2650/171
f 2475/2650/171 2493/2669/189 2494/2670/190 2476/2651/172
f 2476/2652/172 2494/2671/190 2495/2672/191 2477/2653/173
f 2477/2653/173 2495/2672/191 2496/2673/192 2478/2654/174
f 2478/2654/174 2496/2673/192 2497/2674/193 2479/2655/175
f 2479/2655/175 2497/2674/193 2498/2675/194 2480/2656/176
f 2480/2656/176 2498/2675/194 2499/2676/195 2481/2657/177
f 2481/2657/177 2499/2676/195 2500/2677/196 2482/2658/178
f 2482/2658/178 2500/2677/196 2501/2678/197 2483/2659/179
f 2483/2659/179 2501/2678/197 2502/2679/198 2484/2660/180
f 2484/2660/180 2502/2679/198 2485/2661/181 2467/2642/163
f 2485/2661/181 2503/2680/199 2504/2681/200 2486/2662/182
f 2486/2662/182 2504/2681/200 2505/2682/201 2487/2663/183
f 2487/2663/183 2505/2682/201 2506/2683/202 2488/2664/184
f 2488/2664/184 2506/2683/202 2507/2684/203 2489/2665/185
f 2489/2665/185 2507/2684/203 2508/2685/906 2490/2666/186
f 2490/2666/186 2508/2685/906 2509/2686/205 2491/2667/187
f 2491/2667/187 2509/2686/205 2510/2687/206 2492/2668/188
f 2492/2668/188 2510/2687/206 2511/2688/207 2493/2669/189
f 2493/2669/189 2511/2688/207 2512/2689/208 2494/2670/190
f 2494/2671/190 2512/2690/208 2513/2691/209 2495/2672/191
f 2495/2672/191 2513/2691/209 2514/2692/210 2496/2673/192
f 2496/2673/192 2514/2692/210 2515/2693/211 2497/2674/193
f 2497/2674/193 2515/2693/211 2516/2694/212 2498/2675/194
f 2498/2675/194 2516/2694/212 2517/2695/213 2499/2676/195
f 2499/2676/195 2517/2695/213 2518/2696/214 2500/2677/196
f 2500/2677/196 2518/2696/214 2519/2697/215 2501/2678/197
f 2501/2678/197 2519/2697/215 2520/2698/216 2502/2679/198
f 2502/2679/198 2520/2698/216 2503/2680/199 2485/2661/181
f 2503/2680/199 2521/2699/217 2522/2700/218 2504/2681/200
f 2504/2681/200 2522/2700/218 2523/2701/219 2505/2682/201
f 2505/2682/201 2523/2701/219 2524/2702/220 2506/2683/202
f 2506/2683/202 2524/2702/220 2525/2703/221 2507/2684/203
f 2507/2684/203 2525/2703/221 2526/2704/222 2508/2685/906
f 2508/2685/906 2526/2704/222 2527/2705/223 2509/2686/205
f 2509/2686/205 2527/2705/223 2528/2706/224 2510/2687/206
f 2510/2687/206 2528/2706/224 2529/2707/225 2511/2688/207
f 2511/2688/207 2529/2707/225 2530/2708/226 2512/2689/208
f 2512/2690/208 2530/2709/226 2531/2710/227 2513/2691/209
f 2513/2691/209 2531/2710/227 2532/2711/228 2514/2692/210
f 2514/2692/210 2532/2711/228 2533/2712/229 2515/2693/211
f 2515/2693/211 2533/2712/229 2534/2713/230 2516/2694/212
f 2516/2694/212 2534/2713/230 2535/2714/231 2517/2695/213
f 2517/2695/213 2535/2714/231 2536/2715/232 2518/2696/214
f 2518/2696/214 2536/2715/232 2537/2716/233 2519/2697/215
f 2519/2697/215 2537/2716/233 2538/2717/234 2520/2698/216
f 2520/2698/216 2538/2717/234 2521/2699/217 2503/2680/199
f 2521/2699/217 2539/2718/235 2540/2720/236 2522/2700/218
f 2522/2700/218 2540/2720/236 2541/2722/237 2523/2701/219
f 2523/2701/219 2541/2722/237 2542/2724/238 2524/2702/220
f 2524/2702/220 2542/2724/238 2543/2726/239 2525/2703/221
f 2525/2703/221 2543/2726/239 2544/2728/240 2526/2704/222
f 2526/2704/222 2544/2728/240 2545/2730/241 2527/2705/223
f 2527/2705/223 2545/2730/241 2546/2732/242 2528/2706/224
f 2528/2706/224 2546/2732/242 2547/2734/243 2529/2707/225
f 2529/2707/225 2547/2734/243 2548/2736/244 2530/2708/226
f 2530/2709/226 2548/2737/244 2549/2740/245 2531/2710/227
f 2531/2710/227 2549/2740/245 2550/2742/246 2532/2711/228
f 2532/2711/228 2550/2742/246 2551/2744/247 2533/2712/229
f 2533/2712/229 2551/2744/247 2552/2746/248 2534/2713/230
f 2534/2713/230 2552/2746/248 2553/2748/249 2535/2714/231
f 2535/2714/231 2553/2748/249 2554/2750/250 2536/2715/232
f 2536/2715/232 2554/2750/250 2555/2752/251 2537/2716/233
f 2537/2716/233 2555/2752/251 2556/2754/252 2538/2717/234
f 2538/2717/234 2556/2754/252 2539/2718/235 2521/2699/217
f 2539/2719/235 2557/2756/253 2558/2757/254 2540/2721/236
f 2540/2721/236 2558/2757/254 2559/2758/255 2541/2723/237
f 2541/2723/237 2559/2758/255 2560/2759/256 2542/2725/238
f 2542/2725/238 2560/2759/256 2561/2760/257 2543/2727/239
f 2543/2727/239 2561/2760/257 2562/2761/258 2544/2729/240
f 2544/2729/240 2562/2761/258 2563/2762/259 2545/2731/241
f 2545/2731/241 2563/2762/259 2564/2763/260 2546/2733/242
f 2546/2733/242 2564/2763/260 2565/2764/261 2547/2735/243
f 2547/2735/243 2565/2764/261 2566/2765/262 2548/2738/244
f 2548/2739/244 2566/2766/262 2567/2767/263 2549/2741/245
f 2549/2741/245 2567/2767/263 2568/2768/264 2550/2743/246
f 2550/2743/246 2568/2768/264 2569/2769/265 2551/2745/247
f 2551/2745/247 2569/2769/265 2570/2770/266 2552/2747/248
f 2552/2747/248 2570/2770/266 2571/2771/267 2553/2749/249
f 2553/2749/249 2571/2771/267 2572/2772/268 2554/2751/250
f 2554/2751/250 2572/2772/268 2573/2773/269 2555/2753/251
f 2555/2753/251 2573/2773/269 2574/2774/270 2556/2755/252
f 2556/2755/252 2574/2774/270 2557/2756/253 2539/2719/235
f 2557/2756/253 2575/2775/271 2576/2776/272 2558/2757/254
f 2558/2757/254 2576/2776/272 2577/2777/273 2559/2758/255
f 2559/2758/255 2577/2777/273 2578/2778/274 2560/2759/256
f 2560/2759/256 2578/2778/274 2579/2779/275 2561/2760/257
f 2561/2760/257 2579/2779/275 2580/2780/276 2562/2761/258
f 2562/2761/258 2580/2780/276 2581/2781/277 2563/2762/259
f 2563/2762/259 2581/2781/277 2582/2782/278 2564/2763/260
f 2564/2763/260 2582/2782/278 2583/2783/279 2565/2764/261
f 2565/2764/261 2583/2783/279 2584/2784/280 2566/2765/262
f 2566/2766/262 2584/2785/280 2585/2786/281 2567/2767/263
f 2567/2767/263 2585/2786/281 2586/2787/282 2568/2768/264
f 2568/2768/264 2586/2787/282 2587/2788/283 2569/2769/265
f 2569/2769/265 2587/2788/283 2588/2789/284 2570/2770/266
f 2570/2770/266 2588/2789/284 2589/2790/285 2571/2771/267
f 2571/2771/267 2589/2790/285 2590/2791/286 2572/2772/268
f 2572/2772/268 2590/2791/286 2591/2792/287 2573/2773/269
f 2573/2773/269 2591/2792/287 2592/2793/288 2574/2774/270
f 2574/2774/270 2592/2793/288 2575/2775/271 2557/2756/253
f 2575/2775/271 2593/2794/289 2594/2795/290 2576/2776/272
f 2576/2776/272 2594/2795/290 2595/2796/291 2577/2777/273
f 2577/2777/273 2595/2796/291 2596/2797/292 2578/2778/274
f 2578/2778/274 2596/2797/292 2597/2798/293 2579/2779/275
f 2579/2779/275 2597/2798/293 2598/2799/294 2580/2780/276
f 2580/2780/276 2598/2799/294 2599/2800/295 2581/2781/277
f 2581/2781/277 2599/2800/295 2600/2801/296 2582/2782/278
f 2582/2782/278 2600/2801/296 2601/2802/297 2583/2783/279
f 2583/2783/279 2601/2802/297 2602/2803/298 2584/2784/280
f 2584/2785/280 2602/2804/298 2603/2805/299 2585/2786/281
f 2585/2786/281 2603/2805/299 2604/2806/300 2586/2787/282
f 2586/2787/282 2604/2806/300 2605/2807/301 2587/2788/283
f 2587/2788/283 2605/2807/301 2606/2808/302 2588/2789/284
f 2588/2789/284 2606/2808/302 2607/2809/303 2589/2790/285
f 2589/2790/285 2607/2809/303 2608/2810/304 2590/2791/286
f 2590/2791/286 2608/2810/304 2609/2811/305 2591/2792/287
f 2591/2792/287 2609/2811/305 2610/2812/306 2592/2793/288
f 2592/2793/288 2610/2812/306 2593/2794/289 2575/2775/271
f 2593/2794/289 2611/2813/307 2612/2814/308 2594/2795/290
f 2594/2795/290 2612/2814/308 2613/2815/309 2595/2796/291
f 2595/2796/291 2613/2815/309 2614/2816/310 2596/2797/292
f 2596/2797/292 2614/2816/310 2615/2817/311 2597/2798/293
f 2597/2798/293 2615/2817/311 2616/2818/312 2598/2799/294
f 2598/2799/294 2616/2818/312 2617/2819/313 2599/2800/295
f 2599/2800/295 2617/2819/313 2618/2820/314 2600/2801/296
f 2600/2801/296 2618/2820/314 2619/2821/315 2601/2802/297
f 2601/2802/297 2619/2821/315 2620/2822/316 2602/2803/298
f 2602/2804/298 2620/2823/316 2621/2824/317 2603/2805/299
f 2603/2805/299 2621/2824/317 2622/2825/318 2604/2806/300
f 2604/2806/300 2622/2825/318 2623/2826/319 2605/2807/301
f 2605/2807/301 2623/2826/319 2624/2827/320 2606/2808/302
f 2606/2808/302 2624/2827/320 2625/2828/321 2607/2809/303
f 2607/2809/303 2625/2828/321 2626/2829/322 2608/2810/304
f 2608/2810/304 2626/2829/322 2627/2830/323 2609/2811/305
f 2609/2811/305 2627/2830/323 2628/2831/324 2610/2812/306
f 2610/2812/306 2628/2831/324 2611/2813/307 2593/2794/289
f 2611/2813/307 2629/2832/325 2630/2833/326 2612/2814/308
f 2612/2814/308 2630/2833/326 2631/2834/327 2613/2815/309
f 2613/2815/309 2631/2834/327 2632/2835/328 2614/2816/310
f 2614/2816/310 2632/2835/328 2633/2836/329 2615/2817/311
f 2615/2817/311 2633/2836/329 2634/2837/330 2616/2818/312
f 2616/2818/312 2634/2837/330 2635/2838/331 2617/2819/313
f 2617/2819/313 2635/2838/331 2636/2839/332 2618/2820/314
f 2618/2820/314 2636/2839/332 2637/2840/333 2619/2821/315
f 2619/2821/315 2637/2840/333 2638/2841/334 2620/2822/316
f 2620/2823/316 2638/2842/334 2639/2843/335 2621/2824/317
f 2621/2824/317 2639/2843/335 2640/2844/336 2622/2825/318
f 2622/2825/318 2640/2844/336 2641/2845/337 2623/2826/319
f 2623/2826/319 2641/2845/337 2642/2846/338 2624/2827/320
f 2624/2827/320 2642/2846/338 2643/2847/339 2625/2828/321
f 2625/2828/321 2643/2847/339 2644/2848/340 2626/2829/322
f 2626/2829/322 2644/2848/340 2645/2849/341 2627/2830/323
f 2627/2830/323 2645/2849/341 2646/2850/342 2628/2831/324
f 2628/2831/324 2646/2850/342 2629/2832/325 2611/2813/307
f 2629/2832/325 2647/2851/343 2648/2852/344 2630/2833/326
f 2630/2833/326 2648/2852/344 2649/2853/345 2631/2834/327
f 2631/2834/327 2649/2853/345 2650/2854/346 2632/2835/328
f 2632/2835/328 2650/2854/346 2651/2855/1056 2633/2836/329
f 2633/2836/329 2651/2855/1056 2652/2856/348 2634/2837/330
f 2634/2837/330 2652/2856/348 2653/2857/349 2635/2838/331
f 2635/2838/331 2653/2857/349 2654/2858/350 2636/2839/332
f 2636/2839/332 2654/2858/350 2655/2859/351 2637/2840/333
f 2637/2840/333 2655/2859/351 2656/2860/352 2638/2841/334
f 2638/2842/334 2656/2861/352 2657/2862/353 2639/2843/335
f 2639/2843/335 2657/2862/353 2658/2863/354 2640/2844/336
f 2640/2844/336 2658/2863/354 2659/2864/355 2641/2845/337
f 2641/2845/337 2659/2864/355 2660/2865/356 2642/2846/338
f 2642/2846/338 2660/2865/356 2661/2866/357 2643/2847/339
f 2643/2847/339 2661/2866/357 2662/2867/358 2644/2848/340
f 2644/2848/340 2662/2867/358 2663/2868/1057 2645/2849/341
f 2645/2849/341 2663/2868/1057 2664/2869/360 2646/2850/342
f 2646/2850/342 2664/2869/360 2647/2851/343 2629/2832/325
f 2647/2851/343 2665/2870/361 2666/2871/362 2648/2852/344
f 2648/2852/344 2666/2871/362 2667/2872/363 2649/2853/345
f 2649/2853/345 2667/2872/363 2668/2873/364 2650/2854/346
f 2650/2854/346 2668/2873/364 2669/2874/365 2651/2855/1056
f 2651/2855/1056 2669/2874/365 2670/2875/366 2652/2856/348
f 2652/2856/348 2670/2875/366 2671/2876/367 2653/2857/349
f 2653/2857/349 2671/2876/367 2672/2877/368 2654/2858/350
f 2654/2858/350 2672/2877/368 2673/2878/369 2655/2859/351
f 2655/2859/351 2673/2878/369 2674/2879/370 2656/2860/352
f 2656/2861/352 2674/2880/370 2675/2881/371 2657/2862/353
f 2657/2862/353 2675/2881/371 2676/2882/372 2658/2863/354
f 2658/2863/354 2676/2882/372 2677/2883/373 2659/2864/355
f 2659/2864/355 2677/2883/373 2678/2884/374 2660/2865/356
f 2660/2865/356 2678/2884/374 2679/2885/908 2661/2866/357
f 2661/2866/357 2679/2885/908 2680/2886/376 2662/2867/358
f 2662/2867/358 2680/2886/376 2681/2887/377 2663/2868/1057
f 2663/2868/1057 2681/2887/377 2682/2888/378 2664/2869/360
f 2664/2869/360 2682/2888/378 2665/2870/361 2647/2851/343
f 2665/2870/361 2683/2889/379 2684/2890/380 2666/2871/362
f 2666/2871/362 2684/2890/380 2685/2891/381 2667/2872/363
f 2667/2872/363 2685/2891/381 2686/2892/382 2668/2873/364
f 2668/2873/364 2686/2892/382 2687/2893/383 2669/2874/365
f 2669/2874/365 2687/2893/383 2688/2894/384 2670/2875/366
f 2670/2875/366 2688/2894/384 2689/2895/385 2671/2876/367
f 2671/2876/367 2689/2895/385 2690/2896/386 2672/2877/368
f 2672/2877/368 2690/2896/386 2691/2897/387 2673/2878/369
f 2673/2878/369 2691/2897/387 2692/2898/388 2674/2879/370
f 2674/2880/370 2692/2899/388 2693/2900/389 2675/2881/371
f 2675/2881/371 2693/2900/389 2694/2901/390 2676/2882/372
f 2676/2882/372 2694/2901/390 2695/2902/391 2677/2883/373
f 2677/2883/373 2695/2902/391 2696/2903/392 2678/2884/374
f 2678/2884/374 2696/2903/392 2697/2904/909 2679/2885/908
f 2679/2885/908 2697/2904/909 2698/2905/394 2680/2886/376
f 2680/2886/376 2698/2905/394 2699/2906/395 2681/2887/377
f 2681/2887/377 2699/2906/395 2700/2907/396 2682/2888/378
f 2682/2888/378 2700/2907/396 2683/2889/379 2665/2870/361
f 2683/2889/379 2701/2908/397 2702/2909/398 2684/2890/380
f 2684/2890/380 2702/2909/398 2703/2910/399 2685/2891/381
f 2685/2891/381 2703/2910/399 2704/2911/400 2686/2892/382
f 2686/2892/382 2704/2911/400 2705/2912/401 2687/2893/383
f 2687/2893/383 2705/2912/401 2706/2913/402 2688/2894/384
f 2688/2894/384 2706/2913/402 2707/2914/403 2689/2895/385
f 2689/2895/385 2707/2914/403 2708/2915/404 2690/2896/386
f 2690/2896/386 2708/2915/404 2709/2916/405 2691/2897/387
f 2691/2897/387 2709/2916/405 2710/2917/406 2692/2898/388
f 2692/2899/388 2710/2918/406 2711/2919/407 2693/2900/389
f 2693/2900/389 2711/2919/407 2712/2920/408 2694/2901/390
f 2694/2901/390 2712/2920/408 2713/2921/409 2695/2902/391
f 2695/2902/391 2713/2921/409 2714/2922/410 2696/2903/392
f 2696/2903/392 2714/2922/410 2715/2923/411 2697/2904/909
f 2697/2904/909 2715/2923/411 2716/2924/412 2698/2905/394
f 2698/2905/394 2716/2924/412 2717/2925/413 2699/2906/395
f 2699/2906/395 2717/2925/413 2718/2926/414 2700/2907/396
f 2700/2907/396 2718/2926/414 2701/2908/397 2683/2889/379
f 2701/2908/397 2719/2927/415 2720/2928/416 2702/2909/398
f 2702/2909/398 2720/2928/416 2721/2929/417 2703/2910/399
f 2703/2910/399 2721/2929/417 2722/2930/418 2704/2911/400
f 2704/2911/400 2722/2930/418 2723/2931/419 2705/2912/401
f 2705/2912/401 2723/2931/419 2724/2932/420 2706/2913/402
f 2706/2913/402 2724/2932/420 2725/2933/421 2707/2914/403
f 2707/2914/403 2725/2933/421 2726/2934/422 2708/2915/404
f 2708/2915/404 2726/2934/422 2727/2935/423 2709/2916/405
f 2709/2916/405 2727/2935/423 2728/2936/424 2710/2917/406
f 2710/2918/406 2728/2937/424 2729/2938/425 2711/2919/407
f 2711/2919/407 2729/2938/425 2730/2939/426 2712/2920/408
f 2712/2920/408 2730/2939/426 2731/2940/427 2713/2921/409
f 2713/2921/409 2731/2940/427 2732/2941/428 2714/2922/410
f 2714/2922/410 2732/2941/428 2733/2942/429 2715/2923/411
f 2715/2923/411 2733/2942/429 2734/2943/430 2716/2924/412
f 2716/2924/412 2734/2943/430 2735/2944/431 2717/2925/413
f 2717/2925/413 2735/2944/431 2736/2945/432 2718/2926/414
f 2718/2926/414 2736/2945/432 2719/2927/415 2701/2908/397
f 2719/2927/415 2737/2946/910 2738/2947/911 2720/2928/416
f 2720/2928/416 2738/2947/911 2739/2948/912 2721/2929/417
f 2721/2929/417 2739/2948/912 2740/2949/913 2722/2930/418
f 2722/2930/418 2740/2949/913 2741/2950/914 2723/2931/419
f 2723/2931/419 2741/2950/914 2742/2951/915 2724/2932/420
f 2724/2932/420 2742/2951/915 2743/2952/916 2725/2933/421
f 2725/2933/421 2743/2952/916 2744/2953/917 2726/2934/422
f 2726/2934/422 2744/2953/917 2745/2954/918 2727/2935/423
f 2727/2935/423 2745/2954/918 2746/2955/919 2728/2936/424
f 2728/2937/424 2746/2956/919 2747/2957/920 2729/2938/425
f 2729/2938/425 2747/2957/920 2748/2958/921 2730/2939/426
f 2730/2939/426 2748/2958/921 2749/2959/922 2731/2940/427
f 2731/2940/427 2749/2959/922 2750/2960/923 2732/2941/428
f 2732/2941/428 2750/2960/923 2751/2961/924 2733/2942/429
f 2733/2942/429 2751/2961/924 2752/2962/925 2734/2943/430
f 2734/2943/430 2752/2962/925 2753/2963/926 2735/2944/431
f 2735/2944/431 2753/2963/926 2754/2964/927 2736/2945/432
f 2736/2945/432 2754/2964/927 2737/2946/910 2719/2927/415
f 2737/2946/910 2089/2243/685 2090/2244/1051 2738/2947/911
f 2738/2947/911 2090/2244/1051 2091/2245/690 2739/2948/912
f 2739/2948/912 2091/2245/690 2092/2246/692 2740/2949/913
f 2740/2949/913 2092/2246/692 2093/2247/694 2741/2950/914
f 2741/2950/914 2093/2247/694 2094/2248/696 2742/2951/915
f 2742/2951/915 2094/2248/696 2095/2249/698 2743/2952/916
f 2743/2952/916 2095/2249/698 2096/2250/700 2744/2953/917
f 2744/2953/917 2096/2250/700 2097/2251/702 2745/2954/918
f 2745/2954/918 2097/2251/702 2098/2252/704 2746/2955/919
f 2746/2956/919 2098/2253/704 2099/2254/706 2747/2957/920
f 2747/2957/920 2099/2254/706 2100/2255/708 2748/2958/921
f 2748/2958/921 2100/2255/708 2101/2256/710 2749/2959/922
f 2749/2959/922 2101/2256/710 2102/2257/712 2750/2960/923
f 2750/2960/923 2102/2257/712 2103/2258/714 2751/2961/924
f 2751/2961/924 2103/2258/714 2104/2259/716 2752/2962/925
f 2752/2962/925 2104/2259/716 2105/2260/718 2753/2963/926
f 2753/2963/926 2105/2260/718 2106/2261/720 2754/2964/927
f 2754/2964/927 2106/2261/720 2089/2243/685 2737/2946/910
f 2755/2965/469 2773/2984/470 2774/2985/471 2756/2966/472
f 2756/2966/472 2774/2985/471 2775/2986/473 2757/2967/474
f 2757/2967/474 2775/2986/473 2776/2987/475 2758/2968/476
f 2758/2968/476 2776/2987/475 2777/2988/477 2759/2969/478
f 2759/2969/478 2777/2988/477 2778/2989/479 2760/2970/480
f 2760/2970/480 2778/2989/479 2779/2990/481 2761/2971/482
f 2761/2971/482 2779/2990/481 2780/2991/483 2762/2972/484
f 2762/2972/484 2780/2991/483 2781/2992/485 2763/2973/486
f 2763/2973/486 2781/2992/485 2782/2993/487 2764/2974/488
f 2764/2975/488 2782/2994/487 2783/2995/489 2765/2976/490
f 2765/2976/490 2783/2995/489 2784/2996/491 2766/2977/492
f 2766/2977/492 2784/2996/491 2785/2997/1045 2767/2978/494
f 2767/2978/494 2785/2997/1045 2786/2998/495 2768/2979/496
f 2768/2979/496 2786/2998/495 2787/2999/497 2769/2980/498
f 2769/2980/498 2787/2999/497 2788/3000/499 2770/2981/500
f 2770/2981/500 2788/3000/499 2789/3001/501 2771/2982/502
f 2771/2982/502 2789/3001/501 2790/3002/503 2772/2983/504
f 2772/2983/504 2790/3002/503 2773/2984/470 2755/2965/469
f 2773/2984/470 2791/3003/505 2792/3004/506 2774/2985/471
f 2774/2985/471 2792/3004/506 2793/3005/507 2775/2986/473
f 2775/2986/473 2793/3005/507 2794/3006/508 2776/2987/475
f 2776/2987/475 2794/3006/508 2795/3007/509 2777/2988/477
f 2777/2988/477 2795/3007/509 2796/3008/510 2778/2989/479
f 2778/2989/479 2796/3008/510 2797/3009/511 2779/2990/481
f 2779/2990/481 2797/3009/511 2798/3010/512 2780/2991/483
f 2780/2991/483 2798/3010/512 2799/3011/513 2781/2992/485
f 2781/2992/485 2799/3011/513 2800/3012/514 2782/2993/487
f 2782/2994/487 2800/3013/514 2801/3014/515 2783/2995/489
f 2783/2995/489 2801/3014/515 2802/3015/516 2784/2996/491
f 2784/2996/491 2802/3015/516 2803/3016/517 2785/2997/1045
f 2785/2997/1045 2803/3016/517 2804/3017/518 2786/2998/495
f 2786/2998/495 2804/3017/518 2805/3018/519 2787/2999/497
f 2787/2999/497 2805/3018/519 2806/3019/520 2788/3000/499
f 2788/3000/499 2806/3019/520 2807/3020/521 2789/3001/501
f 2789/3001/501 2807/3020/521 2808/3021/522 2790/3002/503
f 2790/3002/503 2808/3021/522 2791/3003/505 2773/2984/470
f 2791/3003/505 2809/3022/1047 2810/3023/524 2792/3004/506
f 2792/3004/506 2810/3023/524 2811/3024/525 2793/3005/507
f 2793/3005/507 2811/3024/525 2812/3025/526 2794/3006/508
f 2794/3006/508 2812/3025/526 2813/3026/527 2795/3007/509
f 2795/3007/509 2813/3026/527 2814/3027/528 2796/3008/510
f 2796/3008/510 2814/3027/528 2815/3028/529 2797/3009/511
f 2797/3009/511 2815/3028/529 2816/3029/530 2798/3010/512
f 2798/3010/512 2816/3029/530 2817/3030/929 2799/3011/513
f 2799/3011/513 2817/3030/929 2818/3031/930 2800/3012/514
f 2800/3013/514 2818/3032/930 2819/3033/533 2801/3014/515
f 2801/3014/515 2819/3033/533 2820/3034/534 2802/3015/516
f 2802/3015/516 2820/3034/534 2821/3035/535 2803/3016/517
f 2803/3016/517 2821/3035/535 2822/3036/536 2804/3017/518
f 2804/3017/518 2822/3036/536 2823/3037/537 2805/3018/519
f 2805/3018/519 2823/3037/537 2824/3038/538 2806/3019/520
f 2806/3019/520 2824/3038/538 2825/3039/539 2807/3020/521
f 2807/3020/521 2825/3039/539 2826/3040/540 2808/3021/522
f 2808/3021/522 2826/3040/540 2809/3022/1047 2791/3003/505
f 2809/3022/1047 2827/3041/541 2828/3042/542 2810/3023/524
f 2810/3023/524 2828/3042/542 2829/3043/543 2811/3024/525
f 2811/3024/525 2829/3043/543 2830/3044/544 2812/3025/526
f 2812/3025/526 2830/3044/544 2831/3045/545 2813/3026/527
f 2813/3026/527 2831/3045/545 2832/3046/546 2814/3027/528
f 2814/3027/528 2832/3046/546 2833/3047/547 2815/3028/529
f 2815/3028/529 2833/3047/547 2834/3048/548 2816/3029/530
f 2816/3029/530 2834/3048/548 2835/3049/549 2817/3030/929
f 2817/3030/929 2835/3049/549 2836/3050/550 2818/3031/930
f 2818/3032/930 2836/3051/550 2837/3052/551 2819/3033/533
f 2819/3033/533 2837/3052/551 2838/3053/552 2820/3034/534
f 2820/3034/534 2838/3053/552 2839/3054/553 2821/3035/535
f 2821/3035/535 2839/3054/553 2840/3055/554 2822/3036/536
f 2822/3036/536 2840/3055/554 2841/3056/555 2823/3037/537
f 2823/3037/537 2841/3056/555 2842/3057/556 2824/3038/538
f 2824/3038/538 2842/3057/556 2843/3058/1048 2825/3039/539
f 2825/3039/539 2843/3058/1048 2844/3059/558 2826/3040/540
f 2826/3040/540 2844/3059/558 2827/3041/541 2809/3022/1047
f 2827/3041/541 2845/3060/559 2846/3061/560 2828/3042/542
f 2828/3042/542 2846/3061/560 2847/3062/561 2829/3043/543
f 2829/3043/543 2847/3062/561 2848/3063/562 2830/3044/544
f 2830/3044/544 2848/3063/562 2849/3064/563 2831/3045/545
f 2831/3045/545 2849/3064/563 2850/3065/564 2832/3046/546
f 2832/3046/546 2850/3065/564 2851/3066/565 2833/3047/547
f 2833/3047/547 2851/3066/565 2852/3067/566 2834/3048/548
f 2834/3048/548 2852/3067/566 2853/3068/567 2835/3049/549
f 2835/3049/549 2853/3068/567 2854/3069/568 2836/3050/550
f 2836/3051/550 2854/3070/568 2855/3071/569 2837/3052/551
f 2837/3052/551 2855/3071/569 2856/3072/570 2838/3053/552
f 2838/3053/552 2856/3072/570 2857/3073/571 2839/3054/553
f 2839/3054/553 2857/3073/571 2858/3074/572 2840/3055/554
f 2840/3055/554 2858/3074/572 2859/3075/573 2841/3056/555
f 2841/3056/555 2859/3075/573 2860/3076/574 2842/3057/556
f 2842/3057/556 2860/3076/574 2861/3077/575 2843/3058/1048
f 2843/3058/1048 2861/3077/575 2862/3078/576 2844/3059/558
f 2844/3059/558 2862/3078/576 2845/3060/559 2827/3041/541
f 2845/3060/559 2863/3079/577 2864/3080/578 2846/3061/560
f 2846/3061/560 2864/3080/578 2865/3081/579 2847/3062/561
f 2847/3062/561 2865/3081/579 2866/3082/580 2848/3063/562
f 2848/3063/562 2866/3082/580 2867/3083/581 2849/3064/563
f 2849/3064/563 2867/3083/581 2868/3084/582 2850/3065/564
f 2850/3065/564 2868/3084/582 2869/3085/583 2851/3066/565
f 2851/3066/565 2869/3085/583 2870/3086/584 2852/3067/566
f 2852/3067/566 2870/3086/584 2871/3087/585 2853/3068/567
f 2853/3068/567 2871/3087/585 2872/3088/586 2854/3069/568
f 2854/3070/568 2872/3089/586 2873/3090/587 2855/3071/569
f 2855/3071/569 2873/3090/587 2874/3091/588 2856/3072/570
f 2856/3072/570 2874/3091/588 2875/3092/589 2857/3073/571
f 2857/3073/571 2875/3092/589 2876/3093/590 2858/3074/572
f 2858/3074/572 2876/3093/590 2877/3094/591 2859/3075/573
f 2859/3075/573 2877/3094/591 2878/3095/592 2860/3076/574
f 2860/3076/574 2878/3095/592 2879/3096/593 2861/3077/575
f 2861/3077/575 2879/3096/593 2880/3097/594 2862/3078/576
f 2862/3078/576 2880/3097/594 2863/3079/577 2845/3060/559
f 2863/3079/577 2881/3098/595 2882/3099/596 2864/3080/578
f 2864/3080/578 2882/3099/596 2883/3100/597 2865/3081/579
f 2865/3081/579 2883/3100/597 2884/3101/598 2866/3082/580
f 2866/3082/580 2884/3101/598 2885/3102/599 2867/3083/581
f 2867/3083/581 2885/3102/599 2886/3103/600 2868/3084/582
f 2868/3084/582 2886/3103/600 2887/3104/601 2869/3085/583
f 2869/3085/583 2887/3104/601 2888/3105/602 2870/3086/584
f 2870/3086/584 2888/3105/602 2889/3106/603 2871/3087/585
f 2871/3087/585 2889/3106/603 2890/3107/604 2872/3088/586
f 2872/3089/586 2890/3108/604 2891/3109/605 2873/3090/587
f 2873/3090/587 2891/3109/605 2892/3110/606 2874/3091/588
f 2874/3091/588 2892/3110/606 2893/3111/607 2875/3092/589
f 2875/3092/589 2893/3111/607 2894/3112/608 2876/3093/590
f 2876/3093/590 2894/3112/608 2895/3113/609 2877/3094/591
f 2877/3094/591 2895/3113/609 2896/3114/610 2878/3095/592
f 2878/3095/592 2896/3114/610 2897/3115/611 2879/3096/593
f 2879/3096/593 2897/3115/611 2898/3116/612 2880/3097/594
f 2880/3097/594 2898/3116/612 2881/3098/595 2863/3079/577
f 2881/3098/595 2899/3117/613 2900/3118/614 2882/3099/596
f 2882/3099/596 2900/3118/614 2901/3119/615 2883/3100/597
f 2883/3100/597 2901/3119/615 2902/3120/616 2884/3101/598
f 2884/3101/598 2902/3120/616 2903/3121/617 2885/3102/599
f 2885/3102/599 2903/3121/617 2904/3122/618 2886/3103/600
f 2886/3103/600 2904/3122/618 2905/3123/619 2887/3104/601
f 2887/3104/601 2905/3123/619 2906/3124/620 2888/3105/602
f 2888/3105/602 2906/3124/620 2907/3125/621 2889/3106/603
f 2889/3106/603 2907/3125/621 2908/3126/622 2890/3107/604
f 2890/3108/604 2908/3127/622 2909/3128/623 2891/3109/605
f 2891/3109/605 2909/3128/623 2910/3129/932 2892/3110/606
f 2892/3110/606 2910/3129/932 2911/3130/625 2893/3111/607
f 2893/3111/607 2911/3130/625 2912/3131/626 2894/3112/608
f 2894/3112/608 2912/3131/626 2913/3132/627 2895/3113/609
f 2895/3113/609 2913/3132/627 2914/3133/628 2896/3114/610
f 2896/3114/610 2914/3133/628 2915/3134/629 2897/3115/611
f 2897/3115/611 2915/3134/629 2916/3135/630 2898/3116/612
f 2898/3116/612 2916/3135/630 2899/3117/613 2881/3098/595
f 2899/3117/613 2917/3136/631 2918/3137/632 2900/3118/614
f 2900/3118/614 2918/3137/632 2919/3138/633 2901/3119/615
f 2901/3119/615 2919/3138/633 2920/3139/634 2902/3120/616
f 2902/3120/616 2920/3139/634 2921/3140/635 2903/3121/617
f 2903/3121/617 2921/3140/635 2922/3141/636 2904/3122/618
f 2904/3122/618 2922/3141/636 2923/3142/637 2905/3123/619
f 2905/3123/619 2923/3142/637 2924/3143/638 2906/3124/620
f 2906/3124/620 2924/3143/638 2925/3144/639 2907/3125/621
f 2907/3125/621 2925/3144/639 2926/3145/640 2908/3126/622
f 2908/3127/622 2926/3146/640 2927/3147/933 2909/3128/623
f 2909/3128/623 2927/3147/933 2928/3148/642 2910/3129/932
f 2910/3129/932 2928/3148/642 2929/3149/643 2911/3130/625
f 2911/3130/625 2929/3149/643 2930/3150/644 2912/3131/626
f 2912/3131/626 2930/3150/644 2931/3151/645 2913/3132/627
f 2913/3132/627 2931/3151/645 2932/3152/646 2914/3133/628
f 2914/3133/628 2932/3152/646 2933/3153/647 2915/3134/629
f 2915/3134/629 2933/3153/647 2934/3154/648 2916/3135/630
f 2916/3135/630 2934/3154/648 2917/3136/631 2899/3117/613
f 2917/3136/631 2935/3155/649 2936/3156/650 2918/3137/632
f 2918/3137/632 2936/3156/650 2937/3157/651 2919/3138/633
f 2919/3138/633 2937/3157/651 2938/3158/652 2920/3139/634
f 2920/3139/634 2938/3158/652 2939/3159/653 2921/3140/635
f 2921/3140/635 2939/3159/653 2940/3160/654 2922/3141/636
f 2922/3141/636 2940/3160/654 2941/3161/655 2923/3142/637
f 2923/3142/637 2941/3161/655 2942/3162/656 2924/3143/638
f 2924/3143/638 2942/3162/656 2943/3163/657 2925/3144/639
f 2925/3144/639 2943/3163/657 2944/3164/658 2926/3145/640
f 2926/3146/640 2944/3165/658 2945/3166/659 2927/3147/933
f 2927/3147/933 2945/3166/659 2946/3167/660 2928/3148/642
f 2928/3148/642 2946/3167/660 2947/3168/661 2929/3149/643
f 2929/3149/643 2947/3168/661 2948/3169/662 2930/3150/644
f 2930/3150/644 2948/3169/662 2949/3170/663 2931/3151/645
f 2931/3151/645 2949/3170/663 2950/3171/664 2932/3152/646
f 2932/3152/646 2950/3171/664 2951/3172/665 2933/3153/647
f 2933/3153/647 2951/3172/665 2952/3173/666 2934/3154/648
f 2934/3154/648 2952/3173/666 2935/3155/649 2917/3136/631
f 2935/3155/649 2953/3174/667 2954/3175/668 2936/3156/650
f 2936/3156/650 2954/3175/668 2955/3176/669 2937/3157/651
f 2937/3157/651 2955/3176/669 2956/3177/670 2938/3158/652
f 2938/3158/652 2956/3177/670 2957/3178/671 2939/3159/653
f 2939/3159/653 2957/3178/671 2958/3179/672 2940/3160/654
f 2940/3160/654 2958/3179/672 2959/3180/673 2941/3161/655
f 2941/3161/655 2959/3180/673 2960/3181/674 2942/3162/656
f 2942/3162/656 2960/3181/674 2961/3182/675 2943/3163/657
f 2943/3163/657 2961/3182/675 2962/3183/676 2944/3164/658
f 2944/3165/658 2962/3184/676 2963/3185/677 2945/3166/659
f 2945/3166/659 2963/3185/677 2964/3186/678 2946/3167/660
f 2946/3167/660 2964/3186/678 2965/3187/679 2947/3168/661
f 2947/3168/661 2965/3187/679 2966/3188/680 2948/3169/662
f 2948/3169/662 2966/3188/680 2967/3189/681 2949/3170/663
f 2949/3170/663 2967/3189/681 2968/3190/682 2950/3171/664
f 2950/3171/664 2968/3190/682 2969/3191/683 2951/3172/665
f 2951/3172/665 2969/3191/683 2970/3192/684 2952/3173/666
f 2952/3173/666 2970/3192/684 2953/3174/667 2935/3155/649
f 451/495/451 2971/3193/1058 2972/3194/1059 452/496/452
f 452/496/452 2972/3194/1059 2973/3195/1060 453/497/453
f 453/497/453 2973/3195/1060 2974/3196/1061 454/498/454
f 454/498/454 2974/3196/1061 2975/3197/1062 455/499/455
f 455/499/455 2975/3197/1062 2976/3198/1063 456/500/456
f 456/500/456 2976/3198/1063 2977/3199/1064 457/501/457
f 457/501/457 2977/3199/1064 2978/3200/1065 458/502/458
f 458/502/458 2978/3200/1065 2979/3201/1066 459/503/459
f 459/503/459 2979/3201/1066 2980/3202/1067 460/504/460
f 460/505/460 2980/3203/1067 2981/3204/1068 461/506/461
f 461/506/461 2981/3204/1068 2982/3205/1069 462/507/462
f 462/507/462 2982/3205/1069 2983/3206/1070 463/508/463
f 463/508/463 2983/3206/1070 2984/3207/1071 464/509/464
f 464/509/464 2984/3207/1071 2985/3208/1072 465/510/465
f 465/510/465 2985/3208/1072 2986/3209/1073 466/511/466
f 466/511/466 2986/3209/1073 2987/3210/1074 467/512/467
f 467/512/467 2987/3210/1074 2988/3211/1075 468/513/468
f 468/513/468 2988/3211/1075 2971/3193/1058 451/495/451
f 2971/3193/1058 2989/3212/721 2990/3213/722 2972/3194/1059
f 2972/3194/1059 2990/3213/722 2991/3214/723 2973/3195/1060
f 2973/3195/1060 2991/3214/723 2992/3215/724 2974/3196/1061
f 2974/3196/1061 2992/3215/724 2993/3216/725 2975/3197/1062
f 2975/3197/1062 2993/3216/725 2994/3217/726 2976/3198/1063
f 2976/3198/1063 2994/3217/726 2995/3218/727 2977/3199/1064
f 2977/3199/1064 2995/3218/727 2996/3219/728 2978/3200/1065
f 2978/3200/1065 2996/3219/728 2997/3220/729 2979/3201/1066
f 2979/3201/1066 2997/3220/729 2998/3221/730 2980/3202/1067
f 2980/3203/1067 2998/3222/730 2999/3223/731 2981/3204/1068
f 2981/3204/1068 2999/3223/731 3000/3224/1076 2982/3205/1069
f 2982/3205/1069 3000/3224/1076 3001/3225/733 2983/3206/1070
f 2983/3206/1070 3001/3225/733 3002/3226/734 2984/3207/1071
f 2984/3207/1071 3002/3226/734 3003/3227/735 2985/3208/1072
f 2985/3208/1072 3003/3227/735 3004/3228/736 2986/3209/1073
f 2986/3209/1073 3004/3228/736 3005/3229/737 2987/3210/1074
f 2987/3210/1074 3005/3229/737 3006/3230/738 2988/3211/1075
f 2988/3211/1075 3006/3230/738 2989/3212/721 2971/3193/1058
f 2989/3212/721 3007/3231/739 3008/3232/740 2990/3213/722
f 2990/3213/722 3008/3232/740 3009/3233/741 2991/3214/723
f 2991/3214/723 3009/3233/741 3010/3234/742 2992/3215/724
f 2992/3215/724 3010/3234/742 3011/3235/743 2993/3216/725
f 2993/3216/725 3011/3235/743 3012/3236/744 2994/3217/726
f 2994/3217/726 3012/3236/744 3013/3237/745 2995/3218/727
f 2995/3218/727 3013/3237/745 3014/3238/746 2996/3219/728
f 2996/3219/728 3014/3238/746 3015/3239/970 2997/3220/729
f 2997/3220/729 3015/3239/970 3016/3240/748 2998/3221/730
f 2998/3222/730 3016/3241/748 3017/3242/749 2999/3223/731
f 2999/3223/731 3017/3242/749 3018/3243/750 3000/3224/1076
f 3000/3224/1076 3018/3243/750 3019/3244/751 3001/3225/733
f 3001/3225/733 3019/3244/751 3020/3245/752 3002/3226/734
f 3002/3226/734 3020/3245/752 3021/3246/753 3003/3227/735
f 3003/3227/735 3021/3246/753 3022/3247/754 3004/3228/736
f 3004/3228/736 3022/3247/754 3023/3248/755 3005/3229/737
f 3005/3229/737 3023/3248/755 3024/3249/756 3006/3230/738
f 3006/3230/738 3024/3249/756 3007/3231/739 2989/3212/721
f 3007/3231/739 3025/3250/757 3026/3251/758 3008/3232/740
f 3008/3232/740 3026/3251/758 3027/3252/759 3009/3233/741
f 3009/3233/741 3027/3252/759 3028/3253/760 3010/3234/742
f 3010/3234/742 3028/3253/760 3029/3254/761 3011/3235/743
f 3011/3235/743 3029/3254/761 3030/3255/762 3012/3236/744
f 3012/3236/744 3030/3255/762 3031/3256/763 3013/3237/745
f 3013/3237/745 3031/3256/763 3032/3257/764 3014/3238/746
f 3014/3238/746 3032/3257/764 3033/3258/765 3015/3239/970
f 3015/3239/970 3033/3258/765 3034/3259/766 3016/3240/748
f 3016/3241/748 3034/3260/766 3035/3261/767 3017/3242/749
f 3017/3242/749 3035/3261/767 3036/3262/768 3018/3243/750
f 3018/3243/750 3036/3262/768 3037/3263/769 3019/3244/751
f 3019/3244/751 3037/3263/769 3038/3264/770 3020/3245/752
f 3020/3245/752 3038/3264/770 3039/3265/771 3021/3246/753
f 3021/3246/753 3039/3265/771 3040/3266/772 3022/3247/754
f 3022/3247/754 3040/3266/772 3041/3267/773 3023/3248/755
f 3023/3248/755 3041/3267/773 3042/3268/774 3024/3249/756
f 3024/3249/756 3042/3268/774 3025/3250/757 3007/3231/739
f 3025/3250/757 3043/3269/775 3044/3270/776 3026/3251/758
f 3026/3251/758 3044/3270/776 3045/3271/777 3027/3252/759
f 3027/3252/759 3045/3271/777 3046/3272/778 3028/3253/760
f 3028/3253/760 3046/3272/778 3047/3273/779 3029/3254/761
f 3029/3254/761 3047/3273/779 3048/3274/780 3030/3255/762
f 3030/3255/762 3048/3274/780 3049/3275/1077 3031/3256/763
f 3031/3256/763 3049/3275/1077 3050/3276/782 3032/3257/764
f 3032/3257/764 3050/3276/782 3051/3277/783 3033/3258/765
f 3033/3258/765 3051/3277/783 3052/3278/784 3034/3259/766
f 3034/3260/766 3052/3279/784 3053/3280/785 3035/3261/767
f 3035/3261/767 3053/3280/785 3054/3281/786 3036/3262/768
f 3036/3262/768 3054/3281/786 3055/3282/787 3037/3263/769
f 3037/3263/769 3055/3282/787 3056/3283/788 3038/3264/770
f 3038/3264/770 3056/3283/788 3057/3284/789 3039/3265/771
f 3039/3265/771 3057/3284/789 3058/3285/790 3040/3266/772
f 3040/3266/772 3058/3285/790 3059/3286/791 3041/3267/773
f 3041/3267/773 3059/3286/791 3060/3287/792 3042/3268/774
f 3042/3268/774 3060/3287/792 3043/3269/775 3025/3250/757
f 3043/3269/775 3061/3288/793 3062/3289/794 3044/3270/776
f 3044/3270/776 3062/3289/794 3063/3290/795 3045/3271/777
f 3045/3271/777 3063/3290/795 3064/3291/796 3046/3272/778
f 3046/3272/778 3064/3291/796 3065/3292/797 3047/3273/779
f 3047/3273/779 3065/3292/797 3066/3293/798 3048/3274/780
f 3048/3274/780 3066/3293/798 3067/3294/799 3049/3275/1077
f 3049/3275/1077 3067/3294/799 3068/3295/800 3050/3276/782
f 3050/3276/782 3068/3295/800 3069/3296/801 3051/3277/783
f 3051/3277/783 3069/3296/801 3070/3297/802 3052/3278/784
f 3052/3279/784 3070/3298/802 3071/3299/803 3053/3280/785
f 3053/3280/785 3071/3299/803 3072/3300/804 3054/3281/786
f 3054/3281/786 3072/3300/804 3073/3301/805 3055/3282/787
f 3055/3282/787 3073/3301/805 3074/3302/806 3056/3283/788
f 3056/3283/788 3074/3302/806 3075/3303/807 3057/3284/789
f 3057/3284/789 3075/3303/807 3076/3304/808 3058/3285/790
f 3058/3285/790 3076/3304/808 3077/3305/809 3059/3286/791
f 3059/3286/791 3077/3305/809 3078/3306/810 3060/3287/792
f 3060/3287/792 3078/3306/810 3061/3288/793 3043/3269/775
f 3061/3288/793 3079/3307/811 3080/3308/812 3062/3289/794
f 3062/3289/794 3080/3308/812 3081/3309/813 3063/3290/795
f 3063/3290/795 3081/3309/813 3082/3310/814 3064/3291/796
f 3064/3291/796 3082/3310/814 3083/3311/815 3065/3292/797
f 3065/3292/797 3083/3311/815 3084/3312/816 3066/3293/798
f 3066/3293/798 3084/3312/816 3085/3313/817 3067/3294/799
f 3067/3294/799 3085/3313/817 3086/3314/818 3068/3295/800
f 3068/3295/800 3086/3314/818 3087/3315/819 3069/3296/801
f 3069/3296/801 3087/3315/819 3088/3316/820 3070/3297/802
f 3070/3298/802 3088/3317/820 3089/3318/1078 3071/3299/803
f 3071/3299/803 3089/3318/1078 3090/3319/822 3072/3300/804
f 3072/3300/804 3090/3319/822 3091/3320/823 3073/3301/805
f 3073/3301/805 3091/3320/823 3092/3321/824 3074/3302/806
f 3074/3302/806 3092/3321/824 3093/3322/825 3075/3303/807
f 3075/3303/807 3093/3322/825 3094/3323/826 3076/3304/808
f 3076/3304/808 3094/3323/826 3095/3324/827 3077/3305/809
f 3077/3305/809 3095/3324/827 3096/3325/828 3078/3306/810
f 3078/3306/810 3096/3325/828 3079/3307/811 3061/3288/793
f 3079/3307/811 3097/3326/829 3098/3327/830 3080/3308/812
f 3080/3308/812 3098/3327/830 3099/3328/831 3081/3309/813
f 3081/3309/813 3099/3328/831 3100/3329/832 3082/3310/814
f 3082/3310/814 3100/3329/832 3101/3330/833 3083/3311/815
f 3083/3311/815 3101/3330/833 3102/3331/834 3084/3312/816
f 3084/3312/816 3102/3331/834 3103/3332/835 3085/3313/817
f 3085/3313/817 3103/3332/835 3104/3333/836 3086/3314/818
f 3086/3314/818 3104/3333/836 3105/3334/837 3087/3315/819
f 3087/3315/819 3105/3334/837 3106/3335/838 3088/3316/820
f 3088/3317/820 3106/3336/838 3107/3337/839 3089/3318/1078
f 3089/3318/1078 3107/3337/839 3108/3338/840 3090/3319/822
f 3090/3319/822 3108/3338/840 3109/3339/841 3091/3320/823
f 3091/3320/823 3109/3339/841 3110/3340/842 3092/3321/824
f 3092/3321/824 3110/3340/842 3111/3341/843 3093/3322/825
f 3093/3322/825 3111/3341/843 3112/3342/844 3094/3323/826
f 3094/3323/826 3112/3342/844 3113/3343/845 3095/3324/827
f 3095/3324/827 3113/3343/845 3114/3344/846 3096/3325/828
f 3096/3325/828 3114/3344/846 3097/3326/829 3079/3307/811
f 3097/3326/829 3115/3345/847 3116/3346/848 3098/3327/830
f 3098/3327/830 3116/3346/848 3117/3347/849 3099/3328/831
f 3099/3328/831 3117/3347/849 3118/3348/850 3100/3329/832
f 3100/3329/832 3118/3348/850 3119/3349/851 3101/3330/833
f 3101/3330/833 3119/3349/851 3120/3350/852 3102/3331/834
f 3102/3331/834 3120/3350/852 3121/3351/853 3103/3332/835
f 3103/3332/835 3121/3351/853 3122/3352/854 3104/3333/836
f 3104/3333/836 3122/3352/854 3123/3353/855 3105/3334/837
f 3105/3334/837 3123/3353/855 3124/3354/856 3106/3335/838
f 3106/3336/838 3124/3355/856 3125/3356/857 3107/3337/839
f 3107/3337/839 3125/3356/857 3126/3357/858 3108/3338/840
f 3108/3338/840 3126/3357/858 3127/3358/859 3109/3339/841
f 3109/3339/841 3127/3358/859 3128/3359/860 3110/3340/842
f 3110/3340/842 3128/3359/860 3129/3360/861 3111/3341/843
f 3111/3341/843 3129/3360/861 3130/3361/862 3112/3342/844
f 3112/3342/844 3130/3361/862 3131/3362/863 3113/3343/845
f 3113/3343/845 3131/3362/863 3132/3363/864 3114/3344/846
f 3114/3344/846 3132/3363/864 3115/3345/847 3097/3326/829
f 3115/3345/847 3133/3364/865 3134/3365/866 3116/3346/848
f 3116/3346/848 3134/3365/866 3135/3366/867 3117/3347/849
f 3117/3347/849 3135/3366/867 3136/3367/868 3118/3348/850
f 3118/3348/850 3136/3367/868 3137/3368/869 3119/3349/851
f 3119/3349/851 3137/3368/869 3138/3369/870 3120/3350/852
f 3120/3350/852 3138/3369/870 3139/3370/871 3121/3351/853
f 3121/3351/853 3139/3370/871 3140/3371/872 3122/3352/854
f 3122/3352/854 3140/3371/872 3141/3372/873 3123/3353/855
f 3123/3353/855 3141/3372/873 3142/3373/874 3124/3354/856
f 3124/3355/856 3142/3374/874 3143/3375/875 3125/3356/857
f 3125/3356/857 3143/3375/875 3144/3376/876 3126/3357/858
f 3126/3357/858 3144/3376/876 3145/3377/877 3127/3358/859
f 3127/3358/859 3145/3377/877 3146/3378/878 3128/3359/860
f 3128/3359/860 3146/3378/878 3147/3379/879 3129/3360/861
f 3129/3360/861 3147/3379/879 3148/3380/880 3130/3361/862
f 3130/3361/862 3148/3380/880 3149/3381/881 3131/3362/863
f 3131/3362/863 3149/3381/881 3150/3382/882 3132/3363/864
f 3132/3363/864 3150/3382/882 3133/3364/865 3115/3345/847
f 3133/3364/865 3151/3383/883 3152/3384/884 3134/3365/866
f 3134/3365/866 3152/3384/884 3153/3385/885 3135/3366/867
f 3135/3366/867 3153/3385/885 3154/3386/886 3136/3367/868
f 3136/3367/868 3154/3386/886 3155/3387/887 3137/3368/869
f 3137/3368/869 3155/3387/887 3156/3388/888 3138/3369/870
f 3138/3369/870 3156/3388/888 3157/3389/889 3139/3370/871
f 3139/3370/871 3157/3389/889 3158/3390/890 3140/3371/872
f 3140/3371/872 3158/3390/890 3159/3391/891 3141/3372/873
f 3141/3372/873 3159/3391/891 3160/3392/892 3142/3373/874
f 3142/3374/874 3160/3393/892 3161/3394/893 3143/3375/875
f 3143/3375/875 3161/3394/893 3162/3395/894 3144/3376/876
f 3144/3376/876 3162/3395/894 3163/3396/895 3145/3377/877
f 3145/3377/877 3163/3396/895 3164/3397/896 3146/3378/878
f 3146/3378/878 3164/3397/896 3165/3398/897 3147/3379/879
f 3147/3379/879 3165/3398/897 3166/3399/898 3148/3380/880
f 3148/3380/880 3166/3399/898 3167/3400/899 3149/3381/881
f 3149/3381/881 3167/3400/899 3168/3401/900 3150/3382/882
f 3150/3382/882 3168/3401/900 3151/3383/883 3133/3364/865
f 3151/3383/883 2755/2965/469 2756/2966/472 3152/3384/884
f 3152/3384/884 2756/2966/472 2757/2967/474 3153/3385/885
f 3153/3385/885 2757/2967/474 2758/2968/476 3154/3386/886
f 3154/3386/886 2758/2968/476 2759/2969/478 3155/3387/887
f 3155/3387/887 2759/2969/478 2760/2970/480 3156/3388/888
f 3156/3388/888 2760/2970/480 2761/2971/482 3157/3389/889
f 3157/3389/889 2761/2971/482 2762/2972/484 3158/3390/890
f 3158/3390/890 2762/2972/484 2763/2973/486 3159/3391/891
f 3159/3391/891 2763/2973/486 2764/2974/488 3160/3392/892
f 3160/3393/892 2764/2975/488 2765/2976/490 3161/3394/893
f 3161/3394/893 2765/2976/490 2766/2977/492 3162/3395/894
f 3162/3395/894 2766/2977/492 2767/2978/494 3163/3396/895
f 3163/3396/895 2767/2978/494 2768/2979/496 3164/3397/896
f 3164/3397/896 2768/2979/496 2769/2980/498 3165/3398/897
f 3165/3398/897 2769/2980/498 2770/2981/500 3166/3399/898
f 3166/3399/898 2770/2981/500 2771/2982/502 3167/3400/899
f 3167/3400/899 2771/2982/502 2772/2983/504 3168/3401/900
f 3168/3401/900 2772/2983/504 2755/2965/469 3151/3383/883
f 3169/3402/1 3187/3421/2 3188/3422/3 3170/3403/4
f 3170/3403/4 3188/3422/3 3189/3423/5 3171/3404/6
f 3171/3404/6 3189/3423/5 3190/3424/7 3172/3405/8
f 3172/3405/8 3190/3424/7 3191/3425/9 3173/3406/10
f 3173/3406/10 3191/3425/9 3192/3426/11 3174/3407/12
f 3174/3407/12 3192/3426/11 3193/3427/13 3175/3408/14
f 3175/3408/14 3193/3427/13 3194/3428/15 3176/3409/16
f 3176/3409/16 3194/3428/15 3195/3429/17 3177/3410/902
f 3177/3410/902 3195/3429/17 3196/3430/19 3178/3411/20
f 3178/3412/20 3196/3431/19 3197/3432/21 3179/3413/22
f 3179/3413/22 3197/3432/21 3198/3433/23 3180/3414/24
f 3180/3414/24 3198/3433/23 3199/3434/25 3181/3415/26
f 3181/3415/26 3199/3434/25 3200/3435/27 3182/3416/28
f 3182/3416/28 3200/3435/27 3201/3436/29 3183/3417/30
f 3183/3417/30 3201/3436/29 3202/3437/31 3184/3418/32
f 3184/3418/32 3202/3437/31 3203/3438/33 3185/3419/34
f 3185/3419/34 3203/3438/33 3204/3439/35 3186/3420/36
f 3186/3420/36 3204/3439/35 3187/3421/2 3169/3402/1
f 3187/3421/2 3205/3440/37 3206/3441/38 3188/3422/3
f 3188/3422/3 3206/3441/38 3207/3442/39 3189/3423/5
f 3189/3423/5 3207/3442/39 3208/3443/40 3190/3424/7
f 3190/3424/7 3208/3443/40 3209/3444/41 3191/3425/9
f 3191/3425/9 3209/3444/41 3210/3445/42 3192/3426/11
f 3192/3426/11 3210/3445/42 3211/3446/43 3193/3427/13
f 3193/3427/13 3211/3446/43 3212/3447/44 3194/3428/15
f 3194/3428/15 3212/3447/44 3213/3448/45 3195/3429/17
f 3195/3429/17 3213/3448/45 3214/3449/46 3196/3430/19
f 3196/3431/19 3214/3450/46 3215/3451/47 3197/3432/21
f 3197/3432/21 3215/3451/47 3216/3452/48 3198/3433/23
f 3198/3433/23 3216/3452/48 3217/3453/49 3199/3434/25
f 3199/3434/25 3217/3453/49 3218/3454/50 3200/3435/27
f 3200/3435/27 3218/3454/50 3219/3455/51 3201/3436/29
f 3201/3436/29 3219/3455/51 3220/3456/52 3202/3437/31
f 3202/3437/31 3220/3456/52 3221/3457/53 3203/3438/33
f 3203/3438/33 3221/3457/53 3222/3458/904 3204/3439/35
f 3204/3439/35 3222/3458/904 3205/3440/37 3187/3421/2
f 3205/3440/37 3223/3459/55 3224/3460/56 3206/3441/38
f 3206/3441/38 3224/3460/56 3225/3461/57 3207/3442/39
f 3207/3442/39 3225/3461/57 3226/3462/58 3208/3443/40
f 3208/3443/40 3226/3462/58 3227/3463/59 3209/3444/41
f 3209/3444/41 3227/3463/59 3228/3464/60 3210/3445/42
f 3210/3445/42 3228/3464/60 3229/3465/61 3211/3446/43
f 3211/3446/43 3229/3465/61 3230/3466/62 3212/3447/44
f 3212/3447/44 3230/3466/62 3231/3467/63 3213/3448/45
f 3213/3448/45 3231/3467/63 3232/3468/64 3214/3449/46
f 3214/3450/46 3232/3469/64 3233/3470/65 3215/3451/47
f 3215/3451/47 3233/3470/65 3234/3471/66 3216/3452/48
f 3216/3452/48 3234/3471/66 3235/3472/67 3217/3453/49
f 3217/3453/49 3235/3472/67 3236/3473/68 3218/3454/50
f 3218/3454/50 3236/3473/68 3237/3474/69 3219/3455/51
f 3219/3455/51 3237/3474/69 3238/3475/70 3220/3456/52
f 3220/3456/52 3238/3475/70 3239/3476/71 3221/3457/53
f 3221/3457/53 3239/3476/71 3240/3477/72 3222/3458/904
f 3222/3458/904 3240/3477/72 3223/3459/55 3205/3440/37
f 3223/3459/55 3241/3478/73 3242/3479/74 3224/3460/56
f 3224/3460/56 3242/3479/74 3243/3480/75 3225/3461/57
f 3225/3461/57 3243/3480/75 3244/3481/76 3226/3462/58
f 3226/3462/58 3244/3481/76 3245/3482/77 3227/3463/59
f 3227/3463/59 3245/3482/77 3246/3483/78 3228/3464/60
f 3228/3464/60 3246/3483/78 3247/3484/79 3229/3465/61
f 3229/3465/61 3247/3484/79 3248/3485/80 3230/3466/62
f 3230/3466/62 3248/3485/80 3249/3486/81 3231/3467/63
f 3231/3467/63 3249/3486/81 3250/3487/82 3232/3468/64
f 3232/3469/64 3250/3488/82 3251/3489/83 3233/3470/65
f 3233/3470/65 3251/3489/83 3252/3490/84 3234/3471/66
f 3234/3471/66 3252/3490/84 3253/3491/85 3235/3472/67
f 3235/3472/67 3253/3491/85 3254/3492/86 3236/3473/68
f 3236/3473/68 3254/3492/86 3255/3493/87 3237/3474/69
f 3237/3474/69 3255/3493/87 3256/3494/88 3238/3475/70
f 3238/3475/70 3256/3494/88 3257/3495/89 3239/3476/71
f 3239/3476/71 3257/3495/89 3258/3496/90 3240/3477/72
f 3240/3477/72 3258/3496/90 3241/3478/73 3223/3459/55
f 3241/3478/73 3259/3497/91 3260/3498/92 3242/3479/74
f 3242/3479/74 3260/3498/92 3261/3499/93 3243/3480/75
f 3243/3480/75 3261/3499/93 3262/3500/94 3244/3481/76
f 3244/3481/76 3262/3500/94 3263/3501/95 3245/3482/77
f 3245/3482/77 3263/3501/95 3264/3502/96 3246/3483/78
f 3246/3483/78 3264/3502/96 3265/3503/97 3247/3484/79
f 3247/3484/79 3265/3503/97 3266/3504/98 3248/3485/80
f 3248/3485/80 3266/3504/98 3267/3505/99 3249/3486/81
f 3249/3486/81 3267/3505/99 3268/3506/100 3250/3487/82
f 3250/3488/82 3268/3507/100 3269/3508/101 3251/3489/83
f 3251/3489/83 3269/3508/101 3270/3509/102 3252/3490/84
f 3252/3490/84 3270/3509/102 3271/3510/103 3253/3491/85
f 3253/3491/85 3271/3510/103 3272/3511/104 3254/3492/86
f 3254/3492/86 3272/3511/104 3273/3512/105 3255/3493/87
f 3255/3493/87 3273/3512/105 3274/3513/106 3256/3494/88
f 3256/3494/88 3274/3513/106 3275/3514/107 3257/3495/89
f 3257/3495/89 3275/3514/107 3276/3515/108 3258/3496/90
f 3258/3496/90 3276/3515/108 3259/3497/91 3241/3478/73
f 3259/3497/91 3277/3516/109 3278/3517/110 3260/3498/92
f 3260/3498/92 3278/3517/110 3279/3518/111 3261/3499/93
f 3261/3499/93 3279/3518/111 3280/3519/112 3262/3500/94
f 3262/3500/94 3280/3519/112 3281/3520/113 3263/3501/95
f 3263/3501/95 3281/3520/113 3282/3521/114 3264/3502/96
f 3264/3502/96 3282/3521/114 3283/3522/115 3265/3503/97
f 3265/3503/97 3283/3522/115 3284/3523/116 3266/3504/98
f 3266/3504/98 3284/3523/116 3285/3524/117 3267/3505/99
f 3267/3505/99 3285/3524/117 3286/3525/118 3268/3506/100
f 3268/3507/100 3286/3526/118 3287/3527/119 3269/3508/101
f 3269/3508/101 3287/3527/119 3288/3528/120 3270/3509/102
f 3270/3509/102 3288/3528/120 3289/3529/1054 3271/3510/103
f 3271/3510/103 3289/3529/1054 3290/3530/122 3272/3511/104
f 3272/3511/104 3290/3530/122 3291/3531/123 3273/3512/105
f 3273/3512/105 3291/3531/123 3292/3532/124 3274/3513/106
f 3274/3513/106 3292/3532/124 3293/3533/125 3275/3514/107
f 3275/3514/107 3293/3533/125 3294/3534/126 3276/3515/108
f 3276/3515/108 3294/3534/126 3277/3516/109 3259/3497/91
f 3277/3516/109 3295/3535/127 3296/3536/128 3278/3517/110
f 3278/3517/110 3296/3536/128 3297/3537/129 3279/3518/111
f 3279/3518/111 3297/3537/129 3298/3538/130 3280/3519/112
f 3280/3519/112 3298/3538/130 3299/3539/131 3281/3520/113
f 3281/3520/113 3299/3539/131 3300/3540/132 3282/3521/114
f 3282/3521/114 3300/3540/132 3301/3541/133 3283/3522/115
f 3283/3522/115 3301/3541/133 3302/3542/134 3284/3523/116
f 3284/3523/116 3302/3542/134 3303/3543/135 3285/3524/117
f 3285/3524/117 3303/3543/135 3304/3544/136 3286/3525/118
f 3286/3526/118 3304/3545/136 3305/3546/137 3287/3527/119
f 3287/3527/119 3305/3546/137 3306/3547/138 3288/3528/120
f 3288/3528/120 3306/3547/138 3307/3548/139 3289/3529/1054
f 3289/3529/1054 3307/3548/139 3308/3549/140 3290/3530/122
f 3290/3530/122 3308/3549/140 3309/3550/141 3291/3531/123
f 3291/3531/123 3309/3550/141 3310/3551/142 3292/3532/124
f 3292/3532/124 3310/3551/142 3311/3552/143 3293/3533/125
f 3293/3533/125 3311/3552/143 3312/3553/144 3294/3534/126
f 3294/3534/126 3312/3553/144 3295/3535/127 3277/3516/109
f 3295/3535/127 3313/3554/145 3314/3555/146 3296/3536/128
f 3296/3536/128 3314/3555/146 3315/3556/147 3297/3537/129
f 3297/3537/129 3315/3556/147 3316/3557/148 3298/3538/130
f 3298/3538/130 3316/3557/148 3317/3558/149 3299/3539/131
f 3299/3539/131 3317/3558/149 3318/3559/150 3300/3540/132
f 3300/3540/132 3318/3559/150 3319/3560/151 3301/3541/133
f 3301/3541/133 3319/3560/151 3320/3561/152 3302/3542/134
f 3302/3542/134 3320/3561/152 3321/3562/1055 3303/3543/135
f 3303/3543/135 3321/3562/1055 3322/3563/154 3304/3544/136
f 3304/3545/136 3322/3564/154 3323/3565/155 3305/3546/137
f 3305/3546/137 3323/3565/155 3324/3566/156 3306/3547/138
f 3306/3547/138 3324/3566/156 3325/3567/157 3307/3548/139
f 3307/3548/139 3325/3567/157 3326/3568/158 3308/3549/140
f 3308/3549/140 3326/3568/158 3327/3569/159 3309/3550/141
f 3309/3550/141 3327/3569/159 3328/3570/160 3310/3551/142
f 3310/3551/142 3328/3570/160 3329/3571/161 3311/3552/143
f 3311/3552/143 3329/3571/161 3330/3572/162 3312/3553/144
f 3312/3553/144 3330/3572/162 3313/3554/145 3295/3535/127
f 3313/3554/145 3331/3573/163 3332/3574/164 3314/3555/146
f 3314/3555/146 3332/3574/164 3333/3575/165 3315/3556/147
f 3315/3556/147 3333/3575/165 3334/3576/166 3316/3557/148
f 3316/3557/148 3334/3576/166 3335/3577/167 3317/3558/149
f 3317/3558/149 3335/3577/167 3336/3578/168 3318/3559/150
f 3318/3559/150 3336/3578/168 3337/3579/169 3319/3560/151
f 3319/3560/151 3337/3579/169 3338/3580/170 3320/3561/152
f 3320/3561/152 3338/3580/170 3339/3581/171 3321/3562/1055
f 3321/3562/1055 3339/3581/171 3340/3582/172 3322/3563/154
f 3322/3564/154 3340/3583/172 3341/3584/173 3323/3565/155
f 3323/3565/155 3341/3584/173 3342/3585/174 3324/3566/156
f 3324/3566/156 3342/3585/174 3343/3586/175 3325/3567/157
f 3325/3567/157 3343/3586/175 3344/3587/176 3326/3568/158
f 3326/3568/158 3344/3587/176 3345/3588/177 3327/3569/159
f 3327/3569/159 3345/3588/177 3346/3589/178 3328/3570/160
f 3328/3570/160 3346/3589/178 3347/3590/179 3329/3571/161
f 3329/3571/161 3347/3590/179 3348/3591/180 3330/3572/162
f 3330/3572/162 3348/3591/180 3331/3573/163 3313/3554/145
f 3331/3573/163 3349/3592/181 3350/3593/182 3332/3574/164
f 3332/3574/164 3350/3593/182 3351/3594/183 3333/3575/165
f 3333/3575/165 3351/3594/183 3352/3595/184 3334/3576/166
f 3334/3576/166 3352/3595/184 3353/3596/185 3335/3577/167
f 3335/3577/167 3353/3596/185 3354/3597/186 3336/3578/168
f 3336/3578/168 3354/3597/186 3355/3598/187 3337/3579/169
f 3337/3579/169 3355/3598/187 3356/3599/188 3338/3580/170
f 3338/3580/170 3356/3599/188 3357/3600/189 3339/3581/171
f 3339/3581/171 3357/3600/189 3358/3601/1079 3340/3582/172
f 3340/3583/172 3358/3602/1079 3359/3603/191 3341/3584/173
f 3341/3584/173 3359/3603/191 3360/3604/192 3342/3585/174
f 3342/3585/174 3360/3604/192 3361/3605/193 3343/3586/175
f 3343/3586/175 3361/3605/193 3362/3606/194 3344/3587/176
f 3344/3587/176 3362/3606/194 3363/3607/195 3345/3588/177
f 3345/3588/177 3363/3607/195 3364/3608/196 3346/3589/178
f 3346/3589/178 3364/3608/196 3365/3609/197 3347/3590/179
f 3347/3590/179 3365/3609/197 3366/3610/198 3348/3591/180
f 3348/3591/180 3366/3610/198 3349/3592/181 3331/3573/163
f 3349/3592/181 3367/3611/199 3368/3612/200 3350/3593/182
f 3350/3593/182 3368/3612/200 3369/3613/201 3351/3594/183
f 3351/3594/183 3369/3613/201 3370/3614/202 3352/3595/184
f 3352/3595/184 3370/3614/202 3371/3615/203 3353/3596/185
f 3353/3596/185 3371/3615/203 3372/3616/906 3354/3597/186
f 3354/3597/186 3372/3616/906 3373/3617/205 3355/3598/187
f 3355/3598/187 3373/3617/205 3374/3618/206 3356/3599/188
f 3356/3599/188 3374/3618/206 3375/3619/207 3357/3600/189
f 3357/3600/189 3375/3619/207 3376/3620/208 3358/3601/1079
f 3358/3602/1079 3376/3621/208 3377/3622/209 3359/3603/191
f 3359/3603/191 3377/3622/209 3378/3623/210 3360/3604/192
f 3360/3604/192 3378/3623/210 3379/3624/211 3361/3605/193
f 3361/3605/193 3379/3624/211 3380/3625/212 3362/3606/194
f 3362/3606/194 3380/3625/212 3381/3626/213 3363/3607/195
f 3363/3607/195 3381/3626/213 3382/3627/214 3364/3608/196
f 3364/3608/196 3382/3627/214 3383/3628/215 3365/3609/197
f 3365/3609/197 3383/3628/215 3384/3629/216 3366/3610/198
f 3366/3610/198 3384/3629/216 3367/3611/199 3349/3592/181
f 3367/3611/199 3385/3630/217 3386/3631/218 3368/3612/200
f 3368/3612/200 3386/3631/218 3387/3632/219 3369/3613/201
f 3369/3613/201 3387/3632/219 3388/3633/220 3370/3614/202
f 3370/3614/202 3388/3633/220 3389/3634/221 3371/3615/203
f 3371/3615/203 3389/3634/221 3390/3635/222 3372/3616/906
f 3372/3616/906 3390/3635/222 3391/3636/223 3373/3617/205
f 3373/3617/205 3391/3636/223 3392/3637/224 3374/3618/206
f 3374/3618/206 3392/3637/224 3393/3638/225 3375/3619/207
f 3375/3619/207 3393/3638/225 3394/3639/226 3376/3620/208
f 3376/3621/208 3394/3640/226 3395/3641/227 3377/3622/209
f 3377/3622/209 3395/3641/227 3396/3642/228 3378/3623/210
f 3378/3623/210 3396/3642/228 3397/3643/229 3379/3624/211
f 3379/3624/211 3397/3643/229 3398/3644/230 3380/3625/212
f 3380/3625/212 3398/3644/230 3399/3645/231 3381/3626/213
f 3381/3626/213 3399/3645/231 3400/3646/232 3382/3627/214
f 3382/3627/214 3400/3646/232 3401/3647/233 3383/3628/215
f 3383/3628/215 3401/3647/233 3402/3648/234 3384/3629/216
f 3384/3629/216 3402/3648/234 3385/3630/217 3367/3611/199
f 3385/3630/217 3403/3649/235 3404/3651/236 3386/3631/218
f 3386/3631/218 3404/3651/236 3405/3653/237 3387/3632/219
f 3387/3632/219 3405/3653/237 3406/3655/238 3388/3633/220
f 3388/3633/220 3406/3655/238 3407/3657/239 3389/3634/221
f 3389/3634/221 3407/3657/239 3408/3659/240 3390/3635/222
f 3390/3635/222 3408/3659/240 3409/3661/241 3391/3636/223
f 3391/3636/223 3409/3661/241 3410/3663/242 3392/3637/224
f 3392/3637/224 3410/3663/242 3411/3665/243 3393/3638/225
f 3393/3638/225 3411/3665/243 3412/3667/244 3394/3639/226
f 3394/3640/226 3412/3668/244 3413/3671/245 3395/3641/227
f 3395/3641/227 3413/3671/245 3414/3673/246 3396/3642/228
f 3396/3642/228 3414/3673/246 3415/3675/247 3397/3643/229
f 3397/3643/229 3415/3675/247 3416/3677/248 3398/3644/230
f 3398/3644/230 3416/3677/248 3417/3679/249 3399/3645/231
f 3399/3645/231 3417/3679/249 3418/3681/250 3400/3646/232
f 3400/3646/232 3418/3681/250 3419/3683/251 3401/3647/233
f 3401/3647/233 3419/3683/251 3420/3685/252 3402/3648/234
f 3402/3648/234 3420/3685/252 3403/3649/235 3385/3630/217
f 3403/3650/235 3421/3687/253 3422/3688/254 3404/3652/236
f 3404/3652/236 3422/3688/254 3423/3689/255 3405/3654/237
f 3405/3654/237 3423/3689/255 3424/3690/256 3406/3656/238
f 3406/3656/238 3424/3690/256 3425/3691/257 3407/3658/239
f 3407/3658/239 3425/3691/257 3426/3692/258 3408/3660/240
f 3408/3660/240 3426/3692/258 3427/3693/259 3409/3662/241
f 3409/3662/241 3427/3693/259 3428/3694/260 3410/3664/242
f 3410/3664/242 3428/3694/260 3429/3695/261 3411/3666/243
f 3411/3666/243 3429/3695/261 3430/3696/262 3412/3669/244
f 3412/3670/244 3430/3697/262 3431/3698/263 3413/3672/245
f 3413/3672/245 3431/3698/263 3432/3699/264 3414/3674/246
f 3414/3674/246 3432/3699/264 3433/3700/265 3415/3676/247
f 3415/3676/247 3433/3700/265 3434/3701/266 3416/3678/248
f 3416/3678/248 3434/3701/266 3435/3702/267 3417/3680/249
f 3417/3680/249 3435/3702/267 3436/3703/268 3418/3682/250
f 3418/3682/250 3436/3703/268 3437/3704/269 3419/3684/251
f 3419/3684/251 3437/3704/269 3438/3705/270 3420/3686/252
f 3420/3686/252 3438/3705/270 3421/3687/253 3403/3650/235
f 3421/3687/253 3439/3706/271 3440/3707/272 3422/3688/254
f 3422/3688/254 3440/3707/272 3441/3708/273 3423/3689/255
f 3423/3689/255 3441/3708/273 3442/3709/274 3424/3690/256
f 3424/3690/256 3442/3709/274 3443/3710/275 3425/3691/257
f 3425/3691/257 3443/3710/275 3444/3711/276 3426/3692/258
f 3426/3692/258 3444/3711/276 3445/3712/277 3427/3693/259
f 3427/3693/259 3445/3712/277 3446/3713/278 3428/3694/260
f 3428/3694/260 3446/3713/278 3447/3714/279 3429/3695/261
f 3429/3695/261 3447/3714/279 3448/3715/280 3430/3696/262
f 3430/3697/262 3448/3716/280 3449/3717/281 3431/3698/263
f 3431/3698/263 3449/3717/281 3450/3718/282 3432/3699/264
f 3432/3699/264 3450/3718/282 3451/3719/283 3433/3700/265
f 3433/3700/265 3451/3719/283 3452/3720/284 3434/3701/266
f 3434/3701/266 3452/3720/284 3453/3721/285 3435/3702/267
f 3435/3702/267 3453/3721/285 3454/3722/286 3436/3703/268
f 3436/3703/268 3454/3722/286 3455/3723/287 3437/3704/269
f 3437/3704/269 3455/3723/287 3456/3724/288 3438/3705/270
f 3438/3705/270 3456/3724/288 3439/3706/271 3421/3687/253
f 3439/3706/271 3457/3725/289 3458/3726/290 3440/3707/272
f 3440/3707/272 3458/3726/290 3459/3727/291 3441/3708/273
f 3441/3708/273 3459/3727/291 3460/3728/292 3442/3709/274
f 3442/3709/274 3460/3728/292 3461/3729/293 3443/3710/275
f 3443/3710/275 3461/3729/293 3462/3730/294 3444/3711/276
f 3444/3711/276 3462/3730/294 3463/3731/295 3445/3712/277
f 3445/3712/277 3463/3731/295 3464/3732/296 3446/3713/278
f 3446/3713/278 3464/3732/296 3465/3733/297 3447/3714/279
f 3447/3714/279 3465/3733/297 3466/3734/298 3448/3715/280
f 3448/3716/280 3466/3735/298 3467/3736/299 3449/3717/281
f 3449/3717/281 3467/3736/299 3468/3737/300 3450/3718/282
f 3450/3718/282 3468/3737/300 3469/3738/301 3451/3719/283
f 3451/3719/283 3469/3738/301 3470/3739/302 3452/3720/284
f 3452/3720/284 3470/3739/302 3471/3740/303 3453/3721/285
f 3453/3721/285 3471/3740/303 3472/3741/304 3454/3722/286
f 3454/3722/286 3472/3741/304 3473/3742/305 3455/3723/287
f 3455/3723/287 3473/3742/305 3474/3743/306 3456/3724/288
f 3456/3724/288 3474/3743/306 3457/3725/289 3439/3706/271
f 3457/3725/289 3475/3744/307 3476/3745/308 3458/3726/290
f 3458/3726/290 3476/3745/308 3477/3746/309 3459/3727/291
f 3459/3727/291 3477/3746/309 3478/3747/310 3460/3728/292
f 3460/3728/292 3478/3747/310 3479/3748/311 3461/3729/293
f 3461/3729/293 3479/3748/311 3480/3749/312 3462/3730/294
f 3462/3730/294 3480/3749/312 3481/3750/313 3463/3731/295
f 3463/3731/295 3481/3750/313 3482/3751/314 3464/3732/296
f 3464/3732/296 3482/3751/314 3483/3752/315 3465/3733/297
f 3465/3733/297 3483/3752/315 3484/3753/316 3466/3734/298
f 3466/3735/298 3484/3754/316 3485/3755/317 3467/3736/299
f 3467/3736/299 3485/3755/317 3486/3756/318 3468/3737/300
f 3468/3737/300 3486/3756/318 3487/3757/319 3469/3738/301
f 3469/3738/301 3487/3757/319 3488/3758/320 3470/3739/302
f 3470/3739/302 3488/3758/320 3489/3759/321 3471/3740/303
f 3471/3740/303 3489/3759/321 3490/3760/322 3472/3741/304
f 3472/3741/304 3490/3760/322 3491/3761/323 3473/3742/305
f 3473/3742/305 3491/3761/323 3492/3762/324 3474/3743/306
f 3474/3743/306 3492/3762/324 3475/3744/307 3457/3725/289
f 3475/3744/307 3493/3763/325 3494/3764/326 3476/3745/308
f 3476/3745/308 3494/3764/326 3495/3765/327 3477/3746/309
f 3477/3746/309 3495/3765/327 3496/3766/328 3478/3747/310
f 3478/3747/310 3496/3766/328 3497/3767/329 3479/3748/311
f 3479/3748/311 3497/3767/329 3498/3768/330 3480/3749/312
f 3480/3749/312 3498/3768/330 3499/3769/331 3481/3750/313
f 3481/3750/313 3499/3769/331 3500/3770/332 3482/3751/314
f 3482/3751/314 3500/3770/332 3501/3771/333 3483/3752/315
f 3483/3752/315 3501/3771/333 3502/3772/334 3484/3753/316
f 3484/3754/316 3502/3773/334 3503/3774/335 3485/3755/317
f 3485/3755/317 3503/3774/335 3504/3775/336 3486/3756/318
f 3486/3756/318 3504/3775/336 3505/3776/337 3487/3757/319
f 3487/3757/319 3505/3776/337 3506/3777/338 3488/3758/320
f 3488/3758/320 3506/3777/338 3507/3778/339 3489/3759/321
f 3489/3759/321 3507/3778/339 3508/3779/340 3490/3760/322
f 3490/3760/322 3508/3779/340 3509/3780/341 3491/3761/323
f 3491/3761/323 3509/3780/341 3510/3781/342 3492/3762/324
f 3492/3762/324 3510/3781/342 3493/3763/325 3475/3744/307
f 3493/3763/325 3511/3782/343 3512/3783/344 3494/3764/326
f 3494/3764/326 3512/3783/344 3513/3784/345 3495/3765/327
f 3495/3765/327 3513/3784/345 3514/3785/346 3496/3766/328
f 3496/3766/328 3514/3785/346 3515/3786/347 3497/3767/329
f 3497/3767/329 3515/3786/347 3516/3787/348 3498/3768/330
f 3498/3768/330 3516/3787/348 3517/3788/349 3499/3769/331
f 3499/3769/331 3517/3788/349 3518/3789/350 3500/3770/332
f 3500/3770/332 3518/3789/350 3519/3790/351 3501/3771/333
f 3501/3771/333 3519/3790/351 3520/3791/352 3502/3772/334
f 3502/3773/334 3520/3792/352 3521/3793/353 3503/3774/335
f 3503/3774/335 3521/3793/353 3522/3794/354 3504/3775/336
f 3504/3775/336 3522/3794/354 3523/3795/355 3505/3776/337
f 3505/3776/337 3523/3795/355 3524/3796/356 3506/3777/338
f 3506/3777/338 3524/3796/356 3525/3797/357 3507/3778/339
f 3507/3778/339 3525/3797/357 3526/3798/358 3508/3779/340
f 3508/3779/340 3526/3798/358 3527/3799/1057 3509/3780/341
f 3509/3780/341 3527/3799/1057 3528/3800/360 3510/3781/342
f 3510/3781/342 3528/3800/360 3511/3782/343 3493/3763/325
f 3511/3782/343 3529/3801/361 3530/3802/362 3512/3783/344
f 3512/3783/344 3530/3802/362 3531/3803/363 3513/3784/345
f 3513/3784/345 3531/3803/363 3532/3804/364 3514/3785/346
f 3514/3785/346 3532/3804/364 3533/3805/365 3515/3786/347
f 3515/3786/347 3533/3805/365 3534/3806/366 3516/3787/348
f 3516/3787/348 3534/3806/366 3535/3807/367 3517/3788/349
f 3517/3788/349 3535/3807/367 3536/3808/368 3518/3789/350
f 3518/3789/350 3536/3808/368 3537/3809/369 3519/3790/351
f 3519/3790/351 3537/3809/369 3538/3810/370 3520/3791/352
f 3520/3792/352 3538/3811/370 3539/3812/371 3521/3793/353
f 3521/3793/353 3539/3812/371 3540/3813/372 3522/3794/354
f 3522/3794/354 3540/3813/372 3541/3814/373 3523/3795/355
f 3523/3795/355 3541/3814/373 3542/3815/374 3524/3796/356
f 3524/3796/356 3542/3815/374 3543/3816/375 3525/3797/357
f 3525/3797/357 3543/3816/375 3544/3817/376 3526/3798/358
f 3526/3798/358 3544/3817/376 3545/3818/377 3527/3799/1057
f 3527/3799/1057 3545/3818/377 3546/3819/378 3528/3800/360
f 3528/3800/360 3546/3819/378 3529/3801/361 3511/3782/343
f 3529/3801/361 3547/3820/379 3548/3821/380 3530/3802/362
f 3530/3802/362 3548/3821/380 3549/3822/381 3531/3803/363
f 3531/3803/363 3549/3822/381 3550/3823/382 3532/3804/364
f 3532/3804/364 3550/3823/382 3551/3824/383 3533/3805/365
f 3533/3805/365 3551/3824/383 3552/3825/384 3534/3806/366
f 3534/3806/366 3552/3825/384 3553/3826/385 3535/3807/367
f 3535/3807/367 3553/3826/385 3554/3827/386 3536/3808/368
f 3536/3808/368 3554/3827/386 3555/3828/387 3537/3809/369
f 3537/3809/369 3555/3828/387 3556/3829/388 3538/3810/370
f 3538/3811/370 3556/3830/388 3557/3831/389 3539/3812/371
f 3539/3812/371 3557/3831/389 3558/3832/390 3540/3813/372
f 3540/3813/372 3558/3832/390 3559/3833/391 3541/3814/373
f 3541/3814/373 3559/3833/391 3560/3834/392 3542/3815/374
f 3542/3815/374 3560/3834/392 3561/3835/393 3543/3816/375
f 3543/3816/375 3561/3835/393 3562/3836/394 3544/3817/376
f 3544/3817/376 3562/3836/394 3563/3837/395 3545/3818/377
f 3545/3818/377 3563/3837/395 3564/3838/396 3546/3819/378
f 3546/3819/378 3564/3838/396 3547/3820/379 3529/3801/361
f 3547/3820/379 3565/3839/397 3566/3840/398 3548/3821/380
f 3548/3821/380 3566/3840/398 3567/3841/399 3549/3822/381
f 3549/3822/381 3567/3841/399 3568/3842/400 3550/3823/382
f 3550/3823/382 3568/3842/400 3569/3843/401 3551/3824/383
f 3551/3824/383 3569/3843/401 3570/3844/402 3552/3825/384
f 3552/3825/384 3570/3844/402 3571/3845/403 3553/3826/385
f 3553/3826/385 3571/3845/403 3572/3846/404 3554/3827/386
f 3554/3827/386 3572/3846/404 3573/3847/405 3555/3828/387
f 3555/3828/387 3573/3847/405 3574/3848/406 3556/3829/388
f 3556/3830/388 3574/3849/406 3575/3850/407 3557/3831/389
f 3557/3831/389 3575/3850/407 3576/3851/408 3558/3832/390
f 3558/3832/390 3576/3851/408 3577/3852/409 3559/3833/391
f 3559/3833/391 3577/3852/409 3578/3853/410 3560/3834/392
f 3560/3834/392 3578/3853/410 3579/3854/411 3561/3835/393
f 3561/3835/393 3579/3854/411 3580/3855/412 3562/3836/394
f 3562/3836/394 3580/3855/412 3581/3856/413 3563/3837/395
f 3563/3837/395 3581/3856/413 3582/3857/414 3564/3838/396
f 3564/3838/396 3582/3857/414 3565/3839/397 3547/3820/379
f 3565/3839/397 3583/3858/415 3584/3859/416 3566/3840/398
f 3566/3840/398 3584/3859/416 3585/3860/417 3567/3841/399
f 3567/3841/399 3585/3860/417 3586/3861/418 3568/3842/400
f 3568/3842/400 3586/3861/418 3587/3862/419 3569/3843/401
f 3569/3843/401 3587/3862/419 3588/3863/420 3570/3844/402
f 3570/3844/402 3588/3863/420 3589/3864/421 3571/3845/403
f 3571/3845/403 3589/3864/421 3590/3865/422 3572/3846/404
f 3572/3846/404 3590/3865/422 3591/3866/423 3573/3847/405
f 3573/3847/405 3591/3866/423 3592/3867/424 3574/3848/406
f 3574/3849/406 3592/3868/424 3593/3869/425 3575/3850/407
f 3575/3850/407 3593/3869/425 3594/3870/426 3576/3851/408
f 3576/3851/408 3594/3870/426 3595/3871/427 3577/3852/409
f 3577/3852/409 3595/3871/427 3596/3872/428 3578/3853/410
f 3578/3853/410 3596/3872/428 3597/3873/429 3579/3854/411
f 3579/3854/411 3597/3873/429 3598/3874/430 3580/3855/412
f 3580/3855/412 3598/3874/430 3599/3875/431 3581/3856/413
f 3581/3856/413 3599/3875/431 3600/3876/432 3582/3857/414
f 3582/3857/414 3600/3876/432 3583/3858/415 3565/3839/397
f 3583/3858/415 3601/3877/433 3602/3878/434 3584/3859/416
f 3584/3859/416 3602/3878/434 3603/3879/435 3585/3860/417
f 3585/3860/417 3603/3879/435 3604/3880/436 3586/3861/418
f 3586/3861/418 3604/3880/436 3605/3881/437 3587/3862/419
f 3587/3862/419 3605/3881/437 3606/3882/438 3588/3863/420
f 3588/3863/420 3606/3882/438 3607/3883/439 3589/3864/421
f 3589/3864/421 3607/3883/439 3608/3884/440 3590/3865/422
f 3590/3865/422 3608/3884/440 3609/3885/441 3591/3866/423
f 3591/3866/423 3609/3885/441 3610/3886/442 3592/3867/424
f 3592/3868/424 3610/3887/442 3611/3888/443 3593/3869/425
f 3593/3869/425 3611/3888/443 3612/3889/444 3594/3870/426
f 3594/3870/426 3612/3889/444 3613/3890/445 3595/3871/427
f 3595/3871/427 3613/3890/445 3614/3891/446 3596/3872/428
f 3596/3872/428 3614/3891/446 3615/3892/447 3597/3873/429
f 3597/3873/429 3615/3892/447 3616/3893/448 3598/3874/430
f 3598/3874/430 3616/3893/448 3617/3894/449 3599/3875/431
f 3599/3875/431 3617/3894/449 3618/3895/450 3600/3876/432
f 3600/3876/432 3618/3895/450 3601/3877/433 3583/3858/415
f 3601/3877/433 3619/3896/451 3620/3897/452 3602/3878/434
f 3602/3878/434 3620/3897/452 3621/3898/453 3603/3879/435
f 3603/3879/435 3621/3898/453 3622/3899/454 3604/3880/436
f 3604/3880/436 3622/3899/454 3623/3900/455 3605/3881/437
f 3605/3881/437 3623/3900/455 3624/3901/456 3606/3882/438
f 3606/3882/438 3624/3901/456 3625/3902/457 3607/3883/439
f 3607/3883/439 3625/3902/457 3626/3903/458 3608/3884/440
f 3608/3884/440 3626/3903/458 3627/3904/459 3609/3885/441
f 3609/3885/441 3627/3904/459 3628/3905/460 3610/3886/442
f 3610/3887/442 3628/3906/460 3629/3907/461 3611/3888/443
f 3611/3888/443 3629/3907/461 3630/3908/462 3612/3889/444
f 3612/3889/444 3630/3908/462 3631/3909/463 3613/3890/445
f 3613/3890/445 3631/3909/463 3632/3910/464 3614/3891/446
f 3614/3891/446 3632/3910/464 3633/3911/465 3615/3892/447
f 3615/3892/447 3633/3911/465 3634/3912/466 3616/3893/448
f 3616/3893/448 3634/3912/466 3635/3913/467 3617/3894/449
f 3617/3894/449 3635/3913/467 3636/3914/468 3618/3895/450
f 3618/3895/450 3636/3914/468 3619/3896/451 3601/3877/433
f 3637/3915/469 3655/3934/470 3656/3935/471 3638/3916/472
f 3638/3916/472 3656/3935/471 3657/3936/473 3639/3917/474
f 3639/3917/474 3657/3936/473 3658/3937/475 3640/3918/476
f 3640/3918/476 3658/3937/475 3659/3938/477 3641/3919/478
f 3641/3919/478 3659/3938/477 3660/3939/479 3642/3920/480
f 3642/3920/480 3660/3939/479 3661/3940/481 3643/3921/482
f 3643/3921/482 3661/3940/481 3662/3941/483 3644/3922/484
f 3644/3922/484 3662/3941/483 3663/3942/485 3645/3923/486
f 3645/3923/486 3663/3942/485 3664/3943/487 3646/3924/488
f 3646/3925/488 3664/3944/487 3665/3945/489 3647/3926/490
f 3647/3926/490 3665/3945/489 3666/3946/491 3648/3927/492
f 3648/3927/492 3666/3946/491 3667/3947/1045 3649/3928/494
f 3649/3928/494 3667/3947/1045 3668/3948/495 3650/3929/496
f 3650/3929/496 3668/3948/495 3669/3949/497 3651/3930/1080
f 3651/3930/1080 3669/3949/497 3670/3950/499 3652/3931/500
f 3652/3931/500 3670/3950/499 3671/3951/501 3653/3932/502
f 3653/3932/502 3671/3951/501 3672/3952/503 3654/3933/504
f 3654/3933/504 3672/3952/503 3655/3934/470 3637/3915/469
f 3655/3934/470 3673/3953/505 3674/3954/506 3656/3935/471
f 3656/3935/471 3674/3954/506 3675/3955/507 3657/3936/473
f 3657/3936/473 3675/3955/507 3676/3956/508 3658/3937/475
f 3658/3937/475 3676/3956/508 3677/3957/509 3659/3938/477
f 3659/3938/477 3677/3957/509 3678/3958/1081 3660/3939/479
f 3660/3939/479 3678/3958/1081 3679/3959/511 3661/3940/481
f 3661/3940/481 3679/3959/511 3680/3960/512 3662/3941/483
f 3662/3941/483 3680/3960/512 3681/3961/513 3663/3942/485
f 3663/3942/485 3681/3961/513 3682/3962/514 3664/3943/487
f 3664/3944/487 3682/3963/514 3683/3964/515 3665/3945/489
f 3665/3945/489 3683/3964/515 3684/3965/516 3666/3946/491
f 3666/3946/491 3684/3965/516 3685/3966/517 3667/3947/1045
f 3667/3947/1045 3685/3966/517 3686/3967/518 3668/3948/495
f 3668/3948/495 3686/3967/518 3687/3968/519 3669/3949/497
f 3669/3949/497 3687/3968/519 3688/3969/520 3670/3950/499
f 3670/3950/499 3688/3969/520 3689/3970/521 3671/3951/501
f 3671/3951/501 3689/3970/521 3690/3971/522 3672/3952/503
f 3672/3952/503 3690/3971/522 3673/3953/505 3655/3934/470
f 3673/3953/505 3691/3972/523 3692/3973/928 3674/3954/506
f 3674/3954/506 3692/3973/928 3693/3974/525 3675/3955/507
f 3675/3955/507 3693/3974/525 3694/3975/526 3676/3956/508
f 3676/3956/508 3694/3975/526 3695/3976/527 3677/3957/509
f 3677/3957/509 3695/3976/527 3696/3977/528 3678/3958/1081
f 3678/3958/1081 3696/3977/528 3697/3978/529 3679/3959/511
f 3679/3959/511 3697/3978/529 3698/3979/530 3680/3960/512
f 3680/3960/512 3698/3979/530 3699/3980/929 3681/3961/513
f 3681/3961/513 3699/3980/929 3700/3981/930 3682/3962/514
f 3682/3963/514 3700/3982/930 3701/3983/533 3683/3964/515
f 3683/3964/515 3701/3983/533 3702/3984/534 3684/3965/516
f 3684/3965/516 3702/3984/534 3703/3985/535 3685/3966/517
f 3685/3966/517 3703/3985/535 3704/3986/536 3686/3967/518
f 3686/3967/518 3704/3986/536 3705/3987/537 3687/3968/519
f 3687/3968/519 3705/3987/537 3706/3988/538 3688/3969/520
f 3688/3969/520 3706/3988/538 3707/3989/539 3689/3970/521
f 3689/3970/521 3707/3989/539 3708/3990/540 3690/3971/522
f 3690/3971/522 3708/3990/540 3691/3972/523 3673/3953/505
f 3691/3972/523 3709/3991/541 3710/3992/542 3692/3973/928
f 3692/3973/928 3710/3992/542 3711/3993/1082 3693/3974/525
f 3693/3974/525 3711/3993/1082 3712/3994/544 3694/3975/526
f 3694/3975/526 3712/3994/544 3713/3995/545 3695/3976/527
f 3695/3976/527 3713/3995/545 3714/3996/546 3696/3977/528
f 3696/3977/528 3714/3996/546 3715/3997/547 3697/3978/529
f 3697/3978/529 3715/3997/547 3716/3998/548 3698/3979/530
f 3698/3979/530 3716/3998/548 3717/3999/549 3699/3980/929
f 3699/3980/929 3717/3999/549 3718/4000/550 3700/3981/930
f 3700/3982/930 3718/4001/550 3719/4002/551 3701/3983/533
f 3701/3983/533 3719/4002/551 3720/4003/552 3702/3984/534
f 3702/3984/534 3720/4003/552 3721/4004/553 3703/3985/535
f 3703/3985/535 3721/4004/553 3722/4005/554 3704/3986/536
f 3704/3986/536 3722/4005/554 3723/4006/555 3705/3987/537
f 3705/3987/537 3723/4006/555 3724/4007/556 3706/3988/538
f 3706/3988/538 3724/4007/556 3725/4008/1048 3707/3989/539
f 3707/3989/539 3725/4008/1048 3726/4009/558 3708/3990/540
f 3708/3990/540 3726/4009/558 3709/3991/541 3691/3972/523
f 3709/3991/541 3727/4010/559 3728/4011/560 3710/3992/542
f 3710/3992/542 3728/4011/560 3729/4012/561 3711/3993/1082
f 3711/3993/1082 3729/4012/561 3730/4013/562 3712/3994/544
f 3712/3994/544 3730/4013/562 3731/4014/563 3713/3995/545
f 3713/3995/545 3731/4014/563 3732/4015/564 3714/3996/546
f 3714/3996/546 3732/4015/564 3733/4016/565 3715/3997/547
f 3715/3997/547 3733/4016/565 3734/4017/566 3716/3998/548
f 3716/3998/548 3734/4017/566 3735/4018/567 3717/3999/549
f 3717/3999/549 3735/4018/567 3736/4019/568 3718/4000/550
f 3718/4001/550 3736/4020/568 3737/4021/569 3719/4002/551
f 3719/4002/551 3737/4021/569 3738/4022/570 3720/4003/552
f 3720/4003/552 3738/4022/570 3739/4023/571 3721/4004/553
f 3721/4004/553 3739/4023/571 3740/4024/572 3722/4005/554
f 3722/4005/554 3740/4024/572 3741/4025/573 3723/4006/555
f 3723/4006/555 3741/4025/573 3742/4026/574 3724/4007/556
f 3724/4007/556 3742/4026/574 3743/4027/575 3725/4008/1048
f 3725/4008/1048 3743/4027/575 3744/4028/576 3726/4009/558
f 3726/4009/558 3744/4028/576 3727/4010/559 3709/3991/541
f 3727/4010/559 3745/4029/577 3746/4030/578 3728/4011/560
f 3728/4011/560 3746/4030/578 3747/4031/579 3729/4012/561
f 3729/4012/561 3747/4031/579 3748/4032/580 3730/4013/562
f 3730/4013/562 3748/4032/580 3749/4033/581 3731/4014/563
f 3731/4014/563 3749/4033/581 3750/4034/582 3732/4015/564
f 3732/4015/564 3750/4034/582 3751/4035/583 3733/4016/565
f 3733/4016/565 3751/4035/583 3752/4036/584 3734/4017/566
f 3734/4017/566 3752/4036/584 3753/4037/585 3735/4018/567
f 3735/4018/567 3753/4037/585 3754/4038/586 3736/4019/568
f 3736/4020/568 3754/4039/586 3755/4040/587 3737/4021/569
f 3737/4021/569 3755/4040/587 3756/4041/588 3738/4022/570
f 3738/4022/570 3756/4041/588 3757/4042/589 3739/4023/571
f 3739/4023/571 3757/4042/589 3758/4043/590 3740/4024/572
f 3740/4024/572 3758/4043/590 3759/4044/591 3741/4025/573
f 3741/4025/573 3759/4044/591 3760/4045/592 3742/4026/574
f 3742/4026/574 3760/4045/592 3761/4046/593 3743/4027/575
f 3743/4027/575 3761/4046/593 3762/4047/594 3744/4028/576
f 3744/4028/576 3762/4047/594 3745/4029/577 3727/4010/559
f 3745/4029/577 3763/4048/595 3764/4049/596 3746/4030/578
f 3746/4030/578 3764/4049/596 3765/4050/597 3747/4031/579
f 3747/4031/579 3765/4050/597 3766/4051/598 3748/4032/580
f 3748/4032/580 3766/4051/598 3767/4052/599 3749/4033/581
f 3749/4033/581 3767/4052/599 3768/4053/600 3750/4034/582
f 3750/4034/582 3768/4053/600 3769/4054/601 3751/4035/583
f 3751/4035/583 3769/4054/601 3770/4055/602 3752/4036/584
f 3752/4036/584 3770/4055/602 3771/4056/603 3753/4037/585
f 3753/4037/585 3771/4056/603 3772/4057/604 3754/4038/586
f 3754/4039/586 3772/4058/604 3773/4059/605 3755/4040/587
f 3755/4040/587 3773/4059/605 3774/4060/606 3756/4041/588
f 3756/4041/588 3774/4060/606 3775/4061/607 3757/4042/589
f 3757/4042/589 3775/4061/607 3776/4062/608 3758/4043/590
f 3758/4043/590 3776/4062/608 3777/4063/609 3759/4044/591
f 3759/4044/591 3777/4063/609 3778/4064/610 3760/4045/592
f 3760/4045/592 3778/4064/610 3779/4065/611 3761/4046/593
f 3761/4046/593 3779/4065/611 3780/4066/612 3762/4047/594
f 3762/4047/594 3780/4066/612 3763/4048/595 3745/4029/577
f 3763/4048/595 3781/4067/613 3782/4068/614 3764/4049/596
f 3764/4049/596 3782/4068/614 3783/4069/615 3765/4050/597
f 3765/4050/597 3783/4069/615 3784/4070/616 3766/4051/598
f 3766/4051/598 3784/4070/616 3785/4071/617 3767/4052/599
f 3767/4052/599 3785/4071/617 3786/4072/618 3768/4053/600
f 3768/4053/600 3786/4072/618 3787/4073/619 3769/4054/601
f 3769/4054/601 3787/4073/619 3788/4074/620 3770/4055/602
f 3770/4055/602 3788/4074/620 3789/4075/1083 3771/4056/603
f 3771/4056/603 3789/4075/1083 3790/4076/622 3772/4057/604
f 3772/4058/604 3790/4077/622 3791/4078/623 3773/4059/605
f 3773/4059/605 3791/4078/623 3792/4079/624 3774/4060/606
f 3774/4060/606 3792/4079/624 3793/4080/625 3775/4061/607
f 3775/4061/607 3793/4080/625 3794/4081/626 3776/4062/608
f 3776/4062/608 3794/4081/626 3795/4082/627 3777/4063/609
f 3777/4063/609 3795/4082/627 3796/4083/628 3778/4064/610
f 3778/4064/610 3796/4083/628 3797/4084/629 3779/4065/611
f 3779/4065/611 3797/4084/629 3798/4085/630 3780/4066/612
f 3780/4066/612 3798/4085/630 3781/4067/613 3763/4048/595
f 3781/4067/613 3799/4086/631 3800/4087/632 3782/4068/614
f 3782/4068/614 3800/4087/632 3801/4088/633 3783/4069/615
f 3783/4069/615 3801/4088/633 3802/4089/634 3784/4070/616
f 3784/4070/616 3802/4089/634 3803/4090/635 3785/4071/617
f 3785/4071/617 3803/4090/635 3804/4091/636 3786/4072/618
f 3786/4072/618 3804/4091/636 3805/4092/637 3787/4073/619
f 3787/4073/619 3805/4092/637 3806/4093/638 3788/4074/620
f 3788/4074/620 3806/4093/638 3807/4094/1049 3789/4075/1083
f 3789/4075/1083 3807/4094/1049 3808/4095/640 3790/4076/622
f 3790/4077/622 3808/4096/640 3809/4097/641 3791/4078/623
f 3791/4078/623 3809/4097/641 3810/4098/642 3792/4079/624
f 3792/4079/624 3810/4098/642 3811/4099/643 3793/4080/625
f 3793/4080/625 3811/4099/643 3812/4100/644 3794/4081/626
f 3794/4081/626 3812/4100/644 3813/4101/645 3795/4082/627
f 3795/4082/627 3813/4101/645 3814/4102/646 3796/4083/628
f 3796/4083/628 3814/4102/646 3815/4103/647 3797/4084/629
f 3797/4084/629 3815/4103/647 3816/4104/648 3798/4085/630
f 3798/4085/630 3816/4104/648 3799/4086/631 3781/4067/613
f 3799/4086/631 3817/4105/649 3818/4106/650 3800/4087/632
f 3800/4087/632 3818/4106/650 3819/4107/651 3801/4088/633
f 3801/4088/633 3819/4107/651 3820/4108/652 3802/4089/634
f 3802/4089/634 3820/4108/652 3821/4109/653 3803/4090/635
f 3803/4090/635 3821/4109/653 3822/4110/654 3804/4091/636
f 3804/4091/636 3822/4110/654 3823/4111/655 3805/4092/637
f 3805/4092/637 3823/4111/655 3824/4112/656 3806/4093/638
f 3806/4093/638 3824/4112/656 3825/4113/657 3807/4094/1049
f 3807/4094/1049 3825/4113/657 3826/4114/658 3808/4095/640
f 3808/4096/640 3826/4115/658 3827/4116/659 3809/4097/641
f 3809/4097/641 3827/4116/659 3828/4117/660 3810/4098/642
f 3810/4098/642 3828/4117/660 3829/4118/661 3811/4099/643
f 3811/4099/643 3829/4118/661 3830/4119/662 3812/4100/644
f 3812/4100/644 3830/4119/662 3831/4120/663 3813/4101/645
f 3813/4101/645 3831/4120/663 3832/4121/664 3814/4102/646
f 3814/4102/646 3832/4121/664 3833/4122/665 3815/4103/647
f 3815/4103/647 3833/4122/665 3834/4123/666 3816/4104/648
f 3816/4104/648 3834/4123/666 3817/4105/649 3799/4086/631
f 3817/4105/649 3835/4124/667 3836/4125/668 3818/4106/650
f 3818/4106/650 3836/4125/668 3837/4126/669 3819/4107/651
f 3819/4107/651 3837/4126/669 3838/4127/1084 3820/4108/652
f 3820/4108/652 3838/4127/1084 3839/4128/671 3821/4109/653
f 3821/4109/653 3839/4128/671 3840/4129/672 3822/4110/654
f 3822/4110/654 3840/4129/672 3841/4130/673 3823/4111/655
f 3823/4111/655 3841/4130/673 3842/4131/674 3824/4112/656
f 3824/4112/656 3842/4131/674 3843/4132/675 3825/4113/657
f 3825/4113/657 3843/4132/675 3844/4133/676 3826/4114/658
f 3826/4115/658 3844/4134/676 3845/4135/677 3827/4116/659
f 3827/4116/659 3845/4135/677 3846/4136/1050 3828/4117/660
f 3828/4117/660 3846/4136/1050 3847/4137/679 3829/4118/661
f 3829/4118/661 3847/4137/679 3848/4138/680 3830/4119/662
f 3830/4119/662 3848/4138/680 3849/4139/681 3831/4120/663
f 3831/4120/663 3849/4139/681 3850/4140/682 3832/4121/664
f 3832/4121/664 3850/4140/682 3851/4141/683 3833/4122/665
f 3833/4122/665 3851/4141/683 3852/4142/684 3834/4123/666
f 3834/4123/666 3852/4142/684 3835/4124/667 3817/4105/649
f 3853/4143/685 3871/4162/686 3872/4163/687 3854/4144/688
f 3854/4144/688 3872/4163/687 3873/4164/689 3855/4145/690
f 3855/4145/690 3873/4164/689 3874/4165/691 3856/4146/692
f 3856/4146/692 3874/4165/691 3875/4166/693 3857/4147/694
f 3857/4147/694 3875/4166/693 3876/4167/695 3858/4148/696
f 3858/4148/696 3876/4167/695 3877/4168/697 3859/4149/698
f 3859/4149/698 3877/4168/697 3878/4169/699 3860/4150/700
f 3860/4150/700 3878/4169/699 3879/4170/701 3861/4151/702
f 3861/4151/702 3879/4170/701 3880/4171/703 3862/4152/704
f 3862/4153/704 3880/4172/703 3881/4173/705 3863/4154/706
f 3863/4154/706 3881/4173/705 3882/4174/707 3864/4155/708
f 3864/4155/708 3882/4174/707 3883/4175/709 3865/4156/710
f 3865/4156/710 3883/4175/709 3884/4176/711 3866/4157/712
f 3866/4157/712 3884/4176/711 3885/4177/713 3867/4158/714
f 3867/4158/714 3885/4177/713 3886/4178/715 3868/4159/716
f 3868/4159/716 3886/4178/715 3887/4179/717 3869/4160/718
f 3869/4160/718 3887/4179/717 3888/4180/719 3870/4161/720
f 3870/4161/720 3888/4180/719 3871/4162/686 3853/4143/685
f 3871/4162/686 3889/4181/721 3890/4182/722 3872/4163/687
f 3872/4163/687 3890/4182/722 3891/4183/723 3873/4164/689
f 3873/4164/689 3891/4183/723 3892/4184/724 3874/4165/691
f 3874/4165/691 3892/4184/724 3893/4185/725 3875/4166/693
f 3875/4166/693 3893/4185/725 3894/4186/726 3876/4167/695
f 3876/4167/695 3894/4186/726 3895/4187/1085 3877/4168/697
f 3877/4168/697 3895/4187/1085 3896/4188/728 3878/4169/699
f 3878/4169/699 3896/4188/728 3897/4189/729 3879/4170/701
f 3879/4170/701 3897/4189/729 3898/4190/730 3880/4171/703
f 3880/4172/703 3898/4191/730 3899/4192/731 3881/4173/705
f 3881/4173/705 3899/4192/731 3900/4193/1076 3882/4174/707
f 3882/4174/707 3900/4193/1076 3901/4194/733 3883/4175/709
f 3883/4175/709 3901/4194/733 3902/4195/734 3884/4176/711
f 3884/4176/711 3902/4195/734 3903/4196/735 3885/4177/713
f 3885/4177/713 3903/4196/735 3904/4197/736 3886/4178/715
f 3886/4178/715 3904/4197/736 3905/4198/737 3887/4179/717
f 3887/4179/717 3905/4198/737 3906/4199/738 3888/4180/719
f 3888/4180/719 3906/4199/738 3889/4181/721 3871/4162/686
f 3889/4181/721 3907/4200/739 3908/4201/740 3890/4182/722
f 3890/4182/722 3908/4201/740 3909/4202/741 3891/4183/723
f 3891/4183/723 3909/4202/741 3910/4203/742 3892/4184/724
f 3892/4184/724 3910/4203/742 3911/4204/743 3893/4185/725
f 3893/4185/725 3911/4204/743 3912/4205/744 3894/4186/726
f 3894/4186/726 3912/4205/744 3913/4206/745 3895/4187/1085
f 3895/4187/1085 3913/4206/745 3914/4207/746 3896/4188/728
f 3896/4188/728 3914/4207/746 3915/4208/970 3897/4189/729
f 3897/4189/729 3915/4208/970 3916/4209/748 3898/4190/730
f 3898/4191/730 3916/4210/748 3917/4211/749 3899/4192/731
f 3899/4192/731 3917/4211/749 3918/4212/750 3900/4193/1076
f 3900/4193/1076 3918/4212/750 3919/4213/751 3901/4194/733
f 3901/4194/733 3919/4213/751 3920/4214/752 3902/4195/734
f 3902/4195/734 3920/4214/752 3921/4215/753 3903/4196/735
f 3903/4196/735 3921/4215/753 3922/4216/754 3904/4197/736
f 3904/4197/736 3922/4216/754 3923/4217/755 3905/4198/737
f 3905/4198/737 3923/4217/755 3924/4218/756 3906/4199/738
f 3906/4199/738 3924/4218/756 3907/4200/739 3889/4181/721
f 3907/4200/739 3925/4219/757 3926/4220/758 3908/4201/740
f 3908/4201/740 3926/4220/758 3927/4221/759 3909/4202/741
f 3909/4202/741 3927/4221/759 3928/4222/760 3910/4203/742
f 3910/4203/742 3928/4222/760 3929/4223/761 3911/4204/743
f 3911/4204/743 3929/4223/761 3930/4224/762 3912/4205/744
f 3912/4205/744 3930/4224/762 3931/4225/763 3913/4206/745
f 3913/4206/745 3931/4225/763 3932/4226/764 3914/4207/746
f 3914/4207/746 3932/4226/764 3933/4227/765 3915/4208/970
f 3915/4208/970 3933/4227/765 3934/4228/766 3916/4209/748
f 3916/4210/748 3934/4229/766 3935/4230/767 3917/4211/749
f 3917/4211/749 3935/4230/767 3936/4231/768 3918/4212/750
f 3918/4212/750 3936/4231/768 3937/4232/769 3919/4213/751
f 3919/4213/751 3937/4232/769 3938/4233/770 3920/4214/752
f 3920/4214/752 3938/4233/770 3939/4234/771 3921/4215/753
f 3921/4215/753 3939/4234/771 3940/4235/772 3922/4216/754
f 3922/4216/754 3940/4235/772 3941/4236/773 3923/4217/755
f 3923/4217/755 3941/4236/773 3942/4237/774 3924/4218/756
f 3924/4218/756 3942/4237/774 3925/4219/757 3907/4200/739
f 3925/4219/757 3943/4238/775 3944/4239/776 3926/4220/758
f 3926/4220/758 3944/4239/776 3945/4240/777 3927/4221/759
f 3927/4221/759 3945/4240/777 3946/4241/778 3928/4222/760
f 3928/4222/760 3946/4241/778 3947/4242/779 3929/4223/761
f 3929/4223/761 3947/4242/779 3948/4243/780 3930/4224/762
f 3930/4224/762 3948/4243/780 3949/4244/781 3931/4225/763
f 3931/4225/763 3949/4244/781 3950/4245/782 3932/4226/764
f 3932/4226/764 3950/4245/782 3951/4246/783 3933/4227/765
f 3933/4227/765 3951/4246/783 3952/4247/784 3934/4228/766
f 3934/4229/766 3952/4248/784 3953/4249/785 3935/4230/767
f 3935/4230/767 3953/4249/785 3954/4250/786 3936/4231/768
f 3936/4231/768 3954/4250/786 3955/4251/787 3937/4232/769
f 3937/4232/769 3955/4251/787 3956/4252/788 3938/4233/770
f 3938/4233/770 3956/4252/788 3957/4253/789 3939/4234/771
f 3939/4234/771 3957/4253/789 3958/4254/790 3940/4235/772
f 3940/4235/772 3958/4254/790 3959/4255/791 3941/4236/773
f 3941/4236/773 3959/4255/791 3960/4256/792 3942/4237/774
f 3942/4237/774 3960/4256/792 3943/4238/775 3925/4219/757
f 3943/4238/775 3961/4257/793 3962/4258/794 3944/4239/776
f 3944/4239/776 3962/4258/794 3963/4259/795 3945/4240/777
f 3945/4240/777 3963/4259/795 3964/4260/796 3946/4241/778
f 3946/4241/778 3964/4260/796 3965/4261/797 3947/4242/779
f 3947/4242/779 3965/4261/797 3966/4262/798 3948/4243/780
f 3948/4243/780 3966/4262/798 3967/4263/799 3949/4244/781
f 3949/4244/781 3967/4263/799 3968/4264/800 3950/4245/782
f 3950/4245/782 3968/4264/800 3969/4265/801 3951/4246/783
f 3951/4246/783 3969/4265/801 3970/4266/802 3952/4247/784
f 3952/4248/784 3970/4267/802 3971/4268/803 3953/4249/785
f 3953/4249/785 3971/4268/803 3972/4269/804 3954/4250/786
f 3954/4250/786 3972/4269/804 3973/4270/805 3955/4251/787
f 3955/4251/787 3973/4270/805 3974/4271/806 3956/4252/788
f 3956/4252/788 3974/4271/806 3975/4272/807 3957/4253/789
f 3957/4253/789 3975/4272/807 3976/4273/808 3958/4254/790
f 3958/4254/790 3976/4273/808 3977/4274/809 3959/4255/791
f 3959/4255/791 3977/4274/809 3978/4275/810 3960/4256/792
f 3960/4256/792 3978/4275/810 3961/4257/793 3943/4238/775
f 3961/4257/793 3979/4276/811 3980/4277/812 3962/4258/794
f 3962/4258/794 3980/4277/812 3981/4278/813 3963/4259/795
f 3963/4259/795 3981/4278/813 3982/4279/814 3964/4260/796
f 3964/4260/796 3982/4279/814 3983/4280/815 3965/4261/797
f 3965/4261/797 3983/4280/815 3984/4281/816 3966/4262/798
f 3966/4262/798 3984/4281/816 3985/4282/817 3967/4263/799
f 3967/4263/799 3985/4282/817 3986/4283/818 3968/4264/800
f 3968/4264/800 3986/4283/818 3987/4284/819 3969/4265/801
f 3969/4265/801 3987/4284/819 3988/4285/820 3970/4266/802
f 3970/4267/802 3988/4286/820 3989/4287/821 3971/4268/803
f 3971/4268/803 3989/4287/821 3990/4288/822 3972/4269/804
f 3972/4269/804 3990/4288/822 3991/4289/823 3973/4270/805
f 3973/4270/805 3991/4289/823 3992/4290/824 3974/4271/806
f 3974/4271/806 3992/4290/824 3993/4291/825 3975/4272/807
f 3975/4272/807 3993/4291/825 3994/4292/826 3976/4273/808
f 3976/4273/808 3994/4292/826 3995/4293/827 3977/4274/809
f 3977/4274/809 3995/4293/827 3996/4294/828 3978/4275/810
f 3978/4275/810 3996/4294/828 3979/4276/811 3961/4257/793
f 3979/4276/811 3997/4295/829 3998/4296/830 3980/4277/812
f 3980/4277/812 3998/4296/830 3999/4297/831 3981/4278/813
f 3981/4278/813 3999/4297/831 4000/4298/832 3982/4279/814
f 3982/4279/814 4000/4298/832 4001/4299/833 3983/4280/815
f 3983/4280/815 4001/4299/833 4002/4300/834 3984/4281/816
f 3984/4281/816 4002/4300/834 4003/4301/835 3985/4282/817
f 3985/4282/817 4003/4301/835 4004/4302/836 3986/4283/818
f 3986/4283/818 4004/4302/836 4005/4303/837 3987/4284/819
f 3987/4284/819 4005/4303/837 4006/4304/838 3988/4285/820
f 3988/4286/820 4006/4305/838 4007/4306/839 3989/4287/821
f 3989/4287/821 4007/4306/839 4008/4307/971 3990/4288/822
f 3990/4288/822 4008/4307/971 4009/4308/841 3991/4289/823
f 3991/4289/823 4009/4308/841 4010/4309/842 3992/4290/824
f 3992/4290/824 4010/4309/842 4011/4310/843 3993/4291/825
f 3993/4291/825 4011/4310/843 4012/4311/844 3994/4292/826
f 3994/4292/826 4012/4311/844 4013/4312/845 3995/4293/827
f 3995/4293/827 4013/4312/845 4014/4313/846 3996/4294/828
f 3996/4294/828 4014/4313/846 3997/4295/829 3979/4276/811
f 3997/4295/829 4015/4314/847 4016/4315/848 3998/4296/830
f 3998/4296/830 4016/4315/848 4017/4316/849 3999/4297/831
f 3999/4297/831 4017/4316/849 4018/4317/850 4000/4298/832
f 4000/4298/832 4018/4317/850 4019/4318/851 4001/4299/833
f 4001/4299/833 4019/4318/851 4020/4319/852 4002/4300/834
f 4002/4300/834 4020/4319/852 4021/4320/853 4003/4301/835
f 4003/4301/835 4021/4320/853 4022/4321/854 4004/4302/836
f 4004/4302/836 4022/4321/854 4023/4322/855 4005/4303/837
f 4005/4303/837 4023/4322/855 4024/4323/856 4006/4304/838
f 4006/4305/838 4024/4324/856 4025/4325/857 4007/4306/839
f 4007/4306/839 4025/4325/857 4026/4326/858 4008/4307/971
f 4008/4307/971 4026/4326/858 4027/4327/859 4009/4308/841
f 4009/4308/841 4027/4327/859 4028/4328/860 4010/4309/842
f 4010/4309/842 4028/4328/860 4029/4329/861 4011/4310/843
f 4011/4310/843 4029/4329/861 4030/4330/862 4012/4311/844
f 4012/4311/844 4030/4330/862 4031/4331/863 4013/4312/845
f 4013/4312/845 4031/4331/863 4032/4332/864 4014/4313/846
f 4014/4313/846 4032/4332/864 4015/4314/847 3997/4295/829
f 4015/4314/847 4033/4333/865 4034/4334/866 4016/4315/848
f 4016/4315/848 4034/4334/866 4035/4335/867 4017/4316/849
f 4017/4316/849 4035/4335/867 4036/4336/868 4018/4317/850
f 4018/4317/850 4036/4336/868 4037/4337/869 4019/4318/851
f 4019/4318/851 4037/4337/869 4038/4338/870 4020/4319/852
f 4020/4319/852 4038/4338/870 4039/4339/871 4021/4320/853
f 4021/4320/853 4039/4339/871 4040/4340/872 4022/4321/854
f 4022/4321/854 4040/4340/872 4041/4341/873 4023/4322/855
f 4023/4322/855 4041/4341/873 4042/4342/874 4024/4323/856
f 4024/4324/856 4042/4343/874 4043/4344/875 4025/4325/857
f 4025/4325/857 4043/4344/875 4044/4345/876 4026/4326/858
f 4026/4326/858 4044/4345/876 4045/4346/877 4027/4327/859
f 4027/4327/859 4045/4346/877 4046/4347/878 4028/4328/860
f 4028/4328/860 4046/4347/878 4047/4348/879 4029/4329/861
f 4029/4329/861 4047/4348/879 4048/4349/880 4030/4330/862
f 4030/4330/862 4048/4349/880 4049/4350/881 4031/4331/863
f 4031/4331/863 4049/4350/881 4050/4351/882 4032/4332/864
f 4032/4332/864 4050/4351/882 4033/4333/865 4015/4314/847
f 4033/4333/865 4051/4352/883 4052/4353/884 4034/4334/866
f 4034/4334/866 4052/4353/884 4053/4354/885 4035/4335/867
f 4035/4335/867 4053/4354/885 4054/4355/886 4036/4336/868
f 4036/4336/868 4054/4355/886 4055/4356/887 4037/4337/869
f 4037/4337/869 4055/4356/887 4056/4357/888 4038/4338/870
f 4038/4338/870 4056/4357/888 4057/4358/889 4039/4339/871
f 4039/4339/871 4057/4358/889 4058/4359/890 4040/4340/872
f 4040/4340/872 4058/4359/890 4059/4360/891 4041/4341/873
f 4041/4341/873 4059/4360/891 4060/4361/892 4042/4342/874
f 4042/4343/874 4060/4362/892 4061/4363/893 4043/4344/875
f 4043/4344/875 4061/4363/893 4062/4364/894 4044/4345/876
f 4044/4345/876 4062/4364/894 4063/4365/895 4045/4346/877
f 4045/4346/877 4063/4365/895 4064/4366/896 4046/4347/878
f 4046/4347/878 4064/4366/896 4065/4367/897 4047/4348/879
f 4047/4348/879 4065/4367/897 4066/4368/898 4048/4349/880
f 4048/4349/880 4066/4368/898 4067/4369/899 4049/4350/881
f 4049/4350/881 4067/4369/899 4068/4370/900 4050/4351/882
f 4050/4351/882 4068/4370/900 4051/4352/883 4033/4333/865
f 4051/4352/883 3637/3915/469 3638/3916/472 4052/4353/884
f 4052/4353/884 3638/3916/472 3639/3917/474 4053/4354/885
f 4053/4354/885 3639/3917/474 3640/3918/476 4054/4355/886
f 4054/4355/886 3640/3918/476 3641/3919/478 4055/4356/887
f 4055/4356/887 3641/3919/478 3642/3920/480 4056/4357/888
f 4056/4357/888 3642/3920/480 3643/3921/482 4057/4358/889
f 4057/4358/889 3643/3921/482 3644/3922/484 4058/4359/890
f 4058/4359/890 3644/3922/484 3645/3923/486 4059/4360/891
f 4059/4360/891 3645/3923/486 3646/3924/488 4060/4361/892
f 4060/4362/892 3646/3925/488 3647/3926/490 4061/4363/893
f 4061/4363/893 3647/3926/490 3648/3927/492 4062/4364/894
f 4062/4364/894 3648/3927/492 3649/3928/494 4063/4365/895
f 4063/4365/895 3649/3928/494 3650/3929/496 4064/4366/896
f 4064/4366/896 3650/3929/496 3651/3930/1080 4065/4367/897
f 4065/4367/897 3651/3930/1080 3652/3931/500 4066/4368/898
f 4066/4368/898 3652/3931/500 3653/3932/502 4067/4369/899
f 4067/4369/899 3653/3932/502 3654/3933/504 4068/4370/900
f 4068/4370/900 3654/3933/504 3637/3915/469 4051/4352/883
f 4069/4371/1 4087/4390/2 4088/4391/3 4070/4372/901
f 4070/4372/901 4088/4391/3 4089/4392/5 4071/4373/6
f 4071/4373/6 4089/4392/5 4090/4393/7 4072/4374/8
f 4072/4374/8 4090/4393/7 4091/4394/9 4073/4375/10
f 4073/4375/10 4091/4394/9 4092/4395/11 4074/4376/12
f 4074/4376/12 4092/4395/11 4093/4396/13 4075/4377/14
f 4075/4377/14 4093/4396/13 4094/4397/15 4076/4378/16
f 4076/4378/16 4094/4397/15 4095/4398/17 4077/4379/902
f 4077/4379/902 4095/4398/17 4096/4399/19 4078/4380/20
f 4078/4381/20 4096/4400/19 4097/4401/21 4079/4382/22
f 4079/4382/22 4097/4401/21 4098/4402/23 4080/4383/24
f 4080/4383/24 4098/4402/23 4099/4403/25 4081/4384/26
f 4081/4384/26 4099/4403/25 4100/4404/27 4082/4385/28
f 4082/4385/28 4100/4404/27 4101/4405/29 4083/4386/30
f 4083/4386/30 4101/4405/29 4102/4406/31 4084/4387/32
f 4084/4387/32 4102/4406/31 4103/4407/33 4085/4388/34
f 4085/4388/34 4103/4407/33 4104/4408/35 4086/4389/903
f 4086/4389/903 4104/4408/35 4087/4390/2 4069/4371/1
f 4087/4390/2 4105/4409/37 4106/4410/38 4088/4391/3
f 4088/4391/3 4106/4410/38 4107/4411/39 4089/4392/5
f 4089/4392/5 4107/4411/39 4108/4412/40 4090/4393/7
f 4090/4393/7 4108/4412/40 4109/4413/41 4091/4394/9
f 4091/4394/9 4109/4413/41 4110/4414/42 4092/4395/11
f 4092/4395/11 4110/4414/42 4111/4415/43 4093/4396/13
f 4093/4396/13 4111/4415/43 4112/4416/44 4094/4397/15
f 4094/4397/15 4112/4416/44 4113/4417/45 4095/4398/17
f 4095/4398/17 4113/4417/45 4114/4418/46 4096/4399/19
f 4096/4400/19 4114/4419/46 4115/4420/47 4097/4401/21
f 4097/4401/21 4115/4420/47 4116/4421/48 4098/4402/23
f 4098/4402/23 4116/4421/48 4117/4422/49 4099/4403/25
f 4099/4403/25 4117/4422/49 4118/4423/50 4100/4404/27
f 4100/4404/27 4118/4423/50 4119/4424/51 4101/4405/29
f 4101/4405/29 4119/4424/51 4120/4425/52 4102/4406/31
f 4102/4406/31 4120/4425/52 4121/4426/53 4103/4407/33
f 4103/4407/33 4121/4426/53 4122/4427/904 4104/4408/35
f 4104/4408/35 4122/4427/904 4105/4409/37 4087/4390/2
f 4105/4409/37 4123/4428/55 4124/4429/56 4106/4410/38
f 4106/4410/38 4124/4429/56 4125/4430/57 4107/4411/39
f 4107/4411/39 4125/4430/57 4126/4431/58 4108/4412/40
f 4108/4412/40 4126/4431/58 4127/4432/59 4109/4413/41
f 4109/4413/41 4127/4432/59 4128/4433/60 4110/4414/42
f 4110/4414/42 4128/4433/60 4129/4434/61 4111/4415/43
f 4111/4415/43 4129/4434/61 4130/4435/62 4112/4416/44
f 4112/4416/44 4130/4435/62 4131/4436/63 4113/4417/45
f 4113/4417/45 4131/4436/63 4132/4437/64 4114/4418/46
f 4114/4419/46 4132/4438/64 4133/4439/65 4115/4420/47
f 4115/4420/47 4133/4439/65 4134/4440/66 4116/4421/48
f 4116/4421/48 4134/4440/66 4135/4441/67 4117/4422/49
f 4117/4422/49 4135/4441/67 4136/4442/68 4118/4423/50
f 4118/4423/50 4136/4442/68 4137/4443/69 4119/4424/51
f 4119/4424/51 4137/4443/69 4138/4444/70 4120/4425/52
f 4120/4425/52 4138/4444/70 4139/4445/71 4121/4426/53
f 4121/4426/53 4139/4445/71 4140/4446/72 4122/4427/904
f 4122/4427/904 4140/4446/72 4123/4428/55 4105/4409/37
f 4123/4428/55 4141/4447/73 4142/4448/74 4124/4429/56
f 4124/4429/56 4142/4448/74 4143/4449/75 4125/4430/57
f 4125/4430/57 4143/4449/75 4144/4450/76 4126/4431/58
f 4126/4431/58 4144/4450/76 4145/4451/77 4127/4432/59
f 4127/4432/59 4145/4451/77 4146/4452/78 4128/4433/60
f 4128/4433/60 4146/4452/78 4147/4453/79 4129/4434/61
f 4129/4434/61 4147/4453/79 4148/4454/80 4130/4435/62
f 4130/4435/62 4148/4454/80 4149/4455/81 4131/4436/63
f 4131/4436/63 4149/4455/81 4150/4456/82 4132/4437/64
f 4132/4438/64 4150/4457/82 4151/4458/83 4133/4439/65
f 4133/4439/65 4151/4458/83 4152/4459/84 4134/4440/66
f 4134/4440/66 4152/4459/84 4153/4460/85 4135/4441/67
f 4135/4441/67 4153/4460/85 4154/4461/86 4136/4442/68
f 4136/4442/68 4154/4461/86 4155/4462/87 4137/4443/69
f 4137/4443/69 4155/4462/87 4156/4463/88 4138/4444/70
f 4138/4444/70 4156/4463/88 4157/4464/89 4139/4445/71
f 4139/4445/71 4157/4464/89 4158/4465/90 4140/4446/72
f 4140/4446/72 4158/4465/90 4141/4447/73 4123/4428/55
f 4141/4447/73 4159/4466/91 4160/4467/92 4142/4448/74
f 4142/4448/74 4160/4467/92 4161/4468/93 4143/4449/75
f 4143/4449/75 4161/4468/93 4162/4469/94 4144/4450/76
f 4144/4450/76 4162/4469/94 4163/4470/95 4145/4451/77
f 4145/4451/77 4163/4470/95 4164/4471/96 4146/4452/78
f 4146/4452/78 4164/4471/96 4165/4472/97 4147/4453/79
f 4147/4453/79 4165/4472/97 4166/4473/98 4148/4454/80
f 4148/4454/80 4166/4473/98 4167/4474/99 4149/4455/81
f 4149/4455/81 4167/4474/99 4168/4475/100 4150/4456/82
f 4150/4457/82 4168/4476/100 4169/4477/101 4151/4458/83
f 4151/4458/83 4169/4477/101 4170/4478/102 4152/4459/84
f 4152/4459/84 4170/4478/102 4171/4479/103 4153/4460/85
f 4153/4460/85 4171/4479/103 4172/4480/104 4154/4461/86
f 4154/4461/86 4172/4480/104 4173/4481/105 4155/4462/87
f 4155/4462/87 4173/4481/105 4174/4482/106 4156/4463/88
f 4156/4463/88 4174/4482/106 4175/4483/107 4157/4464/89
f 4157/4464/89 4175/4483/107 4176/4484/108 4158/4465/90
f 4158/4465/90 4176/4484/108 4159/4466/91 4141/4447/73
f 4159/4466/91 4177/4485/109 4178/4486/110 4160/4467/92
f 4160/4467/92 4178/4486/110 4179/4487/111 4161/4468/93
f 4161/4468/93 4179/4487/111 4180/4488/112 4162/4469/94
f 4162/4469/94 4180/4488/112 4181/4489/113 4163/4470/95
f 4163/4470/95 4181/4489/113 4182/4490/114 4164/4471/96
f 4164/4471/96 4182/4490/114 4183/4491/115 4165/4472/97
f 4165/4472/97 4183/4491/115 4184/4492/116 4166/4473/98
f 4166/4473/98 4184/4492/116 4185/4493/117 4167/4474/99
f 4167/4474/99 4185/4493/117 4186/4494/118 4168/4475/100
f 4168/4476/100 4186/4495/118 4187/4496/119 4169/4477/101
f 4169/4477/101 4187/4496/119 4188/4497/120 4170/4478/102
f 4170/4478/102 4188/4497/120 4189/4498/121 4171/4479/103
f 4171/4479/103 4189/4498/121 4190/4499/122 4172/4480/104
f 4172/4480/104 4190/4499/122 4191/4500/123 4173/4481/105
f 4173/4481/105 4191/4500/123 4192/4501/124 4174/4482/106
f 4174/4482/106 4192/4501/124 4193/4502/125 4175/4483/107
f 4175/4483/107 4193/4502/125 4194/4503/126 4176/4484/108
f 4176/4484/108 4194/4503/126 4177/4485/109 4159/4466/91
f 4177/4485/109 4195/4504/127 4196/4505/128 4178/4486/110
f 4178/4486/110 4196/4505/128 4197/4506/129 4179/4487/111
f 4179/4487/111 4197/4506/129 4198/4507/130 4180/4488/112
f 4180/4488/112 4198/4507/130 4199/4508/131 4181/4489/113
f 4181/4489/113 4199/4508/131 4200/4509/132 4182/4490/114
f 4182/4490/114 4200/4509/132 4201/4510/133 4183/4491/115
f 4183/4491/115 4201/4510/133 4202/4511/134 4184/4492/116
f 4184/4492/116 4202/4511/134 4203/4512/135 4185/4493/117
f 4185/4493/117 4203/4512/135 4204/4513/136 4186/4494/118
f 4186/4495/118 4204/4514/136 4205/4515/137 4187/4496/119
f 4187/4496/119 4205/4515/137 4206/4516/138 4188/4497/120
f 4188/4497/120 4206/4516/138 4207/4517/139 4189/4498/121
f 4189/4498/121 4207/4517/139 4208/4518/140 4190/4499/122
f 4190/4499/122 4208/4518/140 4209/4519/141 4191/4500/123
f 4191/4500/123 4209/4519/141 4210/4520/142 4192/4501/124
f 4192/4501/124 4210/4520/142 4211/4521/143 4193/4502/125
f 4193/4502/125 4211/4521/143 4212/4522/144 4194/4503/126
f 4194/4503/126 4212/4522/144 4195/4504/127 4177/4485/109
f 4195/4504/127 4213/4523/145 4214/4524/146 4196/4505/128
f 4196/4505/128 4214/4524/146 4215/4525/147 4197/4506/129
f 4197/4506/129 4215/4525/147 4216/4526/148 4198/4507/130
f 4198/4507/130 4216/4526/148 4217/4527/149 4199/4508/131
f 4199/4508/131 4217/4527/149 4218/4528/150 4200/4509/132
f 4200/4509/132 4218/4528/150 4219/4529/151 4201/4510/133
f 4201/4510/133 4219/4529/151 4220/4530/152 4202/4511/134
f 4202/4511/134 4220/4530/152 4221/4531/153 4203/4512/135
f 4203/4512/135 4221/4531/153 4222/4532/154 4204/4513/136
f 4204/4514/136 4222/4533/154 4223/4534/155 4205/4515/137
f 4205/4515/137 4223/4534/155 4224/4535/156 4206/4516/138
f 4206/4516/138 4224/4535/156 4225/4536/157 4207/4517/139
f 4207/4517/139 4225/4536/157 4226/4537/158 4208/4518/140
f 4208/4518/140 4226/4537/158 4227/4538/159 4209/4519/141
f 4209/4519/141 4227/4538/159 4228/4539/160 4210/4520/142
f 4210/4520/142 4228/4539/160 4229/4540/161 4211/4521/143
f 4211/4521/143 4229/4540/161 4230/4541/162 4212/4522/144
f 4212/4522/144 4230/4541/162 4213/4523/145 4195/4504/127
f 4213/4523/145 4231/4542/163 4232/4543/164 4214/4524/146
f 4214/4524/146 4232/4543/164 4233/4544/165 4215/4525/147
f 4215/4525/147 4233/4544/165 4234/4545/166 4216/4526/148
f 4216/4526/148 4234/4545/166 4235/4546/167 4217/4527/149
f 4217/4527/149 4235/4546/167 4236/4547/168 4218/4528/150
f 4218/4528/150 4236/4547/168 4237/4548/169 4219/4529/151
f 4219/4529/151 4237/4548/169 4238/4549/170 4220/4530/152
f 4220/4530/152 4238/4549/170 4239/4550/171 4221/4531/153
f 4221/4531/153 4239/4550/171 4240/4551/172 4222/4532/154
f 4222/4533/154 4240/4552/172 4241/4553/173 4223/4534/155
f 4223/4534/155 4241/4553/173 4242/4554/174 4224/4535/156
f 4224/4535/156 4242/4554/174 4243/4555/175 4225/4536/157
f 4225/4536/157 4243/4555/175 4244/4556/176 4226/4537/158
f 4226/4537/158 4244/4556/176 4245/4557/177 4227/4538/159
f 4227/4538/159 4245/4557/177 4246/4558/178 4228/4539/160
f 4228/4539/160 4246/4558/178 4247/4559/179 4229/4540/161
f 4229/4540/161 4247/4559/179 4248/4560/180 4230/4541/162
f 4230/4541/162 4248/4560/180 4231/4542/163 4213/4523/145
f 4231/4542/163 4249/4561/181 4250/4562/182 4232/4543/164
f 4232/4543/164 4250/4562/182 4251/4563/183 4233/4544/165
f 4233/4544/165 4251/4563/183 4252/4564/184 4234/4545/166
f 4234/4545/166 4252/4564/184 4253/4565/1086 4235/4546/167
f 4235/4546/167 4253/4565/1086 4254/4566/186 4236/4547/168
f 4236/4547/168 4254/4566/186 4255/4567/187 4237/4548/169
f 4237/4548/169 4255/4567/187 4256/4568/188 4238/4549/170
f 4238/4549/170 4256/4568/188 4257/4569/189 4239/4550/171
f 4239/4550/171 4257/4569/189 4258/4570/190 4240/4551/172
f 4240/4552/172 4258/4571/190 4259/4572/191 4241/4553/173
f 4241/4553/173 4259/4572/191 4260/4573/192 4242/4554/174
f 4242/4554/174 4260/4573/192 4261/4574/193 4243/4555/175
f 4243/4555/175 4261/4574/193 4262/4575/194 4244/4556/176
f 4244/4556/176 4262/4575/194 4263/4576/195 4245/4557/177
f 4245/4557/177 4263/4576/195 4264/4577/196 4246/4558/178
f 4246/4558/178 4264/4577/196 4265/4578/197 4247/4559/179
f 4247/4559/179 4265/4578/197 4266/4579/198 4248/4560/180
f 4248/4560/180 4266/4579/198 4249/4561/181 4231/4542/163
f 4249/4561/181 4267/4580/199 4268/4581/200 4250/4562/182
f 4250/4562/182 4268/4581/200 4269/4582/201 4251/4563/183
f 4251/4563/183 4269/4582/201 4270/4583/202 4252/4564/184
f 4252/4564/184 4270/4583/202 4271/4584/203 4253/4565/1086
f 4253/4565/1086 4271/4584/203 4272/4585/204 4254/4566/186
f 4254/4566/186 4272/4585/204 4273/4586/205 4255/4567/187
f 4255/4567/187 4273/4586/205 4274/4587/206 4256/4568/188
f 4256/4568/188 4274/4587/206 4275/4588/207 4257/4569/189
f 4257/4569/189 4275/4588/207 4276/4589/208 4258/4570/190
f 4258/4571/190 4276/4590/208 4277/4591/209 4259/4572/191
f 4259/4572/191 4277/4591/209 4278/4592/210 4260/4573/192
f 4260/4573/192 4278/4592/210 4279/4593/211 4261/4574/193
f 4261/4574/193 4279/4593/211 4280/4594/212 4262/4575/194
f 4262/4575/194 4280/4594/212 4281/4595/213 4263/4576/195
f 4263/4576/195 4281/4595/213 4282/4596/214 4264/4577/196
f 4264/4577/196 4282/4596/214 4283/4597/215 4265/4578/197
f 4265/4578/197 4283/4597/215 4284/4598/216 4266/4579/198
f 4266/4579/198 4284/4598/216 4267/4580/199 4249/4561/181
f 4267/4580/199 4285/4599/217 4286/4600/907 4268/4581/200
f 4268/4581/200 4286/4600/907 4287/4601/219 4269/4582/201
f 4269/4582/201 4287/4601/219 4288/4602/220 4270/4583/202
f 4270/4583/202 4288/4602/220 4289/4603/221 4271/4584/203
f 4271/4584/203 4289/4603/221 4290/4604/222 4272/4585/204
f 4272/4585/204 4290/4604/222 4291/4605/223 4273/4586/205
f 4273/4586/205 4291/4605/223 4292/4606/224 4274/4587/206
f 4274/4587/206 4292/4606/224 4293/4607/225 4275/4588/207
f 4275/4588/207 4293/4607/225 4294/4608/226 4276/4589/208
f 4276/4590/208 4294/4609/226 4295/4610/227 4277/4591/209
f 4277/4591/209 4295/4610/227 4296/4611/228 4278/4592/210
f 4278/4592/210 4296/4611/228 4297/4612/1087 4279/4593/211
f 4279/4593/211 4297/4612/1087 4298/4613/230 4280/4594/212
f 4280/4594/212 4298/4613/230 4299/4614/231 4281/4595/213
f 4281/4595/213 4299/4614/231 4300/4615/232 4282/4596/214
f 4282/4596/214 4300/4615/232 4301/4616/233 4283/4597/215
f 4283/4597/215 4301/4616/233 4302/4617/234 4284/4598/216
f 4284/4598/216 4302/4617/234 4285/4599/217 4267/4580/199
f 4285/4599/217 4303/4618/235 4304/4620/236 4286/4600/907
f 4286/4600/907 4304/4620/236 4305/4622/237 4287/4601/219
f 4287/4601/219 4305/4622/237 4306/4624/238 4288/4602/220
f 4288/4602/220 4306/4624/238 4307/4626/239 4289/4603/221
f 4289/4603/221 4307/4626/239 4308/4628/240 4290/4604/222
f 4290/4604/222 4308/4628/240 4309/4630/241 4291/4605/223
f 4291/4605/223 4309/4630/241 4310/4632/242 4292/4606/224
f 4292/4606/224 4310/4632/242 4311/4634/243 4293/4607/225
f 4293/4607/225 4311/4634/243 4312/4636/244 4294/4608/226
f 4294/4609/226 4312/4637/244 4313/4640/245 4295/4610/227
f 4295/4610/227 4313/4640/245 4314/4642/246 4296/4611/228
f 4296/4611/228 4314/4642/246 4315/4644/247 4297/4612/1087
f 4297/4612/1087 4315/4644/247 4316/4646/248 4298/4613/230
f 4298/4613/230 4316/4646/248 4317/4648/249 4299/4614/231
f 4299/4614/231 4317/4648/249 4318/4650/250 4300/4615/232
f 4300/4615/232 4318/4650/250 4319/4652/251 4301/4616/233
f 4301/4616/233 4319/4652/251 4320/4654/252 4302/4617/234
f 4302/4617/234 4320/4654/252 4303/4618/235 4285/4599/217
f 4303/4619/235 4321/4656/253 4322/4657/254 4304/4621/236
f 4304/4621/236 4322/4657/254 4323/4658/255 4305/4623/237
f 4305/4623/237 4323/4658/255 4324/4659/256 4306/4625/238
f 4306/4625/238 4324/4659/256 4325/4660/257 4307/4627/239
f 4307/4627/239 4325/4660/257 4326/4661/258 4308/4629/240
f 4308/4629/240 4326/4661/258 4327/4662/259 4309/4631/241
f 4309/4631/241 4327/4662/259 4328/4663/260 4310/4633/242
f 4310/4633/242 4328/4663/260 4329/4664/261 4311/4635/243
f 4311/4635/243 4329/4664/261 4330/4665/262 4312/4638/244
f 4312/4639/244 4330/4666/262 4331/4667/263 4313/4641/245
f 4313/4641/245 4331/4667/263 4332/4668/264 4314/4643/246
f 4314/4643/246 4332/4668/264 4333/4669/265 4315/4645/247
f 4315/4645/247 4333/4669/265 4334/4670/266 4316/4647/248
f 4316/4647/248 4334/4670/266 4335/4671/267 4317/4649/249
f 4317/4649/249 4335/4671/267 4336/4672/268 4318/4651/250
f 4318/4651/250 4336/4672/268 4337/4673/269 4319/4653/251
f 4319/4653/251 4337/4673/269 4338/4674/270 4320/4655/252
f 4320/4655/252 4338/4674/270 4321/4656/253 4303/4619/235
f 4321/4656/253 4339/4675/271 4340/4676/272 4322/4657/254
f 4322/4657/254 4340/4676/272 4341/4677/273 4323/4658/255
f 4323/4658/255 4341/4677/273 4342/4678/274 4324/4659/256
f 4324/4659/256 4342/4678/274 4343/4679/275 4325/4660/257
f 4325/4660/257 4343/4679/275 4344/4680/276 4326/4661/258
f 4326/4661/258 4344/4680/276 4345/4681/277 4327/4662/259
f 4327/4662/259 4345/4681/277 4346/4682/278 4328/4663/260
f 4328/4663/260 4346/4682/278 4347/4683/279 4329/4664/261
f 4329/4664/261 4347/4683/279 4348/4684/280 4330/4665/262
f 4330/4666/262 4348/4685/280 4349/4686/281 4331/4667/263
f 4331/4667/263 4349/4686/281 4350/4687/282 4332/4668/264
f 4332/4668/264 4350/4687/282 4351/4688/283 4333/4669/265
f 4333/4669/265 4351/4688/283 4352/4689/284 4334/4670/266
f 4334/4670/266 4352/4689/284 4353/4690/285 4335/4671/267
f 4335/4671/267 4353/4690/285 4354/4691/286 4336/4672/268
f 4336/4672/268 4354/4691/286 4355/4692/287 4337/4673/269
f 4337/4673/269 4355/4692/287 4356/4693/288 4338/4674/270
f 4338/4674/270 4356/4693/288 4339/4675/271 4321/4656/253
f 4339/4675/271 4357/4694/289 4358/4695/290 4340/4676/272
f 4340/4676/272 4358/4695/290 4359/4696/291 4341/4677/273
f 4341/4677/273 4359/4696/291 4360/4697/292 4342/4678/274
f 4342/4678/274 4360/4697/292 4361/4698/293 4343/4679/275
f 4343/4679/275 4361/4698/293 4362/4699/294 4344/4680/276
f 4344/4680/276 4362/4699/294 4363/4700/295 4345/4681/277
f 4345/4681/277 4363/4700/295 4364/4701/296 4346/4682/278
f 4346/4682/278 4364/4701/296 4365/4702/297 4347/4683/279
f 4347/4683/279 4365/4702/297 4366/4703/298 4348/4684/280
f 4348/4685/280 4366/4704/298 4367/4705/299 4349/4686/281
f 4349/4686/281 4367/4705/299 4368/4706/300 4350/4687/282
f 4350/4687/282 4368/4706/300 4369/4707/301 4351/4688/283
f 4351/4688/283 4369/4707/301 4370/4708/302 4352/4689/284
f 4352/4689/284 4370/4708/302 4371/4709/303 4353/4690/285
f 4353/4690/285 4371/4709/303 4372/4710/304 4354/4691/286
f 4354/4691/286 4372/4710/304 4373/4711/305 4355/4692/287
f 4355/4692/287 4373/4711/305 4374/4712/306 4356/4693/288
f 4356/4693/288 4374/4712/306 4357/4694/289 4339/4675/271
f 4357/4694/289 4375/4713/307 4376/4714/308 4358/4695/290
f 4358/4695/290 4376/4714/308 4377/4715/309 4359/4696/291
f 4359/4696/291 4377/4715/309 4378/4716/310 4360/4697/292
f 4360/4697/292 4378/4716/310 4379/4717/311 4361/4698/293
f 4361/4698/293 4379/4717/311 4380/4718/312 4362/4699/294
f 4362/4699/294 4380/4718/312 4381/4719/313 4363/4700/295
f 4363/4700/295 4381/4719/313 4382/4720/314 4364/4701/296
f 4364/4701/296 4382/4720/314 4383/4721/315 4365/4702/297
f 4365/4702/297 4383/4721/315 4384/4722/316 4366/4703/298
f 4366/4704/298 4384/4723/316 4385/4724/317 4367/4705/299
f 4367/4705/299 4385/4724/317 4386/4725/318 4368/4706/300
f 4368/4706/300 4386/4725/318 4387/4726/319 4369/4707/301
f 4369/4707/301 4387/4726/319 4388/4727/320 4370/4708/302
f 4370/4708/302 4388/4727/320 4389/4728/321 4371/4709/303
f 4371/4709/303 4389/4728/321 4390/4729/322 4372/4710/304
f 4372/4710/304 4390/4729/322 4391/4730/323 4373/4711/305
f 4373/4711/305 4391/4730/323 4392/4731/324 4374/4712/306
f 4374/4712/306 4392/4731/324 4375/4713/307 4357/4694/289
f 4375/4713/307 4393/4732/325 4394/4733/326 4376/4714/308
f 4376/4714/308 4394/4733/326 4395/4734/327 4377/4715/309
f 4377/4715/309 4395/4734/327 4396/4735/328 4378/4716/310
f 4378/4716/310 4396/4735/328 4397/4736/329 4379/4717/311
f 4379/4717/311 4397/4736/329 4398/4737/330 4380/4718/312
f 4380/4718/312 4398/4737/330 4399/4738/331 4381/4719/313
f 4381/4719/313 4399/4738/331 4400/4739/332 4382/4720/314
f 4382/4720/314 4400/4739/332 4401/4740/333 4383/4721/315
f 4383/4721/315 4401/4740/333 4402/4741/334 4384/4722/316
f 4384/4723/316 4402/4742/334 4403/4743/335 4385/4724/317
f 4385/4724/317 4403/4743/335 4404/4744/336 4386/4725/318
f 4386/4725/318 4404/4744/336 4405/4745/337 4387/4726/319
f 4387/4726/319 4405/4745/337 4406/4746/338 4388/4727/320
f 4388/4727/320 4406/4746/338 4407/4747/339 4389/4728/321
f 4389/4728/321 4407/4747/339 4408/4748/340 4390/4729/322
f 4390/4729/322 4408/4748/340 4409/4749/341 4391/4730/323
f 4391/4730/323 4409/4749/341 4410/4750/342 4392/4731/324
f 4392/4731/324 4410/4750/342 4393/4732/325 4375/4713/307
f 4393/4732/325 4411/4751/343 4412/4752/344 4394/4733/326
f 4394/4733/326 4412/4752/344 4413/4753/345 4395/4734/327
f 4395/4734/327 4413/4753/345 4414/4754/346 4396/4735/328
f 4396/4735/328 4414/4754/346 4415/4755/347 4397/4736/329
f 4397/4736/329 4415/4755/347 4416/4756/348 4398/4737/330
f 4398/4737/330 4416/4756/348 4417/4757/349 4399/4738/331
f 4399/4738/331 4417/4757/349 4418/4758/350 4400/4739/332
f 4400/4739/332 4418/4758/350 4419/4759/351 4401/4740/333
f 4401/4740/333 4419/4759/351 4420/4760/352 4402/4741/334
f 4402/4742/334 4420/4761/352 4421/4762/353 4403/4743/335
f 4403/4743/335 4421/4762/353 4422/4763/354 4404/4744/336
f 4404/4744/336 4422/4763/354 4423/4764/355 4405/4745/337
f 4405/4745/337 4423/4764/355 4424/4765/356 4406/4746/338
f 4406/4746/338 4424/4765/356 4425/4766/357 4407/4747/339
f 4407/4747/339 4425/4766/357 4426/4767/358 4408/4748/340
f 4408/4748/340 4426/4767/358 4427/4768/359 4409/4749/341
f 4409/4749/341 4427/4768/359 4428/4769/360 4410/4750/342
f 4410/4750/342 4428/4769/360 4411/4751/343 4393/4732/325
f 4411/4751/343 4429/4770/361 4430/4771/362 4412/4752/344
f 4412/4752/344 4430/4771/362 4431/4772/363 4413/4753/345
f 4413/4753/345 4431/4772/363 4432/4773/364 4414/4754/346
f 4414/4754/346 4432/4773/364 4433/4774/365 4415/4755/347
f 4415/4755/347 4433/4774/365 4434/4775/366 4416/4756/348
f 4416/4756/348 4434/4775/366 4435/4776/367 4417/4757/349
f 4417/4757/349 4435/4776/367 4436/4777/368 4418/4758/350
f 4418/4758/350 4436/4777/368 4437/4778/369 4419/4759/351
f 4419/4759/351 4437/4778/369 4438/4779/370 4420/4760/352
f 4420/4761/352 4438/4780/370 4439/4781/371 4421/4762/353
f 4421/4762/353 4439/4781/371 4440/4782/372 4422/4763/354
f 4422/4763/354 4440/4782/372 4441/4783/373 4423/4764/355
f 4423/4764/355 4441/4783/373 4442/4784/374 4424/4765/356
f 4424/4765/356 4442/4784/374 4443/4785/375 4425/4766/357
f 4425/4766/357 4443/4785/375 4444/4786/376 4426/4767/358
f 4426/4767/358 4444/4786/376 4445/4787/377 4427/4768/359
f 4427/4768/359 4445/4787/377 4446/4788/378 4428/4769/360
f 4428/4769/360 4446/4788/378 4429/4770/361 4411/4751/343
f 4429/4770/361 4447/4789/379 4448/4790/380 4430/4771/362
f 4430/4771/362 4448/4790/380 4449/4791/381 4431/4772/363
f 4431/4772/363 4449/4791/381 4450/4792/382 4432/4773/364
f 4432/4773/364 4450/4792/382 4451/4793/383 4433/4774/365
f 4433/4774/365 4451/4793/383 4452/4794/384 4434/4775/366
f 4434/4775/366 4452/4794/384 4453/4795/385 4435/4776/367
f 4435/4776/367 4453/4795/385 4454/4796/386 4436/4777/368
f 4436/4777/368 4454/4796/386 4455/4797/387 4437/4778/369
f 4437/4778/369 4455/4797/387 4456/4798/388 4438/4779/370
f 4438/4780/370 4456/4799/388 4457/4800/389 4439/4781/371
f 4439/4781/371 4457/4800/389 4458/4801/390 4440/4782/372
f 4440/4782/372 4458/4801/390 4459/4802/391 4441/4783/373
f 4441/4783/373 4459/4802/391 4460/4803/1088 4442/4784/374
f 4442/4784/374 4460/4803/1088 4461/4804/393 4443/4785/375
f 4443/4785/375 4461/4804/393 4462/4805/394 4444/4786/376
f 4444/4786/376 4462/4805/394 4463/4806/395 4445/4787/377
f 4445/4787/377 4463/4806/395 4464/4807/396 4446/4788/378
f 4446/4788/378 4464/4807/396 4447/4789/379 4429/4770/361
f 4447/4789/379 4465/4808/397 4466/4809/398 4448/4790/380
f 4448/4790/380 4466/4809/398 4467/4810/1089 4449/4791/381
f 4449/4791/381 4467/4810/1089 4468/4811/400 4450/4792/382
f 4450/4792/382 4468/4811/400 4469/4812/401 4451/4793/383
f 4451/4793/383 4469/4812/401 4470/4813/402 4452/4794/384
f 4452/4794/384 4470/4813/402 4471/4814/403 4453/4795/385
f 4453/4795/385 4471/4814/403 4472/4815/404 4454/4796/386
f 4454/4796/386 4472/4815/404 4473/4816/405 4455/4797/387
f 4455/4797/387 4473/4816/405 4474/4817/406 4456/4798/388
f 4456/4799/388 4474/4818/406 4475/4819/407 4457/4800/389
f 4457/4800/389 4475/4819/407 4476/4820/408 4458/4801/390
f 4458/4801/390 4476/4820/408 4477/4821/409 4459/4802/391
f 4459/4802/391 4477/4821/409 4478/4822/410 4460/4803/1088
f 4460/4803/1088 4478/4822/410 4479/4823/411 4461/4804/393
f 4461/4804/393 4479/4823/411 4480/4824/412 4462/4805/394
f 4462/4805/394 4480/4824/412 4481/4825/413 4463/4806/395
f 4463/4806/395 4481/4825/413 4482/4826/414 4464/4807/396
f 4464/4807/396 4482/4826/414 4465/4808/397 4447/4789/379
f 4465/4808/397 4483/4827/415 4484/4828/416 4466/4809/398
f 4466/4809/398 4484/4828/416 4485/4829/417 4467/4810/1089
f 4467/4810/1089 4485/4829/417 4486/4830/418 4468/4811/400
f 4468/4811/400 4486/4830/418 4487/4831/419 4469/4812/401
f 4469/4812/401 4487/4831/419 4488/4832/1090 4470/4813/402
f 4470/4813/402 4488/4832/1090 4489/4833/421 4471/4814/403
f 4471/4814/403 4489/4833/421 4490/4834/422 4472/4815/404
f 4472/4815/404 4490/4834/422 4491/4835/423 4473/4816/405
f 4473/4816/405 4491/4835/423 4492/4836/424 4474/4817/406
f 4474/4818/406 4492/4837/424 4493/4838/425 4475/4819/407
f 4475/4819/407 4493/4838/425 4494/4839/426 4476/4820/408
f 4476/4820/408 4494/4839/426 4495/4840/427 4477/4821/409
f 4477/4821/409 4495/4840/427 4496/4841/428 4478/4822/410
f 4478/4822/410 4496/4841/428 4497/4842/429 4479/4823/411
f 4479/4823/411 4497/4842/429 4498/4843/430 4480/4824/412
f 4480/4824/412 4498/4843/430 4499/4844/431 4481/4825/413
f 4481/4825/413 4499/4844/431 4500/4845/432 4482/4826/414
f 4482/4826/414 4500/4845/432 4483/4827/415 4465/4808/397
f 4483/4827/415 4501/4846/910 4502/4847/911 4484/4828/416
f 4484/4828/416 4502/4847/911 4503/4848/912 4485/4829/417
f 4485/4829/417 4503/4848/912 4504/4849/913 4486/4830/418
f 4486/4830/418 4504/4849/913 4505/4850/914 4487/4831/419
f 4487/4831/419 4505/4850/914 4506/4851/915 4488/4832/1090
f 4488/4832/1090 4506/4851/915 4507/4852/916 4489/4833/421
f 4489/4833/421 4507/4852/916 4508/4853/917 4490/4834/422
f 4490/4834/422 4508/4853/917 4509/4854/918 4491/4835/423
f 4491/4835/423 4509/4854/918 4510/4855/919 4492/4836/424
f 4492/4837/424 4510/4856/919 4511/4857/920 4493/4838/425
f 4493/4838/425 4511/4857/920 4512/4858/921 4494/4839/426
f 4494/4839/426 4512/4858/921 4513/4859/922 4495/4840/427
f 4495/4840/427 4513/4859/922 4514/4860/923 4496/4841/428
f 4496/4841/428 4514/4860/923 4515/4861/924 4497/4842/429
f 4497/4842/429 4515/4861/924 4516/4862/925 4498/4843/430
f 4498/4843/430 4516/4862/925 4517/4863/926 4499/4844/431
f 4499/4844/431 4517/4863/926 4518/4864/927 4500/4845/432
f 4500/4845/432 4518/4864/927 4501/4846/910 4483/4827/415
f 4501/4846/910 3853/4143/685 3854/4144/688 4502/4847/911
f 4502/4847/911 3854/4144/688 3855/4145/690 4503/4848/912
f 4503/4848/912 3855/4145/690 3856/4146/692 4504/4849/913
f 4504/4849/913 3856/4146/692 3857/4147/694 4505/4850/914
f 4505/4850/914 3857/4147/694 3858/4148/696 4506/4851/915
f 4506/4851/915 3858/4148/696 3859/4149/698 4507/4852/916
f 4507/4852/916 3859/4149/698 3860/4150/700 4508/4853/917
f 4508/4853/917 3860/4150/700 3861/4151/702 4509/4854/918
f 4509/4854/918 3861/4151/702 3862/4152/704 4510/4855/919
f 4510/4856/919 3862/4153/704 3863/4154/706 4511/4857/920
f 4511/4857/920 3863/4154/706 3864/4155/708 4512/4858/921
f 4512/4858/921 3864/4155/708 3865/4156/710 4513/4859/922
f 4513/4859/922 3865/4156/710 3866/4157/712 4514/4860/923
f 4514/4860/923 3866/4157/712 3867/4158/714 4515/4861/924
f 4515/4861/924 3867/4158/714 3868/4159/716 4516/4862/925
f 4516/4862/925 3868/4159/716 3869/4160/718 4517/4863/926
f 4517/4863/926 3869/4160/718 3870/4161/720 4518/4864/927
f 4518/4864/927 3870/4161/720 3853/4143/685 4501/4846/910
f 4519/4865/469 4537/4884/470 4538/4885/471 4520/4866/472
f 4520/4866/472 4538/4885/471 4539/4886/473 4521/4867/474
f 4521/4867/474 4539/4886/473 4540/4887/475 4522/4868/476
f 4522/4868/476 4540/4887/475 4541/4888/477 4523/4869/478
f 4523/4869/478 4541/4888/477 4542/4889/479 4524/4870/480
f 4524/4870/480 4542/4889/479 4543/4890/481 4525/4871/482
f 4525/4871/482 4543/4890/481 4544/4891/483 4526/4872/484
f 4526/4872/484 4544/4891/483 4545/4892/485 4527/4873/486
f 4527/4873/486 4545/4892/485 4546/4893/487 4528/4874/488
f 4528/4875/488 4546/4894/487 4547/4895/489 4529/4876/490
f 4529/4876/490 4547/4895/489 4548/4896/491 4530/4877/492
f 4530/4877/492 4548/4896/491 4549/4897/493 4531/4878/494
f 4531/4878/494 4549/4897/493 4550/4898/495 4532/4879/496
f 4532/4879/496 4550/4898/495 4551/4899/497 4533/4880/498
f 4533/4880/498 4551/4899/497 4552/4900/499 4534/4881/500
f 4534/4881/500 4552/4900/499 4553/4901/501 4535/4882/502
f 4535/4882/502 4553/4901/501 4554/4902/503 4536/4883/504
f 4536/4883/504 4554/4902/503 4537/4884/470 4519/4865/469
f 4537/4884/470 4555/4903/505 4556/4904/506 4538/4885/471
f 4538/4885/471 4556/4904/506 4557/4905/507 4539/4886/473
f 4539/4886/473 4557/4905/507 4558/4906/508 4540/4887/475
f 4540/4887/475 4558/4906/508 4559/4907/509 4541/4888/477
f 4541/4888/477 4559/4907/509 4560/4908/510 4542/4889/479
f 4542/4889/479 4560/4908/510 4561/4909/511 4543/4890/481
f 4543/4890/481 4561/4909/511 4562/4910/512 4544/4891/483
f 4544/4891/483 4562/4910/512 4563/4911/513 4545/4892/485
f 4545/4892/485 4563/4911/513 4564/4912/514 4546/4893/487
f 4546/4894/487 4564/4913/514 4565/4914/515 4547/4895/489
f 4547/4895/489 4565/4914/515 4566/4915/516 4548/4896/491
f 4548/4896/491 4566/4915/516 4567/4916/517 4549/4897/493
f 4549/4897/493 4567/4916/517 4568/4917/518 4550/4898/495
f 4550/4898/495 4568/4917/518 4569/4918/519 4551/4899/497
f 4551/4899/497 4569/4918/519 4570/4919/520 4552/4900/499
f 4552/4900/499 4570/4919/520 4571/4920/521 4553/4901/501
f 4553/4901/501 4571/4920/521 4572/4921/522 4554/4902/503
f 4554/4902/503 4572/4921/522 4555/4903/505 4537/4884/470
f 4555/4903/505 4573/4922/523 4574/4923/524 4556/4904/506
f 4556/4904/506 4574/4923/524 4575/4924/525 4557/4905/507
f 4557/4905/507 4575/4924/525 4576/4925/526 4558/4906/508
f 4558/4906/508 4576/4925/526 4577/4926/527 4559/4907/509
f 4559/4907/509 4577/4926/527 4578/4927/528 4560/4908/510
f 4560/4908/510 4578/4927/528 4579/4928/529 4561/4909/511
f 4561/4909/511 4579/4928/529 4580/4929/530 4562/4910/512
f 4562/4910/512 4580/4929/530 4581/4930/929 4563/4911/513
f 4563/4911/513 4581/4930/929 4582/4931/930 4564/4912/514
f 4564/4913/514 4582/4932/930 4583/4933/533 4565/4914/515
f 4565/4914/515 4583/4933/533 4584/4934/534 4566/4915/516
f 4566/4915/516 4584/4934/534 4585/4935/535 4567/4916/517
f 4567/4916/517 4585/4935/535 4586/4936/536 4568/4917/518
f 4568/4917/518 4586/4936/536 4587/4937/537 4569/4918/519
f 4569/4918/519 4587/4937/537 4588/4938/538 4570/4919/520
f 4570/4919/520 4588/4938/538 4589/4939/539 4571/4920/521
f 4571/4920/521 4589/4939/539 4590/4940/540 4572/4921/522
f 4572/4921/522 4590/4940/540 4573/4922/523 4555/4903/505
f 4573/4922/523 4591/4941/541 4592/4942/542 4574/4923/524
f 4574/4923/524 4592/4942/542 4593/4943/543 4575/4924/525
f 4575/4924/525 4593/4943/543 4594/4944/544 4576/4925/526
f 4576/4925/526 4594/4944/544 4595/4945/545 4577/4926/527
f 4577/4926/527 4595/4945/545 4596/4946/546 4578/4927/528
f 4578/4927/528 4596/4946/546 4597/4947/547 4579/4928/529
f 4579/4928/529 4597/4947/547 4598/4948/548 4580/4929/530
f 4580/4929/530 4598/4948/548 4599/4949/549 4581/4930/929
f 4581/4930/929 4599/4949/549 4600/4950/550 4582/4931/930
f 4582/4932/930 4600/4951/550 4601/4952/551 4583/4933/533
f 4583/4933/533 4601/4952/551 4602/4953/552 4584/4934/534
f 4584/4934/534 4602/4953/552 4603/4954/553 4585/4935/535
f 4585/4935/535 4603/4954/553 4604/4955/554 4586/4936/536
f 4586/4936/536 4604/4955/554 4605/4956/555 4587/4937/537
f 4587/4937/537 4605/4956/555 4606/4957/556 4588/4938/538
f 4588/4938/538 4606/4957/556 4607/4958/1048 4589/4939/539
f 4589/4939/539 4607/4958/1048 4608/4959/558 4590/4940/540
f 4590/4940/540 4608/4959/558 4591/4941/541 4573/4922/523
f 4591/4941/541 4609/4960/559 4610/4961/560 4592/4942/542
f 4592/4942/542 4610/4961/560 4611/4962/561 4593/4943/543
f 4593/4943/543 4611/4962/561 4612/4963/562 4594/4944/544
f 4594/4944/544 4612/4963/562 4613/4964/563 4595/4945/545
f 4595/4945/545 4613/4964/563 4614/4965/564 4596/4946/546
f 4596/4946/546 4614/4965/564 4615/4966/565 4597/4947/547
f 4597/4947/547 4615/4966/565 4616/4967/566 4598/4948/548
f 4598/4948/548 4616/4967/566 4617/4968/567 4599/4949/549
f 4599/4949/549 4617/4968/567 4618/4969/568 4600/4950/550
f 4600/4951/550 4618/4970/568 4619/4971/569 4601/4952/551
f 4601/4952/551 4619/4971/569 4620/4972/570 4602/4953/552
f 4602/4953/552 4620/4972/570 4621/4973/571 4603/4954/553
f 4603/4954/553 4621/4973/571 4622/4974/572 4604/4955/554
f 4604/4955/554 4622/4974/572 4623/4975/573 4605/4956/555
f 4605/4956/555 4623/4975/573 4624/4976/574 4606/4957/556
f 4606/4957/556 4624/4976/574 4625/4977/575 4607/4958/1048
f 4607/4958/1048 4625/4977/575 4626/4978/576 4608/4959/558
f 4608/4959/558 4626/4978/576 4609/4960/559 4591/4941/541
f 4609/4960/559 4627/4979/577 4628/4980/578 4610/4961/560
f 4610/4961/560 4628/4980/578 4629/4981/579 4611/4962/561
f 4611/4962/561 4629/4981/579 4630/4982/1091 4612/4963/562
f 4612/4963/562 4630/4982/1091 4631/4983/581 4613/4964/563
f 4613/4964/563 4631/4983/581 4632/4984/582 4614/4965/564
f 4614/4965/564 4632/4984/582 4633/4985/583 4615/4966/565
f 4615/4966/565 4633/4985/583 4634/4986/584 4616/4967/566
f 4616/4967/566 4634/4986/584 4635/4987/1092 4617/4968/567
f 4617/4968/567 4635/4987/1092 4636/4988/586 4618/4969/568
f 4618/4970/568 4636/4989/586 4637/4990/587 4619/4971/569
f 4619/4971/569 4637/4990/587 4638/4991/588 4620/4972/570
f 4620/4972/570 4638/4991/588 4639/4992/589 4621/4973/571
f 4621/4973/571 4639/4992/589 4640/4993/590 4622/4974/572
f 4622/4974/572 4640/4993/590 4641/4994/591 4623/4975/573
f 4623/4975/573 4641/4994/591 4642/4995/592 4624/4976/574
f 4624/4976/574 4642/4995/592 4643/4996/593 4625/4977/575
f 4625/4977/575 4643/4996/593 4644/4997/594 4626/4978/576
f 4626/4978/576 4644/4997/594 4627/4979/577 4609/4960/559
f 4627/4979/577 4645/4998/595 4646/4999/596 4628/4980/578
f 4628/4980/578 4646/4999/596 4647/5000/597 4629/4981/579
f 4629/4981/579 4647/5000/597 4648/5001/1093 4630/4982/1091
f 4630/4982/1091 4648/5001/1093 4649/5002/599 4631/4983/581
f 4631/4983/581 4649/5002/599 4650/5003/600 4632/4984/582
f 4632/4984/582 4650/5003/600 4651/5004/601 4633/4985/583
f 4633/4985/583 4651/5004/601 4652/5005/602 4634/4986/584
f 4634/4986/584 4652/5005/602 4653/5006/603 4635/4987/1092
f 4635/4987/1092 4653/5006/603 4654/5007/604 4636/4988/586
f 4636/4989/586 4654/5008/604 4655/5009/605 4637/4990/587
f 4637/4990/587 4655/5009/605 4656/5010/606 4638/4991/588
f 4638/4991/588 4656/5010/606 4657/5011/607 4639/4992/589
f 4639/4992/589 4657/5011/607 4658/5012/608 4640/4993/590
f 4640/4993/590 4658/5012/608 4659/5013/609 4641/4994/591
f 4641/4994/591 4659/5013/609 4660/5014/610 4642/4995/592
f 4642/4995/592 4660/5014/610 4661/5015/611 4643/4996/593
f 4643/4996/593 4661/5015/611 4662/5016/612 4644/4997/594
f 4644/4997/594 4662/5016/612 4645/4998/595 4627/4979/577
f 4645/4998/595 4663/5017/613 4664/5018/614 4646/4999/596
f 4646/4999/596 4664/5018/614 4665/5019/615 4647/5000/597
f 4647/5000/597 4665/5019/615 4666/5020/616 4648/5001/1093
f 4648/5001/1093 4666/5020/616 4667/5021/617 4649/5002/599
f 4649/5002/599 4667/5021/617 4668/5022/618 4650/5003/600
f 4650/5003/600 4668/5022/618 4669/5023/619 4651/5004/601
f 4651/5004/601 4669/5023/619 4670/5024/620 4652/5005/602
f 4652/5005/602 4670/5024/620 4671/5025/621 4653/5006/603
f 4653/5006/603 4671/5025/621 4672/5026/622 4654/5007/604
f 4654/5008/604 4672/5027/622 4673/5028/623 4655/5009/605
f 4655/5009/605 4673/5028/623 4674/5029/624 4656/5010/606
f 4656/5010/606 4674/5029/624 4675/5030/625 4657/5011/607
f 4657/5011/607 4675/5030/625 4676/5031/626 4658/5012/608
f 4658/5012/608 4676/5031/626 4677/5032/627 4659/5013/609
f 4659/5013/609 4677/5032/627 4678/5033/628 4660/5014/610
f 4660/5014/610 4678/5033/628 4679/5034/629 4661/5015/611
f 4661/5015/611 4679/5034/629 4680/5035/630 4662/5016/612
f 4662/5016/612 4680/5035/630 4663/5017/613 4645/4998/595
f 4663/5017/613 4681/5036/631 4682/5037/632 4664/5018/614
f 4664/5018/614 4682/5037/632 4683/5038/633 4665/5019/615
f 4665/5019/615 4683/5038/633 4684/5039/634 4666/5020/616
f 4666/5020/616 4684/5039/634 4685/5040/635 4667/5021/617
f 4667/5021/617 4685/5040/635 4686/5041/636 4668/5022/618
f 4668/5022/618 4686/5041/636 4687/5042/637 4669/5023/619
f 4669/5023/619 4687/5042/637 4688/5043/638 4670/5024/620
f 4670/5024/620 4688/5043/638 4689/5044/639 4671/5025/621
f 4671/5025/621 4689/5044/639 4690/5045/640 4672/5026/622
f 4672/5027/622 4690/5046/640 4691/5047/641 4673/5028/623
f 4673/5028/623 4691/5047/641 4692/5048/642 4674/5029/624
f 4674/5029/624 4692/5048/642 4693/5049/643 4675/5030/625
f 4675/5030/625 4693/5049/643 4694/5050/644 4676/5031/626
f 4676/5031/626 4694/5050/644 4695/5051/645 4677/5032/627
f 4677/5032/627 4695/5051/645 4696/5052/646 4678/5033/628
f 4678/5033/628 4696/5052/646 4697/5053/647 4679/5034/629
f 4679/5034/629 4697/5053/647 4698/5054/648 4680/5035/630
f 4680/5035/630 4698/5054/648 4681/5036/631 4663/5017/613
f 4681/5036/631 4699/5055/649 4700/5056/650 4682/5037/632
f 4682/5037/632 4700/5056/650 4701/5057/651 4683/5038/633
f 4683/5038/633 4701/5057/651 4702/5058/652 4684/5039/634
f 4684/5039/634 4702/5058/652 4703/5059/653 4685/5040/635
f 4685/5040/635 4703/5059/653 4704/5060/654 4686/5041/636
f 4686/5041/636 4704/5060/654 4705/5061/655 4687/5042/637
f 4687/5042/637 4705/5061/655 4706/5062/656 4688/5043/638
f 4688/5043/638 4706/5062/656 4707/5063/657 4689/5044/639
f 4689/5044/639 4707/5063/657 4708/5064/658 4690/5045/640
f 4690/5046/640 4708/5065/658 4709/5066/659 4691/5047/641
f 4691/5047/641 4709/5066/659 4710/5067/660 4692/5048/642
f 4692/5048/642 4710/5067/660 4711/5068/661 4693/5049/643
f 4693/5049/643 4711/5068/661 4712/5069/662 4694/5050/644
f 4694/5050/644 4712/5069/662 4713/5070/663 4695/5051/645
f 4695/5051/645 4713/5070/663 4714/5071/664 4696/5052/646
f 4696/5052/646 4714/5071/664 4715/5072/665 4697/5053/647
f 4697/5053/647 4715/5072/665 4716/5073/666 4698/5054/648
f 4698/5054/648 4716/5073/666 4699/5055/649 4681/5036/631
f 4699/5055/649 4717/5074/667 4718/5075/668 4700/5056/650
f 4700/5056/650 4718/5075/668 4719/5076/669 4701/5057/651
f 4701/5057/651 4719/5076/669 4720/5077/670 4702/5058/652
f 4702/5058/652 4720/5077/670 4721/5078/671 4703/5059/653
f 4703/5059/653 4721/5078/671 4722/5079/672 4704/5060/654
f 4704/5060/654 4722/5079/672 4723/5080/673 4705/5061/655
f 4705/5061/655 4723/5080/673 4724/5081/674 4706/5062/656
f 4706/5062/656 4724/5081/674 4725/5082/675 4707/5063/657
f 4707/5063/657 4725/5082/675 4726/5083/676 4708/5064/658
f 4708/5065/658 4726/5084/676 4727/5085/677 4709/5066/659
f 4709/5066/659 4727/5085/677 4728/5086/678 4710/5067/660
f 4710/5067/660 4728/5086/678 4729/5087/679 4711/5068/661
f 4711/5068/661 4729/5087/679 4730/5088/680 4712/5069/662
f 4712/5069/662 4730/5088/680 4731/5089/681 4713/5070/663
f 4713/5070/663 4731/5089/681 4732/5090/682 4714/5071/664
f 4714/5071/664 4732/5090/682 4733/5091/683 4715/5072/665
f 4715/5072/665 4733/5091/683 4734/5092/684 4716/5073/666
f 4716/5073/666 4734/5092/684 4717/5074/667 4699/5055/649
f 4735/5093/1004 4753/5112/1094 4754/5113/1095 4736/5094/1024
f 4736/5094/1024 4754/5113/1095 4755/5114/1096 4737/5095/1020
f 4737/5095/1020 4755/5114/1096 4756/5115/1097 4738/5096/1021
f 4738/5096/1021 4756/5115/1097 4757/5116/1098 4739/5097/998
f 4739/5097/998 4757/5116/1098 4758/5117/1099 4740/5098/994
f 4740/5098/994 4758/5117/1099 4759/5118/1100 4741/5099/995
f 4741/5099/995 4759/5118/1100 4760/5119/1101 4742/5100/1010
f 4742/5100/1010 4760/5119/1101 4761/5120/1102 4743/5101/990
f 4743/5101/990 4761/5120/1102 4762/5121/1103 4744/5102/991
f 4744/5103/991 4762/5122/1103 4763/5123/1104 4745/5104/1012
f 4745/5104/1012 4763/5123/1104 4764/5124/1105 4746/5105/1016
f 4746/5105/1016 4764/5124/1105 4765/5125/1106 4747/5106/1017
f 4747/5106/1017 4765/5125/1106 4766/5126/1107 4748/5107/1006
f 4748/5107/1006 4766/5126/1107 4767/5127/1108 4749/5108/1007
f 4749/5108/1007 4767/5127/1108 4768/5128/1109 4750/5109/1014
f 4750/5109/1014 4768/5128/1109 4769/5129/1110 4751/5110/1000
f 4751/5110/1000 4769/5129/1110 4770/5130/1111 4752/5111/1001
f 4752/5111/1001 4770/5130/1111 4753/5112/1094 4735/5093/1004
f 4753/5112/1094 4771/5131/721 4772/5132/722 4754/5113/1095
f 4754/5113/1095 4772/5132/722 4773/5133/723 4755/5114/1096
f 4755/5114/1096 4773/5133/723 4774/5134/724 4756/5115/1097
f 4756/5115/1097 4774/5134/724 4775/5135/725 4757/5116/1098
f 4757/5116/1098 4775/5135/725 4776/5136/726 4758/5117/1099
f 4758/5117/1099 4776/5136/726 4777/5137/727 4759/5118/1100
f 4759/5118/1100 4777/5137/727 4778/5138/728 4760/5119/1101
f 4760/5119/1101 4778/5138/728 4779/5139/729 4761/5120/1102
f 4761/5120/1102 4779/5139/729 4780/5140/730 4762/5121/1103
f 4762/5122/1103 4780/5141/730 4781/5142/731 4763/5123/1104
f 4763/5123/1104 4781/5142/731 4782/5143/732 4764/5124/1105
f 4764/5124/1105 4782/5143/732 4783/5144/733 4765/5125/1106
f 4765/5125/1106 4783/5144/733 4784/5145/734 4766/5126/1107
f 4766/5126/1107 4784/5145/734 4785/5146/735 4767/5127/1108
f 4767/5127/1108 4785/5146/735 4786/5147/736 4768/5128/1109
f 4768/5128/1109 4786/5147/736 4787/5148/737 4769/5129/1110
f 4769/5129/1110 4787/5148/737 4788/5149/738 4770/5130/1111
f 4770/5130/1111 4788/5149/738 4771/5131/721 4753/5112/1094
f 4771/5131/721 4789/5150/739 4790/5151/740 4772/5132/722
f 4772/5132/722 4790/5151/740 4791/5152/741 4773/5133/723
f 4773/5133/723 4791/5152/741 4792/5153/742 4774/5134/724
f 4774/5134/724 4792/5153/742 4793/5154/743 4775/5135/725
f 4775/5135/725 4793/5154/743 4794/5155/744 4776/5136/726
f 4776/5136/726 4794/5155/744 4795/5156/745 4777/5137/727
f 4777/5137/727 4795/5156/745 4796/5157/746 4778/5138/728
f 4778/5138/728 4796/5157/746 4797/5158/747 4779/5139/729
f 4779/5139/729 4797/5158/747 4798/5159/748 4780/5140/730
f 4780/5141/730 4798/5160/748 4799/5161/749 4781/5142/731
f 4781/5142/731 4799/5161/749 4800/5162/750 4782/5143/732
f 4782/5143/732 4800/5162/750 4801/5163/751 4783/5144/733
f 4783/5144/733 4801/5163/751 4802/5164/752 4784/5145/734
f 4784/5145/734 4802/5164/752 4803/5165/753 4785/5146/735
f 4785/5146/735 4803/5165/753 4804/5166/754 4786/5147/736
f 4786/5147/736 4804/5166/754 4805/5167/755 4787/5148/737
f 4787/5148/737 4805/5167/755 4806/5168/756 4788/5149/738
f 4788/5149/738 4806/5168/756 4789/5150/739 4771/5131/721
f 4789/5150/739 4807/5169/757 4808/5170/758 4790/5151/740
f 4790/5151/740 4808/5170/758 4809/5171/759 4791/5152/741
f 4791/5152/741 4809/5171/759 4810/5172/760 4792/5153/742
f 4792/5153/742 4810/5172/760 4811/5173/761 4793/5154/743
f 4793/5154/743 4811/5173/761 4812/5174/762 4794/5155/744
f 4794/5155/744 4812/5174/762 4813/5175/763 4795/5156/745
f 4795/5156/745 4813/5175/763 4814/5176/764 4796/5157/746
f 4796/5157/746 4814/5176/764 4815/5177/765 4797/5158/747
f 4797/5158/747 4815/5177/765 4816/5178/766 4798/5159/748
f 4798/5160/748 4816/5179/766 4817/5180/767 4799/5161/749
f 4799/5161/749 4817/5180/767 4818/5181/768 4800/5162/750
f 4800/5162/750 4818/5181/768 4819/5182/769 4801/5163/751
f 4801/5163/751 4819/5182/769 4820/5183/770 4802/5164/752
f 4802/5164/752 4820/5183/770 4821/5184/771 4803/5165/753
f 4803/5165/753 4821/5184/771 4822/5185/772 4804/5166/754
f 4804/5166/754 4822/5185/772 4823/5186/773 4805/5167/755
f 4805/5167/755 4823/5186/773 4824/5187/774 4806/5168/756
f 4806/5168/756 4824/5187/774 4807/5169/757 4789/5150/739
f 4807/5169/757 4825/5188/775 4826/5189/776 4808/5170/758
f 4808/5170/758 4826/5189/776 4827/5190/777 4809/5171/759
f 4809/5171/759 4827/5190/777 4828/5191/778 4810/5172/760
f 4810/5172/760 4828/5191/778 4829/5192/779 4811/5173/761
f 4811/5173/761 4829/5192/779 4830/5193/780 4812/5174/762
f 4812/5174/762 4830/5193/780 4831/5194/1077 4813/5175/763
f 4813/5175/763 4831/5194/1077 4832/5195/782 4814/5176/764
f 4814/5176/764 4832/5195/782 4833/5196/783 4815/5177/765
f 4815/5177/765 4833/5196/783 4834/5197/784 4816/5178/766
f 4816/5179/766 4834/5198/784 4835/5199/785 4817/5180/767
f 4817/5180/767 4835/5199/785 4836/5200/786 4818/5181/768
f 4818/5181/768 4836/5200/786 4837/5201/787 4819/5182/769
f 4819/5182/769 4837/5201/787 4838/5202/788 4820/5183/770
f 4820/5183/770 4838/5202/788 4839/5203/789 4821/5184/771
f 4821/5184/771 4839/5203/789 4840/5204/790 4822/5185/772
f 4822/5185/772 4840/5204/790 4841/5205/791 4823/5186/773
f 4823/5186/773 4841/5205/791 4842/5206/792 4824/5187/774
f 4824/5187/774 4842/5206/792 4825/5188/775 4807/5169/757
f 4825/5188/775 4843/5207/793 4844/5208/794 4826/5189/776
f 4826/5189/776 4844/5208/794 4845/5209/795 4827/5190/777
f 4827/5190/777 4845/5209/795 4846/5210/796 4828/5191/778
f 4828/5191/778 4846/5210/796 4847/5211/797 4829/5192/779
f 4829/5192/779 4847/5211/797 4848/5212/798 4830/5193/780
f 4830/5193/780 4848/5212/798 4849/5213/799 4831/5194/1077
f 4831/5194/1077 4849/5213/799 4850/5214/800 4832/5195/782
f 4832/5195/782 4850/5214/800 4851/5215/801 4833/5196/783
f 4833/5196/783 4851/5215/801 4852/5216/802 4834/5197/784
f 4834/5198/784 4852/5217/802 4853/5218/803 4835/5199/785
f 4835/5199/785 4853/5218/803 4854/5219/804 4836/5200/786
f 4836/5200/786 4854/5219/804 4855/5220/805 4837/5201/787
f 4837/5201/787 4855/5220/805 4856/5221/806 4838/5202/788
f 4838/5202/788 4856/5221/806 4857/5222/807 4839/5203/789
f 4839/5203/789 4857/5222/807 4858/5223/808 4840/5204/790
f 4840/5204/790 4858/5223/808 4859/5224/809 4841/5205/791
f 4841/5205/791 4859/5224/809 4860/5225/810 4842/5206/792
f 4842/5206/792 4860/5225/810 4843/5207/793 4825/5188/775
f 4843/5207/793 4861/5226/811 4862/5227/812 4844/5208/794
f 4844/5208/794 4862/5227/812 4863/5228/813 4845/5209/795
f 4845/5209/795 4863/5228/813 4864/5229/814 4846/5210/796
f 4846/5210/796 4864/5229/814 4865/5230/815 4847/5211/797
f 4847/5211/797 4865/5230/815 4866/5231/816 4848/5212/798
f 4848/5212/798 4866/5231/816 4867/5232/817 4849/5213/799
f 4849/5213/799 4867/5232/817 4868/5233/818 4850/5214/800
f 4850/5214/800 4868/5233/818 4869/5234/819 4851/5215/801
f 4851/5215/801 4869/5234/819 4870/5235/820 4852/5216/802
f 4852/5217/802 4870/5236/820 4871/5237/821 4853/5218/803
f 4853/5218/803 4871/5237/821 4872/5238/822 4854/5219/804
f 4854/5219/804 4872/5238/822 4873/5239/823 4855/5220/805
f 4855/5220/805 4873/5239/823 4874/5240/824 4856/5221/806
f 4856/5221/806 4874/5240/824 4875/5241/825 4857/5222/807
f 4857/5222/807 4875/5241/825 4876/5242/826 4858/5223/808
f 4858/5223/808 4876/5242/826 4877/5243/827 4859/5224/809
f 4859/5224/809 4877/5243/827 4878/5244/828 4860/5225/810
f 4860/5225/810 4878/5244/828 4861/5226/811 4843/5207/793
f 4861/5226/811 4879/5245/829 4880/5246/830 4862/5227/812
f 4862/5227/812 4880/5246/830 4881/5247/831 4863/5228/813
f 4863/5228/813 4881/5247/831 4882/5248/832 4864/5229/814
f 4864/5229/814 4882/5248/832 4883/5249/833 4865/5230/815
f 4865/5230/815 4883/5249/833 4884/5250/834 4866/5231/816
f 4866/5231/816 4884/5250/834 4885/5251/1112 4867/5232/817
f 4867/5232/817 4885/5251/1112 4886/5252/836 4868/5233/818
f 4868/5233/818 4886/5252/836 4887/5253/1113 4869/5234/819
f 4869/5234/819 4887/5253/1113 4888/5254/838 4870/5235/820
f 4870/5236/820 4888/5255/838 4889/5256/839 4871/5237/821
f 4871/5237/821 4889/5256/839 4890/5257/840 4872/5238/822
f 4872/5238/822 4890/5257/840 4891/5258/841 4873/5239/823
f 4873/5239/823 4891/5258/841 4892/5259/842 4874/5240/824
f 4874/5240/824 4892/5259/842 4893/5260/843 4875/5241/825
f 4875/5241/825 4893/5260/843 4894/5261/844 4876/5242/826
f 4876/5242/826 4894/5261/844 4895/5262/845 4877/5243/827
f 4877/5243/827 4895/5262/845 4896/5263/846 4878/5244/828
f 4878/5244/828 4896/5263/846 4879/5245/829 4861/5226/811
f 4879/5245/829 4897/5264/847 4898/5265/848 4880/5246/830
f 4880/5246/830 4898/5265/848 4899/5266/849 4881/5247/831
f 4881/5247/831 4899/5266/849 4900/5267/850 4882/5248/832
f 4882/5248/832 4900/5267/850 4901/5268/851 4883/5249/833
f 4883/5249/833 4901/5268/851 4902/5269/852 4884/5250/834
f 4884/5250/834 4902/5269/852 4903/5270/853 4885/5251/1112
f 4885/5251/1112 4903/5270/853 4904/5271/854 4886/5252/836
f 4886/5252/836 4904/5271/854 4905/5272/855 4887/5253/1113
f 4887/5253/1113 4905/5272/855 4906/5273/856 4888/5254/838
f 4888/5255/838 4906/5274/856 4907/5275/857 4889/5256/839
f 4889/5256/839 4907/5275/857 4908/5276/858 4890/5257/840
f 4890/5257/840 4908/5276/858 4909/5277/859 4891/5258/841
f 4891/5258/841 4909/5277/859 4910/5278/860 4892/5259/842
f 4892/5259/842 4910/5278/860 4911/5279/861 4893/5260/843
f 4893/5260/843 4911/5279/861 4912/5280/862 4894/5261/844
f 4894/5261/844 4912/5280/862 4913/5281/863 4895/5262/845
f 4895/5262/845 4913/5281/863 4914/5282/864 4896/5263/846
f 4896/5263/846 4914/5282/864 4897/5264/847 4879/5245/829
f 4897/5264/847 4915/5283/865 4916/5284/866 4898/5265/848
f 4898/5265/848 4916/5284/866 4917/5285/867 4899/5266/849
f 4899/5266/849 4917/5285/867 4918/5286/868 4900/5267/850
f 4900/5267/850 4918/5286/868 4919/5287/869 4901/5268/851
f 4901/5268/851 4919/5287/869 4920/5288/870 4902/5269/852
f 4902/5269/852 4920/5288/870 4921/5289/871 4903/5270/853
f 4903/5270/853 4921/5289/871 4922/5290/872 4904/5271/854
f 4904/5271/854 4922/5290/872 4923/5291/873 4905/5272/855
f 4905/5272/855 4923/5291/873 4924/5292/874 4906/5273/856
f 4906/5274/856 4924/5293/874 4925/5294/875 4907/5275/857
f 4907/5275/857 4925/5294/875 4926/5295/876 4908/5276/858
f 4908/5276/858 4926/5295/876 4927/5296/877 4909/5277/859
f 4909/5277/859 4927/5296/877 4928/5297/878 4910/5278/860
f 4910/5278/860 4928/5297/878 4929/5298/879 4911/5279/861
f 4911/5279/861 4929/5298/879 4930/5299/880 4912/5280/862
f 4912/5280/862 4930/5299/880 4931/5300/881 4913/5281/863
f 4913/5281/863 4931/5300/881 4932/5301/882 4914/5282/864
f 4914/5282/864 4932/5301/882 4915/5283/865 4897/5264/847
f 4915/5283/865 4933/5302/883 4934/5303/884 4916/5284/866
f 4916/5284/866 4934/5303/884 4935/5304/885 4917/5285/867
f 4917/5285/867 4935/5304/885 4936/5305/886 4918/5286/868
f 4918/5286/868 4936/5305/886 4937/5306/887 4919/5287/869
f 4919/5287/869 4937/5306/887 4938/5307/888 4920/5288/870
f 4920/5288/870 4938/5307/888 4939/5308/889 4921/5289/871
f 4921/5289/871 4939/5308/889 4940/5309/890 4922/5290/872
f 4922/5290/872 4940/5309/890 4941/5310/891 4923/5291/873
f 4923/5291/873 4941/5310/891 4942/5311/892 4924/5292/874
f 4924/5293/874 4942/5312/892 4943/5313/893 4925/5294/875
f 4925/5294/875 4943/5313/893 4944/5314/894 4926/5295/876
f 4926/5295/876 4944/5314/894 4945/5315/895 4927/5296/877
f 4927/5296/877 4945/5315/895 4946/5316/896 4928/5297/878
f 4928/5297/878 4946/5316/896 4947/5317/897 4929/5298/879
f 4929/5298/879 4947/5317/897 4948/5318/898 4930/5299/880
f 4930/5299/880 4948/5318/898 4949/5319/899 4931/5300/881
f 4931/5300/881 4949/5319/899 4950/5320/900 4932/5301/882
f 4932/5301/882 4950/5320/900 4933/5302/883 4915/5283/865
f 4933/5302/883 4519/4865/469 4520/4866/472 4934/5303/884
f 4934/5303/884 4520/4866/472 4521/4867/474 4935/5304/885
f 4935/5304/885 4521/4867/474 4522/4868/476 4936/5305/886
f 4936/5305/886 4522/4868/476 4523/4869/478 4937/5306/887
f 4937/5306/887 4523/4869/478 4524/4870/480 4938/5307/888
f 4938/5307/888 4524/4870/480 4525/4871/482 4939/5308/889
f 4939/5308/889 4525/4871/482 4526/4872/484 4940/5309/890
f 4940/5309/890 4526/4872/484 4527/4873/486 4941/5310/891
f 4941/5310/891 4527/4873/486 4528/4874/488 4942/5311/892
f 4942/5312/892 4528/4875/488 4529/4876/490 4943/5313/893
f 4943/5313/893 4529/4876/490 4530/4877/492 4944/5314/894
f 4944/5314/894 4530/4877/492 4531/4878/494 4945/5315/895
f 4945/5315/895 4531/4878/494 4532/4879/496 4946/5316/896
f 4946/5316/896 4532/4879/496 4533/4880/498 4947/5317/897
f 4947/5317/897 4533/4880/498 4534/4881/500 4948/5318/898
f 4948/5318/898 4534/4881/500 4535/4882/502 4949/5319/899
f 4949/5319/899 4535/4882/502 4536/4883/504 4950/5320/900
f 4950/5320/900 4536/4883/504 4519/4865/469 4933/5302/883
f 4951/5321/1 4969/5340/2 4970/5341/3 4952/5322/4
f 4952/5322/4 4970/5341/3 4971/5342/5 4953/5323/6
f 4953/5323/6 4971/5342/5 4972/5343/7 4954/5324/8
f 4954/5324/8 4972/5343/7 4973/5344/9 4955/5325/10
f 4955/5325/10 4973/5344/9 4974/5345/11 4956/5326/12
f 4956/5326/12 4974/5345/11 4975/5346/13 4957/5327/14
f 4957/5327/14 4975/5346/13 4976/5347/15 4958/5328/16
f 4958/5328/16 4976/5347/15 4977/5348/17 4959/5329/902
f 4959/5329/902 4977/5348/17 4978/5349/19 4960/5330/20
f 4960/5331/20 4978/5350/19 4979/5351/21 4961/5332/22
f 4961/5332/22 4979/5351/21 4980/5352/23 4962/5333/24
f 4962/5333/24 4980/5352/23 4981/5353/25 4963/5334/26
f 4963/5334/26 4981/5353/25 4982/5354/27 4964/5335/28
f 4964/5335/28 4982/5354/27 4983/5355/29 4965/5336/30
f 4965/5336/30 4983/5355/29 4984/5356/31 4966/5337/32
f 4966/5337/32 4984/5356/31 4985/5357/33 4967/5338/34
f 4967/5338/34 4985/5357/33 4986/5358/35 4968/5339/36
f 4968/5339/36 4986/5358/35 4969/5340/2 4951/5321/1
f 4969/5340/2 4987/5359/37 4988/5360/38 4970/5341/3
f 4970/5341/3 4988/5360/38 4989/5361/39 4971/5342/5
f 4971/5342/5 4989/5361/39 4990/5362/40 4972/5343/7
f 4972/5343/7 4990/5362/40 4991/5363/41 4973/5344/9
f 4973/5344/9 4991/5363/41 4992/5364/42 4974/5345/11
f 4974/5345/11 4992/5364/42 4993/5365/43 4975/5346/13
f 4975/5346/13 4993/5365/43 4994/5366/44 4976/5347/15
f 4976/5347/15 4994/5366/44 4995/5367/45 4977/5348/17
f 4977/5348/17 4995/5367/45 4996/5368/46 4978/5349/19
f 4978/5350/19 4996/5369/46 4997/5370/47 4979/5351/21
f 4979/5351/21 4997/5370/47 4998/5371/48 4980/5352/23
f 4980/5352/23 4998/5371/48 4999/5372/49 4981/5353/25
f 4981/5353/25 4999/5372/49 5000/5373/50 4982/5354/27
f 4982/5354/27 5000/5373/50 5001/5374/51 4983/5355/29
f 4983/5355/29 5001/5374/51 5002/5375/52 4984/5356/31
f 4984/5356/31 5002/5375/52 5003/5376/53 4985/5357/33
f 4985/5357/33 5003/5376/53 5004/5377/54 4986/5358/35
f 4986/5358/35 5004/5377/54 4987/5359/37 4969/5340/2
f 4987/5359/37 5005/5378/55 5006/5379/56 4988/5360/38
f 4988/5360/38 5006/5379/56 5007/5380/57 4989/5361/39
f 4989/5361/39 5007/5380/57 5008/5381/58 4990/5362/40
f 4990/5362/40 5008/5381/58 5009/5382/59 4991/5363/41
f 4991/5363/41 5009/5382/59 5010/5383/60 4992/5364/42
f 4992/5364/42 5010/5383/60 5011/5384/61 4993/5365/43
f 4993/5365/43 5011/5384/61 5012/5385/62 4994/5366/44
f 4994/5366/44 5012/5385/62 5013/5386/63 4995/5367/45
f 4995/5367/45 5013/5386/63 5014/5387/64 4996/5368/46
f 4996/5369/46 5014/5388/64 5015/5389/65 4997/5370/47
f 4997/5370/47 5015/5389/65 5016/5390/66 4998/5371/48
f 4998/5371/48 5016/5390/66 5017/5391/67 4999/5372/49
f 4999/5372/49 5017/5391/67 5018/5392/68 5000/5373/50
f 5000/5373/50 5018/5392/68 5019/5393/69 5001/5374/51
f 5001/5374/51 5019/5393/69 5020/5394/70 5002/5375/52
f 5002/5375/52 5020/5394/70 5021/5395/71 5003/5376/53
f 5003/5376/53 5021/5395/71 5022/5396/72 5004/5377/54
f 5004/5377/54 5022/5396/72 5005/5378/55 4987/5359/37
f 5005/5378/55 5023/5397/73 5024/5398/74 5006/5379/56
f 5006/5379/56 5024/5398/74 5025/5399/75 5007/5380/57
f 5007/5380/57 5025/5399/75 5026/5400/76 5008/5381/58
f 5008/5381/58 5026/5400/76 5027/5401/77 5009/5382/59
f 5009/5382/59 5027/5401/77 5028/5402/78 5010/5383/60
f 5010/5383/60 5028/5402/78 5029/5403/79 5011/5384/61
f 5011/5384/61 5029/5403/79 5030/5404/80 5012/5385/62
f 5012/5385/62 5030/5404/80 5031/5405/81 5013/5386/63
f 5013/5386/63 5031/5405/81 5032/5406/82 5014/5387/64
f 5014/5388/64 5032/5407/82 5033/5408/83 5015/5389/65
f 5015/5389/65 5033/5408/83 5034/5409/84 5016/5390/66
f 5016/5390/66 5034/5409/84 5035/5410/85 5017/5391/67
f 5017/5391/67 5035/5410/85 5036/5411/86 5018/5392/68
f 5018/5392/68 5036/5411/86 5037/5412/87 5019/5393/69
f 5019/5393/69 5037/5412/87 5038/5413/88 5020/5394/70
f 5020/5394/70 5038/5413/88 5039/5414/89 5021/5395/71
f 5021/5395/71 5039/5414/89 5040/5415/90 5022/5396/72
f 5022/5396/72 5040/5415/90 5023/5397/73 5005/5378/55
f 5023/5397/73 5041/5416/91 5042/5417/92 5024/5398/74
f 5024/5398/74 5042/5417/92 5043/5418/93 5025/5399/75
f 5025/5399/75 5043/5418/93 5044/5419/94 5026/5400/76
f 5026/5400/76 5044/5419/94 5045/5420/95 5027/5401/77
f 5027/5401/77 5045/5420/95 5046/5421/96 5028/5402/78
f 5028/5402/78 5046/5421/96 5047/5422/97 5029/5403/79
f 5029/5403/79 5047/5422/97 5048/5423/98 5030/5404/80
f 5030/5404/80 5048/5423/98 5049/5424/99 5031/5405/81
f 5031/5405/81 5049/5424/99 5050/5425/100 5032/5406/82
f 5032/5407/82 5050/5426/100 5051/5427/101 5033/5408/83
f 5033/5408/83 5051/5427/101 5052/5428/102 5034/5409/84
f 5034/5409/84 5052/5428/102 5053/5429/103 5035/5410/85
f 5035/5410/85 5053/5429/103 5054/5430/104 5036/5411/86
f 5036/5411/86 5054/5430/104 5055/5431/105 5037/5412/87
f 5037/5412/87 5055/5431/105 5056/5432/106 5038/5413/88
f 5038/5413/88 5056/5432/106 5057/5433/107 5039/5414/89
f 5039/5414/89 5057/5433/107 5058/5434/108 5040/5415/90
f 5040/5415/90 5058/5434/108 5041/5416/91 5023/5397/73
f 5041/5416/91 5059/5435/109 5060/5436/110 5042/5417/92
f 5042/5417/92 5060/5436/110 5061/5437/111 5043/5418/93
f 5043/5418/93 5061/5437/111 5062/5438/112 5044/5419/94
f 5044/5419/94 5062/5438/112 5063/5439/113 5045/5420/95
f 5045/5420/95 5063/5439/113 5064/5440/114 5046/5421/96
f 5046/5421/96 5064/5440/114 5065/5441/115 5047/5422/97
f 5047/5422/97 5065/5441/115 5066/5442/116 5048/5423/98
f 5048/5423/98 5066/5442/116 5067/5443/117 5049/5424/99
f 5049/5424/99 5067/5443/117 5068/5444/118 5050/5425/100
f 5050/5426/100 5068/5445/118 5069/5446/119 5051/5427/101
f 5051/5427/101 5069/5446/119 5070/5447/120 5052/5428/102
f 5052/5428/102 5070/5447/120 5071/5448/121 5053/5429/103
f 5053/5429/103 5071/5448/121 5072/5449/122 5054/5430/104
f 5054/5430/104 5072/5449/122 5073/5450/123 5055/5431/105
f 5055/5431/105 5073/5450/123 5074/5451/124 5056/5432/106
f 5056/5432/106 5074/5451/124 5075/5452/125 5057/5433/107
f 5057/5433/107 5075/5452/125 5076/5453/126 5058/5434/108
f 5058/5434/108 5076/5453/126 5059/5435/109 5041/5416/91
f 5059/5435/109 5077/5454/127 5078/5455/128 5060/5436/110
f 5060/5436/110 5078/5455/128 5079/5456/129 5061/5437/111
f 5061/5437/111 5079/5456/129 5080/5457/130 5062/5438/112
f 5062/5438/112 5080/5457/130 5081/5458/131 5063/5439/113
f 5063/5439/113 5081/5458/131 5082/5459/132 5064/5440/114
f 5064/5440/114 5082/5459/132 5083/5460/133 5065/5441/115
f 5065/5441/115 5083/5460/133 5084/5461/134 5066/5442/116
f 5066/5442/116 5084/5461/134 5085/5462/135 5067/5443/117
f 5067/5443/117 5085/5462/135 5086/5463/136 5068/5444/118
f 5068/5445/118 5086/5464/136 5087/5465/137 5069/5446/119
f 5069/5446/119 5087/5465/137 5088/5466/138 5070/5447/120
f 5070/5447/120 5088/5466/138 5089/5467/139 5071/5448/121
f 5071/5448/121 5089/5467/139 5090/5468/140 5072/5449/122
f 5072/5449/122 5090/5468/140 5091/5469/141 5073/5450/123
f 5073/5450/123 5091/5469/141 5092/5470/142 5074/5451/124
f 5074/5451/124 5092/5470/142 5093/5471/143 5075/5452/125
f 5075/5452/125 5093/5471/143 5094/5472/144 5076/5453/126
f 5076/5453/126 5094/5472/144 5077/5454/127 5059/5435/109
f 5077/5454/127 5095/5473/145 5096/5474/146 5078/5455/128
f 5078/5455/128 5096/5474/146 5097/5475/147 5079/5456/129
f 5079/5456/129 5097/5475/147 5098/5476/148 5080/5457/130
f 5080/5457/130 5098/5476/148 5099/5477/149 5081/5458/131
f 5081/5458/131 5099/5477/149 5100/5478/150 5082/5459/132
f 5082/5459/132 5100/5478/150 5101/5479/151 5083/5460/133
f 5083/5460/133 5101/5479/151 5102/5480/152 5084/5461/134
f 5084/5461/134 5102/5480/152 5103/5481/1114 5085/5462/135
f 5085/5462/135 5103/5481/1114 5104/5482/154 5086/5463/136
f 5086/5464/136 5104/5483/154 5105/5484/155 5087/5465/137
f 5087/5465/137 5105/5484/155 5106/5485/156 5088/5466/138
f 5088/5466/138 5106/5485/156 5107/5486/157 5089/5467/139
f 5089/5467/139 5107/5486/157 5108/5487/158 5090/5468/140
f 5090/5468/140 5108/5487/158 5109/5488/159 5091/5469/141
f 5091/5469/141 5109/5488/159 5110/5489/160 5092/5470/142
f 5092/5470/142 5110/5489/160 5111/5490/161 5093/5471/143
f 5093/5471/143 5111/5490/161 5112/5491/162 5094/5472/144
f 5094/5472/144 5112/5491/162 5095/5473/145 5077/5454/127
f 5095/5473/145 5113/5492/163 5114/5493/164 5096/5474/146
f 5096/5474/146 5114/5493/164 5115/5494/165 5097/5475/147
f 5097/5475/147 5115/5494/165 5116/5495/166 5098/5476/148
f 5098/5476/148 5116/5495/166 5117/5496/167 5099/5477/149
f 5099/5477/149 5117/5496/167 5118/5497/168 5100/5478/150
f 5100/5478/150 5118/5497/168 5119/5498/169 5101/5479/151
f 5101/5479/151 5119/5498/169 5120/5499/170 5102/5480/152
f 5102/5480/152 5120/5499/170 5121/5500/171 5103/5481/1114
f 5103/5481/1114 5121/5500/171 5122/5501/172 5104/5482/154
f 5104/5483/154 5122/5502/172 5123/5503/173 5105/5484/155
f 5105/5484/155 5123/5503/173 5124/5504/174 5106/5485/156
f 5106/5485/156 5124/5504/174 5125/5505/175 5107/5486/157
f 5107/5486/157 5125/5505/175 5126/5506/176 5108/5487/158
f 5108/5487/158 5126/5506/176 5127/5507/177 5109/5488/159
f 5109/5488/159 5127/5507/177 5128/5508/178 5110/5489/160
f 5110/5489/160 5128/5508/178 5129/5509/179 5111/5490/161
f 5111/5490/161 5129/5509/179 5130/5510/180 5112/5491/162
f 5112/5491/162 5130/5510/180 5113/5492/163 5095/5473/145
f 5113/5492/163 5131/5511/181 5132/5512/182 5114/5493/164
f 5114/5493/164 5132/5512/182 5133/5513/183 5115/5494/165
f 5115/5494/165 5133/5513/183 5134/5514/184 5116/5495/166
f 5116/5495/166 5134/5514/184 5135/5515/185 5117/5496/167
f 5117/5496/167 5135/5515/185 5136/5516/186 5118/5497/168
f 5118/5497/168 5136/5516/186 5137/5517/187 5119/5498/169
f 5119/5498/169 5137/5517/187 5138/5518/188 5120/5499/170
f 5120/5499/170 5138/5518/188 5139/5519/189 5121/5500/171
f 5121/5500/171 5139/5519/189 5140/5520/190 5122/5501/172
f 5122/5502/172 5140/5521/190 5141/5522/191 5123/5503/173
f 5123/5503/173 5141/5522/191 5142/5523/192 5124/5504/174
f 5124/5504/174 5142/5523/192 5143/5524/193 5125/5505/175
f 5125/5505/175 5143/5524/193 5144/5525/194 5126/5506/176
f 5126/5506/176 5144/5525/194 5145/5526/195 5127/5507/177
f 5127/5507/177 5145/5526/195 5146/5527/196 5128/5508/178
f 5128/5508/178 5146/5527/196 5147/5528/197 5129/5509/179
f 5129/5509/179 5147/5528/197 5148/5529/198 5130/5510/180
f 5130/5510/180 5148/5529/198 5131/5511/181 5113/5492/163
f 5131/5511/181 5149/5530/199 5150/5531/200 5132/5512/182
f 5132/5512/182 5150/5531/200 5151/5532/201 5133/5513/183
f 5133/5513/183 5151/5532/201 5152/5533/202 5134/5514/184
f 5134/5514/184 5152/5533/202 5153/5534/203 5135/5515/185
f 5135/5515/185 5153/5534/203 5154/5535/204 5136/5516/186
f 5136/5516/186 5154/5535/204 5155/5536/205 5137/5517/187
f 5137/5517/187 5155/5536/205 5156/5537/206 5138/5518/188
f 5138/5518/188 5156/5537/206 5157/5538/207 5139/5519/189
f 5139/5519/189 5157/5538/207 5158/5539/208 5140/5520/190
f 5140/5521/190 5158/5540/208 5159/5541/209 5141/5522/191
f 5141/5522/191 5159/5541/209 5160/5542/210 5142/5523/192
f 5142/5523/192 5160/5542/210 5161/5543/211 5143/5524/193
f 5143/5524/193 5161/5543/211 5162/5544/212 5144/5525/194
f 5144/5525/194 5162/5544/212 5163/5545/213 5145/5526/195
f 5145/5526/195 5163/5545/213 5164/5546/214 5146/5527/196
f 5146/5527/196 5164/5546/214 5165/5547/215 5147/5528/197
f 5147/5528/197 5165/5547/215 5166/5548/216 5148/5529/198
f 5148/5529/198 5166/5548/216 5149/5530/199 5131/5511/181
f 5149/5530/199 5167/5549/217 5168/5550/218 5150/5531/200
f 5150/5531/200 5168/5550/218 5169/5551/219 5151/5532/201
f 5151/5532/201 5169/5551/219 5170/5552/220 5152/5533/202
f 5152/5533/202 5170/5552/220 5171/5553/221 5153/5534/203
f 5153/5534/203 5171/5553/221 5172/5554/222 5154/5535/204
f 5154/5535/204 5172/5554/222 5173/5555/223 5155/5536/205
f 5155/5536/205 5173/5555/223 5174/5556/224 5156/5537/206
f 5156/5537/206 5174/5556/224 5175/5557/225 5157/5538/207
f 5157/5538/207 5175/5557/225 5176/5558/226 5158/5539/208
f 5158/5540/208 5176/5559/226 5177/5560/227 5159/5541/209
f 5159/5541/209 5177/5560/227 5178/5561/228 5160/5542/210
f 5160/5542/210 5178/5561/228 5179/5562/229 5161/5543/211
f 5161/5543/211 5179/5562/229 5180/5563/230 5162/5544/212
f 5162/5544/212 5180/5563/230 5181/5564/231 5163/5545/213
f 5163/5545/213 5181/5564/231 5182/5565/232 5164/5546/214
f 5164/5546/214 5182/5565/232 5183/5566/233 5165/5547/215
f 5165/5547/215 5183/5566/233 5184/5567/234 5166/5548/216
f 5166/5548/216 5184/5567/234 5167/5549/217 5149/5530/199
f 5167/5549/217 5185/5568/235 5186/5570/236 5168/5550/218
f 5168/5550/218 5186/5570/236 5187/5572/237 5169/5551/219
f 5169/5551/219 5187/5572/237 5188/5574/238 5170/5552/220
f 5170/5552/220 5188/5574/238 5189/5576/239 5171/5553/221
f 5171/5553/221 5189/5576/239 5190/5578/240 5172/5554/222
f 5172/5554/222 5190/5578/240 5191/5580/241 5173/5555/223
f 5173/5555/223 5191/5580/241 5192/5582/242 5174/5556/224
f 5174/5556/224 5192/5582/242 5193/5584/243 5175/5557/225
f 5175/5557/225 5193/5584/243 5194/5586/244 5176/5558/226
f 5176/5559/226 5194/5587/244 5195/5590/245 5177/5560/227
f 5177/5560/227 5195/5590/245 5196/5592/246 5178/5561/228
f 5178/5561/228 5196/5592/246 5197/5594/247 5179/5562/229
f 5179/5562/229 5197/5594/247 5198/5596/248 5180/5563/230
f 5180/5563/230 5198/5596/248 5199/5598/249 5181/5564/231
f 5181/5564/231 5199/5598/249 5200/5600/250 5182/5565/232
f 5182/5565/232 5200/5600/250 5201/5602/251 5183/5566/233
f 5183/5566/233 5201/5602/251 5202/5604/252 5184/5567/234
f 5184/5567/234 5202/5604/252 5185/5568/235 5167/5549/217
f 5185/5569/235 5203/5606/253 5204/5607/254 5186/5571/236
f 5186/5571/236 5204/5607/254 5205/5608/255 5187/5573/237
f 5187/5573/237 5205/5608/255 5206/5609/256 5188/5575/238
f 5188/5575/238 5206/5609/256 5207/5610/257 5189/5577/239
f 5189/5577/239 5207/5610/257 5208/5611/258 5190/5579/240
f 5190/5579/240 5208/5611/258 5209/5612/259 5191/5581/241
f 5191/5581/241 5209/5612/259 5210/5613/260 5192/5583/242
f 5192/5583/242 5210/5613/260 5211/5614/261 5193/5585/243
f 5193/5585/243 5211/5614/261 5212/5615/262 5194/5588/244
f 5194/5589/244 5212/5616/262 5213/5617/263 5195/5591/245
f 5195/5591/245 5213/5617/263 5214/5618/264 5196/5593/246
f 5196/5593/246 5214/5618/264 5215/5619/265 5197/5595/247
f 5197/5595/247 5215/5619/265 5216/5620/266 5198/5597/248
f 5198/5597/248 5216/5620/266 5217/5621/267 5199/5599/249
f 5199/5599/249 5217/5621/267 5218/5622/268 5200/5601/250
f 5200/5601/250 5218/5622/268 5219/5623/269 5201/5603/251
f 5201/5603/251 5219/5623/269 5220/5624/270 5202/5605/252
f 5202/5605/252 5220/5624/270 5203/5606/253 5185/5569/235
f 5203/5606/253 5221/5625/271 5222/5626/272 5204/5607/254
f 5204/5607/254 5222/5626/272 5223/5627/273 5205/5608/255
f 5205/5608/255 5223/5627/273 5224/5628/274 5206/5609/256
f 5206/5609/256 5224/5628/274 5225/5629/275 5207/5610/257
f 5207/5610/257 5225/5629/275 5226/5630/276 5208/5611/258
f 5208/5611/258 5226/5630/276 5227/5631/277 5209/5612/259
f 5209/5612/259 5227/5631/277 5228/5632/278 5210/5613/260
f 5210/5613/260 5228/5632/278 5229/5633/279 5211/5614/261
f 5211/5614/261 5229/5633/279 5230/5634/280 5212/5615/262
f 5212/5616/262 5230/5635/280 5231/5636/281 5213/5617/263
f 5213/5617/263 5231/5636/281 5232/5637/282 5214/5618/264
f 5214/5618/264 5232/5637/282 5233/5638/283 5215/5619/265
f 5215/5619/265 5233/5638/283 5234/5639/284 5216/5620/266
f 5216/5620/266 5234/5639/284 5235/5640/285 5217/5621/267
f 5217/5621/267 5235/5640/285 5236/5641/286 5218/5622/268
f 5218/5622/268 5236/5641/286 5237/5642/287 5219/5623/269
f 5219/5623/269 5237/5642/287 5238/5643/288 5220/5624/270
f 5220/5624/270 5238/5643/288 5221/5625/271 5203/5606/253
f 5221/5625/271 5239/5644/289 5240/5645/290 5222/5626/272
f 5222/5626/272 5240/5645/290 5241/5646/291 5223/5627/273
f 5223/5627/273 5241/5646/291 5242/5647/292 5224/5628/274
f 5224/5628/274 5242/5647/292 5243/5648/293 5225/5629/275
f 5225/5629/275 5243/5648/293 5244/5649/294 5226/5630/276
f 5226/5630/276 5244/5649/294 5245/5650/295 5227/5631/277
f 5227/5631/277 5245/5650/295 5246/5651/296 5228/5632/278
f 5228/5632/278 5246/5651/296 5247/5652/297 5229/5633/279
f 5229/5633/279 5247/5652/297 5248/5653/298 5230/5634/280
f 5230/5635/280 5248/5654/298 5249/5655/299 5231/5636/281
f 5231/5636/281 5249/5655/299 5250/5656/300 5232/5637/282
f 5232/5637/282 5250/5656/300 5251/5657/301 5233/5638/283
f 5233/5638/283 5251/5657/301 5252/5658/302 5234/5639/284
f 5234/5639/284 5252/5658/302 5253/5659/303 5235/5640/285
f 5235/5640/285 5253/5659/303 5254/5660/304 5236/5641/286
f 5236/5641/286 5254/5660/304 5255/5661/305 5237/5642/287
f 5237/5642/287 5255/5661/305 5256/5662/306 5238/5643/288
f 5238/5643/288 5256/5662/306 5239/5644/289 5221/5625/271
f 5239/5644/289 5257/5663/307 5258/5664/308 5240/5645/290
f 5240/5645/290 5258/5664/308 5259/5665/309 5241/5646/291
f 5241/5646/291 5259/5665/309 5260/5666/310 5242/5647/292
f 5242/5647/292 5260/5666/310 5261/5667/311 5243/5648/293
f 5243/5648/293 5261/5667/311 5262/5668/312 5244/5649/294
f 5244/5649/294 5262/5668/312 5263/5669/313 5245/5650/295
f 5245/5650/295 5263/5669/313 5264/5670/314 5246/5651/296
f 5246/5651/296 5264/5670/314 5265/5671/315 5247/5652/297
f 5247/5652/297 5265/5671/315 5266/5672/316 5248/5653/298
f 5248/5654/298 5266/5673/316 5267/5674/317 5249/5655/299
f 5249/5655/299 5267/5674/317 5268/5675/318 5250/5656/300
f 5250/5656/300 5268/5675/318 5269/5676/319 5251/5657/301
f 5251/5657/301 5269/5676/319 5270/5677/320 5252/5658/302
f 5252/5658/302 5270/5677/320 5271/5678/321 5253/5659/303
f 5253/5659/303 5271/5678/321 5272/5679/322 5254/5660/304
f 5254/5660/304 5272/5679/322 5273/5680/323 5255/5661/305
f 5255/5661/305 5273/5680/323 5274/5681/324 5256/5662/306
f 5256/5662/306 5274/5681/324 5257/5663/307 5239/5644/289
f 5257/5663/307 5275/5682/325 5276/5683/326 5258/5664/308
f 5258/5664/308 5276/5683/326 5277/5684/327 5259/5665/309
f 5259/5665/309 5277/5684/327 5278/5685/328 5260/5666/310
f 5260/5666/310 5278/5685/328 5279/5686/329 5261/5667/311
f 5261/5667/311 5279/5686/329 5280/5687/330 5262/5668/312
f 5262/5668/312 5280/5687/330 5281/5688/331 5263/5669/313
f 5263/5669/313 5281/5688/331 5282/5689/332 5264/5670/314
f 5264/5670/314 5282/5689/332 5283/5690/333 5265/5671/315
f 5265/5671/315 5283/5690/333 5284/5691/334 5266/5672/316
f 5266/5673/316 5284/5692/334 5285/5693/335 5267/5674/317
f 5267/5674/317 5285/5693/335 5286/5694/336 5268/5675/318
f 5268/5675/318 5286/5694/336 5287/5695/337 5269/5676/319
f 5269/5676/319 5287/5695/337 5288/5696/338 5270/5677/320
f 5270/5677/320 5288/5696/338 5289/5697/339 5271/5678/321
f 5271/5678/321 5289/5697/339 5290/5698/340 5272/5679/322
f 5272/5679/322 5290/5698/340 5291/5699/341 5273/5680/323
f 5273/5680/323 5291/5699/341 5292/5700/342 5274/5681/324
f 5274/5681/324 5292/5700/342 5275/5682/325 5257/5663/307
f 5275/5682/325 5293/5701/343 5294/5702/344 5276/5683/326
f 5276/5683/326 5294/5702/344 5295/5703/345 5277/5684/327
f 5277/5684/327 5295/5703/345 5296/5704/346 5278/5685/328
f 5278/5685/328 5296/5704/346 5297/5705/347 5279/5686/329
f 5279/5686/329 5297/5705/347 5298/5706/348 5280/5687/330
f 5280/5687/330 5298/5706/348 5299/5707/349 5281/5688/331
f 5281/5688/331 5299/5707/349 5300/5708/350 5282/5689/332
f 5282/5689/332 5300/5708/350 5301/5709/351 5283/5690/333
f 5283/5690/333 5301/5709/351 5302/5710/352 5284/5691/334
f 5284/5692/334 5302/5711/352 5303/5712/353 5285/5693/335
f 5285/5693/335 5303/5712/353 5304/5713/354 5286/5694/336
f 5286/5694/336 5304/5713/354 5305/5714/355 5287/5695/337
f 5287/5695/337 5305/5714/355 5306/5715/356 5288/5696/338
f 5288/5696/338 5306/5715/356 5307/5716/357 5289/5697/339
f 5289/5697/339 5307/5716/357 5308/5717/358 5290/5698/340
f 5290/5698/340 5308/5717/358 5309/5718/359 5291/5699/341
f 5291/5699/341 5309/5718/359 5310/5719/360 5292/5700/342
f 5292/5700/342 5310/5719/360 5293/5701/343 5275/5682/325
f 5293/5701/343 5311/5720/361 5312/5721/362 5294/5702/344
f 5294/5702/344 5312/5721/362 5313/5722/363 5295/5703/345
f 5295/5703/345 5313/5722/363 5314/5723/364 5296/5704/346
f 5296/5704/346 5314/5723/364 5315/5724/365 5297/5705/347
f 5297/5705/347 5315/5724/365 5316/5725/366 5298/5706/348
f 5298/5706/348 5316/5725/366 5317/5726/367 5299/5707/349
f 5299/5707/349 5317/5726/367 5318/5727/368 5300/5708/350
f 5300/5708/350 5318/5727/368 5319/5728/369 5301/5709/351
f 5301/5709/351 5319/5728/369 5320/5729/370 5302/5710/352
f 5302/5711/352 5320/5730/370 5321/5731/371 5303/5712/353
f 5303/5712/353 5321/5731/371 5322/5732/372 5304/5713/354
f 5304/5713/354 5322/5732/372 5323/5733/373 5305/5714/355
f 5305/5714/355 5323/5733/373 5324/5734/374 5306/5715/356
f 5306/5715/356 5324/5734/374 5325/5735/375 5307/5716/357
f 5307/5716/357 5325/5735/375 5326/5736/376 5308/5717/358
f 5308/5717/358 5326/5736/376 5327/5737/377 5309/5718/359
f 5309/5718/359 5327/5737/377 5328/5738/378 5310/5719/360
f 5310/5719/360 5328/5738/378 5311/5720/361 5293/5701/343
f 5311/5720/361 5329/5739/379 5330/5740/380 5312/5721/362
f 5312/5721/362 5330/5740/380 5331/5741/381 5313/5722/363
f 5313/5722/363 5331/5741/381 5332/5742/382 5314/5723/364
f 5314/5723/364 5332/5742/382 5333/5743/383 5315/5724/365
f 5315/5724/365 5333/5743/383 5334/5744/384 5316/5725/366
f 5316/5725/366 5334/5744/384 5335/5745/385 5317/5726/367
f 5317/5726/367 5335/5745/385 5336/5746/386 5318/5727/368
f 5318/5727/368 5336/5746/386 5337/5747/387 5319/5728/369
f 5319/5728/369 5337/5747/387 5338/5748/388 5320/5729/370
f 5320/5730/370 5338/5749/388 5339/5750/389 5321/5731/371
f 5321/5731/371 5339/5750/389 5340/5751/390 5322/5732/372
f 5322/5732/372 5340/5751/390 5341/5752/391 5323/5733/373
f 5323/5733/373 5341/5752/391 5342/5753/392 5324/5734/374
f 5324/5734/374 5342/5753/392 5343/5754/393 5325/5735/375
f 5325/5735/375 5343/5754/393 5344/5755/394 5326/5736/376
f 5326/5736/376 5344/5755/394 5345/5756/395 5327/5737/377
f 5327/5737/377 5345/5756/395 5346/5757/396 5328/5738/378
f 5328/5738/378 5346/5757/396 5329/5739/379 5311/5720/361
f 5329/5739/379 5347/5758/397 5348/5759/398 5330/5740/380
f 5330/5740/380 5348/5759/398 5349/5760/399 5331/5741/381
f 5331/5741/381 5349/5760/399 5350/5761/400 5332/5742/382
f 5332/5742/382 5350/5761/400 5351/5762/401 5333/5743/383
f 5333/5743/383 5351/5762/401 5352/5763/402 5334/5744/384
f 5334/5744/384 5352/5763/402 5353/5764/403 5335/5745/385
f 5335/5745/385 5353/5764/403 5354/5765/404 5336/5746/386
f 5336/5746/386 5354/5765/404 5355/5766/405 5337/5747/387
f 5337/5747/387 5355/5766/405 5356/5767/406 5338/5748/388
f 5338/5749/388 5356/5768/406 5357/5769/407 5339/5750/389
f 5339/5750/389 5357/5769/407 5358/5770/408 5340/5751/390
f 5340/5751/390 5358/5770/408 5359/5771/409 5341/5752/391
f 5341/5752/391 5359/5771/409 5360/5772/410 5342/5753/392
f 5342/5753/392 5360/5772/410 5361/5773/411 5343/5754/393
f 5343/5754/393 5361/5773/411 5362/5774/412 5344/5755/394
f 5344/5755/394 5362/5774/412 5363/5775/413 5345/5756/395
f 5345/5756/395 5363/5775/413 5364/5776/414 5346/5757/396
f 5346/5757/396 5364/5776/414 5347/5758/397 5329/5739/379
f 5347/5758/397 5365/5777/415 5366/5778/416 5348/5759/398
f 5348/5759/398 5366/5778/416 5367/5779/417 5349/5760/399
f 5349/5760/399 5367/5779/417 5368/5780/418 5350/5761/400
f 5350/5761/400 5368/5780/418 5369/5781/419 5351/5762/401
f 5351/5762/401 5369/5781/419 5370/5782/420 5352/5763/402
f 5352/5763/402 5370/5782/420 5371/5783/421 5353/5764/403
f 5353/5764/403 5371/5783/421 5372/5784/422 5354/5765/404
f 5354/5765/404 5372/5784/422 5373/5785/423 5355/5766/405
f 5355/5766/405 5373/5785/423 5374/5786/424 5356/5767/406
f 5356/5768/406 5374/5787/424 5375/5788/425 5357/5769/407
f 5357/5769/407 5375/5788/425 5376/5789/426 5358/5770/408
f 5358/5770/408 5376/5789/426 5377/5790/427 5359/5771/409
f 5359/5771/409 5377/5790/427 5378/5791/428 5360/5772/410
f 5360/5772/410 5378/5791/428 5379/5792/429 5361/5773/411
f 5361/5773/411 5379/5792/429 5380/5793/430 5362/5774/412
f 5362/5774/412 5380/5793/430 5381/5794/431 5363/5775/413
f 5363/5775/413 5381/5794/431 5382/5795/432 5364/5776/414
f 5364/5776/414 5382/5795/432 5365/5777/415 5347/5758/397
f 5365/5777/415 5383/5796/1115 5384/5797/1116 5366/5778/416
f 5366/5778/416 5384/5797/1116 5385/5798/1117 5367/5779/417
f 5367/5779/417 5385/5798/1117 5386/5799/1118 5368/5780/418
f 5368/5780/418 5386/5799/1118 5387/5800/1119 5369/5781/419
f 5369/5781/419 5387/5800/1119 5388/5801/1120 5370/5782/420
f 5370/5782/420 5388/5801/1120 5389/5802/1121 5371/5783/421
f 5371/5783/421 5389/5802/1121 5390/5803/1122 5372/5784/422
f 5372/5784/422 5390/5803/1122 5391/5804/1123 5373/5785/423
f 5373/5785/423 5391/5804/1123 5392/5805/1124 5374/5786/424
f 5374/5787/424 5392/5806/1124 5393/5807/1125 5375/5788/425
f 5375/5788/425 5393/5807/1125 5394/5808/1126 5376/5789/426
f 5376/5789/426 5394/5808/1126 5395/5809/1127 5377/5790/427
f 5377/5790/427 5395/5809/1127 5396/5810/1128 5378/5791/428
f 5378/5791/428 5396/5810/1128 5397/5811/1129 5379/5792/429
f 5379/5792/429 5397/5811/1129 5398/5812/1130 5380/5793/430
f 5380/5793/430 5398/5812/1130 5399/5813/1131 5381/5794/431
f 5381/5794/431 5399/5813/1131 5400/5814/1132 5382/5795/432
f 5382/5795/432 5400/5814/1132 5383/5796/1115 5365/5777/415
f 5383/5796/1115 1567/1692/934 1568/1693/937 5384/5797/1116
f 5384/5797/1116 1568/1693/937 1569/1694/939 5385/5798/1117
f 5385/5798/1117 1569/1694/939 1570/1695/941 5386/5799/1118
f 5386/5799/1118 1570/1695/941 1571/1696/943 5387/5800/1119
f 5387/5800/1119 1571/1696/943 1572/1697/945 5388/5801/1120
f 5388/5801/1120 1572/1697/945 1573/1698/947 5389/5802/1121
f 5389/5802/1121 1573/1698/947 1574/1699/949 5390/5803/1122
f 5390/5803/1122 1574/1699/949 1575/1700/951 5391/5804/1123
f 5391/5804/1123 1575/1700/951 1576/1701/953 5392/5805/1124
f 5392/5806/1124 1576/1702/953 1577/1703/955 5393/5807/1125
f 5393/5807/1125 1577/1703/955 1578/1704/957 5394/5808/1126
f 5394/5808/1126 1578/1704/957 1579/1705/959 5395/5809/1127
f 5395/5809/1127 1579/1705/959 1580/1706/961 5396/5810/1128
f 5396/5810/1128 1580/1706/961 1581/1707/963 5397/5811/1129
f 5397/5811/1129 1581/1707/963 1582/1708/965 5398/5812/1130
f 5398/5812/1130 1582/1708/965 1583/1709/967 5399/5813/1131
f 5399/5813/1131 1583/1709/967 1584/1710/969 5400/5814/1132
f 5400/5814/1132 1584/1710/969 1567/1692/934 5383/5796/1115
f 5401/5815/469 5419/5834/470 5420/5835/471 5402/5816/472
f 5402/5816/472 5420/5835/471 5421/5836/473 5403/5817/474
f 5403/5817/474 5421/5836/473 5422/5837/475 5404/5818/476
f 5404/5818/476 5422/5837/475 5423/5838/477 5405/5819/478
f 5405/5819/478 5423/5838/477 5424/5839/479 5406/5820/480
f 5406/5820/480 5424/5839/479 5425/5840/481 5407/5821/482
f 5407/5821/482 5425/5840/481 5426/5841/483 5408/5822/484
f 5408/5822/484 5426/5841/483 5427/5842/485 5409/5823/486
f 5409/5823/486 5427/5842/485 5428/5843/487 5410/5824/488
f 5410/5825/488 5428/5844/487 5429/5845/1044 5411/5826/490
f 5411/5826/490 5429/5845/1044 5430/5846/491 5412/5827/492
f 5412/5827/492 5430/5846/491 5431/5847/1045 5413/5828/494
f 5413/5828/494 5431/5847/1045 5432/5848/495 5414/5829/496
f 5414/5829/496 5432/5848/495 5433/5849/497 5415/5830/498
f 5415/5830/498 5433/5849/497 5434/5850/499 5416/5831/500
f 5416/5831/500 5434/5850/499 5435/5851/501 5417/5832/502
f 5417/5832/502 5435/5851/501 5436/5852/503 5418/5833/504
f 5418/5833/504 5436/5852/503 5419/5834/470 5401/5815/469
f 5419/5834/470 5437/5853/505 5438/5854/506 5420/5835/471
f 5420/5835/471 5438/5854/506 5439/5855/507 5421/5836/473
f 5421/5836/473 5439/5855/507 5440/5856/508 5422/5837/475
f 5422/5837/475 5440/5856/508 5441/5857/509 5423/5838/477
f 5423/5838/477 5441/5857/509 5442/5858/510 5424/5839/479
f 5424/5839/479 5442/5858/510 5443/5859/511 5425/5840/481
f 5425/5840/481 5443/5859/511 5444/5860/512 5426/5841/483
f 5426/5841/483 5444/5860/512 5445/5861/1046 5427/5842/485
f 5427/5842/485 5445/5861/1046 5446/5862/514 5428/5843/487
f 5428/5844/487 5446/5863/514 5447/5864/515 5429/5845/1044
f 5429/5845/1044 5447/5864/515 5448/5865/516 5430/5846/491
f 5430/5846/491 5448/5865/516 5449/5866/517 5431/5847/1045
f 5431/5847/1045 5449/5866/517 5450/5867/518 5432/5848/495
f 5432/5848/495 5450/5867/518 5451/5868/519 5433/5849/497
f 5433/5849/497 5451/5868/519 5452/5869/520 5434/5850/499
f 5434/5850/499 5452/5869/520 5453/5870/521 5435/5851/501
f 5435/5851/501 5453/5870/521 5454/5871/522 5436/5852/503
f 5436/5852/503 5454/5871/522 5437/5853/505 5419/5834/470
f 5437/5853/505 5455/5872/523 5456/5873/524 5438/5854/506
f 5438/5854/506 5456/5873/524 5457/5874/525 5439/5855/507
f 5439/5855/507 5457/5874/525 5458/5875/526 5440/5856/508
f 5440/5856/508 5458/5875/526 5459/5876/527 5441/5857/509
f 5441/5857/509 5459/5876/527 5460/5877/528 5442/5858/510
f 5442/5858/510 5460/5877/528 5461/5878/529 5443/5859/511
f 5443/5859/511 5461/5878/529 5462/5879/530 5444/5860/512
f 5444/5860/512 5462/5879/530 5463/5880/929 5445/5861/1046
f 5445/5861/1046 5463/5880/929 5464/5881/930 5446/5862/514
f 5446/5863/514 5464/5882/930 5465/5883/533 5447/5864/515
f 5447/5864/515 5465/5883/533 5466/5884/534 5448/5865/516
f 5448/5865/516 5466/5884/534 5467/5885/535 5449/5866/517
f 5449/5866/517 5467/5885/535 5468/5886/536 5450/5867/518
f 5450/5867/518 5468/5886/536 5469/5887/537 5451/5868/519
f 5451/5868/519 5469/5887/537 5470/5888/538 5452/5869/520
f 5452/5869/520 5470/5888/538 5471/5889/539 5453/5870/521
f 5453/5870/521 5471/5889/539 5472/5890/540 5454/5871/522
f 5454/5871/522 5472/5890/540 5455/5872/523 5437/5853/505
f 5455/5872/523 5473/5891/541 5474/5892/542 5456/5873/524
f 5456/5873/524 5474/5892/542 5475/5893/543 5457/5874/525
f 5457/5874/525 5475/5893/543 5476/5894/544 5458/5875/526
f 5458/5875/526 5476/5894/544 5477/5895/545 5459/5876/527
f 5459/5876/527 5477/5895/545 5478/5896/546 5460/5877/528
f 5460/5877/528 5478/5896/546 5479/5897/547 5461/5878/529
f 5461/5878/529 5479/5897/547 5480/5898/548 5462/5879/530
f 5462/5879/530 5480/5898/548 5481/5899/549 5463/5880/929
f 5463/5880/929 5481/5899/549 5482/5900/550 5464/5881/930
f 5464/5882/930 5482/5901/550 5483/5902/551 5465/5883/533
f 5465/5883/533 5483/5902/551 5484/5903/552 5466/5884/534
f 5466/5884/534 5484/5903/552 5485/5904/553 5467/5885/535
f 5467/5885/535 5485/5904/553 5486/5905/554 5468/5886/536
f 5468/5886/536 5486/5905/554 5487/5906/555 5469/5887/537
f 5469/5887/537 5487/5906/555 5488/5907/556 5470/5888/538
f 5470/5888/538 5488/5907/556 5489/5908/557 5471/5889/539
f 5471/5889/539 5489/5908/557 5490/5909/558 5472/5890/540
f 5472/5890/540 5490/5909/558 5473/5891/541 5455/5872/523
f 5473/5891/541 5491/5910/559 5492/5911/560 5474/5892/542
f 5474/5892/542 5492/5911/560 5493/5912/561 5475/5893/543
f 5475/5893/543 5493/5912/561 5494/5913/562 5476/5894/544
f 5476/5894/544 5494/5913/562 5495/5914/563 5477/5895/545
f 5477/5895/545 5495/5914/563 5496/5915/564 5478/5896/546
f 5478/5896/546 5496/5915/564 5497/5916/565 5479/5897/547
f 5479/5897/547 5497/5916/565 5498/5917/566 5480/5898/548
f 5480/5898/548 5498/5917/566 5499/5918/567 5481/5899/549
f 5481/5899/549 5499/5918/567 5500/5919/568 5482/5900/550
f 5482/5901/550 5500/5920/568 5501/5921/569 5483/5902/551
f 5483/5902/551 5501/5921/569 5502/5922/570 5484/5903/552
f 5484/5903/552 5502/5922/570 5503/5923/571 5485/5904/553
f 5485/5904/553 5503/5923/571 5504/5924/572 5486/5905/554
f 5486/5905/554 5504/5924/572 5505/5925/573 5487/5906/555
f 5487/5906/555 5505/5925/573 5506/5926/574 5488/5907/556
f 5488/5907/556 5506/5926/574 5507/5927/575 5489/5908/557
f 5489/5908/557 5507/5927/575 5508/5928/576 5490/5909/558
f 5490/5909/558 5508/5928/576 5491/5910/559 5473/5891/541
f 5491/5910/559 5509/5929/577 5510/5930/578 5492/5911/560
f 5492/5911/560 5510/5930/578 5511/5931/579 5493/5912/561
f 5493/5912/561 5511/5931/579 5512/5932/580 5494/5913/562
f 5494/5913/562 5512/5932/580 5513/5933/581 5495/5914/563
f 5495/5914/563 5513/5933/581 5514/5934/582 5496/5915/564
f 5496/5915/564 5514/5934/582 5515/5935/583 5497/5916/565
f 5497/5916/565 5515/5935/583 5516/5936/584 5498/5917/566
f 5498/5917/566 5516/5936/584 5517/5937/585 5499/5918/567
f 5499/5918/567 5517/5937/585 5518/5938/586 5500/5919/568
f 5500/5920/568 5518/5939/586 5519/5940/587 5501/5921/569
f 5501/5921/569 5519/5940/587 5520/5941/588 5502/5922/570
f 5502/5922/570 5520/5941/588 5521/5942/589 5503/5923/571
f 5503/5923/571 5521/5942/589 5522/5943/590 5504/5924/572
f 5504/5924/572 5522/5943/590 5523/5944/591 5505/5925/573
f 5505/5925/573 5523/5944/591 5524/5945/592 5506/5926/574
f 5506/5926/574 5524/5945/592 5525/5946/593 5507/5927/575
f 5507/5927/575 5525/5946/593 5526/5947/594 5508/5928/576
f 5508/5928/576 5526/5947/594 5509/5929/577 5491/5910/559
f 5509/5929/577 5527/5948/595 5528/5949/596 5510/5930/578
f 5510/5930/578 5528/5949/596 5529/5950/597 5511/5931/579
f 5511/5931/579 5529/5950/597 5530/5951/598 5512/5932/580
f 5512/5932/580 5530/5951/598 5531/5952/599 5513/5933/581
f 5513/5933/581 5531/5952/599 5532/5953/600 5514/5934/582
f 5514/5934/582 5532/5953/600 5533/5954/601 5515/5935/583
f 5515/5935/583 5533/5954/601 5534/5955/602 5516/5936/584
f 5516/5936/584 5534/5955/602 5535/5956/603 5517/5937/585
f 5517/5937/585 5535/5956/603 5536/5957/604 5518/5938/586
f 5518/5939/586 5536/5958/604 5537/5959/605 5519/5940/587
f 5519/5940/587 5537/5959/605 5538/5960/606 5520/5941/588
f 5520/5941/588 5538/5960/606 5539/5961/607 5521/5942/589
f 5521/5942/589 5539/5961/607 5540/5962/608 5522/5943/590
f 5522/5943/590 5540/5962/608 5541/5963/609 5523/5944/591
f 5523/5944/591 5541/5963/609 5542/5964/610 5524/5945/592
f 5524/5945/592 5542/5964/610 5543/5965/611 5525/5946/593
f 5525/5946/593 5543/5965/611 5544/5966/612 5526/5947/594
f 5526/5947/594 5544/5966/612 5527/5948/595 5509/5929/577
f 5527/5948/595 5545/5967/613 5546/5968/614 5528/5949/596
f 5528/5949/596 5546/5968/614 5547/5969/615 5529/5950/597
f 5529/5950/597 5547/5969/615 5548/5970/616 5530/5951/598
f 5530/5951/598 5548/5970/616 5549/5971/617 5531/5952/599
f 5531/5952/599 5549/5971/617 5550/5972/618 5532/5953/600
f 5532/5953/600 5550/5972/618 5551/5973/619 5533/5954/601
f 5533/5954/601 5551/5973/619 5552/5974/620 5534/5955/602
f 5534/5955/602 5552/5974/620 5553/5975/621 5535/5956/603
f 5535/5956/603 5553/5975/621 5554/5976/622 5536/5957/604
f 5536/5958/604 5554/5977/622 5555/5978/623 5537/5959/605
f 5537/5959/605 5555/5978/623 5556/5979/932 5538/5960/606
f 5538/5960/606 5556/5979/932 5557/5980/625 5539/5961/607
f 5539/5961/607 5557/5980/625 5558/5981/626 5540/5962/608
f 5540/5962/608 5558/5981/626 5559/5982/627 5541/5963/609
f 5541/5963/609 5559/5982/627 5560/5983/628 5542/5964/610
f 5542/5964/610 5560/5983/628 5561/5984/629 5543/5965/611
f 5543/5965/611 5561/5984/629 5562/5985/630 5544/5966/612
f 5544/5966/612 5562/5985/630 5545/5967/613 5527/5948/595
f 5545/5967/613 5563/5986/631 5564/5987/632 5546/5968/614
f 5546/5968/614 5564/5987/632 5565/5988/633 5547/5969/615
f 5547/5969/615 5565/5988/633 5566/5989/634 5548/5970/616
f 5548/5970/616 5566/5989/634 5567/5990/635 5549/5971/617
f 5549/5971/617 5567/5990/635 5568/5991/636 5550/5972/618
f 5550/5972/618 5568/5991/636 5569/5992/637 5551/5973/619
f 5551/5973/619 5569/5992/637 5570/5993/638 5552/5974/620
f 5552/5974/620 5570/5993/638 5571/5994/639 5553/5975/621
f 5553/5975/621 5571/5994/639 5572/5995/640 5554/5976/622
f 5554/5977/622 5572/5996/640 5573/5997/641 5555/5978/623
f 5555/5978/623 5573/5997/641 5574/5998/642 5556/5979/932
f 5556/5979/932 5574/5998/642 5575/5999/643 5557/5980/625
f 5557/5980/625 5575/5999/643 5576/6000/644 5558/5981/626
f 5558/5981/626 5576/6000/644 5577/6001/645 5559/5982/627
f 5559/5982/627 5577/6001/645 5578/6002/646 5560/5983/628
f 5560/5983/628 5578/6002/646 5579/6003/647 5561/5984/629
f 5561/5984/629 5579/6003/647 5580/6004/648 5562/5985/630
f 5562/5985/630 5580/6004/648 5563/5986/631 5545/5967/613
f 5563/5986/631 5581/6005/649 5582/6006/650 5564/5987/632
f 5564/5987/632 5582/6006/650 5583/6007/651 5565/5988/633
f 5565/5988/633 5583/6007/651 5584/6008/652 5566/5989/634
f 5566/5989/634 5584/6008/652 5585/6009/653 5567/5990/635
f 5567/5990/635 5585/6009/653 5586/6010/654 5568/5991/636
f 5568/5991/636 5586/6010/654 5587/6011/655 5569/5992/637
f 5569/5992/637 5587/6011/655 5588/6012/656 5570/5993/638
f 5570/5993/638 5588/6012/656 5589/6013/657 5571/5994/639
f 5571/5994/639 5589/6013/657 5590/6014/1133 5572/5995/640
f 5572/5996/640 5590/6015/1133 5591/6016/659 5573/5997/641
f 5573/5997/641 5591/6016/659 5592/6017/660 5574/5998/642
f 5574/5998/642 5592/6017/660 5593/6018/661 5575/5999/643
f 5575/5999/643 5593/6018/661 5594/6019/662 5576/6000/644
f 5576/6000/644 5594/6019/662 5595/6020/663 5577/6001/645
f 5577/6001/645 5595/6020/663 5596/6021/664 5578/6002/646
f 5578/6002/646 5596/6021/664 5597/6022/665 5579/6003/647
f 5579/6003/647 5597/6022/665 5598/6023/666 5580/6004/648
f 5580/6004/648 5598/6023/666 5581/6005/649 5563/5986/631
f 5581/6005/649 5599/6024/667 5600/6025/668 5582/6006/650
f 5582/6006/650 5600/6025/668 5601/6026/669 5583/6007/651
f 5583/6007/651 5601/6026/669 5602/6027/670 5584/6008/652
f 5584/6008/652 5602/6027/670 5603/6028/671 5585/6009/653
f 5585/6009/653 5603/6028/671 5604/6029/672 5586/6010/654
f 5586/6010/654 5604/6029/672 5605/6030/673 5587/6011/655
f 5587/6011/655 5605/6030/673 5606/6031/674 5588/6012/656
f 5588/6012/656 5606/6031/674 5607/6032/675 5589/6013/657
f 5589/6013/657 5607/6032/675 5608/6033/676 5590/6014/1133
f 5590/6015/1133 5608/6034/676 5609/6035/677 5591/6016/659
f 5591/6016/659 5609/6035/677 5610/6036/1050 5592/6017/660
f 5592/6017/660 5610/6036/1050 5611/6037/679 5593/6018/661
f 5593/6018/661 5611/6037/679 5612/6038/680 5594/6019/662
f 5594/6019/662 5612/6038/680 5613/6039/681 5595/6020/663
f 5595/6020/663 5613/6039/681 5614/6040/682 5596/6021/664
f 5596/6021/664 5614/6040/682 5615/6041/683 5597/6022/665
f 5597/6022/665 5615/6041/683 5616/6042/684 5598/6023/666
f 5598/6023/666 5616/6042/684 5599/6024/667 5581/6005/649
f 5617/6043/685 5635/6062/686 5636/6063/687 5618/6044/688
f 5618/6044/688 5636/6063/687 5637/6064/689 5619/6045/690
f 5619/6045/690 5637/6064/689 5638/6065/691 5620/6046/692
f 5620/6046/692 5638/6065/691 5639/6066/693 5621/6047/694
f 5621/6047/694 5639/6066/693 5640/6067/695 5622/6048/696
f 5622/6048/696 5640/6067/695 5641/6068/697 5623/6049/698
f 5623/6049/698 5641/6068/697 5642/6069/699 5624/6050/700
f 5624/6050/700 5642/6069/699 5643/6070/701 5625/6051/702
f 5625/6051/702 5643/6070/701 5644/6071/703 5626/6052/704
f 5626/6053/704 5644/6072/703 5645/6073/705 5627/6054/706
f 5627/6054/706 5645/6073/705 5646/6074/707 5628/6055/708
f 5628/6055/708 5646/6074/707 5647/6075/709 5629/6056/710
f 5629/6056/710 5647/6075/709 5648/6076/711 5630/6057/712
f 5630/6057/712 5648/6076/711 5649/6077/713 5631/6058/714
f 5631/6058/714 5649/6077/713 5650/6078/715 5632/6059/716
f 5632/6059/716 5650/6078/715 5651/6079/717 5633/6060/718
f 5633/6060/718 5651/6079/717 5652/6080/719 5634/6061/720
f 5634/6061/720 5652/6080/719 5635/6062/686 5617/6043/685
f 5635/6062/686 5653/6081/721 5654/6082/722 5636/6063/687
f 5636/6063/687 5654/6082/722 5655/6083/723 5637/6064/689
f 5637/6064/689 5655/6083/723 5656/6084/724 5638/6065/691
f 5638/6065/691 5656/6084/724 5657/6085/725 5639/6066/693
f 5639/6066/693 5657/6085/725 5658/6086/726 5640/6067/695
f 5640/6067/695 5658/6086/726 5659/6087/727 5641/6068/697
f 5641/6068/697 5659/6087/727 5660/6088/728 5642/6069/699
f 5642/6069/699 5660/6088/728 5661/6089/729 5643/6070/701
f 5643/6070/701 5661/6089/729 5662/6090/730 5644/6071/703
f 5644/6072/703 5662/6091/730 5663/6092/731 5645/6073/705
f 5645/6073/705 5663/6092/731 5664/6093/732 5646/6074/707
f 5646/6074/707 5664/6093/732 5665/6094/733 5647/6075/709
f 5647/6075/709 5665/6094/733 5666/6095/734 5648/6076/711
f 5648/6076/711 5666/6095/734 5667/6096/735 5649/6077/713
f 5649/6077/713 5667/6096/735 5668/6097/736 5650/6078/715
f 5650/6078/715 5668/6097/736 5669/6098/737 5651/6079/717
f 5651/6079/717 5669/6098/737 5670/6099/738 5652/6080/719
f 5652/6080/719 5670/6099/738 5653/6081/721 5635/6062/686
f 5653/6081/721 5671/6100/739 5672/6101/740 5654/6082/722
f 5654/6082/722 5672/6101/740 5673/6102/741 5655/6083/723
f 5655/6083/723 5673/6102/741 5674/6103/742 5656/6084/724
f 5656/6084/724 5674/6103/742 5675/6104/743 5657/6085/725
f 5657/6085/725 5675/6104/743 5676/6105/744 5658/6086/726
f 5658/6086/726 5676/6105/744 5677/6106/745 5659/6087/727
f 5659/6087/727 5677/6106/745 5678/6107/746 5660/6088/728
f 5660/6088/728 5678/6107/746 5679/6108/970 5661/6089/729
f 5661/6089/729 5679/6108/970 5680/6109/748 5662/6090/730
f 5662/6091/730 5680/6110/748 5681/6111/749 5663/6092/731
f 5663/6092/731 5681/6111/749 5682/6112/750 5664/6093/732
f 5664/6093/732 5682/6112/750 5683/6113/751 5665/6094/733
f 5665/6094/733 5683/6113/751 5684/6114/752 5666/6095/734
f 5666/6095/734 5684/6114/752 5685/6115/753 5667/6096/735
f 5667/6096/735 5685/6115/753 5686/6116/754 5668/6097/736
f 5668/6097/736 5686/6116/754 5687/6117/755 5669/6098/737
f 5669/6098/737 5687/6117/755 5688/6118/756 5670/6099/738
f 5670/6099/738 5688/6118/756 5671/6100/739 5653/6081/721
f 5671/6100/739 5689/6119/757 5690/6120/758 5672/6101/740
f 5672/6101/740 5690/6120/758 5691/6121/759 5673/6102/741
f 5673/6102/741 5691/6121/759 5692/6122/760 5674/6103/742
f 5674/6103/742 5692/6122/760 5693/6123/761 5675/6104/743
f 5675/6104/743 5693/6123/761 5694/6124/762 5676/6105/744
f 5676/6105/744 5694/6124/762 5695/6125/763 5677/6106/745
f 5677/6106/745 5695/6125/763 5696/6126/764 5678/6107/746
f 5678/6107/746 5696/6126/764 5697/6127/765 5679/6108/970
f 5679/6108/970 5697/6127/765 5698/6128/766 5680/6109/748
f 5680/6110/748 5698/6129/766 5699/6130/767 5681/6111/749
f 5681/6111/749 5699/6130/767 5700/6131/768 5682/6112/750
f 5682/6112/750 5700/6131/768 5701/6132/769 5683/6113/751
f 5683/6113/751 5701/6132/769 5702/6133/770 5684/6114/752
f 5684/6114/752 5702/6133/770 5703/6134/771 5685/6115/753
f 5685/6115/753 5703/6134/771 5704/6135/772 5686/6116/754
f 5686/6116/754 5704/6135/772 5705/6136/773 5687/6117/755
f 5687/6117/755 5705/6136/773 5706/6137/774 5688/6118/756
f 5688/6118/756 5706/6137/774 5689/6119/757 5671/6100/739
f 5689/6119/757 5707/6138/775 5708/6139/776 5690/6120/758
f 5690/6120/758 5708/6139/776 5709/6140/777 5691/6121/759
f 5691/6121/759 5709/6140/777 5710/6141/778 5692/6122/760
f 5692/6122/760 5710/6141/778 5711/6142/779 5693/6123/761
f 5693/6123/761 5711/6142/779 5712/6143/780 5694/6124/762
f 5694/6124/762 5712/6143/780 5713/6144/781 5695/6125/763
f 5695/6125/763 5713/6144/781 5714/6145/782 5696/6126/764
f 5696/6126/764 5714/6145/782 5715/6146/783 5697/6127/765
f 5697/6127/765 5715/6146/783 5716/6147/784 5698/6128/766
f 5698/6129/766 5716/6148/784 5717/6149/785 5699/6130/767
f 5699/6130/767 5717/6149/785 5718/6150/786 5700/6131/768
f 5700/6131/768 5718/6150/786 5719/6151/787 5701/6132/769
f 5701/6132/769 5719/6151/787 5720/6152/788 5702/6133/770
f 5702/6133/770 5720/6152/788 5721/6153/789 5703/6134/771
f 5703/6134/771 5721/6153/789 5722/6154/790 5704/6135/772
f 5704/6135/772 5722/6154/790 5723/6155/791 5705/6136/773
f 5705/6136/773 5723/6155/791 5724/6156/792 5706/6137/774
f 5706/6137/774 5724/6156/792 5707/6138/775 5689/6119/757
f 5707/6138/775 5725/6157/793 5726/6158/794 5708/6139/776
f 5708/6139/776 5726/6158/794 5727/6159/795 5709/6140/777
f 5709/6140/777 5727/6159/795 5728/6160/796 5710/6141/778
f 5710/6141/778 5728/6160/796 5729/6161/797 5711/6142/779
f 5711/6142/779 5729/6161/797 5730/6162/798 5712/6143/780
f 5712/6143/780 5730/6162/798 5731/6163/799 5713/6144/781
f 5713/6144/781 5731/6163/799 5732/6164/800 5714/6145/782
f 5714/6145/782 5732/6164/800 5733/6165/801 5715/6146/783
f 5715/6146/783 5733/6165/801 5734/6166/802 5716/6147/784
f 5716/6148/784 5734/6167/802 5735/6168/803 5717/6149/785
f 5717/6149/785 5735/6168/803 5736/6169/804 5718/6150/786
f 5718/6150/786 5736/6169/804 5737/6170/805 5719/6151/787
f 5719/6151/787 5737/6170/805 5738/6171/806 5720/6152/788
f 5720/6152/788 5738/6171/806 5739/6172/807 5721/6153/789
f 5721/6153/789 5739/6172/807 5740/6173/808 5722/6154/790
f 5722/6154/790 5740/6173/808 5741/6174/809 5723/6155/791
f 5723/6155/791 5741/6174/809 5742/6175/810 5724/6156/792
f 5724/6156/792 5742/6175/810 5725/6157/793 5707/6138/775
f 5725/6157/793 5743/6176/811 5744/6177/812 5726/6158/794
f 5726/6158/794 5744/6177/812 5745/6178/813 5727/6159/795
f 5727/6159/795 5745/6178/813 5746/6179/814 5728/6160/796
f 5728/6160/796 5746/6179/814 5747/6180/815 5729/6161/797
f 5729/6161/797 5747/6180/815 5748/6181/816 5730/6162/798
f 5730/6162/798 5748/6181/816 5749/6182/817 5731/6163/799
f 5731/6163/799 5749/6182/817 5750/6183/818 5732/6164/800
f 5732/6164/800 5750/6183/818 5751/6184/819 5733/6165/801
f 5733/6165/801 5751/6184/819 5752/6185/820 5734/6166/802
f 5734/6167/802 5752/6186/820 5753/6187/821 5735/6168/803
f 5735/6168/803 5753/6187/821 5754/6188/822 5736/6169/804
f 5736/6169/804 5754/6188/822 5755/6189/823 5737/6170/805
f 5737/6170/805 5755/6189/823 5756/6190/824 5738/6171/806
f 5738/6171/806 5756/6190/824 5757/6191/825 5739/6172/807
f 5739/6172/807 5757/6191/825 5758/6192/826 5740/6173/808
f 5740/6173/808 5758/6192/826 5759/6193/827 5741/6174/809
f 5741/6174/809 5759/6193/827 5760/6194/828 5742/6175/810
f 5742/6175/810 5760/6194/828 5743/6176/811 5725/6157/793
f 5743/6176/811 5761/6195/829 5762/6196/830 5744/6177/812
f 5744/6177/812 5762/6196/830 5763/6197/831 5745/6178/813
f 5745/6178/813 5763/6197/831 5764/6198/832 5746/6179/814
f 5746/6179/814 5764/6198/832 5765/6199/833 5747/6180/815
f 5747/6180/815 5765/6199/833 5766/6200/834 5748/6181/816
f 5748/6181/816 5766/6200/834 5767/6201/835 5749/6182/817
f 5749/6182/817 5767/6201/835 5768/6202/836 5750/6183/818
f 5750/6183/818 5768/6202/836 5769/6203/837 5751/6184/819
f 5751/6184/819 5769/6203/837 5770/6204/838 5752/6185/820
f 5752/6186/820 5770/6205/838 5771/6206/839 5753/6187/821
f 5753/6187/821 5771/6206/839 5772/6207/971 5754/6188/822
f 5754/6188/822 5772/6207/971 5773/6208/841 5755/6189/823
f 5755/6189/823 5773/6208/841 5774/6209/842 5756/6190/824
f 5756/6190/824 5774/6209/842 5775/6210/843 5757/6191/825
f 5757/6191/825 5775/6210/843 5776/6211/844 5758/6192/826
f 5758/6192/826 5776/6211/844 5777/6212/845 5759/6193/827
f 5759/6193/827 5777/6212/845 5778/6213/846 5760/6194/828
f 5760/6194/828 5778/6213/846 5761/6195/829 5743/6176/811
f 5761/6195/829 5779/6214/847 5780/6215/848 5762/6196/830
f 5762/6196/830 5780/6215/848 5781/6216/849 5763/6197/831
f 5763/6197/831 5781/6216/849 5782/6217/850 5764/6198/832
f 5764/6198/832 5782/6217/850 5783/6218/851 5765/6199/833
f 5765/6199/833 5783/6218/851 5784/6219/852 5766/6200/834
f 5766/6200/834 5784/6219/852 5785/6220/853 5767/6201/835
f 5767/6201/835 5785/6220/853 5786/6221/854 5768/6202/836
f 5768/6202/836 5786/6221/854 5787/6222/855 5769/6203/837
f 5769/6203/837 5787/6222/855 5788/6223/856 5770/6204/838
f 5770/6205/838 5788/6224/856 5789/6225/857 5771/6206/839
f 5771/6206/839 5789/6225/857 5790/6226/858 5772/6207/971
f 5772/6207/971 5790/6226/858 5791/6227/859 5773/6208/841
f 5773/6208/841 5791/6227/859 5792/6228/860 5774/6209/842
f 5774/6209/842 5792/6228/860 5793/6229/861 5775/6210/843
f 5775/6210/843 5793/6229/861 5794/6230/862 5776/6211/844
f 5776/6211/844 5794/6230/862 5795/6231/863 5777/6212/845
f 5777/6212/845 5795/6231/863 5796/6232/864 5778/6213/846
f 5778/6213/846 5796/6232/864 5779/6214/847 5761/6195/829
f 5779/6214/847 5797/6233/865 5798/6234/866 5780/6215/848
f 5780/6215/848 5798/6234/866 5799/6235/867 5781/6216/849
f 5781/6216/849 5799/6235/867 5800/6236/868 5782/6217/850
f 5782/6217/850 5800/6236/868 5801/6237/869 5783/6218/851
f 5783/6218/851 5801/6237/869 5802/6238/870 5784/6219/852
f 5784/6219/852 5802/6238/870 5803/6239/871 5785/6220/853
f 5785/6220/853 5803/6239/871 5804/6240/872 5786/6221/854
f 5786/6221/854 5804/6240/872 5805/6241/873 5787/6222/855
f 5787/6222/855 5805/6241/873 5806/6242/874 5788/6223/856
f 5788/6224/856 5806/6243/874 5807/6244/875 5789/6225/857
f 5789/6225/857 5807/6244/875 5808/6245/876 5790/6226/858
f 5790/6226/858 5808/6245/876 5809/6246/877 5791/6227/859
f 5791/6227/859 5809/6246/877 5810/6247/878 5792/6228/860
f 5792/6228/860 5810/6247/878 5811/6248/879 5793/6229/861
f 5793/6229/861 5811/6248/879 5812/6249/880 5794/6230/862
f 5794/6230/862 5812/6249/880 5813/6250/881 5795/6231/863
f 5795/6231/863 5813/6250/881 5814/6251/882 5796/6232/864
f 5796/6232/864 5814/6251/882 5797/6233/865 5779/6214/847
f 5797/6233/865 5815/6252/883 5816/6253/884 5798/6234/866
f 5798/6234/866 5816/6253/884 5817/6254/885 5799/6235/867
f 5799/6235/867 5817/6254/885 5818/6255/886 5800/6236/868
f 5800/6236/868 5818/6255/886 5819/6256/887 5801/6237/869
f 5801/6237/869 5819/6256/887 5820/6257/888 5802/6238/870
f 5802/6238/870 5820/6257/888 5821/6258/889 5803/6239/871
f 5803/6239/871 5821/6258/889 5822/6259/890 5804/6240/872
f 5804/6240/872 5822/6259/890 5823/6260/891 5805/6241/873
f 5805/6241/873 5823/6260/891 5824/6261/892 5806/6242/874
f 5806/6243/874 5824/6262/892 5825/6263/893 5807/6244/875
f 5807/6244/875 5825/6263/893 5826/6264/894 5808/6245/876
f 5808/6245/876 5826/6264/894 5827/6265/895 5809/6246/877
f 5809/6246/877 5827/6265/895 5828/6266/896 5810/6247/878
f 5810/6247/878 5828/6266/896 5829/6267/897 5811/6248/879
f 5811/6248/879 5829/6267/897 5830/6268/898 5812/6249/880
f 5812/6249/880 5830/6268/898 5831/6269/899 5813/6250/881
f 5813/6250/881 5831/6269/899 5832/6270/900 5814/6251/882
f 5814/6251/882 5832/6270/900 5815/6252/883 5797/6233/865
f 5815/6252/883 5401/5815/469 5402/5816/472 5816/6253/884
f 5816/6253/884 5402/5816/472 5403/5817/474 5817/6254/885
f 5817/6254/885 5403/5817/474 5404/5818/476 5818/6255/886
f 5818/6255/886 5404/5818/476 5405/5819/478 5819/6256/887
f 5819/6256/887 5405/5819/478 5406/5820/480 5820/6257/888
f 5820/6257/888 5406/5820/480 5407/5821/482 5821/6258/889
f 5821/6258/889 5407/5821/482 5408/5822/484 5822/6259/890
f 5822/6259/890 5408/5822/484 5409/5823/486 5823/6260/891
f 5823/6260/891 5409/5823/486 5410/5824/488 5824/6261/892
f 5824/6262/892 5410/5825/488 5411/5826/490 5825/6263/893
f 5825/6263/893 5411/5826/490 5412/5827/492 5826/6264/894
f 5826/6264/894 5412/5827/492 5413/5828/494 5827/6265/895
f 5827/6265/895 5413/5828/494 5414/5829/496 5828/6266/896
f 5828/6266/896 5414/5829/496 5415/5830/498 5829/6267/897
f 5829/6267/897 5415/5830/498 5416/5831/500 5830/6268/898
f 5830/6268/898 5416/5831/500 5417/5832/502 5831/6269/899
f 5831/6269/899 5417/5832/502 5418/5833/504 5832/6270/900
f 5832/6270/900 5418/5833/504 5401/5815/469 5815/6252/883
f 5833/6271/1 5851/6290/2 5852/6291/3 5834/6272/901
f 5834/6272/901 5852/6291/3 5853/6292/5 5835/6273/6
f 5835/6273/6 5853/6292/5 5854/6293/7 5836/6274/8
f 5836/6274/8 5854/6293/7 5855/6294/9 5837/6275/10
f 5837/6275/10 5855/6294/9 5856/6295/11 5838/6276/12
f 5838/6276/12 5856/6295/11 5857/6296/13 5839/6277/14
f 5839/6277/14 5857/6296/13 5858/6297/15 5840/6278/16
f 5840/6278/16 5858/6297/15 5859/6298/17 5841/6279/902
f 5841/6279/902 5859/6298/17 5860/6299/19 5842/6280/20
f 5842/6281/20 5860/6300/19 5861/6301/21 5843/6282/22
f 5843/6282/22 5861/6301/21 5862/6302/23 5844/6283/24
f 5844/6283/24 5862/6302/23 5863/6303/25 5845/6284/26
f 5845/6284/26 5863/6303/25 5864/6304/27 5846/6285/28
f 5846/6285/28 5864/6304/27 5865/6305/29 5847/6286/30
f 5847/6286/30 5865/6305/29 5866/6306/31 5848/6287/32
f 5848/6287/32 5866/6306/31 5867/6307/33 5849/6288/34
f 5849/6288/34 5867/6307/33 5868/6308/35 5850/6289/903
f 5850/6289/903 5868/6308/35 5851/6290/2 5833/6271/1
f 5851/6290/2 5869/6309/37 5870/6310/38 5852/6291/3
f 5852/6291/3 5870/6310/38 5871/6311/39 5853/6292/5
f 5853/6292/5 5871/6311/39 5872/6312/40 5854/6293/7
f 5854/6293/7 5872/6312/40 5873/6313/41 5855/6294/9
f 5855/6294/9 5873/6313/41 5874/6314/42 5856/6295/11
f 5856/6295/11 5874/6314/42 5875/6315/43 5857/6296/13
f 5857/6296/13 5875/6315/43 5876/6316/44 5858/6297/15
f 5858/6297/15 5876/6316/44 5877/6317/45 5859/6298/17
f 5859/6298/17 5877/6317/45 5878/6318/46 5860/6299/19
f 5860/6300/19 5878/6319/46 5879/6320/47 5861/6301/21
f 5861/6301/21 5879/6320/47 5880/6321/48 5862/6302/23
f 5862/6302/23 5880/6321/48 5881/6322/49 5863/6303/25
f 5863/6303/25 5881/6322/49 5882/6323/50 5864/6304/27
f 5864/6304/27 5882/6323/50 5883/6324/51 5865/6305/29
f 5865/6305/29 5883/6324/51 5884/6325/52 5866/6306/31
f 5866/6306/31 5884/6325/52 5885/6326/53 5867/6307/33
f 5867/6307/33 5885/6326/53 5886/6327/904 5868/6308/35
f 5868/6308/35 5886/6327/904 5869/6309/37 5851/6290/2
f 5869/6309/37 5887/6328/55 5888/6329/56 5870/6310/38
f 5870/6310/38 5888/6329/56 5889/6330/57 5871/6311/39
f 5871/6311/39 5889/6330/57 5890/6331/58 5872/6312/40
f 5872/6312/40 5890/6331/58 5891/6332/59 5873/6313/41
f 5873/6313/41 5891/6332/59 5892/6333/60 5874/6314/42
f 5874/6314/42 5892/6333/60 5893/6334/61 5875/6315/43
f 5875/6315/43 5893/6334/61 5894/6335/62 5876/6316/44
f 5876/6316/44 5894/6335/62 5895/6336/63 5877/6317/45
f 5877/6317/45 5895/6336/63 5896/6337/64 5878/6318/46
f 5878/6319/46 5896/6338/64 5897/6339/65 5879/6320/47
f 5879/6320/47 5897/6339/65 5898/6340/66 5880/6321/48
f 5880/6321/48 5898/6340/66 5899/6341/67 5881/6322/49
f 5881/6322/49 5899/6341/67 5900/6342/68 5882/6323/50
f 5882/6323/50 5900/6342/68 5901/6343/69 5883/6324/51
f 5883/6324/51 5901/6343/69 5902/6344/70 5884/6325/52
f 5884/6325/52 5902/6344/70 5903/6345/71 5885/6326/53
f 5885/6326/53 5903/6345/71 5904/6346/72 5886/6327/904
f 5886/6327/904 5904/6346/72 5887/6328/55 5869/6309/37
f 5887/6328/55 5905/6347/73 5906/6348/74 5888/6329/56
f 5888/6329/56 5906/6348/74 5907/6349/75 5889/6330/57
f 5889/6330/57 5907/6349/75 5908/6350/76 5890/6331/58
f 5890/6331/58 5908/6350/76 5909/6351/77 5891/6332/59
f 5891/6332/59 5909/6351/77 5910/6352/78 5892/6333/60
f 5892/6333/60 5910/6352/78 5911/6353/79 5893/6334/61
f 5893/6334/61 5911/6353/79 5912/6354/80 5894/6335/62
f 5894/6335/62 5912/6354/80 5913/6355/81 5895/6336/63
f 5895/6336/63 5913/6355/81 5914/6356/82 5896/6337/64
f 5896/6338/64 5914/6357/82 5915/6358/83 5897/6339/65
f 5897/6339/65 5915/6358/83 5916/6359/84 5898/6340/66
f 5898/6340/66 5916/6359/84 5917/6360/85 5899/6341/67
f 5899/6341/67 5917/6360/85 5918/6361/86 5900/6342/68
f 5900/6342/68 5918/6361/86 5919/6362/87 5901/6343/69
f 5901/6343/69 5919/6362/87 5920/6363/88 5902/6344/70
f 5902/6344/70 5920/6363/88 5921/6364/89 5903/6345/71
f 5903/6345/71 5921/6364/89 5922/6365/90 5904/6346/72
f 5904/6346/72 5922/6365/90 5905/6347/73 5887/6328/55
f 5905/6347/73 5923/6366/91 5924/6367/1134 5906/6348/74
f 5906/6348/74 5924/6367/1134 5925/6368/93 5907/6349/75
f 5907/6349/75 5925/6368/93 5926/6369/94 5908/6350/76
f 5908/6350/76 5926/6369/94 5927/6370/95 5909/6351/77
f 5909/6351/77 5927/6370/95 5928/6371/96 5910/6352/78
f 5910/6352/78 5928/6371/96 5929/6372/97 5911/6353/79
f 5911/6353/79 5929/6372/97 5930/6373/98 5912/6354/80
f 5912/6354/80 5930/6373/98 5931/6374/99 5913/6355/81
f 5913/6355/81 5931/6374/99 5932/6375/100 5914/6356/82
f 5914/6357/82 5932/6376/100 5933/6377/101 5915/6358/83
f 5915/6358/83 5933/6377/101 5934/6378/102 5916/6359/84
f 5916/6359/84 5934/6378/102 5935/6379/103 5917/6360/85
f 5917/6360/85 5935/6379/103 5936/6380/104 5918/6361/86
f 5918/6361/86 5936/6380/104 5937/6381/105 5919/6362/87
f 5919/6362/87 5937/6381/105 5938/6382/106 5920/6363/88
f 5920/6363/88 5938/6382/106 5939/6383/107 5921/6364/89
f 5921/6364/89 5939/6383/107 5940/6384/108 5922/6365/90
f 5922/6365/90 5940/6384/108 5923/6366/91 5905/6347/73
f 5923/6366/91 5941/6385/109 5942/6386/110 5924/6367/1134
f 5924/6367/1134 5942/6386/110 5943/6387/111 5925/6368/93
f 5925/6368/93 5943/6387/111 5944/6388/112 5926/6369/94
f 5926/6369/94 5944/6388/112 5945/6389/113 5927/6370/95
f 5927/6370/95 5945/6389/113 5946/6390/114 5928/6371/96
f 5928/6371/96 5946/6390/114 5947/6391/115 5929/6372/97
f 5929/6372/97 5947/6391/115 5948/6392/116 5930/6373/98
f 5930/6373/98 5948/6392/116 5949/6393/117 5931/6374/99
f 5931/6374/99 5949/6393/117 5950/6394/118 5932/6375/100
f 5932/6376/100 5950/6395/118 5951/6396/119 5933/6377/101
f 5933/6377/101 5951/6396/119 5952/6397/120 5934/6378/102
f 5934/6378/102 5952/6397/120 5953/6398/121 5935/6379/103
f 5935/6379/103 5953/6398/121 5954/6399/122 5936/6380/104
f 5936/6380/104 5954/6399/122 5955/6400/123 5937/6381/105
f 5937/6381/105 5955/6400/123 5956/6401/1135 5938/6382/106
f 5938/6382/106 5956/6401/1135 5957/6402/125 5939/6383/107
f 5939/6383/107 5957/6402/125 5958/6403/126 5940/6384/108
f 5940/6384/108 5958/6403/126 5941/6385/109 5923/6366/91
f 5941/6385/109 5959/6404/127 5960/6405/128 5942/6386/110
f 5942/6386/110 5960/6405/128 5961/6406/129 5943/6387/111
f 5943/6387/111 5961/6406/129 5962/6407/130 5944/6388/112
f 5944/6388/112 5962/6407/130 5963/6408/131 5945/6389/113
f 5945/6389/113 5963/6408/131 5964/6409/132 5946/6390/114
f 5946/6390/114 5964/6409/132 5965/6410/133 5947/6391/115
f 5947/6391/115 5965/6410/133 5966/6411/134 5948/6392/116
f 5948/6392/116 5966/6411/134 5967/6412/135 5949/6393/117
f 5949/6393/117 5967/6412/135 5968/6413/136 5950/6394/118
f 5950/6395/118 5968/6414/136 5969/6415/137 5951/6396/119
f 5951/6396/119 5969/6415/137 5970/6416/138 5952/6397/120
f 5952/6397/120 5970/6416/138 5971/6417/139 5953/6398/121
f 5953/6398/121 5971/6417/139 5972/6418/140 5954/6399/122
f 5954/6399/122 5972/6418/140 5973/6419/141 5955/6400/123
f 5955/6400/123 5973/6419/141 5974/6420/142 5956/6401/1135
f 5956/6401/1135 5974/6420/142 5975/6421/143 5957/6402/125
f 5957/6402/125 5975/6421/143 5976/6422/144 5958/6403/126
f 5958/6403/126 5976/6422/144 5959/6404/127 5941/6385/109
f 5959/6404/127 5977/6423/145 5978/6424/146 5960/6405/128
f 5960/6405/128 5978/6424/146 5979/6425/147 5961/6406/129
f 5961/6406/129 5979/6425/147 5980/6426/148 5962/6407/130
f 5962/6407/130 5980/6426/148 5981/6427/149 5963/6408/131
f 5963/6408/131 5981/6427/149 5982/6428/150 5964/6409/132
f 5964/6409/132 5982/6428/150 5983/6429/151 5965/6410/133
f 5965/6410/133 5983/6429/151 5984/6430/152 5966/6411/134
f 5966/6411/134 5984/6430/152 5985/6431/1114 5967/6412/135
f 5967/6412/135 5985/6431/1114 5986/6432/154 5968/6413/136
f 5968/6414/136 5986/6433/154 5987/6434/155 5969/6415/137
f 5969/6415/137 5987/6434/155 5988/6435/156 5970/6416/138
f 5970/6416/138 5988/6435/156 5989/6436/157 5971/6417/139
f 5971/6417/139 5989/6436/157 5990/6437/158 5972/6418/140
f 5972/6418/140 5990/6437/158 5991/6438/159 5973/6419/141
f 5973/6419/141 5991/6438/159 5992/6439/160 5974/6420/142
f 5974/6420/142 5992/6439/160 5993/6440/161 5975/6421/143
f 5975/6421/143 5993/6440/161 5994/6441/162 5976/6422/144
f 5976/6422/144 5994/6441/162 5977/6423/145 5959/6404/127
f 5977/6423/145 5995/6442/163 5996/6443/164 5978/6424/146
f 5978/6424/146 5996/6443/164 5997/6444/165 5979/6425/147
f 5979/6425/147 5997/6444/165 5998/6445/166 5980/6426/148
f 5980/6426/148 5998/6445/166 5999/6446/167 5981/6427/149
f 5981/6427/149 5999/6446/167 6000/6447/168 5982/6428/150
f 5982/6428/150 6000/6447/168 6001/6448/169 5983/6429/151
f 5983/6429/151 6001/6448/169 6002/6449/170 5984/6430/152
f 5984/6430/152 6002/6449/170 6003/6450/171 5985/6431/1114
f 5985/6431/1114 6003/6450/171 6004/6451/172 5986/6432/154
f 5986/6433/154 6004/6452/172 6005/6453/173 5987/6434/155
f 5987/6434/155 6005/6453/173 6006/6454/174 5988/6435/156
f 5988/6435/156 6006/6454/174 6007/6455/175 5989/6436/157
f 5989/6436/157 6007/6455/175 6008/6456/176 5990/6437/158
f 5990/6437/158 6008/6456/176 6009/6457/177 5991/6438/159
f 5991/6438/159 6009/6457/177 6010/6458/178 5992/6439/160
f 5992/6439/160 6010/6458/178 6011/6459/179 5993/6440/161
f 5993/6440/161 6011/6459/179 6012/6460/180 5994/6441/162
f 5994/6441/162 6012/6460/180 5995/6442/163 5977/6423/145
f 5995/6442/163 6013/6461/181 6014/6462/182 5996/6443/164
f 5996/6443/164 6014/6462/182 6015/6463/183 5997/6444/165
f 5997/6444/165 6015/6463/183 6016/6464/184 5998/6445/166
f 5998/6445/166 6016/6464/184 6017/6465/185 5999/6446/167
f 5999/6446/167 6017/6465/185 6018/6466/186 6000/6447/168
f 6000/6447/168 6018/6466/186 6019/6467/187 6001/6448/169
f 6001/6448/169 6019/6467/187 6020/6468/188 6002/6449/170
f 6002/6449/170 6020/6468/188 6021/6469/189 6003/6450/171
f 6003/6450/171 6021/6469/189 6022/6470/190 6004/6451/172
f 6004/6452/172 6022/6471/190 6023/6472/191 6005/6453/173
f 6005/6453/173 6023/6472/191 6024/6473/192 6006/6454/174
f 6006/6454/174 6024/6473/192 6025/6474/193 6007/6455/175
f 6007/6455/175 6025/6474/193 6026/6475/194 6008/6456/176
f 6008/6456/176 6026/6475/194 6027/6476/195 6009/6457/177
f 6009/6457/177 6027/6476/195 6028/6477/196 6010/6458/178
f 6010/6458/178 6028/6477/196 6029/6478/197 6011/6459/179
f 6011/6459/179 6029/6478/197 6030/6479/198 6012/6460/180
f 6012/6460/180 6030/6479/198 6013/6461/181 5995/6442/163
f 6013/6461/181 6031/6480/199 6032/6481/200 6014/6462/182
f 6014/6462/182 6032/6481/200 6033/6482/201 6015/6463/183
f 6015/6463/183 6033/6482/201 6034/6483/202 6016/6464/184
f 6016/6464/184 6034/6483/202 6035/6484/203 6017/6465/185
f 6017/6465/185 6035/6484/203 6036/6485/204 6018/6466/186
f 6018/6466/186 6036/6485/204 6037/6486/205 6019/6467/187
f 6019/6467/187 6037/6486/205 6038/6487/206 6020/6468/188
f 6020/6468/188 6038/6487/206 6039/6488/207 6021/6469/189
f 6021/6469/189 6039/6488/207 6040/6489/208 6022/6470/190
f 6022/6471/190 6040/6490/208 6041/6491/209 6023/6472/191
f 6023/6472/191 6041/6491/209 6042/6492/210 6024/6473/192
f 6024/6473/192 6042/6492/210 6043/6493/211 6025/6474/193
f 6025/6474/193 6043/6493/211 6044/6494/212 6026/6475/194
f 6026/6475/194 6044/6494/212 6045/6495/213 6027/6476/195
f 6027/6476/195 6045/6495/213 6046/6496/214 6028/6477/196
f 6028/6477/196 6046/6496/214 6047/6497/215 6029/6478/197
f 6029/6478/197 6047/6497/215 6048/6498/216 6030/6479/198
f 6030/6479/198 6048/6498/216 6031/6480/199 6013/6461/181
f 6031/6480/199 6049/6499/217 6050/6500/218 6032/6481/200
f 6032/6481/200 6050/6500/218 6051/6501/219 6033/6482/201
f 6033/6482/201 6051/6501/219 6052/6502/220 6034/6483/202
f 6034/6483/202 6052/6502/220 6053/6503/221 6035/6484/203
f 6035/6484/203 6053/6503/221 6054/6504/222 6036/6485/204
f 6036/6485/204 6054/6504/222 6055/6505/223 6037/6486/205
f 6037/6486/205 6055/6505/223 6056/6506/224 6038/6487/206
f 6038/6487/206 6056/6506/224 6057/6507/225 6039/6488/207
f 6039/6488/207 6057/6507/225 6058/6508/226 6040/6489/208
f 6040/6490/208 6058/6509/226 6059/6510/227 6041/6491/209
f 6041/6491/209 6059/6510/227 6060/6511/228 6042/6492/210
f 6042/6492/210 6060/6511/228 6061/6512/229 6043/6493/211
f 6043/6493/211 6061/6512/229 6062/6513/230 6044/6494/212
f 6044/6494/212 6062/6513/230 6063/6514/231 6045/6495/213
f 6045/6495/213 6063/6514/231 6064/6515/232 6046/6496/214
f 6046/6496/214 6064/6515/232 6065/6516/233 6047/6497/215
f 6047/6497/215 6065/6516/233 6066/6517/234 6048/6498/216
f 6048/6498/216 6066/6517/234 6049/6499/217 6031/6480/199
f 6049/6499/217 6067/6518/235 6068/6520/236 6050/6500/218
f 6050/6500/218 6068/6520/236 6069/6522/237 6051/6501/219
f 6051/6501/219 6069/6522/237 6070/6524/238 6052/6502/220
f 6052/6502/220 6070/6524/238 6071/6526/239 6053/6503/221
f 6053/6503/221 6071/6526/239 6072/6528/240 6054/6504/222
f 6054/6504/222 6072/6528/240 6073/6530/241 6055/6505/223
f 6055/6505/223 6073/6530/241 6074/6532/242 6056/6506/224
f 6056/6506/224 6074/6532/242 6075/6534/243 6057/6507/225
f 6057/6507/225 6075/6534/243 6076/6536/244 6058/6508/226
f 6058/6509/226 6076/6537/244 6077/6540/245 6059/6510/227
f 6059/6510/227 6077/6540/245 6078/6542/246 6060/6511/228
f 6060/6511/228 6078/6542/246 6079/6544/247 6061/6512/229
f 6061/6512/229 6079/6544/247 6080/6546/248 6062/6513/230
f 6062/6513/230 6080/6546/248 6081/6548/249 6063/6514/231
f 6063/6514/231 6081/6548/249 6082/6550/250 6064/6515/232
f 6064/6515/232 6082/6550/250 6083/6552/251 6065/6516/233
f 6065/6516/233 6083/6552/251 6084/6554/252 6066/6517/234
f 6066/6517/234 6084/6554/252 6067/6518/235 6049/6499/217
f 6067/6519/235 6085/6556/253 6086/6557/254 6068/6521/236
f 6068/6521/236 6086/6557/254 6087/6558/255 6069/6523/237
f 6069/6523/237 6087/6558/255 6088/6559/256 6070/6525/238
f 6070/6525/238 6088/6559/256 6089/6560/257 6071/6527/239
f 6071/6527/239 6089/6560/257 6090/6561/258 6072/6529/240
f 6072/6529/240 6090/6561/258 6091/6562/259 6073/6531/241
f 6073/6531/241 6091/6562/259 6092/6563/260 6074/6533/242
f 6074/6533/242 6092/6563/260 6093/6564/261 6075/6535/243
f 6075/6535/243 6093/6564/261 6094/6565/262 6076/6538/244
f 6076/6539/244 6094/6566/262 6095/6567/263 6077/6541/245
f 6077/6541/245 6095/6567/263 6096/6568/264 6078/6543/246
f 6078/6543/246 6096/6568/264 6097/6569/265 6079/6545/247
f 6079/6545/247 6097/6569/265 6098/6570/266 6080/6547/248
f 6080/6547/248 6098/6570/266 6099/6571/267 6081/6549/249
f 6081/6549/249 6099/6571/267 6100/6572/268 6082/6551/250
f 6082/6551/250 6100/6572/268 6101/6573/269 6083/6553/251
f 6083/6553/251 6101/6573/269 6102/6574/270 6084/6555/252
f 6084/6555/252 6102/6574/270 6085/6556/253 6067/6519/235
f 6085/6556/253 6103/6575/271 6104/6576/272 6086/6557/254
f 6086/6557/254 6104/6576/272 6105/6577/273 6087/6558/255
f 6087/6558/255 6105/6577/273 6106/6578/274 6088/6559/256
f 6088/6559/256 6106/6578/274 6107/6579/275 6089/6560/257
f 6089/6560/257 6107/6579/275 6108/6580/276 6090/6561/258
f 6090/6561/258 6108/6580/276 6109/6581/277 6091/6562/259
f 6091/6562/259 6109/6581/277 6110/6582/278 6092/6563/260
f 6092/6563/260 6110/6582/278 6111/6583/279 6093/6564/261
f 6093/6564/261 6111/6583/279 6112/6584/280 6094/6565/262
f 6094/6566/262 6112/6585/280 6113/6586/281 6095/6567/263
f 6095/6567/263 6113/6586/281 6114/6587/282 6096/6568/264
f 6096/6568/264 6114/6587/282 6115/6588/283 6097/6569/265
f 6097/6569/265 6115/6588/283 6116/6589/284 6098/6570/266
f 6098/6570/266 6116/6589/284 6117/6590/285 6099/6571/267
f 6099/6571/267 6117/6590/285 6118/6591/286 6100/6572/268
f 6100/6572/268 6118/6591/286 6119/6592/287 6101/6573/269
f 6101/6573/269 6119/6592/287 6120/6593/288 6102/6574/270
f 6102/6574/270 6120/6593/288 6103/6575/271 6085/6556/253
f 6103/6575/271 6121/6594/289 6122/6595/290 6104/6576/272
f 6104/6576/272 6122/6595/290 6123/6596/291 6105/6577/273
f 6105/6577/273 6123/6596/291 6124/6597/292 6106/6578/274
f 6106/6578/274 6124/6597/292 6125/6598/293 6107/6579/275
f 6107/6579/275 6125/6598/293 6126/6599/294 6108/6580/276
f 6108/6580/276 6126/6599/294 6127/6600/295 6109/6581/277
f 6109/6581/277 6127/6600/295 6128/6601/296 6110/6582/278
f 6110/6582/278 6128/6601/296 6129/6602/297 6111/6583/279
f 6111/6583/279 6129/6602/297 6130/6603/298 6112/6584/280
f 6112/6585/280 6130/6604/298 6131/6605/299 6113/6586/281
f 6113/6586/281 6131/6605/299 6132/6606/300 6114/6587/282
f 6114/6587/282 6132/6606/300 6133/6607/301 6115/6588/283
f 6115/6588/283 6133/6607/301 6134/6608/302 6116/6589/284
f 6116/6589/284 6134/6608/302 6135/6609/303 6117/6590/285
f 6117/6590/285 6135/6609/303 6136/6610/304 6118/6591/286
f 6118/6591/286 6136/6610/304 6137/6611/305 6119/6592/287
f 6119/6592/287 6137/6611/305 6138/6612/306 6120/6593/288
f 6120/6593/288 6138/6612/306 6121/6594/289 6103/6575/271
f 6121/6594/289 6139/6613/307 6140/6614/308 6122/6595/290
f 6122/6595/290 6140/6614/308 6141/6615/309 6123/6596/291
f 6123/6596/291 6141/6615/309 6142/6616/310 6124/6597/292
f 6124/6597/292 6142/6616/310 6143/6617/311 6125/6598/293
f 6125/6598/293 6143/6617/311 6144/6618/312 6126/6599/294
f 6126/6599/294 6144/6618/312 6145/6619/313 6127/6600/295
f 6127/6600/295 6145/6619/313 6146/6620/314 6128/6601/296
f 6128/6601/296 6146/6620/314 6147/6621/315 6129/6602/297
f 6129/6602/297 6147/6621/315 6148/6622/316 6130/6603/298
f 6130/6604/298 6148/6623/316 6149/6624/317 6131/6605/299
f 6131/6605/299 6149/6624/317 6150/6625/318 6132/6606/300
f 6132/6606/300 6150/6625/318 6151/6626/319 6133/6607/301
f 6133/6607/301 6151/6626/319 6152/6627/320 6134/6608/302
f 6134/6608/302 6152/6627/320 6153/6628/321 6135/6609/303
f 6135/6609/303 6153/6628/321 6154/6629/322 6136/6610/304
f 6136/6610/304 6154/6629/322 6155/6630/323 6137/6611/305
f 6137/6611/305 6155/6630/323 6156/6631/324 6138/6612/306
f 6138/6612/306 6156/6631/324 6139/6613/307 6121/6594/289
f 6139/6613/307 6157/6632/325 6158/6633/326 6140/6614/308
f 6140/6614/308 6158/6633/326 6159/6634/327 6141/6615/309
f 6141/6615/309 6159/6634/327 6160/6635/328 6142/6616/310
f 6142/6616/310 6160/6635/328 6161/6636/329 6143/6617/311
f 6143/6617/311 6161/6636/329 6162/6637/330 6144/6618/312
f 6144/6618/312 6162/6637/330 6163/6638/331 6145/6619/313
f 6145/6619/313 6163/6638/331 6164/6639/332 6146/6620/314
f 6146/6620/314 6164/6639/332 6165/6640/333 6147/6621/315
f 6147/6621/315 6165/6640/333 6166/6641/334 6148/6622/316
f 6148/6623/316 6166/6642/334 6167/6643/335 6149/6624/317
f 6149/6624/317 6167/6643/335 6168/6644/336 6150/6625/318
f 6150/6625/318 6168/6644/336 6169/6645/337 6151/6626/319
f 6151/6626/319 6169/6645/337 6170/6646/338 6152/6627/320
f 6152/6627/320 6170/6646/338 6171/6647/339 6153/6628/321
f 6153/6628/321 6171/6647/339 6172/6648/340 6154/6629/322
f 6154/6629/322 6172/6648/340 6173/6649/341 6155/6630/323
f 6155/6630/323 6173/6649/341 6174/6650/342 6156/6631/324
f 6156/6631/324 6174/6650/342 6157/6632/325 6139/6613/307
f 6157/6632/325 6175/6651/343 6176/6652/344 6158/6633/326
f 6158/6633/326 6176/6652/344 6177/6653/345 6159/6634/327
f 6159/6634/327 6177/6653/345 6178/6654/346 6160/6635/328
f 6160/6635/328 6178/6654/346 6179/6655/347 6161/6636/329
f 6161/6636/329 6179/6655/347 6180/6656/348 6162/6637/330
f 6162/6637/330 6180/6656/348 6181/6657/349 6163/6638/331
f 6163/6638/331 6181/6657/349 6182/6658/350 6164/6639/332
f 6164/6639/332 6182/6658/350 6183/6659/351 6165/6640/333
f 6165/6640/333 6183/6659/351 6184/6660/352 6166/6641/334
f 6166/6642/334 6184/6661/352 6185/6662/353 6167/6643/335
f 6167/6643/335 6185/6662/353 6186/6663/354 6168/6644/336
f 6168/6644/336 6186/6663/354 6187/6664/355 6169/6645/337
f 6169/6645/337 6187/6664/355 6188/6665/356 6170/6646/338
f 6170/6646/338 6188/6665/356 6189/6666/357 6171/6647/339
f 6171/6647/339 6189/6666/357 6190/6667/358 6172/6648/340
f 6172/6648/340 6190/6667/358 6191/6668/359 6173/6649/341
f 6173/6649/341 6191/6668/359 6192/6669/360 6174/6650/342
f 6174/6650/342 6192/6669/360 6175/6651/343 6157/6632/325
f 6175/6651/343 6193/6670/361 6194/6671/362 6176/6652/344
f 6176/6652/344 6194/6671/362 6195/6672/363 6177/6653/345
f 6177/6653/345 6195/6672/363 6196/6673/364 6178/6654/346
f 6178/6654/346 6196/6673/364 6197/6674/365 6179/6655/347
f 6179/6655/347 6197/6674/365 6198/6675/366 6180/6656/348
f 6180/6656/348 6198/6675/366 6199/6676/367 6181/6657/349
f 6181/6657/349 6199/6676/367 6200/6677/368 6182/6658/350
f 6182/6658/350 6200/6677/368 6201/6678/369 6183/6659/351
f 6183/6659/351 6201/6678/369 6202/6679/370 6184/6660/352
f 6184/6661/352 6202/6680/370 6203/6681/371 6185/6662/353
f 6185/6662/353 6203/6681/371 6204/6682/372 6186/6663/354
f 6186/6663/354 6204/6682/372 6205/6683/373 6187/6664/355
f 6187/6664/355 6205/6683/373 6206/6684/374 6188/6665/356
f 6188/6665/356 6206/6684/374 6207/6685/375 6189/6666/357
f 6189/6666/357 6207/6685/375 6208/6686/376 6190/6667/358
f 6190/6667/358 6208/6686/376 6209/6687/377 6191/6668/359
f 6191/6668/359 6209/6687/377 6210/6688/378 6192/6669/360
f 6192/6669/360 6210/6688/378 6193/6670/361 6175/6651/343
f 6193/6670/361 6211/6689/379 6212/6690/380 6194/6671/362
f 6194/6671/362 6212/6690/380 6213/6691/381 6195/6672/363
f 6195/6672/363 6213/6691/381 6214/6692/382 6196/6673/364
f 6196/6673/364 6214/6692/382 6215/6693/383 6197/6674/365
f 6197/6674/365 6215/6693/383 6216/6694/384 6198/6675/366
f 6198/6675/366 6216/6694/384 6217/6695/385 6199/6676/367
f 6199/6676/367 6217/6695/385 6218/6696/386 6200/6677/368
f 6200/6677/368 6218/6696/386 6219/6697/387 6201/6678/369
f 6201/6678/369 6219/6697/387 6220/6698/388 6202/6679/370
f 6202/6680/370 6220/6699/388 6221/6700/389 6203/6681/371
f 6203/6681/371 6221/6700/389 6222/6701/390 6204/6682/372
f 6204/6682/372 6222/6701/390 6223/6702/391 6205/6683/373
f 6205/6683/373 6223/6702/391 6224/6703/392 6206/6684/374
f 6206/6684/374 6224/6703/392 6225/6704/393 6207/6685/375
f 6207/6685/375 6225/6704/393 6226/6705/394 6208/6686/376
f 6208/6686/376 6226/6705/394 6227/6706/395 6209/6687/377
f 6209/6687/377 6227/6706/395 6228/6707/396 6210/6688/378
f 6210/6688/378 6228/6707/396 6211/6689/379 6193/6670/361
f 6211/6689/379 6229/6708/397 6230/6709/398 6212/6690/380
f 6212/6690/380 6230/6709/398 6231/6710/399 6213/6691/381
f 6213/6691/381 6231/6710/399 6232/6711/400 6214/6692/382
f 6214/6692/382 6232/6711/400 6233/6712/401 6215/6693/383
f 6215/6693/383 6233/6712/401 6234/6713/402 6216/6694/384
f 6216/6694/384 6234/6713/402 6235/6714/403 6217/6695/385
f 6217/6695/385 6235/6714/403 6236/6715/404 6218/6696/386
f 6218/6696/386 6236/6715/404 6237/6716/405 6219/6697/387
f 6219/6697/387 6237/6716/405 6238/6717/406 6220/6698/388
f 6220/6699/388 6238/6718/406 6239/6719/407 6221/6700/389
f 6221/6700/389 6239/6719/407 6240/6720/408 6222/6701/390
f 6222/6701/390 6240/6720/408 6241/6721/409 6223/6702/391
f 6223/6702/391 6241/6721/409 6242/6722/410 6224/6703/392
f 6224/6703/392 6242/6722/410 6243/6723/411 6225/6704/393
f 6225/6704/393 6243/6723/411 6244/6724/412 6226/6705/394
f 6226/6705/394 6244/6724/412 6245/6725/413 6227/6706/395
f 6227/6706/395 6245/6725/413 6246/6726/414 6228/6707/396
f 6228/6707/396 6246/6726/414 6229/6708/397 6211/6689/379
f 6229/6708/397 6247/6727/415 6248/6728/416 6230/6709/398
f 6230/6709/398 6248/6728/416 6249/6729/417 6231/6710/399
f 6231/6710/399 6249/6729/417 6250/6730/418 6232/6711/400
f 6232/6711/400 6250/6730/418 6251/6731/419 6233/6712/401
f 6233/6712/401 6251/6731/419 6252/6732/420 6234/6713/402
f 6234/6713/402 6252/6732/420 6253/6733/421 6235/6714/403
f 6235/6714/403 6253/6733/421 6254/6734/422 6236/6715/404
f 6236/6715/404 6254/6734/422 6255/6735/423 6237/6716/405
f 6237/6716/405 6255/6735/423 6256/6736/424 6238/6717/406
f 6238/6718/406 6256/6737/424 6257/6738/425 6239/6719/407
f 6239/6719/407 6257/6738/425 6258/6739/426 6240/6720/408
f 6240/6720/408 6258/6739/426 6259/6740/427 6241/6721/409
f 6241/6721/409 6259/6740/427 6260/6741/428 6242/6722/410
f 6242/6722/410 6260/6741/428 6261/6742/429 6243/6723/411
f 6243/6723/411 6261/6742/429 6262/6743/430 6244/6724/412
f 6244/6724/412 6262/6743/430 6263/6744/431 6245/6725/413
f 6245/6725/413 6263/6744/431 6264/6745/432 6246/6726/414
f 6246/6726/414 6264/6745/432 6247/6727/415 6229/6708/397
f 6247/6727/415 6265/6746/910 6266/6747/911 6248/6728/416
f 6248/6728/416 6266/6747/911 6267/6748/912 6249/6729/417
f 6249/6729/417 6267/6748/912 6268/6749/913 6250/6730/418
f 6250/6730/418 6268/6749/913 6269/6750/914 6251/6731/419
f 6251/6731/419 6269/6750/914 6270/6751/915 6252/6732/420
f 6252/6732/420 6270/6751/915 6271/6752/916 6253/6733/421
f 6253/6733/421 6271/6752/916 6272/6753/917 6254/6734/422
f 6254/6734/422 6272/6753/917 6273/6754/918 6255/6735/423
f 6255/6735/423 6273/6754/918 6274/6755/919 6256/6736/424
f 6256/6737/424 6274/6756/919 6275/6757/920 6257/6738/425
f 6257/6738/425 6275/6757/920 6276/6758/921 6258/6739/426
f 6258/6739/426 6276/6758/921 6277/6759/922 6259/6740/427
f 6259/6740/427 6277/6759/922 6278/6760/923 6260/6741/428
f 6260/6741/428 6278/6760/923 6279/6761/924 6261/6742/429
f 6261/6742/429 6279/6761/924 6280/6762/925 6262/6743/430
f 6262/6743/430 6280/6762/925 6281/6763/926 6263/6744/431
f 6263/6744/431 6281/6763/926 6282/6764/927 6264/6745/432
f 6264/6745/432 6282/6764/927 6265/6746/910 6247/6727/415
f 6265/6746/910 5617/6043/685 5618/6044/688 6266/6747/911
f 6266/6747/911 5618/6044/688 5619/6045/690 6267/6748/912
f 6267/6748/912 5619/6045/690 5620/6046/692 6268/6749/913
f 6268/6749/913 5620/6046/692 5621/6047/694 6269/6750/914
f 6269/6750/914 5621/6047/694 5622/6048/696 6270/6751/915
f 6270/6751/915 5622/6048/696 5623/6049/698 6271/6752/916
f 6271/6752/916 5623/6049/698 5624/6050/700 6272/6753/917
f 6272/6753/917 5624/6050/700 5625/6051/702 6273/6754/918
f 6273/6754/918 5625/6051/702 5626/6052/704 6274/6755/919
f 6274/6756/919 5626/6053/704 5627/6054/706 6275/6757/920
f 6275/6757/920 5627/6054/706 5628/6055/708 6276/6758/921
f 6276/6758/921 5628/6055/708 5629/6056/710 6277/6759/922
f 6277/6759/922 5629/6056/710 5630/6057/712 6278/6760/923
f 6278/6760/923 5630/6057/712 5631/6058/714 6279/6761/924
f 6279/6761/924 5631/6058/714 5632/6059/716 6280/6762/925
f 6280/6762/925 5632/6059/716 5633/6060/718 6281/6763/926
f 6281/6763/926 5633/6060/718 5634/6061/720 6282/6764/927
f 6282/6764/927 5634/6061/720 5617/6043/685 6265/6746/910
f 6283/6765/469 6301/6784/470 6302/6785/471 6284/6766/472
f 6284/6766/472 6302/6785/471 6303/6786/473 6285/6767/474
f 6285/6767/474 6303/6786/473 6304/6787/475 6286/6768/476
f 6286/6768/476 6304/6787/475 6305/6788/477 6287/6769/478
f 6287/6769/478 6305/6788/477 6306/6789/479 6288/6770/480
f 6288/6770/480 6306/6789/479 6307/6790/481 6289/6771/482
f 6289/6771/482 6307/6790/481 6308/6791/483 6290/6772/484
f 6290/6772/484 6308/6791/483 6309/6792/485 6291/6773/486
f 6291/6773/486 6309/6792/485 6310/6793/487 6292/6774/488
f 6292/6775/488 6310/6794/487 6311/6795/489 6293/6776/490
f 6293/6776/490 6311/6795/489 6312/6796/491 6294/6777/492
f 6294/6777/492 6312/6796/491 6313/6797/493 6295/6778/494
f 6295/6778/494 6313/6797/493 6314/6798/495 6296/6779/496
f 6296/6779/496 6314/6798/495 6315/6799/497 6297/6780/498
f 6297/6780/498 6315/6799/497 6316/6800/499 6298/6781/500
f 6298/6781/500 6316/6800/499 6317/6801/501 6299/6782/502
f 6299/6782/502 6317/6801/501 6318/6802/503 6300/6783/504
f 6300/6783/504 6318/6802/503 6301/6784/470 6283/6765/469
f 6301/6784/470 6319/6803/505 6320/6804/506 6302/6785/471
f 6302/6785/471 6320/6804/506 6321/6805/507 6303/6786/473
f 6303/6786/473 6321/6805/507 6322/6806/508 6304/6787/475
f 6304/6787/475 6322/6806/508 6323/6807/509 6305/6788/477
f 6305/6788/477 6323/6807/509 6324/6808/510 6306/6789/479
f 6306/6789/479 6324/6808/510 6325/6809/511 6307/6790/481
f 6307/6790/481 6325/6809/511 6326/6810/512 6308/6791/483
f 6308/6791/483 6326/6810/512 6327/6811/513 6309/6792/485
f 6309/6792/485 6327/6811/513 6328/6812/514 6310/6793/487
f 6310/6794/487 6328/6813/514 6329/6814/515 6311/6795/489
f 6311/6795/489 6329/6814/515 6330/6815/516 6312/6796/491
f 6312/6796/491 6330/6815/516 6331/6816/517 6313/6797/493
f 6313/6797/493 6331/6816/517 6332/6817/518 6314/6798/495
f 6314/6798/495 6332/6817/518 6333/6818/519 6315/6799/497
f 6315/6799/497 6333/6818/519 6334/6819/520 6316/6800/499
f 6316/6800/499 6334/6819/520 6335/6820/521 6317/6801/501
f 6317/6801/501 6335/6820/521 6336/6821/522 6318/6802/503
f 6318/6802/503 6336/6821/522 6319/6803/505 6301/6784/470
f 6319/6803/505 6337/6822/1047 6338/6823/524 6320/6804/506
f 6320/6804/506 6338/6823/524 6339/6824/525 6321/6805/507
f 6321/6805/507 6339/6824/525 6340/6825/526 6322/6806/508
f 6322/6806/508 6340/6825/526 6341/6826/527 6323/6807/509
f 6323/6807/509 6341/6826/527 6342/6827/528 6324/6808/510
f 6324/6808/510 6342/6827/528 6343/6828/529 6325/6809/511
f 6325/6809/511 6343/6828/529 6344/6829/530 6326/6810/512
f 6326/6810/512 6344/6829/530 6345/6830/929 6327/6811/513
f 6327/6811/513 6345/6830/929 6346/6831/930 6328/6812/514
f 6328/6813/514 6346/6832/930 6347/6833/533 6329/6814/515
f 6329/6814/515 6347/6833/533 6348/6834/534 6330/6815/516
f 6330/6815/516 6348/6834/534 6349/6835/535 6331/6816/517
f 6331/6816/517 6349/6835/535 6350/6836/536 6332/6817/518
f 6332/6817/518 6350/6836/536 6351/6837/537 6333/6818/519
f 6333/6818/519 6351/6837/537 6352/6838/538 6334/6819/520
f 6334/6819/520 6352/6838/538 6353/6839/539 6335/6820/521
f 6335/6820/521 6353/6839/539 6354/6840/540 6336/6821/522
f 6336/6821/522 6354/6840/540 6337/6822/1047 6319/6803/505
f 6337/6822/1047 6355/6841/541 6356/6842/542 6338/6823/524
f 6338/6823/524 6356/6842/542 6357/6843/543 6339/6824/525
f 6339/6824/525 6357/6843/543 6358/6844/544 6340/6825/526
f 6340/6825/526 6358/6844/544 6359/6845/545 6341/6826/527
f 6341/6826/527 6359/6845/545 6360/6846/546 6342/6827/528
f 6342/6827/528 6360/6846/546 6361/6847/547 6343/6828/529
f 6343/6828/529 6361/6847/547 6362/6848/548 6344/6829/530
f 6344/6829/530 6362/6848/548 6363/6849/549 6345/6830/929
f 6345/6830/929 6363/6849/549 6364/6850/550 6346/6831/930
f 6346/6832/930 6364/6851/550 6365/6852/551 6347/6833/533
f 6347/6833/533 6365/6852/551 6366/6853/552 6348/6834/534
f 6348/6834/534 6366/6853/552 6367/6854/553 6349/6835/535
f 6349/6835/535 6367/6854/553 6368/6855/554 6350/6836/536
f 6350/6836/536 6368/6855/554 6369/6856/555 6351/6837/537
f 6351/6837/537 6369/6856/555 6370/6857/556 6352/6838/538
f 6352/6838/538 6370/6857/556 6371/6858/557 6353/6839/539
f 6353/6839/539 6371/6858/557 6372/6859/558 6354/6840/540
f 6354/6840/540 6372/6859/558 6355/6841/541 6337/6822/1047
f 6355/6841/541 6373/6860/559 6374/6861/560 6356/6842/542
f 6356/6842/542 6374/6861/560 6375/6862/561 6357/6843/543
f 6357/6843/543 6375/6862/561 6376/6863/562 6358/6844/544
f 6358/6844/544 6376/6863/562 6377/6864/563 6359/6845/545
f 6359/6845/545 6377/6864/563 6378/6865/564 6360/6846/546
f 6360/6846/546 6378/6865/564 6379/6866/565 6361/6847/547
f 6361/6847/547 6379/6866/565 6380/6867/566 6362/6848/548
f 6362/6848/548 6380/6867/566 6381/6868/567 6363/6849/549
f 6363/6849/549 6381/6868/567 6382/6869/568 6364/6850/550
f 6364/6851/550 6382/6870/568 6383/6871/569 6365/6852/551
f 6365/6852/551 6383/6871/569 6384/6872/570 6366/6853/552
f 6366/6853/552 6384/6872/570 6385/6873/571 6367/6854/553
f 6367/6854/553 6385/6873/571 6386/6874/572 6368/6855/554
f 6368/6855/554 6386/6874/572 6387/6875/573 6369/6856/555
f 6369/6856/555 6387/6875/573 6388/6876/574 6370/6857/556
f 6370/6857/556 6388/6876/574 6389/6877/575 6371/6858/557
f 6371/6858/557 6389/6877/575 6390/6878/576 6372/6859/558
f 6372/6859/558 6390/6878/576 6373/6860/559 6355/6841/541
f 6373/6860/559 6391/6879/577 6392/6880/578 6374/6861/560
f 6374/6861/560 6392/6880/578 6393/6881/579 6375/6862/561
f 6375/6862/561 6393/6881/579 6394/6882/580 6376/6863/562
f 6376/6863/562 6394/6882/580 6395/6883/581 6377/6864/563
f 6377/6864/563 6395/6883/581 6396/6884/582 6378/6865/564
f 6378/6865/564 6396/6884/582 6397/6885/583 6379/6866/565
f 6379/6866/565 6397/6885/583 6398/6886/584 6380/6867/566
f 6380/6867/566 6398/6886/584 6399/6887/585 6381/6868/567
f 6381/6868/567 6399/6887/585 6400/6888/586 6382/6869/568
f 6382/6870/568 6400/6889/586 6401/6890/587 6383/6871/569
f 6383/6871/569 6401/6890/587 6402/6891/588 6384/6872/570
f 6384/6872/570 6402/6891/588 6403/6892/589 6385/6873/571
f 6385/6873/571 6403/6892/589 6404/6893/590 6386/6874/572
f 6386/6874/572 6404/6893/590 6405/6894/591 6387/6875/573
f 6387/6875/573 6405/6894/591 6406/6895/592 6388/6876/574
f 6388/6876/574 6406/6895/592 6407/6896/593 6389/6877/575
f 6389/6877/575 6407/6896/593 6408/6897/594 6390/6878/576
f 6390/6878/576 6408/6897/594 6391/6879/577 6373/6860/559
f 6391/6879/577 6409/6898/595 6410/6899/596 6392/6880/578
f 6392/6880/578 6410/6899/596 6411/6900/597 6393/6881/579
f 6393/6881/579 6411/6900/597 6412/6901/598 6394/6882/580
f 6394/6882/580 6412/6901/598 6413/6902/599 6395/6883/581
f 6395/6883/581 6413/6902/599 6414/6903/600 6396/6884/582
f 6396/6884/582 6414/6903/600 6415/6904/601 6397/6885/583
f 6397/6885/583 6415/6904/601 6416/6905/602 6398/6886/584
f 6398/6886/584 6416/6905/602 6417/6906/603 6399/6887/585
f 6399/6887/585 6417/6906/603 6418/6907/604 6400/6888/586
f 6400/6889/586 6418/6908/604 6419/6909/605 6401/6890/587
f 6401/6890/587 6419/6909/605 6420/6910/606 6402/6891/588
f 6402/6891/588 6420/6910/606 6421/6911/607 6403/6892/589
f 6403/6892/589 6421/6911/607 6422/6912/608 6404/6893/590
f 6404/6893/590 6422/6912/608 6423/6913/609 6405/6894/591
f 6405/6894/591 6423/6913/609 6424/6914/610 6406/6895/592
f 6406/6895/592 6424/6914/610 6425/6915/611 6407/6896/593
f 6407/6896/593 6425/6915/611 6426/6916/612 6408/6897/594
f 6408/6897/594 6426/6916/612 6409/6898/595 6391/6879/577
f 6409/6898/595 6427/6917/613 6428/6918/614 6410/6899/596
f 6410/6899/596 6428/6918/614 6429/6919/615 6411/6900/597
f 6411/6900/597 6429/6919/615 6430/6920/616 6412/6901/598
f 6412/6901/598 6430/6920/616 6431/6921/617 6413/6902/599
f 6413/6902/599 6431/6921/617 6432/6922/618 6414/6903/600
f 6414/6903/600 6432/6922/618 6433/6923/619 6415/6904/601
f 6415/6904/601 6433/6923/619 6434/6924/620 6416/6905/602
f 6416/6905/602 6434/6924/620 6435/6925/621 6417/6906/603
f 6417/6906/603 6435/6925/621 6436/6926/622 6418/6907/604
f 6418/6908/604 6436/6927/622 6437/6928/623 6419/6909/605
f 6419/6909/605 6437/6928/623 6438/6929/932 6420/6910/606
f 6420/6910/606 6438/6929/932 6439/6930/625 6421/6911/607
f 6421/6911/607 6439/6930/625 6440/6931/626 6422/6912/608
f 6422/6912/608 6440/6931/626 6441/6932/627 6423/6913/609
f 6423/6913/609 6441/6932/627 6442/6933/628 6424/6914/610
f 6424/6914/610 6442/6933/628 6443/6934/629 6425/6915/611
f 6425/6915/611 6443/6934/629 6444/6935/630 6426/6916/612
f 6426/6916/612 6444/6935/630 6427/6917/613 6409/6898/595
f 6427/6917/613 6445/6936/631 6446/6937/632 6428/6918/614
f 6428/6918/614 6446/6937/632 6447/6938/633 6429/6919/615
f 6429/6919/615 6447/6938/633 6448/6939/634 6430/6920/616
f 6430/6920/616 6448/6939/634 6449/6940/635 6431/6921/617
f 6431/6921/617 6449/6940/635 6450/6941/636 6432/6922/618
f 6432/6922/618 6450/6941/636 6451/6942/637 6433/6923/619
f 6433/6923/619 6451/6942/637 6452/6943/638 6434/6924/620
f 6434/6924/620 6452/6943/638 6453/6944/639 6435/6925/621
f 6435/6925/621 6453/6944/639 6454/6945/640 6436/6926/622
f 6436/6927/622 6454/6946/640 6455/6947/641 6437/6928/623
f 6437/6928/623 6455/6947/641 6456/6948/642 6438/6929/932
f 6438/6929/932 6456/6948/642 6457/6949/643 6439/6930/625
f 6439/6930/625 6457/6949/643 6458/6950/644 6440/6931/626
f 6440/6931/626 6458/6950/644 6459/6951/645 6441/6932/627
f 6441/6932/627 6459/6951/645 6460/6952/646 6442/6933/628
f 6442/6933/628 6460/6952/646 6461/6953/647 6443/6934/629
f 6443/6934/629 6461/6953/647 6462/6954/648 6444/6935/630
f 6444/6935/630 6462/6954/648 6445/6936/631 6427/6917/613
f 6445/6936/631 6463/6955/649 6464/6956/650 6446/6937/632
f 6446/6937/632 6464/6956/650 6465/6957/651 6447/6938/633
f 6447/6938/633 6465/6957/651 6466/6958/652 6448/6939/634
f 6448/6939/634 6466/6958/652 6467/6959/653 6449/6940/635
f 6449/6940/635 6467/6959/653 6468/6960/654 6450/6941/636
f 6450/6941/636 6468/6960/654 6469/6961/655 6451/6942/637
f 6451/6942/637 6469/6961/655 6470/6962/656 6452/6943/638
f 6452/6943/638 6470/6962/656 6471/6963/657 6453/6944/639
f 6453/6944/639 6471/6963/657 6472/6964/658 6454/6945/640
f 6454/6946/640 6472/6965/658 6473/6966/659 6455/6947/641
f 6455/6947/641 6473/6966/659 6474/6967/660 6456/6948/642
f 6456/6948/642 6474/6967/660 6475/6968/661 6457/6949/643
f 6457/6949/643 6475/6968/661 6476/6969/662 6458/6950/644
f 6458/6950/644 6476/6969/662 6477/6970/663 6459/6951/645
f 6459/6951/645 6477/6970/663 6478/6971/664 6460/6952/646
f 6460/6952/646 6478/6971/664 6479/6972/665 6461/6953/647
f 6461/6953/647 6479/6972/665 6480/6973/666 6462/6954/648
f 6462/6954/648 6480/6973/666 6463/6955/649 6445/6936/631
f 6463/6955/649 6481/6974/667 6482/6975/668 6464/6956/650
f 6464/6956/650 6482/6975/668 6483/6976/669 6465/6957/651
f 6465/6957/651 6483/6976/669 6484/6977/670 6466/6958/652
f 6466/6958/652 6484/6977/670 6485/6978/1136 6467/6959/653
f 6467/6959/653 6485/6978/1136 6486/6979/672 6468/6960/654
f 6468/6960/654 6486/6979/672 6487/6980/673 6469/6961/655
f 6469/6961/655 6487/6980/673 6488/6981/674 6470/6962/656
f 6470/6962/656 6488/6981/674 6489/6982/675 6471/6963/657
f 6471/6963/657 6489/6982/675 6490/6983/676 6472/6964/658
f 6472/6965/658 6490/6984/676 6491/6985/677 6473/6966/659
f 6473/6966/659 6491/6985/677 6492/6986/678 6474/6967/660
f 6474/6967/660 6492/6986/678 6493/6987/679 6475/6968/661
f 6475/6968/661 6493/6987/679 6494/6988/680 6476/6969/662
f 6476/6969/662 6494/6988/680 6495/6989/681 6477/6970/663
f 6477/6970/663 6495/6989/681 6496/6990/682 6478/6971/664
f 6478/6971/664 6496/6990/682 6497/6991/683 6479/6972/665
f 6479/6972/665 6497/6991/683 6498/6992/684 6480/6973/666
f 6480/6973/666 6498/6992/684 6481/6974/667 6463/6955/649
f 3619/3896/451 6499/6993/1058 6500/6994/1059 3620/3897/452
f 3620/3897/452 6500/6994/1059 6501/6995/1060 3621/3898/453
f 3621/3898/453 6501/6995/1060 6502/6996/1061 3622/3899/454
f 3622/3899/454 6502/6996/1061 6503/6997/1062 3623/3900/455
f 3623/3900/455 6503/6997/1062 6504/6998/1063 3624/3901/456
f 3624/3901/456 6504/6998/1063 6505/6999/1064 3625/3902/457
f 3625/3902/457 6505/6999/1064 6506/7000/1065 3626/3903/458
f 3626/3903/458 6506/7000/1065 6507/7001/1066 3627/3904/459
f 3627/3904/459 6507/7001/1066 6508/7002/1067 3628/3905/460
f 3628/3906/460 6508/7003/1067 6509/7004/1068 3629/3907/461
f 3629/3907/461 6509/7004/1068 6510/7005/1069 3630/3908/462
f 3630/3908/462 6510/7005/1069 6511/7006/1070 3631/3909/463
f 3631/3909/463 6511/7006/1070 6512/7007/1071 3632/3910/464
f 3632/3910/464 6512/7007/1071 6513/7008/1072 3633/3911/465
f 3633/3911/465 6513/7008/1072 6514/7009/1073 3634/3912/466
f 3634/3912/466 6514/7009/1073 6515/7010/1074 3635/3913/467
f 3635/3913/467 6515/7010/1074 6516/7011/1075 3636/3914/468
f 3636/3914/468 6516/7011/1075 6499/6993/1058 3619/3896/451
f 6499/6993/1058 6517/7012/721 6518/7013/722 6500/6994/1059
f 6500/6994/1059 6518/7013/722 6519/7014/723 6501/6995/1060
f 6501/6995/1060 6519/7014/723 6520/7015/724 6502/6996/1061
f 6502/6996/1061 6520/7015/724 6521/7016/725 6503/6997/1062
f 6503/6997/1062 6521/7016/725 6522/7017/726 6504/6998/1063
f 6504/6998/1063 6522/7017/726 6523/7018/727 6505/6999/1064
f 6505/6999/1064 6523/7018/727 6524/7019/728 6506/7000/1065
f 6506/7000/1065 6524/7019/728 6525/7020/729 6507/7001/1066
f 6507/7001/1066 6525/7020/729 6526/7021/730 6508/7002/1067
f 6508/7003/1067 6526/7022/730 6527/7023/731 6509/7004/1068
f 6509/7004/1068 6527/7023/731 6528/7024/1076 6510/7005/1069
f 6510/7005/1069 6528/7024/1076 6529/7025/733 6511/7006/1070
f 6511/7006/1070 6529/7025/733 6530/7026/734 6512/7007/1071
f 6512/7007/1071 6530/7026/734 6531/7027/735 6513/7008/1072
f 6513/7008/1072 6531/7027/735 6532/7028/736 6514/7009/1073
f 6514/7009/1073 6532/7028/736 6533/7029/737 6515/7010/1074
f 6515/7010/1074 6533/7029/737 6534/7030/738 6516/7011/1075
f 6516/7011/1075 6534/7030/738 6517/7012/721 6499/6993/1058
f 6517/7012/721 6535/7031/739 6536/7032/740 6518/7013/722
f 6518/7013/722 6536/7032/740 6537/7033/741 6519/7014/723
f 6519/7014/723 6537/7033/741 6538/7034/742 6520/7015/724
f 6520/7015/724 6538/7034/742 6539/7035/743 6521/7016/725
f 6521/7016/725 6539/7035/743 6540/7036/744 6522/7017/726
f 6522/7017/726 6540/7036/744 6541/7037/745 6523/7018/727
f 6523/7018/727 6541/7037/745 6542/7038/746 6524/7019/728
f 6524/7019/728 6542/7038/746 6543/7039/970 6525/7020/729
f 6525/7020/729 6543/7039/970 6544/7040/748 6526/7021/730
f 6526/7022/730 6544/7041/748 6545/7042/749 6527/7023/731
f 6527/7023/731 6545/7042/749 6546/7043/750 6528/7024/1076
f 6528/7024/1076 6546/7043/750 6547/7044/751 6529/7025/733
f 6529/7025/733 6547/7044/751 6548/7045/752 6530/7026/734
f 6530/7026/734 6548/7045/752 6549/7046/753 6531/7027/735
f 6531/7027/735 6549/7046/753 6550/7047/754 6532/7028/736
f 6532/7028/736 6550/7047/754 6551/7048/755 6533/7029/737
f 6533/7029/737 6551/7048/755 6552/7049/756 6534/7030/738
f 6534/7030/738 6552/7049/756 6535/7031/739 6517/7012/721
f 6535/7031/739 6553/7050/757 6554/7051/758 6536/7032/740
f 6536/7032/740 6554/7051/758 6555/7052/759 6537/7033/741
f 6537/7033/741 6555/7052/759 6556/7053/760 6538/7034/742
f 6538/7034/742 6556/7053/760 6557/7054/761 6539/7035/743
f 6539/7035/743 6557/7054/761 6558/7055/762 6540/7036/744
f 6540/7036/744 6558/7055/762 6559/7056/763 6541/7037/745
f 6541/7037/745 6559/7056/763 6560/7057/764 6542/7038/746
f 6542/7038/746 6560/7057/764 6561/7058/765 6543/7039/970
f 6543/7039/970 6561/7058/765 6562/7059/766 6544/7040/748
f 6544/7041/748 6562/7060/766 6563/7061/767 6545/7042/749
f 6545/7042/749 6563/7061/767 6564/7062/768 6546/7043/750
f 6546/7043/750 6564/7062/768 6565/7063/769 6547/7044/751
f 6547/7044/751 6565/7063/769 6566/7064/770 6548/7045/752
f 6548/7045/752 6566/7064/770 6567/7065/771 6549/7046/753
f 6549/7046/753 6567/7065/771 6568/7066/772 6550/7047/754
f 6550/7047/754 6568/7066/772 6569/7067/773 6551/7048/755
f 6551/7048/755 6569/7067/773 6570/7068/774 6552/7049/756
f 6552/7049/756 6570/7068/774 6553/7050/757 6535/7031/739
f 6553/7050/757 6571/7069/775 6572/7070/776 6554/7051/758
f 6554/7051/758 6572/7070/776 6573/7071/777 6555/7052/759
f 6555/7052/759 6573/7071/777 6574/7072/778 6556/7053/760
f 6556/7053/760 6574/7072/778 6575/7073/779 6557/7054/761
f 6557/7054/761 6575/7073/779 6576/7074/780 6558/7055/762
f 6558/7055/762 6576/7074/780 6577/7075/1077 6559/7056/763
f 6559/7056/763 6577/7075/1077 6578/7076/782 6560/7057/764
f 6560/7057/764 6578/7076/782 6579/7077/783 6561/7058/765
f 6561/7058/765 6579/7077/783 6580/7078/784 6562/7059/766
f 6562/7060/766 6580/7079/784 6581/7080/785 6563/7061/767
f 6563/7061/767 6581/7080/785 6582/7081/786 6564/7062/768
f 6564/7062/768 6582/7081/786 6583/7082/787 6565/7063/769
f 6565/7063/769 6583/7082/787 6584/7083/788 6566/7064/770
f 6566/7064/770 6584/7083/788 6585/7084/789 6567/7065/771
f 6567/7065/771 6585/7084/789 6586/7085/790 6568/7066/772
f 6568/7066/772 6586/7085/790 6587/7086/791 6569/7067/773
f 6569/7067/773 6587/7086/791 6588/7087/792 6570/7068/774
f 6570/7068/774 6588/7087/792 6571/7069/775 6553/7050/757
f 6571/7069/775 6589/7088/793 6590/7089/794 6572/7070/776
f 6572/7070/776 6590/7089/794 6591/7090/795 6573/7071/777
f 6573/7071/777 6591/7090/795 6592/7091/796 6574/7072/778
f 6574/7072/778 6592/7091/796 6593/7092/797 6575/7073/779
f 6575/7073/779 6593/7092/797 6594/7093/798 6576/7074/780
f 6576/7074/780 6594/7093/798 6595/7094/799 6577/7075/1077
f 6577/7075/1077 6595/7094/799 6596/7095/800 6578/7076/782
f 6578/7076/782 6596/7095/800 6597/7096/1137 6579/7077/783
f 6579/7077/783 6597/7096/1137 6598/7097/802 6580/7078/784
f 6580/7079/784 6598/7098/802 6599/7099/803 6581/7080/785
f 6581/7080/785 6599/7099/803 6600/7100/804 6582/7081/786
f 6582/7081/786 6600/7100/804 6601/7101/805 6583/7082/787
f 6583/7082/787 6601/7101/805 6602/7102/806 6584/7083/788
f 6584/7083/788 6602/7102/806 6603/7103/807 6585/7084/789
f 6585/7084/789 6603/7103/807 6604/7104/808 6586/7085/790
f 6586/7085/790 6604/7104/808 6605/7105/809 6587/7086/791
f 6587/7086/791 6605/7105/809 6606/7106/810 6588/7087/792
f 6588/7087/792 6606/7106/810 6589/7088/793 6571/7069/775
f 6589/7088/793 6607/7107/811 6608/7108/812 6590/7089/794
f 6590/7089/794 6608/7108/812 6609/7109/813 6591/7090/795
f 6591/7090/795 6609/7109/813 6610/7110/814 6592/7091/796
f 6592/7091/796 6610/7110/814 6611/7111/815 6593/7092/797
f 6593/7092/797 6611/7111/815 6612/7112/816 6594/7093/798
f 6594/7093/798 6612/7112/816 6613/7113/817 6595/7094/799
f 6595/7094/799 6613/7113/817 6614/7114/818 6596/7095/800
f 6596/7095/800 6614/7114/818 6615/7115/819 6597/7096/1137
f 6597/7096/1137 6615/7115/819 6616/7116/820 6598/7097/802
f 6598/7098/802 6616/7117/820 6617/7118/1078 6599/7099/803
f 6599/7099/803 6617/7118/1078 6618/7119/822 6600/7100/804
f 6600/7100/804 6618/7119/822 6619/7120/823 6601/7101/805
f 6601/7101/805 6619/7120/823 6620/7121/824 6602/7102/806
f 6602/7102/806 6620/7121/824 6621/7122/825 6603/7103/807
f 6603/7103/807 6621/7122/825 6622/7123/826 6604/7104/808
f 6604/7104/808 6622/7123/826 6623/7124/827 6605/7105/809
f 6605/7105/809 6623/7124/827 6624/7125/828 6606/7106/810
f 6606/7106/810 6624/7125/828 6607/7107/811 6589/7088/793
f 6607/7107/811 6625/7126/829 6626/7127/830 6608/7108/812
f 6608/7108/812 6626/7127/830 6627/7128/831 6609/7109/813
f 6609/7109/813 6627/7128/831 6628/7129/832 6610/7110/814
f 6610/7110/814 6628/7129/832 6629/7130/833 6611/7111/815
f 6611/7111/815 6629/7130/833 6630/7131/834 6612/7112/816
f 6612/7112/816 6630/7131/834 6631/7132/1112 6613/7113/817
f 6613/7113/817 6631/7132/1112 6632/7133/836 6614/7114/818
f 6614/7114/818 6632/7133/836 6633/7134/837 6615/7115/819
f 6615/7115/819 6633/7134/837 6634/7135/838 6616/7116/820
f 6616/7117/820 6634/7136/838 6635/7137/839 6617/7118/1078
f 6617/7118/1078 6635/7137/839 6636/7138/971 6618/7119/822
f 6618/7119/822 6636/7138/971 6637/7139/841 6619/7120/823
f 6619/7120/823 6637/7139/841 6638/7140/842 6620/7121/824
f 6620/7121/824 6638/7140/842 6639/7141/843 6621/7122/825
f 6621/7122/825 6639/7141/843 6640/7142/844 6622/7123/826
f 6622/7123/826 6640/7142/844 6641/7143/845 6623/7124/827
f 6623/7124/827 6641/7143/845 6642/7144/846 6624/7125/828
f 6624/7125/828 6642/7144/846 6625/7126/829 6607/7107/811
f 6625/7126/829 6643/7145/847 6644/7146/848 6626/7127/830
f 6626/7127/830 6644/7146/848 6645/7147/849 6627/7128/831
f 6627/7128/831 6645/7147/849 6646/7148/850 6628/7129/832
f 6628/7129/832 6646/7148/850 6647/7149/851 6629/7130/833
f 6629/7130/833 6647/7149/851 6648/7150/852 6630/7131/834
f 6630/7131/834 6648/7150/852 6649/7151/853 6631/7132/1112
f 6631/7132/1112 6649/7151/853 6650/7152/854 6632/7133/836
f 6632/7133/836 6650/7152/854 6651/7153/855 6633/7134/837
f 6633/7134/837 6651/7153/855 6652/7154/856 6634/7135/838
f 6634/7136/838 6652/7155/856 6653/7156/857 6635/7137/839
f 6635/7137/839 6653/7156/857 6654/7157/858 6636/7138/971
f 6636/7138/971 6654/7157/858 6655/7158/859 6637/7139/841
f 6637/7139/841 6655/7158/859 6656/7159/860 6638/7140/842
f 6638/7140/842 6656/7159/860 6657/7160/861 6639/7141/843
f 6639/7141/843 6657/7160/861 6658/7161/862 6640/7142/844
f 6640/7142/844 6658/7161/862 6659/7162/863 6641/7143/845
f 6641/7143/845 6659/7162/863 6660/7163/864 6642/7144/846
f 6642/7144/846 6660/7163/864 6643/7145/847 6625/7126/829
f 6643/7145/847 6661/7164/865 6662/7165/866 6644/7146/848
f 6644/7146/848 6662/7165/866 6663/7166/867 6645/7147/849
f 6645/7147/849 6663/7166/867 6664/7167/868 6646/7148/850
f 6646/7148/850 6664/7167/868 6665/7168/869 6647/7149/851
f 6647/7149/851 6665/7168/869 6666/7169/870 6648/7150/852
f 6648/7150/852 6666/7169/870 6667/7170/871 6649/7151/853
f 6649/7151/853 6667/7170/871 6668/7171/872 6650/7152/854
f 6650/7152/854 6668/7171/872 6669/7172/873 6651/7153/855
f 6651/7153/855 6669/7172/873 6670/7173/874 6652/7154/856
f 6652/7155/856 6670/7174/874 6671/7175/875 6653/7156/857
f 6653/7156/857 6671/7175/875 6672/7176/876 6654/7157/858
f 6654/7157/858 6672/7176/876 6673/7177/877 6655/7158/859
f 6655/7158/859 6673/7177/877 6674/7178/878 6656/7159/860
f 6656/7159/860 6674/7178/878 6675/7179/879 6657/7160/861
f 6657/7160/861 6675/7179/879 6676/7180/880 6658/7161/862
f 6658/7161/862 6676/7180/880 6677/7181/881 6659/7162/863
f 6659/7162/863 6677/7181/881 6678/7182/882 6660/7163/864
f 6660/7163/864 6678/7182/882 6661/7164/865 6643/7145/847
f 6661/7164/865 6679/7183/883 6680/7184/884 6662/7165/866
f 6662/7165/866 6680/7184/884 6681/7185/885 6663/7166/867
f 6663/7166/867 6681/7185/885 6682/7186/886 6664/7167/868
f 6664/7167/868 6682/7186/886 6683/7187/887 6665/7168/869
f 6665/7168/869 6683/7187/887 6684/7188/888 6666/7169/870
f 6666/7169/870 6684/7188/888 6685/7189/889 6667/7170/871
f 6667/7170/871 6685/7189/889 6686/7190/890 6668/7171/872
f 6668/7171/872 6686/7190/890 6687/7191/891 6669/7172/873
f 6669/7172/873 6687/7191/891 6688/7192/892 6670/7173/874
f 6670/7174/874 6688/7193/892 6689/7194/893 6671/7175/875
f 6671/7175/875 6689/7194/893 6690/7195/894 6672/7176/876
f 6672/7176/876 6690/7195/894 6691/7196/895 6673/7177/877
f 6673/7177/877 6691/7196/895 6692/7197/896 6674/7178/878
f 6674/7178/878 6692/7197/896 6693/7198/897 6675/7179/879
f 6675/7179/879 6693/7198/897 6694/7199/898 6676/7180/880
f 6676/7180/880 6694/7199/898 6695/7200/899 6677/7181/881
f 6677/7181/881 6695/7200/899 6696/7201/900 6678/7182/882
f 6678/7182/882 6696/7201/900 6679/7183/883 6661/7164/865
f 6679/7183/883 6283/6765/469 6284/6766/472 6680/7184/884
f 6680/7184/884 6284/6766/472 6285/6767/474 6681/7185/885
f 6681/7185/885 6285/6767/474 6286/6768/476 6682/7186/886
f 6682/7186/886 6286/6768/476 6287/6769/478 6683/7187/887
f 6683/7187/887 6287/6769/478 6288/6770/480 6684/7188/888
f 6684/7188/888 6288/6770/480 6289/6771/482 6685/7189/889
f 6685/7189/889 6289/6771/482 6290/6772/484 6686/7190/890
f 6686/7190/890 6290/6772/484 6291/6773/486 6687/7191/891
f 6687/7191/891 6291/6773/486 6292/6774/488 6688/7192/892
f 6688/7193/892 6292/6775/488 6293/6776/490 6689/7194/893
f 6689/7194/893 6293/6776/490 6294/6777/492 6690/7195/894
f 6690/7195/894 6294/6777/492 6295/6778/494 6691/7196/895
f 6691/7196/895 6295/6778/494 6296/6779/496 6692/7197/896
f 6692/7197/896 6296/6779/496 6297/6780/498 6693/7198/897
f 6693/7198/897 6297/6780/498 6298/6781/500 6694/7199/898
f 6694/7199/898 6298/6781/500 6299/6782/502 6695/7200/899
f 6695/7200/899 6299/6782/502 6300/6783/504 6696/7201/900
f 6696/7201/900 6300/6783/504 6283/6765/469 6679/7183/883
f 1859/2000/1032 1861/2002/1027 1862/2003/1026 1863/2005/1038 1864/2006/1029 1865/2007/1028 1866/2008/1036 1867/2009/1039 1868/2010/1043 1869/2011/1031 1870/2012/1030 1871/2013/1040 1872/2014/1042 1855/1996/1035 1856/1997/1034 1857/1998/1037 1858/1999/1033
f 1848/1989/996 1847/1988/1011 1846/1987/993 1845/1986/992 1844/1984/1013 1843/1983/1019 1842/1982/1018 1841/1981/1009 1838/1978/1003 1837/1977/1002 1854/1995/1005 1853/1994/1025 1852/1993/1023 1851/1992/1022 1850/1991/999 1849/1990/997
o Cylinder
v 0.000000 1.481639 -1.786990
v 0.000000 1.481639 1.786990
v 0.145226 1.474504 -1.786990
v 0.145226 1.474504 1.786990
v 0.289053 1.453170 -1.786990
v 0.289053 1.453169 1.786990
v 0.430097 1.417840 -1.786990
v 0.430097 1.417840 1.786990
v 0.566999 1.368856 -1.786990
v 0.566999 1.368856 1.786990
v 0.698440 1.306689 -1.786990
v 0.698440 1.306689 1.786990
v 0.823154 1.231938 -1.786990
v 0.823154 1.231938 1.786990
v 0.939942 1.145322 -1.786990
v 0.939942 1.145322 1.786990
v 1.047677 1.047677 -1.786990
v 1.047677 1.047677 1.786990
v 1.145322 0.939942 -1.786990
v 1.145322 0.939942 1.786990
v 1.231938 0.823154 -1.786990
v 1.231938 0.823154 1.786990
v 1.306689 0.698440 -1.786990
v 1.306689 0.698440 1.786990
v 1.368856 0.566999 -1.786990
v 1.368856 0.566999 1.786990
v 1.417840 0.430097 -1.786990
v 1.417840 0.430097 1.786990
v 1.453170 0.289053 -1.786990
v 1.453170 0.289053 1.786990
v 1.474504 0.145226 -1.786990
v 1.474504 0.145226 1.786990
v 1.481639 0.000000 -1.786990
v 1.481639 -0.000000 1.786990
v 1.474504 -0.145226 -1.786990
v 1.474504 -0.145226 1.786990
v 1.453170 -0.289053 -1.786990
v 1.453170 -0.289053 1.786990
v 1.417840 -0.430097 -1.786990
v 1.417840 -0.430097 1.786990
v 1.368856 -0.566999 -1.786990
v 1.368856 -0.566999 1.786990
v 1.306689 -0.698440 -1.786990
v 1.306689 -0.698440 1.786990
v 1.231938 -0.823154 -1.786990
v 1.231938 -0.823154 1.786990
v 1.145322 -0.939942 -1.786990
v 1.145322 -0.939942 1.786990
v 1.047677 -1.047677 -1.786990
v 1.047677 -1.047677 1.786990
v 0.939942 -1.145322 -1.786990
v 0.939942 -1.145322 1.786990
v 0.823154 -1.231938 -1.786990
v 0.823154 -1.231938 1.786990
v 0.698440 -1.306689 -1.786990
v 0.698440 -1.306689 1.786990
v 0.566999 -1.368856 -1.786990
v 0.566999 -1.368856 1.786990
v 0.430097 -1.417840 -1.786990
v 0.430097 -1.417840 1.786990
v 0.289053 -1.453169 -1.786990
v 0.289053 -1.453170 1.786990
v 0.145226 -1.474504 -1.786990
v 0.145226 -1.474504 1.786990
v 0.000000 -1.481639 -1.786990
v 0.000000 -1.481639 1.786990
v -0.145226 -1.474504 -1.786990
v -0.145226 -1.474504 1.786990
v -0.289053 -1.453169 -1.786990
v -0.289053 -1.453170 1.786990
v -0.430097 -1.417840 -1.786990
v -0.430097 -1.417840 1.786990
v -0.566999 -1.368856 -1.786990
v -0.566999 -1.368856 1.786990
v -0.698440 -1.306689 -1.786990
v -0.698440 -1.306689 1.786990
v -0.823154 -1.231938 -1.786990
v -0.823154 -1.231938 1.786990
v -0.939942 -1.145322 -1.786990
v -0.939942 -1.145322 1.786990
v -1.047677 -1.047677 -1.786990
v -1.047677 -1.047677 1.786990
v -1.145322 -0.939942 -1.786990
v -1.145322 -0.939942 1.786990
v -1.231938 -0.823154 -1.786990
v -1.231938 -0.823154 1.786990
v -1.306689 -0.698440 -1.786990
v -1.306689 -0.698440 1.786990
v -1.368856 -0.566999 -1.786990
v -1.368856 -0.566999 1.786990
v -1.417840 -0.430097 -1.786990
v -1.417840 -0.430097 1.786990
v -1.453170 -0.289053 -1.786990
v -1.453170 -0.289053 1.786990
v -1.474504 -0.145226 -1.786990
v -1.474504 -0.145226 1.786990
v -1.481639 0.000000 -1.786990
v -1.481639 -0.000000 1.786990
v -1.474504 0.145226 -1.786990
v -1.474504 0.145226 1.786990
v -1.453170 0.289053 -1.786990
v -1.453170 0.289053 1.786990
v -1.417840 0.430097 -1.786990
v -1.417840 0.430097 1.786990
v -1.368856 0.566999 -1.786990
v -1.368856 0.566999 1.786990
v -1.306689 0.698440 -1.786990
v -1.306689 0.698440 1.786990
v -1.231938 0.823154 -1.786990
v -1.231938 0.823154 1.786990
v -1.145322 0.939942 -1.786990
v -1.145322 0.939942 1.786990
v -1.047677 1.047677 -1.786990
v -1.047677 1.047677 1.786990
v -0.939942 1.145322 -1.786990
v -0.939942 1.145322 1.786990
v -0.823154 1.231938 -1.786990
v -0.823154 1.231938 1.786990
v -0.698440 1.306689 -1.786990
v -0.698440 1.306689 1.786990
v -0.566999 1.368856 -1.786990
v -0.566999 1.368856 1.786990
v -0.430097 1.417840 -1.786990
v -0.430097 1.417840 1.786990
v -0.289053 1.453170 -1.786990
v -0.289053 1.453169 1.786990
v -0.145226 1.474504 -1.786990
v -0.145226 1.474504 1.786990
vn -0.0000 0.8640 -0.5035
vn -0.0000 0.8640 0.5035
vn 0.0847 0.8598 0.5035
vn 0.0847 0.8598 -0.5035
vn 0.1686 0.8474 0.5035
vn 0.1686 0.8474 -0.5035
vn 0.2508 0.8268 0.5035
vn 0.2508 0.8268 -0.5035
vn 0.3306 0.7982 0.5035
vn 0.3306 0.7982 -0.5035
vn 0.4073 0.7620 0.5035
vn 0.4073 0.7620 -0.5035
vn 0.4800 0.7184 0.5035
vn 0.4800 0.7184 -0.5035
vn 0.5481 0.6679 0.5035
vn 0.5481 0.6679 -0.5035
vn 0.6109 0.6109 0.5035
vn 0.6109 0.6109 -0.5035
vn 0.6679 0.5481 0.5035
vn 0.6679 0.5481 -0.5035
vn 0.7184 0.4800 0.5035
vn 0.7184 0.4800 -0.5035
vn 0.7620 0.4073 0.5035
vn 0.7620 0.4073 -0.5035
vn 0.7982 0.3306 0.5035
vn 0.7982 0.3306 -0.5035
vn 0.8268 0.2508 0.5035
vn 0.8268 0.2508 -0.5035
vn 0.8474 0.1686 0.5035
vn 0.8474 0.1686 -0.5035
vn 0.8598 0.0847 0.5035
vn 0.8598 0.0847 -0.5035
vn 0.8640 -0.0000 0.5035
vn 0.8640 -0.0000 -0.5035
vn 0.8598 -0.0847 0.5035
vn 0.8598 -0.0847 -0.5035
vn 0.8474 -0.1686 0.5035
vn 0.8474 -0.1686 -0.5035
vn 0.8268 -0.2508 0.5035
vn 0.8268 -0.2508 -0.5035
vn 0.7982 -0.3306 0.5035
vn 0.7982 -0.3306 -0.5035
vn 0.7620 -0.4073 0.5035
vn 0.7620 -0.4073 -0.5035
vn 0.7184 -0.4800 0.5035
vn 0.7184 -0.4800 -0.5035
vn 0.6679 -0.5481 0.5035
vn 0.6679 -0.5481 -0.5035
vn 0.6109 -0.6109 0.5035
vn 0.6109 -0.6109 -0.5035
vn 0.5481 -0.6679 0.5035
vn 0.5481 -0.6679 -0.5035
vn 0.4800 -0.7184 0.5035
vn 0.4800 -0.7184 -0.5035
vn 0.4073 -0.7620 0.5035
vn 0.4073 -0.7620 -0.5035
vn 0.3306 -0.7982 0.5035
vn 0.3306 -0.7982 -0.5035
vn 0.2508 -0.8268 0.5035
vn 0.2508 -0.8268 -0.5035
vn 0.1686 -0.8474 0.5035
vn 0.1686 -0.8474 -0.5035
vn 0.0847 -0.8598 0.5035
vn 0.0847 -0.8598 -0.5035
vn -0.0000 -0.8640 0.5035
vn -0.0000 -0.8640 -0.5035
vn -0.0847 -0.8598 0.5035
vn -0.0847 -0.8598 -0.5035
vn -0.1686 -0.8474 0.5035
vn -0.1686 -0.8474 -0.5035
vn -0.2508 -0.8268 0.5035
vn -0.2508 -0.8268 -0.5035
vn -0.3306 -0.7982 0.5035
vn -0.3306 -0.7982 -0.5035
vn -0.4073 -0.7620 0.5035
vn -0.4073 -0.7620 -0.5035
vn -0.4800 -0.7184 0.5035
vn -0.4800 -0.7184 -0.5035
vn -0.5481 -0.6679 0.5035
vn -0.5481 -0.6679 -0.5035
vn -0.6109 -0.6109 0.5035
vn -0.6109 -0.6109 -0.5035
vn -0.6679 -0.5481 0.5035
vn -0.6679 -0.5481 -0.5035
vn -0.7184 -0.4800 0.5035
vn -0.7184 -0.4800 -0.5035
vn -0.7620 -0.4073 0.5035
vn -0.7620 -0.4073 -0.5035
vn -0.7982 -0.3306 0.5035
vn -0.7982 -0.3306 -0.5035
vn -0.8268 -0.2508 0.5035
vn -0.8268 -0.2508 -0.5035
vn -0.8474 -0.1686 0.5035
vn -0.8474 -0.1686 -0.5035
vn -0.8598 -0.0847 0.5035
vn -0.8598 -0.0847 -0.5035
vn -0.8640 -0.0000 0.5035
vn -0.8640 -0.0000 -0.5035
vn -0.8598 0.0847 0.5035
vn -0.8598 0.0847 -0.5035
vn -0.8474 0.1686 0.5035
vn -0.8474 0.1686 -0.5035
vn -0.8268 0.2508 0.5035
vn -0.8268 0.2508 -0.5035
vn -0.7982 0.3306 0.5035
vn -0.7982 0.3306 -0.5035
vn -0.7620 0.4073 0.5035
vn -0.7620 0.4073 -0.5035
vn -0.7184 0.4800 0.5035
vn -0.7184 0.4800 -0.5035
vn -0.6679 0.5481 0.5035
vn -0.6679 0.5481 -0.5035
vn -0.6109 0.6109 0.5035
vn -0.6109 0.6109 -0.5035
vn -0.5481 0.6679 0.5035
vn -0.5481 0.6679 -0.5035
vn -0.4800 0.7184 0.5035
vn -0.4800 0.7184 -0.5035
vn -0.4073 0.7620 0.5035
vn -0.4073 0.7620 -0.5035
vn -0.3306 0.7982 0.5035
vn -0.3306 0.7982 -0.5035
vn -0.2508 0.8268 0.5035
vn -0.2508 0.8268 -0.5035
vn -0.1686 0.8474 0.5035
vn -0.1686 0.8474 -0.5035
vn -0.0847 0.8598 0.5035
vn -0.0847 0.8598 -0.5035
vt 1.000000 0.500000
vt 0.000000 0.500000
vt 0.750000 0.490000
vt 1.000000 1.000000
vt 0.250000 0.490000
vt 0.000000 1.000000
vt 0.984375 0.500000
vt 0.773524 0.488844
vt 0.984375 1.000000
vt 0.273524 0.488844
vt 0.968750 0.500000
vt 0.796822 0.485388
vt 0.968750 1.000000
vt 0.296822 0.485388
vt 0.953125 0.500000
vt 0.819668 0.479666
vt 0.953125 1.000000
vt 0.319668 0.479666
vt 0.937500 0.500000
vt 0.841844 0.471731
vt 0.937500 1.000000
vt 0.341844 0.471731
vt 0.921875 0.500000
vt 0.863135 0.461661
vt 0.921875 1.000000
vt 0.363135 0.461661
vt 0.906250 0.500000
vt 0.883337 0.449553
vt 0.906250 1.000000
vt 0.383337 0.449553
vt 0.890625 0.500000
vt 0.902254 0.435522
vt 0.890625 1.000000
vt 0.402254 0.435522
vt 0.875000 0.500000
vt 0.919706 0.419706
vt 0.875000 1.000000
vt 0.419706 0.419706
vt 0.859375 0.500000
vt 0.935522 0.402254
vt 0.859375 1.000000
vt 0.435522 0.402254
vt 0.843750 0.500000
vt 0.949553 0.383337
vt 0.843750 1.000000
vt 0.449553 0.383337
vt 0.828125 0.500000
vt 0.961661 0.363135
vt 0.828125 1.000000
vt 0.461661 0.363135
vt 0.812500 0.500000
vt 0.971731 0.341844
vt 0.812500 1.000000
vt 0.471731 0.341844
vt 0.796875 0.500000
vt 0.979666 0.319668
vt 0.796875 1.000000
vt 0.479666 0.319668
vt 0.781250 0.500000
vt 0.985388 0.296822
vt 0.781250 1.000000
vt 0.485388 0.296822
vt 0.765625 0.500000
vt 0.988844 0.273524
vt 0.765625 1.000000
vt 0.488844 0.273524
vt 0.750000 0.500000
vt 0.990000 0.250000
vt 0.750000 1.000000
vt 0.490000 0.250000
vt 0.734375 0.500000
vt 0.988844 0.226476
vt 0.734375 1.000000
vt 0.488844 0.226476
vt 0.718750 0.500000
vt 0.985388 0.203178
vt 0.718750 1.000000
vt 0.485388 0.203178
vt 0.703125 0.500000
vt 0.979666 0.180332
vt 0.703125 1.000000
vt 0.479666 0.180332
vt 0.687500 0.500000
vt 0.971731 0.158156
vt 0.687500 1.000000
vt 0.471731 0.158156
vt 0.671875 0.500000
vt 0.961661 0.136865
vt 0.671875 1.000000
vt 0.461661 0.136865
vt 0.656250 0.500000
vt 0.949553 0.116663
vt 0.656250 1.000000
vt 0.449553 0.116663
vt 0.640625 0.500000
vt 0.935522 0.097746
vt 0.640625 1.000000
vt 0.435522 0.097746
vt 0.625000 0.500000
vt 0.919706 0.080294
vt 0.625000 1.000000
vt 0.419706 0.080294
vt 0.609375 0.500000
vt 0.902254 0.064478
vt 0.609375 1.000000
vt 0.402254 0.064478
vt 0.593750 0.500000
vt 0.883337 0.050447
vt 0.593750 1.000000
vt 0.383337 0.050447
vt 0.578125 0.500000
vt 0.863135 0.038339
vt 0.578125 1.000000
vt 0.363135 0.038339
vt 0.562500 0.500000
vt 0.841844 0.028269
vt 0.562500 1.000000
vt 0.341844 0.028269
vt 0.546875 0.500000
vt 0.819668 0.020334
vt 0.546875 1.000000
vt 0.319668 0.020334
vt 0.531250 0.500000
vt 0.796822 0.014612
vt 0.531250 1.000000
vt 0.296822 0.014612
vt 0.515625 0.500000
vt 0.773524 0.011156
vt 0.515625 1.000000
vt 0.273524 0.011156
vt 0.500000 0.500000
vt 0.750000 0.010000
vt 0.500000 1.000000
vt 0.250000 0.010000
vt 0.484375 0.500000
vt 0.726476 0.011156
vt 0.484375 1.000000
vt 0.226476 0.011156
vt 0.468750 0.500000
vt 0.703178 0.014612
vt 0.468750 1.000000
vt 0.203178 0.014612
vt 0.453125 0.500000
vt 0.680332 0.020334
vt 0.453125 1.000000
vt 0.180332 0.020334
vt 0.437500 0.500000
vt 0.658156 0.028269
vt 0.437500 1.000000
vt 0.158156 0.028269
vt 0.421875 0.500000
vt 0.636865 0.038339
vt 0.421875 1.000000
vt 0.136865 0.038339
vt 0.406250 0.500000
vt 0.616663 0.050447
vt 0.406250 1.000000
vt 0.116663 0.050447
vt 0.390625 0.500000
vt 0.597746 0.064478
vt 0.390625 1.000000
vt 0.097746 0.064478
vt 0.375000 0.500000
vt 0.580294 0.080294
vt 0.375000 1.000000
vt 0.080294 0.080294
vt 0.359375 0.500000
vt 0.564478 0.097746
vt 0.359375 1.000000
vt 0.064478 0.097746
vt 0.343750 0.500000
vt 0.550447 0.116663
vt 0.343750 1.000000
vt 0.050447 0.116663
vt 0.328125 0.500000
vt 0.538339 0.136865
vt 0.328125 1.000000
vt 0.038339 0.136865
vt 0.312500 0.500000
vt 0.528269 0.158156
vt 0.312500 1.000000
vt 0.028269 0.158156
vt 0.296875 0.500000
vt 0.520334 0.180332
vt 0.296875 1.000000
vt 0.020334 0.180332
vt 0.281250 0.500000
vt 0.514612 0.203178
vt 0.281250 1.000000
vt 0.014612 0.203178
vt 0.265625 0.500000
vt 0.511156 0.226476
vt 0.265625 1.000000
vt 0.011156 0.226476
vt 0.250000 0.500000
vt 0.510000 0.250000
vt 0.250000 1.000000
vt 0.010000 0.250000
vt 0.234375 0.500000
vt 0.511156 0.273524
vt 0.234375 1.000000
vt 0.011156 0.273524
vt 0.218750 0.500000
vt 0.514612 0.296822
vt 0.218750 1.000000
vt 0.014612 0.296822
vt 0.203125 0.500000
vt 0.520334 0.319668
vt 0.203125 1.000000
vt 0.020334 0.319668
vt 0.187500 0.500000
vt 0.528269 0.341844
vt 0.187500 1.000000
vt 0.028269 0.341844
vt 0.171875 0.500000
vt 0.538339 0.363135
vt 0.171875 1.000000
vt 0.038339 0.363135
vt 0.156250 0.500000
vt 0.550447 0.383337
vt 0.156250 1.000000
vt 0.050447 0.383337
vt 0.140625 0.500000
vt 0.564478 0.402254
vt 0.140625 1.000000
vt 0.064478 0.402254
vt 0.125000 0.500000
vt 0.580294 0.419706
vt 0.125000 1.000000
vt 0.080294 0.419706
vt 0.109375 0.500000
vt 0.597746 0.435522
vt 0.109375 1.000000
vt 0.097746 0.435522
vt 0.093750 0.500000
vt 0.616663 0.449553
vt 0.093750 1.000000
vt 0.116663 0.449553
vt 0.078125 0.500000
vt 0.636865 0.461661
vt 0.078125 1.000000
vt 0.136865 0.461661
vt 0.062500 0.500000
vt 0.658156 0.471731
vt 0.062500 1.000000
vt 0.158156 0.471731
vt 0.046875 0.500000
vt 0.680332 0.479666
vt 0.046875 1.000000
vt 0.180332 0.479666
vt 0.031250 0.500000
vt 0.703178 0.485388
vt 0.203178 0.485388
vt 0.031250 1.000000
vt 0.015625 0.500000
vt 0.726476 0.488844
vt 0.226476 0.488844
vt 0.015625 1.000000
s 1
usemtl Material.002
f 6697/7202/1138 6698/7205/1139 6700/7210/1140 6699/7208/1141
f 6699/7208/1141 6700/7210/1140 6702/7214/1142 6701/7212/1143
f 6701/7212/1143 6702/7214/1142 6704/7218/1144 6703/7216/1145
f 6703/7216/1145 6704/7218/1144 6706/7222/1146 6705/7220/1147
f 6705/7220/1147 6706/7222/1146 6708/7226/1148 6707/7224/1149
f 6707/7224/1149 6708/7226/1148 6710/7230/1150 6709/7228/1151
f 6709/7228/1151 6710/7230/1150 6712/7234/1152 6711/7232/1153
f 6711/7232/1153 6712/7234/1152 6714/7238/1154 6713/7236/1155
f 6713/7236/1155 6714/7238/1154 6716/7242/1156 6715/7240/1157
f 6715/7240/1157 6716/7242/1156 6718/7246/1158 6717/7244/1159
f 6717/7244/1159 6718/7246/1158 6720/7250/1160 6719/7248/1161
f 6719/7248/1161 6720/7250/1160 6722/7254/1162 6721/7252/1163
f 6721/7252/1163 6722/7254/1162 6724/7258/1164 6723/7256/1165
f 6723/7256/1165 6724/7258/1164 6726/7262/1166 6725/7260/1167
f 6725/7260/1167 6726/7262/1166 6728/7266/1168 6727/7264/1169
f 6727/7264/1169 6728/7266/1168 6730/7270/1170 6729/7268/1171
f 6729/7268/1171 6730/7270/1170 6732/7274/1172 6731/7272/1173
f 6731/7272/1173 6732/7274/1172 6734/7278/1174 6733/7276/1175
f 6733/7276/1175 6734/7278/1174 6736/7282/1176 6735/7280/1177
f 6735/7280/1177 6736/7282/1176 6738/7286/1178 6737/7284/1179
f 6737/7284/1179 6738/7286/1178 6740/7290/1180 6739/7288/1181
f 6739/7288/1181 6740/7290/1180 6742/7294/1182 6741/7292/1183
f 6741/7292/1183 6742/7294/1182 6744/7298/1184 6743/7296/1185
f 6743/7296/1185 6744/7298/1184 6746/7302/1186 6745/7300/1187
f 6745/7300/1187 6746/7302/1186 6748/7306/1188 6747/7304/1189
f 6747/7304/1189 6748/7306/1188 6750/7310/1190 6749/7308/1191
f 6749/7308/1191 6750/7310/1190 6752/7314/1192 6751/7312/1193
f 6751/7312/1193 6752/7314/1192 6754/7318/1194 6753/7316/1195
f 6753/7316/1195 6754/7318/1194 6756/7322/1196 6755/7320/1197
f 6755/7320/1197 6756/7322/1196 6758/7326/1198 6757/7324/1199
f 6757/7324/1199 6758/7326/1198 6760/7330/1200 6759/7328/1201
f 6759/7328/1201 6760/7330/1200 6762/7334/1202 6761/7332/1203
f 6761/7332/1203 6762/7334/1202 6764/7338/1204 6763/7336/1205
f 6763/7336/1205 6764/7338/1204 6766/7342/1206 6765/7340/1207
f 6765/7340/1207 6766/7342/1206 6768/7346/1208 6767/7344/1209
f 6767/7344/1209 6768/7346/1208 6770/7350/1210 6769/7348/1211
f 6769/7348/1211 6770/7350/1210 6772/7354/1212 6771/7352/1213
f 6771/7352/1213 6772/7354/1212 6774/7358/1214 6773/7356/1215
f 6773/7356/1215 6774/7358/1214 6776/7362/1216 6775/7360/1217
f 6775/7360/1217 6776/7362/1216 6778/7366/1218 6777/7364/1219
f 6777/7364/1219 6778/7366/1218 6780/7370/1220 6779/7368/1221
f 6779/7368/1221 6780/7370/1220 6782/7374/1222 6781/7372/1223
f 6781/7372/1223 6782/7374/1222 6784/7378/1224 6783/7376/1225
f 6783/7376/1225 6784/7378/1224 6786/7382/1226 6785/7380/1227
f 6785/7380/1227 6786/7382/1226 6788/7386/1228 6787/7384/1229
f 6787/7384/1229 6788/7386/1228 6790/7390/1230 6789/7388/1231
f 6789/7388/1231 6790/7390/1230 6792/7394/1232 6791/7392/1233
f 6791/7392/1233 6792/7394/1232 6794/7398/1234 6793/7396/1235
f 6793/7396/1235 6794/7398/1234 6796/7402/1236 6795/7400/1237
f 6795/7400/1237 6796/7402/1236 6798/7406/1238 6797/7404/1239
f 6797/7404/1239 6798/7406/1238 6800/7410/1240 6799/7408/1241
f 6799/7408/1241 6800/7410/1240 6802/7414/1242 6801/7412/1243
f 6801/7412/1243 6802/7414/1242 6804/7418/1244 6803/7416/1245
f 6803/7416/1245 6804/7418/1244 6806/7422/1246 6805/7420/1247
f 6805/7420/1247 6806/7422/1246 6808/7426/1248 6807/7424/1249
f 6807/7424/1249 6808/7426/1248 6810/7430/1250 6809/7428/1251
f 6809/7428/1251 6810/7430/1250 6812/7434/1252 6811/7432/1253
f 6811/7432/1253 6812/7434/1252 6814/7438/1254 6813/7436/1255
f 6813/7436/1255 6814/7438/1254 6816/7442/1256 6815/7440/1257
f 6815/7440/1257 6816/7442/1256 6818/7446/1258 6817/7444/1259
f 6817/7444/1259 6818/7446/1258 6820/7450/1260 6819/7448/1261
f 6819/7448/1261 6820/7450/1260 6822/7455/1262 6821/7452/1263
f 6700/7211/1140 6698/7206/1139 6824/7458/1264 6822/7454/1262 6820/7451/1260 6818/7447/1258 6816/7443/1256 6814/7439/1254 6812/7435/1252 6810/7431/1250 6808/7427/1248 6806/7423/1246 6804/7419/1244 6802/7415/1242 6800/7411/1240 6798/7407/1238 6796/7403/1236 6794/7399/1234 6792/7395/1232 6790/7391/1230 6788/7387/1228 6786/7383/1226 6784/7379/1224 6782/7375/1222 6780/7371/1220 6778/7367/1218 6776/7363/1216 6774/7359/1214 6772/7355/1212 6770/7351/1210 6768/7347/1208 6766/7343/1206 6764/7339/1204 6762/7335/1202 6760/7331/1200 6758/7327/1198 6756/7323/1196 6754/7319/1194 6752/7315/1192 6750/7311/1190 6748/7307/1188 6746/7303/1186 6744/7299/1184 6742/7295/1182 6740/7291/1180 6738/7287/1178 6736/7283/1176 6734/7279/1174 6732/7275/1172 6730/7271/1170 6728/7267/1168 6726/7263/1166 6724/7259/1164 6722/7255/1162 6720/7251/1160 6718/7247/1158 6716/7243/1156 6714/7239/1154 6712/7235/1152 6710/7231/1150 6708/7227/1148 6706/7223/1146 6704/7219/1144 6702/7215/1142
f 6821/7452/1263 6822/7455/1262 6824/7459/1264 6823/7456/1265
f 6823/7456/1265 6824/7459/1264 6698/7207/1139 6697/7203/1138
f 6697/7204/1138 6699/7209/1141 6701/7213/1143 6703/7217/1145 6705/7221/1147 6707/7225/1149 6709/7229/1151 6711/7233/1153 6713/7237/1155 6715/7241/1157 6717/7245/1159 6719/7249/1161 6721/7253/1163 6723/7257/1165 6725/7261/1167 6727/7265/1169 6729/7269/1171 6731/7273/1173 6733/7277/1175 6735/7281/1177 6737/7285/1179 6739/7289/1181 6741/7293/1183 6743/7297/1185 6745/7301/1187 6747/7305/1189 6749/7309/1191 6751/7313/1193 6753/7317/1195 6755/7321/1197 6757/7325/1199 6759/7329/1201 6761/7333/1203 6763/7337/1205 6765/7341/1207 6767/7345/1209 6769/7349/1211 6771/7353/1213 6773/7357/1215 6775/7361/1217 6777/7365/1219 6779/7369/1221 6781/7373/1223 6783/7377/1225 6785/7381/1227 6787/7385/1229 6789/7389/1231 6791/7393/1233 6793/7397/1235 6795/7401/1237 6797/7405/1239 6799/7409/1241 6801/7413/1243 6803/7417/1245 6805/7421/1247 6807/7425/1249 6809/7429/1251 6811/7433/1253 6813/7437/1255 6815/7441/1257 6817/7445/1259 6819/7449/1261 6821/7453/1263 6823/7457/1265
